23.00,17.00,11.00,4.00,4.00,0.00,3.00,0.00
12.00,6.00,2.00,2.00,2.00,0.00,2.00,0.00
2.00,2.00,1.00,1.00,0.00,0.00,1.00,0.00
2.00,2.00,1.00,0.00,0.00,0.00,0.00,0.00
0.00,3.00,2.00,1.00,0.00,0.00,0.00,0.00
1.00,3.00,2.00,0.00,0.00,0.00,0.00,0.00
1.00,1.00,2.00,0.00,0.00,0.00,0.00,0.00
1.00,0.00,0.00,0.00,1.00,0.00,0.00,0.00
0.00,0.00,0.00,0.00,0.00,0.00,0.00,0.00
0.00,0.00,0.00,0.00,0.00,0.00,0.00,0.00
0.00,0.00,0.00,0.00,0.00,0.00,0.00,0.00
0.00,0.00,0.00,0.00,0.00,0.00,0.00,0.00
0.00,0.00,1.00,1.00,0.00,0.00,0.00,0.00
1.00,0.00,0.00,0.00,0.00,0.00,0.00,0.00
0.00,0.00,0.00,0.00,0.00,0.00,0.00,0.00
0.00,0.00,0.00,0.00,0.00,0.00,0.00,0.00
0.00,0.00,0.00,0.00,0.00,0.00,0.00,0.00
0.00,0.00,0.00,0.00,0.00,0.00,0.00,0.00
0.00,0.00,0.00,0.00,0.00,0.00,0.00,0.00
0.00,0.00,0.00,0.00,0.00,0.00,0.00,0.00
1.00,0.00,0.00,1.00,0.00,0.00,0.00,0.00
0.00,2.00,0.00,0.00,0.00,0.00,0.00,0.00
2.00,6.00,2.00,0.00,0.00,0.00,0.00,0.00
1.00,4.00,2.00,0.00,0.00,0.00,0.00,0.00
2.00,5.00,4.00,0.00,0.00,0.00,0.00,0.00
3.00,4.00,3.00,0.00,0.00,0.00,0.00,0.00
4.00,7.00,1.00,0.00,0.00,0.00,1.00,0.00
2.00,3.00,2.00,0.00,0.00,0.00,0.00,0.00
1.00,2.00,1.00,0.00,0.00,0.00,0.00,0.00
1.00,2.00,1.00,0.00,0.00,0.00,0.00,0.00
1.00,1.00,0.00,0.00,0.00,0.00,0.00,0.00
3.00,5.00,2.00,0.00,0.00,0.00,0.00,0.00
1.00,1.00,0.00,0.00,0.00,0.00,0.00,0.00
1.00,1.00,0.00,0.00,0.00,0.00,0.00,0.00
1.00,3.00,1.00,0.00,0.00,0.00,0.00,0.00
1.00,4.00,1.00,0.00,0.00,0.00,0.00,0.00
1.00,6.00,2.00,0.00,0.00,0.00,0.00,0.00
2.00,5.00,2.00,0.00,0.00,0.00,0.00,0.00
5.00,5.00,3.00,0.00,1.00,0.00,0.00,0.00
4.00,7.00,4.00,1.00,0.00,0.00,1.00,0.00
3.00,6.00,5.00,0.00,0.00,0.00,1.00,0.00
3.00,6.00,4.00,0.00,1.00,0.00,1.00,0.00
3.00,7.00,6.00,1.00,1.00,0.00,1.00,0.00
3.00,5.00,4.00,1.00,0.00,0.00,1.00,0.00
3.00,3.00,3.00,0.00,0.00,0.00,0.00,0.00
3.00,4.00,4.00,0.00,0.00,0.00,0.00,0.00
2.00,3.00,3.00,0.00,0.00,0.00,0.00,0.00
1.00,1.00,1.00,0.00,0.00,0.00,0.00,0.00
1.00,0.00,0.00,0.00,0.00,0.00,0.00,0.00
0.00,1.00,0.00,0.00,0.00,0.00,0.00,0.00
4.00,17.00,12.00,5.00,1.00,0.00,2.00,0.00
4.00,17.00,9.00,9.00,1.00,0.00,2.00,0.00
4.00,14.00,6.00,6.00,2.00,0.00,1.00,0.00
6.00,8.00,4.00,3.00,0.00,0.00,1.00,0.00
2.00,5.00,1.00,1.00,0.00,0.00,0.00,0.00
2.00,1.00,1.00,1.00,0.00,0.00,0.00,0.00
1.00,1.00,1.00,1.00,0.00,0.00,0.00,0.00
0.00,1.00,0.00,0.00,1.00,0.00,0.00,0.00
0.00,0.00,0.00,0.00,1.00,0.00,0.00,0.00
2.00,6.00,1.00,0.00,0.00,0.00,0.00,0.00
3.00,27.00,3.00,0.00,1.00,0.00,3.00,0.00
3.00,41.00,6.00,1.00,1.00,0.00,5.00,0.00
6.00,42.00,3.00,1.00,1.00,0.00,5.00,0.00
4.00,20.00,9.00,1.00,0.00,0.00,2.00,0.00
2.00,14.00,4.00,0.00,1.00,0.00,1.00,0.00
7.00,21.00,6.00,1.00,1.00,0.00,2.00,0.00
2.00,14.00,4.00,0.00,1.00,0.00,1.00,0.00
4.00,8.00,3.00,0.00,0.00,0.00,0.00,0.00
1.00,1.00,1.00,0.00,0.00,0.00,0.00,0.00
1.00,1.00,1.00,0.00,0.00,0.00,0.00,0.00
1.00,1.00,0.00,0.00,1.00,0.00,0.00,0.00
7.00,12.00,4.00,1.00,1.00,0.00,1.00,0.00
6.00,10.00,3.00,1.00,0.00,0.00,1.00,0.00
7.00,8.00,3.00,1.00,0.00,0.00,1.00,0.00
1.00,4.00,2.00,1.00,0.00,0.00,0.00,0.00
1.00,4.00,0.00,0.00,0.00,0.00,0.00,0.00
1.00,2.00,0.00,0.00,1.00,0.00,0.00,0.00
0.00,1.00,0.00,1.00,0.00,0.00,0.00,0.00
1.00,0.00,1.00,0.00,0.00,0.00,0.00,0.00
2.00,2.00,0.00,2.00,1.00,0.00,0.00,0.00
1.00,3.00,0.00,1.00,0.00,0.00,0.00,0.00
4.00,7.00,0.00,2.00,1.00,0.00,0.00,0.00
3.00,7.00,0.00,1.00,1.00,0.00,1.00,0.00
8.00,3.00,0.00,1.00,1.00,0.00,0.00,0.00
4.00,3.00,0.00,0.00,0.00,0.00,0.00,0.00
3.00,0.00,0.00,0.00,0.00,0.00,0.00,0.00
0.00,0.00,0.00,1.00,1.00,0.00,0.00,0.00
0.00,0.00,0.00,0.00,0.00,0.00,0.00,0.00
1.00,0.00,0.00,0.00,0.00,0.00,0.00,0.00
5.00,2.00,1.00,0.00,0.00,0.00,0.00,0.00
7.00,4.00,2.00,0.00,1.00,0.00,0.00,0.00
9.00,5.00,1.00,0.00,0.00,0.00,0.00,0.00
12.00,4.00,2.00,1.00,0.00,0.00,0.00,0.00
9.00,8.00,2.00,0.00,1.00,0.00,0.00,0.00
7.00,5.00,1.00,0.00,1.00,0.00,0.00,0.00
7.00,2.00,0.00,0.00,1.00,0.00,1.00,0.00
2.00,4.00,0.00,0.00,0.00,0.00,0.00,0.00
4.00,4.00,0.00,1.00,1.00,0.00,0.00,0.00
6.00,2.00,0.00,0.00,1.00,0.00,0.00,0.00
4.00,2.00,0.00,1.00,1.00,0.00,0.00,0.00
17.00,22.00,2.00,1.00,0.00,0.00,2.00,0.00
6.00,11.00,1.00,0.00,0.00,0.00,1.00,0.00
4.00,4.00,0.00,0.00,0.00,0.00,0.00,0.00
3.00,1.00,0.00,1.00,0.00,0.00,0.00,0.00
3.00,1.00,0.00,0.00,0.00,0.00,0.00,0.00
4.00,9.00,2.00,0.00,0.00,0.00,1.00,0.00
6.00,10.00,4.00,0.00,1.00,0.00,1.00,0.00
4.00,8.00,3.00,0.00,0.00,0.00,1.00,0.00
2.00,7.00,2.00,0.00,0.00,0.00,0.00,0.00
5.00,6.00,1.00,0.00,0.00,0.00,0.00,0.00
1.00,3.00,0.00,0.00,0.00,0.00,0.00,0.00
1.00,1.00,0.00,0.00,0.00,0.00,0.00,0.00
2.00,1.00,0.00,0.00,0.00,0.00,0.00,0.00
1.00,1.00,0.00,0.00,0.00,0.00,0.00,0.00
1.00,1.00,1.00,0.00,0.00,0.00,0.00,0.00
2.00,4.00,2.00,0.00,0.00,0.00,0.00,0.00
2.00,12.00,2.00,0.00,0.00,0.00,1.00,0.00
2.00,13.00,2.00,1.00,0.00,0.00,1.00,0.00
1.00,11.00,1.00,0.00,0.00,0.00,1.00,0.00
2.00,7.00,2.00,0.00,0.00,0.00,0.00,0.00
4.00,8.00,1.00,0.00,0.00,0.00,1.00,0.00
4.00,8.00,1.00,1.00,0.00,0.00,0.00,0.00
3.00,7.00,0.00,1.00,0.00,0.00,0.00,0.00
6.00,4.00,0.00,0.00,0.00,0.00,0.00,0.00
2.00,2.00,0.00,0.00,0.00,0.00,0.00,0.00
7.00,5.00,0.00,1.00,0.00,0.00,0.00,0.00
7.00,4.00,0.00,1.00,1.00,0.00,0.00,0.00
5.00,3.00,0.00,1.00,0.00,0.00,1.00,0.00
3.00,3.00,0.00,1.00,0.00,0.00,1.00,0.00
5.00,11.00,0.00,1.00,1.00,0.00,1.00,0.00
6.00,14.00,3.00,1.00,0.00,0.00,1.00,0.00
6.00,7.00,2.00,2.00,1.00,0.00,0.00,0.00
3.00,4.00,3.00,0.00,1.00,0.00,0.00,0.00
1.00,2.00,0.00,0.00,0.00,0.00,0.00,0.00
1.00,1.00,1.00,1.00,0.00,0.00,0.00,0.00
1.00,2.00,2.00,0.00,1.00,0.00,0.00,0.00
2.00,4.00,3.00,1.00,1.00,0.00,0.00,0.00
1.00,6.00,2.00,1.00,1.00,0.00,0.00,0.00
1.00,6.00,3.00,1.00,1.00,0.00,1.00,0.00
1.00,3.00,3.00,1.00,1.00,0.00,0.00,0.00
0.00,2.00,2.00,1.00,1.00,0.00,1.00,0.00
1.00,3.00,1.00,1.00,1.00,0.00,0.00,0.00
0.00,6.00,0.00,0.00,0.00,0.00,0.00,0.00
2.00,1.00,1.00,0.00,0.00,0.00,0.00,0.00
0.00,1.00,0.00,0.00,0.00,0.00,0.00,0.00
1.00,2.00,0.00,0.00,0.00,0.00,0.00,0.00
1.00,2.00,0.00,0.00,0.00,0.00,0.00,0.00
3.00,1.00,2.00,0.00,0.00,0.00,0.00,0.00
4.00,4.00,0.00,0.00,0.00,0.00,0.00,0.00
3.00,7.00,0.00,0.00,0.00,0.00,0.00,0.00
97.00,30.00,72.00,54.00,28.00,17.00,43.00,0.00
7.00,9.00,15.00,27.00,12.00,4.00,18.00,0.00
8.00,5.00,7.00,5.00,2.00,0.00,2.00,0.00
4.00,3.00,2.00,2.00,1.00,0.00,1.00,0.00
1.00,0.00,1.00,1.00,0.00,0.00,0.00,0.00
2.00,1.00,0.00,2.00,0.00,0.00,0.00,0.00
2.00,0.00,0.00,2.00,0.00,0.00,0.00,0.00
1.00,0.00,0.00,1.00,1.00,0.00,0.00,0.00
0.00,0.00,0.00,1.00,1.00,0.00,0.00,0.00
0.00,0.00,0.00,1.00,1.00,0.00,0.00,0.00
0.00,0.00,0.00,1.00,0.00,0.00,0.00,0.00
1.00,1.00,0.00,1.00,0.00,0.00,0.00,0.00
2.00,2.00,0.00,0.00,0.00,0.00,0.00,0.00
1.00,0.00,0.00,0.00,0.00,0.00,0.00,0.00
0.00,0.00,0.00,0.00,0.00,0.00,0.00,0.00
1.00,1.00,0.00,0.00,1.00,0.00,0.00,0.00
1.00,0.00,0.00,0.00,0.00,0.00,0.00,0.00
0.00,1.00,0.00,0.00,0.00,0.00,0.00,0.00
2.00,1.00,0.00,0.00,0.00,0.00,0.00,0.00
2.00,2.00,0.00,0.00,0.00,0.00,0.00,0.00
1.00,1.00,2.00,0.00,0.00,0.00,0.00,0.00
0.00,0.00,1.00,0.00,0.00,0.00,0.00,0.00
0.00,4.00,1.00,0.00,0.00,0.00,0.00,0.00
1.00,2.00,1.00,0.00,1.00,0.00,0.00,0.00
1.00,0.00,0.00,0.00,0.00,0.00,0.00,0.00
1.00,1.00,0.00,0.00,0.00,0.00,0.00,0.00
1.00,0.00,0.00,0.00,0.00,0.00,0.00,0.00
0.00,0.00,0.00,0.00,0.00,0.00,0.00,0.00
0.00,0.00,0.00,0.00,0.00,0.00,0.00,0.00
0.00,0.00,0.00,0.00,0.00,0.00,0.00,0.00
0.00,0.00,0.00,0.00,0.00,0.00,0.00,0.00
0.00,0.00,0.00,0.00,0.00,0.00,0.00,0.00
1.00,0.00,0.00,0.00,0.00,0.00,0.00,0.00
0.00,0.00,0.00,0.00,0.00,0.00,0.00,0.00
0.00,0.00,0.00,0.00,0.00,0.00,0.00,0.00
0.00,0.00,0.00,0.00,0.00,0.00,0.00,0.00
0.00,0.00,0.00,0.00,0.00,0.00,0.00,0.00
0.00,0.00,0.00,0.00,0.00,0.00,0.00,0.00
0.00,0.00,0.00,0.00,0.00,0.00,0.00,0.00
0.00,0.00,0.00,0.00,0.00,0.00,0.00,0.00
0.00,0.00,0.00,0.00,0.00,0.00,0.00,0.00
0.00,0.00,0.00,1.00,0.00,0.00,0.00,0.00
0.00,0.00,0.00,0.00,0.00,0.00,0.00,0.00
0.00,0.00,0.00,0.00,0.00,0.00,0.00,0.00
0.00,0.00,0.00,1.00,0.00,0.00,0.00,0.00
0.00,0.00,0.00,0.00,0.00,0.00,0.00,0.00
0.00,0.00,0.00,1.00,0.00,0.00,0.00,0.00
0.00,0.00,0.00,1.00,0.00,0.00,0.00,0.00
0.00,0.00,0.00,1.00,1.00,0.00,0.00,0.00
0.00,0.00,0.00,0.00,1.00,0.00,0.00,0.00
128.00,128.00,128.00,128.00,65.00,9.00,71.00,0.00
20.00,34.00,65.00,67.00,20.00,15.00,46.00,0.00
7.00,6.00,14.00,16.00,4.00,3.00,8.00,0.00
5.00,3.00,7.00,7.00,3.00,2.00,8.00,0.00
5.00,2.00,4.00,2.00,2.00,0.00,2.00,0.00
1.00,1.00,1.00,1.00,0.00,0.00,1.00,0.00
2.00,2.00,1.00,0.00,1.00,0.00,1.00,0.00
1.00,0.00,0.00,1.00,0.00,0.00,0.00,0.00
0.00,0.00,0.00,0.00,0.00,0.00,0.00,0.00
0.00,0.00,0.00,0.00,0.00,0.00,0.00,0.00
1.00,0.00,0.00,0.00,0.00,0.00,0.00,0.00
1.00,0.00,0.00,0.00,0.00,0.00,0.00,0.00
0.00,0.00,0.00,0.00,0.00,0.00,0.00,0.00
1.00,0.00,0.00,0.00,0.00,0.00,0.00,0.00
1.00,0.00,0.00,0.00,0.00,0.00,0.00,0.00
0.00,0.00,0.00,0.00,0.00,0.00,0.00,0.00
0.00,0.00,0.00,0.00,0.00,0.00,0.00,0.00
1.00,0.00,0.00,0.00,0.00,0.00,0.00,0.00
1.00,0.00,0.00,0.00,1.00,0.00,0.00,0.00
0.00,0.00,1.00,0.00,0.00,0.00,0.00,0.00
1.00,0.00,0.00,0.00,0.00,0.00,0.00,0.00
0.00,0.00,0.00,0.00,0.00,0.00,0.00,0.00
0.00,1.00,0.00,0.00,1.00,0.00,0.00,0.00
1.00,0.00,0.00,0.00,0.00,0.00,0.00,0.00
0.00,1.00,0.00,0.00,0.00,0.00,0.00,0.00
0.00,0.00,0.00,0.00,1.00,0.00,0.00,0.00
0.00,0.00,0.00,0.00,0.00,0.00,0.00,0.00
0.00,1.00,0.00,0.00,0.00,0.00,0.00,0.00
0.00,1.00,0.00,0.00,0.00,0.00,0.00,0.00
1.00,0.00,0.00,0.00,0.00,0.00,0.00,0.00
0.00,0.00,0.00,0.00,1.00,0.00,0.00,0.00
0.00,1.00,0.00,0.00,0.00,0.00,0.00,0.00
1.00,1.00,0.00,0.00,0.00,0.00,0.00,0.00
0.00,0.00,0.00,1.00,0.00,0.00,0.00,0.00
0.00,0.00,0.00,0.00,1.00,0.00,0.00,0.00
0.00,0.00,0.00,1.00,0.00,0.00,0.00,0.00
0.00,0.00,0.00,0.00,0.00,0.00,0.00,0.00
0.00,0.00,0.00,0.00,0.00,0.00,0.00,0.00
0.00,0.00,0.00,0.00,0.00,0.00,0.00,0.00
1.00,0.00,0.00,0.00,0.00,0.00,0.00,0.00
0.00,0.00,0.00,0.00,0.00,0.00,0.00,0.00
0.00,0.00,0.00,1.00,1.00,0.00,0.00,0.00
0.00,0.00,0.00,0.00,0.00,0.00,0.00,0.00
0.00,0.00,0.00,0.00,1.00,0.00,0.00,0.00
0.00,0.00,0.00,0.00,0.00,0.00,0.00,0.00
0.00,0.00,0.00,0.00,0.00,0.00,0.00,0.00
0.00,0.00,0.00,0.00,0.00,0.00,0.00,0.00
0.00,0.00,0.00,0.00,0.00,0.00,0.00,0.00
0.00,0.00,0.00,1.00,1.00,0.00,0.00,0.00
0.00,0.00,0.00,1.00,0.00,0.00,0.00,0.00
128.00,124.00,121.00,121.00,106.00,45.00,128.00,0.00
8.00,12.00,13.00,5.00,4.00,3.00,10.00,0.00
2.00,2.00,3.00,2.00,2.00,0.00,4.00,0.00
1.00,2.00,2.00,0.00,0.00,0.00,1.00,0.00
1.00,1.00,0.00,0.00,0.00,0.00,0.00,0.00
0.00,0.00,0.00,0.00,0.00,0.00,0.00,0.00
1.00,1.00,0.00,0.00,0.00,0.00,0.00,0.00
0.00,0.00,0.00,1.00,1.00,0.00,0.00,0.00
0.00,0.00,0.00,0.00,0.00,0.00,0.00,0.00
0.00,0.00,0.00,0.00,0.00,0.00,0.00,0.00
0.00,0.00,0.00,0.00,0.00,0.00,0.00,0.00
1.00,0.00,0.00,0.00,0.00,0.00,0.00,0.00
0.00,0.00,0.00,0.00,0.00,0.00,0.00,0.00
0.00,0.00,0.00,0.00,0.00,0.00,0.00,0.00
0.00,0.00,0.00,0.00,0.00,0.00,0.00,0.00
0.00,0.00,0.00,0.00,0.00,0.00,0.00,0.00
0.00,0.00,0.00,0.00,0.00,0.00,0.00,0.00
0.00,0.00,0.00,1.00,1.00,0.00,0.00,0.00
0.00,0.00,0.00,0.00,0.00,0.00,0.00,0.00
88.00,32.00,89.00,95.00,128.00,23.00,128.00,0.00
11.00,5.00,8.00,9.00,9.00,2.00,8.00,0.00
3.00,4.00,3.00,4.00,2.00,1.00,3.00,0.00
2.00,0.00,1.00,2.00,1.00,0.00,1.00,0.00
1.00,0.00,0.00,0.00,0.00,0.00,0.00,0.00
1.00,1.00,0.00,0.00,0.00,0.00,0.00,0.00
1.00,0.00,0.00,0.00,0.00,0.00,0.00,0.00
1.00,0.00,0.00,0.00,1.00,0.00,0.00,0.00
1.00,0.00,0.00,0.00,0.00,0.00,0.00,0.00
0.00,0.00,0.00,0.00,1.00,0.00,0.00,0.00
0.00,0.00,0.00,0.00,0.00,0.00,0.00,0.00
0.00,0.00,0.00,0.00,0.00,0.00,0.00,0.00
0.00,0.00,0.00,0.00,1.00,0.00,0.00,0.00
1.00,0.00,0.00,0.00,0.00,0.00,0.00,0.00
1.00,0.00,0.00,0.00,0.00,0.00,0.00,0.00
1.00,1.00,0.00,0.00,0.00,0.00,0.00,0.00
1.00,0.00,0.00,0.00,0.00,0.00,0.00,0.00
0.00,0.00,0.00,0.00,0.00,0.00,0.00,0.00
0.00,0.00,0.00,0.00,0.00,0.00,0.00,0.00
0.00,0.00,0.00,0.00,0.00,0.00,0.00,0.00
0.00,0.00,0.00,0.00,1.00,0.00,0.00,0.00
0.00,1.00,0.00,0.00,0.00,0.00,0.00,0.00
1.00,0.00,0.00,0.00,0.00,0.00,0.00,0.00
1.00,0.00,0.00,1.00,1.00,0.00,0.00,0.00
0.00,0.00,0.00,0.00,0.00,0.00,0.00,0.00
1.00,0.00,0.00,1.00,1.00,0.00,0.00,0.00
1.00,0.00,0.00,0.00,0.00,0.00,0.00,0.00
0.00,0.00,0.00,0.00,0.00,0.00,0.00,0.00
1.00,2.00,0.00,0.00,1.00,0.00,0.00,0.00
0.00,0.00,0.00,0.00,0.00,0.00,0.00,0.00
0.00,0.00,0.00,0.00,0.00,0.00,0.00,0.00
89.00,55.00,47.00,78.00,12.00,3.00,25.00,0.00
7.00,4.00,3.00,4.00,1.00,0.00,1.00,0.00
5.00,3.00,1.00,1.00,1.00,0.00,1.00,0.00
2.00,4.00,1.00,0.00,0.00,0.00,0.00,0.00
3.00,0.00,0.00,0.00,0.00,0.00,0.00,0.00
2.00,1.00,0.00,0.00,0.00,0.00,0.00,0.00
1.00,1.00,1.00,0.00,0.00,0.00,0.00,0.00
0.00,0.00,0.00,0.00,1.00,0.00,0.00,0.00
0.00,0.00,0.00,0.00,1.00,0.00,0.00,0.00
0.00,0.00,0.00,0.00,0.00,0.00,0.00,0.00
1.00,0.00,0.00,0.00,0.00,0.00,0.00,0.00
1.00,0.00,0.00,1.00,0.00,0.00,0.00,0.00
1.00,0.00,0.00,0.00,0.00,0.00,0.00,0.00
0.00,0.00,0.00,0.00,0.00,0.00,0.00,0.00
0.00,0.00,0.00,0.00,0.00,0.00,0.00,0.00
0.00,0.00,0.00,1.00,1.00,0.00,0.00,0.00
0.00,0.00,0.00,0.00,0.00,0.00,0.00,0.00
0.00,0.00,0.00,0.00,0.00,0.00,0.00,0.00
0.00,0.00,0.00,0.00,0.00,0.00,0.00,0.00
0.00,0.00,0.00,0.00,0.00,0.00,0.00,0.00
128.00,128.00,128.00,79.00,34.00,14.00,56.00,0.00
26.00,32.00,22.00,5.00,2.00,1.00,6.00,0.00
26.00,17.00,6.00,2.00,1.00,1.00,3.00,0.00
4.00,8.00,4.00,1.00,0.00,0.00,1.00,0.00
9.00,6.00,3.00,1.00,0.00,0.00,0.00,0.00
1.00,3.00,1.00,0.00,0.00,0.00,0.00,0.00
4.00,3.00,0.00,0.00,0.00,0.00,0.00,0.00
1.00,0.00,0.00,0.00,0.00,0.00,0.00,0.00
1.00,1.00,0.00,0.00,0.00,0.00,0.00,0.00
1.00,1.00,0.00,0.00,0.00,0.00,0.00,0.00
1.00,0.00,0.00,0.00,0.00,0.00,0.00,0.00
0.00,0.00,0.00,0.00,0.00,0.00,0.00,0.00
1.00,1.00,0.00,0.00,0.00,0.00,0.00,0.00
1.00,1.00,0.00,0.00,0.00,0.00,0.00,0.00
0.00,0.00,0.00,1.00,1.00,0.00,0.00,0.00
1.00,0.00,0.00,0.00,0.00,0.00,0.00,0.00
0.00,0.00,0.00,0.00,0.00,0.00,0.00,0.00
0.00,0.00,0.00,0.00,1.00,0.00,0.00,0.00
1.00,0.00,0.00,0.00,0.00,0.00,0.00,0.00
0.00,0.00,0.00,0.00,0.00,0.00,0.00,0.00
0.00,0.00,0.00,0.00,0.00,0.00,0.00,0.00
0.00,0.00,0.00,0.00,0.00,0.00,0.00,0.00
0.00,0.00,0.00,0.00,0.00,0.00,0.00,0.00
0.00,0.00,0.00,0.00,0.00,0.00,0.00,0.00
0.00,0.00,0.00,0.00,0.00,0.00,0.00,0.00
0.00,0.00,0.00,0.00,0.00,0.00,0.00,0.00
0.00,0.00,0.00,0.00,1.00,0.00,0.00,0.00
0.00,0.00,0.00,0.00,0.00,0.00,0.00,0.00
0.00,0.00,0.00,0.00,1.00,0.00,0.00,0.00
0.00,0.00,0.00,0.00,0.00,0.00,0.00,0.00
128.00,113.00,128.00,128.00,128.00,41.00,128.00,0.00
20.00,6.00,22.00,22.00,16.00,2.00,13.00,0.00
3.00,3.00,6.00,4.00,3.00,0.00,3.00,0.00
3.00,2.00,3.00,2.00,2.00,0.00,1.00,0.00
3.00,2.00,1.00,1.00,0.00,0.00,0.00,0.00
2.00,1.00,1.00,1.00,1.00,0.00,1.00,0.00
0.00,0.00,0.00,0.00,1.00,0.00,0.00,0.00
1.00,0.00,0.00,0.00,1.00,0.00,0.00,0.00
0.00,0.00,0.00,0.00,1.00,0.00,0.00,0.00
1.00,0.00,0.00,1.00,1.00,0.00,0.00,0.00
0.00,0.00,0.00,0.00,0.00,0.00,0.00,0.00
0.00,0.00,0.00,0.00,0.00,0.00,0.00,0.00
0.00,0.00,0.00,0.00,0.00,0.00,0.00,0.00
0.00,0.00,0.00,0.00,0.00,0.00,0.00,0.00
0.00,0.00,0.00,0.00,0.00,0.00,0.00,0.00
0.00,0.00,0.00,0.00,1.00,0.00,0.00,0.00
0.00,0.00,0.00,0.00,0.00,0.00,0.00,0.00
0.00,0.00,0.00,0.00,1.00,0.00,0.00,0.00
0.00,0.00,0.00,0.00,0.00,0.00,0.00,0.00
0.00,0.00,0.00,0.00,0.00,0.00,0.00,0.00
0.00,0.00,0.00,0.00,1.00,0.00,0.00,0.00
0.00,0.00,0.00,0.00,1.00,0.00,0.00,0.00
0.00,0.00,0.00,0.00,1.00,0.00,0.00,0.00
0.00,0.00,0.00,0.00,0.00,0.00,0.00,0.00
0.00,0.00,0.00,1.00,1.00,0.00,0.00,0.00
0.00,0.00,0.00,0.00,0.00,0.00,0.00,0.00
0.00,0.00,0.00,0.00,1.00,0.00,0.00,0.00
0.00,0.00,0.00,0.00,0.00,0.00,0.00,0.00
0.00,0.00,0.00,0.00,0.00,0.00,0.00,0.00
0.00,0.00,0.00,0.00,0.00,0.00,0.00,0.00
1.00,0.00,0.00,0.00,0.00,0.00,0.00,0.00
1.00,0.00,0.00,0.00,0.00,0.00,0.00,0.00
1.00,0.00,0.00,0.00,0.00,0.00,0.00,0.00
0.00,0.00,0.00,0.00,0.00,0.00,0.00,0.00
0.00,0.00,0.00,0.00,0.00,0.00,0.00,0.00
0.00,0.00,0.00,0.00,0.00,0.00,0.00,0.00
0.00,0.00,0.00,0.00,1.00,0.00,0.00,0.00
0.00,0.00,0.00,0.00,0.00,0.00,0.00,0.00
0.00,0.00,0.00,0.00,0.00,0.00,0.00,0.00
0.00,0.00,0.00,0.00,0.00,0.00,0.00,0.00
0.00,0.00,0.00,0.00,0.00,0.00,0.00,0.00
0.00,0.00,0.00,0.00,1.00,0.00,0.00,0.00
0.00,0.00,0.00,0.00,0.00,0.00,0.00,0.00
1.00,0.00,0.00,0.00,0.00,0.00,0.00,0.00
0.00,0.00,0.00,0.00,0.00,0.00,0.00,0.00
1.00,1.00,1.00,0.00,1.00,0.00,0.00,0.00
1.00,0.00,0.00,0.00,1.00,0.00,0.00,0.00
1.00,0.00,0.00,0.00,0.00,0.00,0.00,0.00
2.00,1.00,0.00,0.00,0.00,0.00,0.00,0.00
1.00,0.00,0.00,0.00,0.00,0.00,0.00,0.00
40.00,28.00,32.00,50.00,120.00,22.00,127.00,0.00
7.00,3.00,3.00,4.00,6.00,2.00,7.00,0.00
3.00,2.00,0.00,3.00,5.00,0.00,5.00,0.00
4.00,2.00,0.00,1.00,2.00,0.00,1.00,0.00
5.00,3.00,0.00,1.00,1.00,0.00,1.00,0.00
3.00,1.00,0.00,1.00,1.00,0.00,0.00,0.00
2.00,1.00,0.00,0.00,0.00,0.00,0.00,0.00
2.00,1.00,0.00,1.00,0.00,0.00,0.00,0.00
2.00,1.00,0.00,0.00,1.00,0.00,0.00,0.00
1.00,1.00,0.00,0.00,0.00,0.00,0.00,0.00
1.00,0.00,0.00,0.00,0.00,0.00,0.00,0.00
2.00,1.00,0.00,0.00,0.00,0.00,0.00,0.00
1.00,0.00,0.00,1.00,1.00,0.00,0.00,0.00
0.00,0.00,0.00,0.00,0.00,0.00,0.00,0.00
0.00,1.00,0.00,0.00,0.00,0.00,0.00,0.00
2.00,1.00,0.00,0.00,0.00,0.00,0.00,0.00
4.00,6.00,1.00,0.00,0.00,0.00,0.00,0.00
2.00,4.00,1.00,0.00,0.00,0.00,0.00,0.00
6.00,9.00,1.00,0.00,0.00,0.00,0.00,0.00
2.00,6.00,1.00,0.00,1.00,0.00,0.00,0.00
2.00,5.00,2.00,0.00,0.00,0.00,0.00,0.00
2.00,5.00,1.00,0.00,0.00,0.00,0.00,0.00
1.00,1.00,1.00,0.00,0.00,0.00,0.00,0.00
1.00,1.00,0.00,0.00,0.00,0.00,0.00,0.00
1.00,0.00,0.00,0.00,0.00,0.00,0.00,0.00
1.00,2.00,0.00,0.00,1.00,0.00,0.00,0.00
1.00,3.00,0.00,1.00,1.00,0.00,0.00,0.00
0.00,2.00,0.00,0.00,1.00,0.00,1.00,0.00
1.00,1.00,0.00,1.00,0.00,0.00,0.00,0.00
1.00,2.00,0.00,1.00,1.00,0.00,0.00,0.00
1.00,1.00,0.00,0.00,1.00,0.00,0.00,0.00
1.00,0.00,0.00,0.00,0.00,0.00,0.00,0.00
0.00,0.00,0.00,0.00,1.00,0.00,0.00,0.00
1.00,0.00,0.00,0.00,1.00,0.00,0.00,0.00
1.00,0.00,0.00,0.00,1.00,0.00,0.00,0.00
0.00,0.00,0.00,0.00,1.00,0.00,0.00,0.00
0.00,0.00,0.00,0.00,0.00,0.00,0.00,0.00
0.00,0.00,0.00,1.00,1.00,0.00,0.00,0.00
0.00,0.00,0.00,0.00,1.00,0.00,0.00,0.00
0.00,0.00,0.00,1.00,1.00,0.00,0.00,0.00
0.00,0.00,0.00,0.00,0.00,0.00,0.00,0.00
1.00,0.00,0.00,1.00,0.00,0.00,0.00,0.00
0.00,0.00,0.00,1.00,1.00,0.00,0.00,0.00
0.00,0.00,0.00,1.00,1.00,0.00,0.00,0.00
0.00,0.00,0.00,0.00,0.00,0.00,0.00,0.00
0.00,0.00,0.00,0.00,0.00,0.00,0.00,0.00
0.00,0.00,0.00,0.00,0.00,0.00,0.00,0.00
0.00,0.00,0.00,0.00,0.00,0.00,0.00,0.00
0.00,0.00,0.00,0.00,0.00,0.00,0.00,0.00
1.00,0.00,0.00,1.00,0.00,0.00,0.00,0.00
5.00,14.00,11.00,7.00,2.00,0.00,2.00,0.00
4.00,16.00,7.00,5.00,2.00,0.00,2.00,0.00
3.00,18.00,5.00,6.00,2.00,0.00,2.00,0.00
1.00,11.00,6.00,2.00,1.00,0.00,1.00,0.00
1.00,3.00,2.00,3.00,1.00,0.00,1.00,0.00
1.00,8.00,4.00,2.00,0.00,0.00,1.00,0.00
0.00,2.00,1.00,0.00,0.00,0.00,0.00,0.00
0.00,1.00,1.00,1.00,0.00,0.00,0.00,0.00
0.00,0.00,0.00,0.00,0.00,0.00,0.00,0.00
1.00,0.00,0.00,0.00,0.00,0.00,0.00,0.00
0.00,0.00,0.00,0.00,0.00,0.00,0.00,0.00
0.00,1.00,0.00,0.00,0.00,0.00,0.00,0.00
0.00,0.00,0.00,0.00,0.00,0.00,0.00,0.00
0.00,0.00,0.00,0.00,0.00,0.00,0.00,0.00
0.00,0.00,0.00,0.00,0.00,0.00,0.00,0.00
0.00,0.00,0.00,0.00,0.00,0.00,0.00,0.00
0.00,0.00,0.00,0.00,0.00,0.00,0.00,0.00
1.00,0.00,0.00,0.00,0.00,0.00,0.00,0.00
0.00,0.00,0.00,0.00,0.00,0.00,1.00,0.00
0.00,0.00,0.00,0.00,1.00,0.00,2.00,0.00
0.00,0.00,0.00,0.00,0.00,0.00,1.00,0.00
0.00,1.00,0.00,0.00,0.00,0.00,0.00,0.00
0.00,1.00,0.00,0.00,0.00,0.00,0.00,0.00
0.00,0.00,0.00,0.00,0.00,0.00,0.00,0.00
0.00,0.00,0.00,0.00,0.00,0.00,0.00,0.00
51.00,40.00,121.00,44.00,10.00,3.00,32.00,0.00
8.00,7.00,12.00,8.00,1.00,0.00,3.00,0.00
5.00,9.00,4.00,1.00,1.00,0.00,0.00,0.00
7.00,10.00,4.00,0.00,0.00,0.00,1.00,0.00
5.00,5.00,1.00,0.00,0.00,0.00,0.00,0.00
7.00,6.00,3.00,0.00,0.00,0.00,0.00,0.00
7.00,6.00,1.00,0.00,0.00,0.00,0.00,0.00
6.00,4.00,0.00,0.00,0.00,0.00,0.00,0.00
8.00,5.00,0.00,0.00,0.00,0.00,0.00,0.00
3.00,2.00,0.00,0.00,0.00,0.00,0.00,0.00
2.00,1.00,0.00,0.00,0.00,0.00,0.00,0.00
2.00,0.00,0.00,0.00,0.00,0.00,0.00,0.00
2.00,0.00,0.00,0.00,0.00,0.00,0.00,0.00
2.00,0.00,0.00,0.00,0.00,0.00,0.00,0.00
2.00,1.00,0.00,0.00,0.00,0.00,0.00,0.00
2.00,1.00,0.00,0.00,0.00,0.00,0.00,0.00
3.00,1.00,0.00,0.00,1.00,0.00,0.00,0.00
1.00,0.00,0.00,1.00,0.00,0.00,1.00,0.00
3.00,1.00,0.00,0.00,0.00,0.00,0.00,0.00
3.00,2.00,0.00,0.00,0.00,0.00,0.00,0.00
2.00,1.00,0.00,0.00,0.00,0.00,0.00,0.00
4.00,2.00,0.00,0.00,0.00,0.00,0.00,0.00
5.00,2.00,1.00,1.00,0.00,0.00,1.00,0.00
7.00,2.00,1.00,0.00,0.00,0.00,1.00,0.00
10.00,4.00,0.00,0.00,0.00,0.00,1.00,0.00
8.00,21.00,8.00,2.00,0.00,0.00,1.00,0.00
3.00,2.00,4.00,2.00,0.00,0.00,1.00,0.00
4.00,6.00,2.00,1.00,0.00,0.00,0.00,0.00
3.00,3.00,2.00,0.00,0.00,0.00,0.00,0.00
2.00,0.00,0.00,0.00,0.00,0.00,0.00,0.00
2.00,1.00,0.00,0.00,0.00,0.00,0.00,0.00
0.00,1.00,0.00,0.00,0.00,0.00,0.00,0.00
0.00,1.00,0.00,0.00,0.00,0.00,0.00,0.00
1.00,0.00,0.00,0.00,0.00,0.00,0.00,0.00
1.00,1.00,0.00,0.00,0.00,0.00,0.00,0.00
1.00,1.00,0.00,0.00,0.00,0.00,0.00,0.00
1.00,0.00,0.00,0.00,0.00,0.00,0.00,0.00
3.00,3.00,1.00,1.00,0.00,0.00,1.00,0.00
3.00,1.00,0.00,0.00,0.00,0.00,0.00,0.00
1.00,1.00,0.00,0.00,0.00,0.00,0.00,0.00
1.00,1.00,0.00,0.00,0.00,0.00,0.00,0.00
0.00,0.00,0.00,0.00,0.00,0.00,0.00,0.00
0.00,0.00,0.00,0.00,0.00,0.00,0.00,0.00
0.00,0.00,0.00,0.00,0.00,0.00,0.00,0.00
0.00,0.00,0.00,0.00,0.00,0.00,0.00,0.00
0.00,0.00,0.00,0.00,0.00,0.00,0.00,0.00
0.00,0.00,0.00,0.00,0.00,0.00,0.00,0.00
0.00,0.00,0.00,0.00,0.00,0.00,0.00,0.00
1.00,0.00,0.00,0.00,0.00,0.00,0.00,0.00
0.00,0.00,0.00,0.00,0.00,0.00,0.00,0.00
1.00,0.00,0.00,0.00,0.00,0.00,0.00,0.00
0.00,0.00,0.00,0.00,0.00,0.00,0.00,0.00
0.00,0.00,0.00,0.00,0.00,0.00,0.00,0.00
1.00,0.00,0.00,0.00,0.00,0.00,0.00,0.00
1.00,1.00,1.00,2.00,0.00,0.00,1.00,0.00
3.00,3.00,2.00,1.00,1.00,0.00,2.00,0.00
24.00,9.00,24.00,47.00,2.00,1.00,19.00,0.00
4.00,2.00,4.00,8.00,0.00,0.00,2.00,0.00
3.00,2.00,1.00,1.00,0.00,0.00,0.00,0.00
2.00,1.00,1.00,1.00,0.00,0.00,0.00,0.00
3.00,1.00,2.00,1.00,0.00,0.00,0.00,0.00
4.00,2.00,1.00,0.00,0.00,0.00,0.00,0.00
0.00,1.00,0.00,0.00,0.00,0.00,0.00,0.00
2.00,1.00,0.00,0.00,0.00,0.00,0.00,0.00
1.00,0.00,0.00,0.00,0.00,0.00,0.00,0.00
0.00,0.00,0.00,0.00,0.00,0.00,0.00,0.00
1.00,1.00,1.00,1.00,0.00,0.00,0.00,0.00
1.00,1.00,0.00,0.00,0.00,0.00,0.00,0.00
1.00,2.00,0.00,1.00,0.00,0.00,0.00,0.00
1.00,1.00,1.00,0.00,0.00,0.00,0.00,0.00
1.00,1.00,0.00,1.00,0.00,0.00,0.00,0.00
1.00,2.00,1.00,0.00,0.00,0.00,0.00,0.00
0.00,3.00,0.00,0.00,0.00,0.00,0.00,0.00
1.00,0.00,0.00,0.00,0.00,0.00,0.00,0.00
0.00,1.00,0.00,0.00,0.00,0.00,0.00,0.00
9.00,11.00,9.00,5.00,4.00,0.00,3.00,0.00
4.00,6.00,5.00,6.00,1.00,0.00,2.00,0.00
4.00,4.00,2.00,1.00,0.00,0.00,0.00,0.00
1.00,2.00,1.00,0.00,0.00,0.00,0.00,0.00
0.00,0.00,0.00,0.00,0.00,0.00,0.00,0.00
1.00,0.00,0.00,0.00,0.00,0.00,0.00,0.00
0.00,0.00,0.00,0.00,0.00,0.00,0.00,0.00
0.00,0.00,0.00,0.00,0.00,0.00,0.00,0.00
0.00,0.00,0.00,0.00,0.00,0.00,0.00,0.00
0.00,0.00,0.00,0.00,0.00,0.00,0.00,0.00
0.00,0.00,0.00,0.00,0.00,0.00,0.00,0.00
1.00,0.00,0.00,0.00,0.00,0.00,0.00,0.00
1.00,0.00,0.00,0.00,0.00,0.00,0.00,0.00
0.00,0.00,0.00,0.00,0.00,0.00,0.00,0.00
0.00,0.00,0.00,0.00,0.00,0.00,0.00,0.00
0.00,0.00,0.00,0.00,0.00,0.00,0.00,0.00
0.00,0.00,0.00,0.00,0.00,0.00,0.00,0.00
0.00,0.00,0.00,0.00,0.00,0.00,0.00,0.00
1.00,0.00,1.00,0.00,0.00,0.00,0.00,0.00
41.00,46.00,54.00,35.00,40.00,33.00,44.00,0.00
8.00,10.00,7.00,11.00,6.00,2.00,4.00,0.00
4.00,2.00,3.00,2.00,1.00,0.00,2.00,0.00
1.00,1.00,2.00,1.00,0.00,0.00,0.00,0.00
1.00,2.00,1.00,0.00,0.00,0.00,0.00,0.00
1.00,1.00,0.00,0.00,0.00,0.00,0.00,0.00
0.00,0.00,0.00,0.00,0.00,0.00,0.00,0.00
1.00,1.00,0.00,0.00,0.00,0.00,0.00,0.00
0.00,0.00,0.00,0.00,0.00,0.00,0.00,0.00
0.00,0.00,0.00,0.00,0.00,0.00,0.00,0.00
0.00,0.00,0.00,0.00,0.00,0.00,0.00,0.00
0.00,0.00,0.00,0.00,0.00,0.00,0.00,0.00
0.00,0.00,0.00,0.00,0.00,0.00,0.00,0.00
0.00,0.00,0.00,0.00,0.00,0.00,0.00,0.00
0.00,0.00,0.00,0.00,0.00,0.00,0.00,0.00
2.00,0.00,0.00,0.00,0.00,0.00,0.00,0.00
1.00,0.00,0.00,0.00,0.00,0.00,0.00,0.00
1.00,0.00,0.00,0.00,0.00,0.00,0.00,0.00
0.00,1.00,0.00,0.00,0.00,0.00,0.00,0.00
1.00,0.00,0.00,0.00,0.00,0.00,0.00,0.00
3.00,0.00,0.00,0.00,0.00,0.00,0.00,0.00
0.00,0.00,0.00,0.00,0.00,0.00,0.00,0.00
0.00,0.00,0.00,0.00,0.00,0.00,0.00,0.00
0.00,0.00,0.00,0.00,0.00,0.00,0.00,0.00
0.00,1.00,0.00,0.00,0.00,0.00,0.00,0.00
0.00,0.00,0.00,0.00,0.00,0.00,0.00,0.00
0.00,0.00,0.00,0.00,0.00,0.00,0.00,0.00
1.00,1.00,0.00,0.00,0.00,0.00,0.00,0.00
0.00,0.00,0.00,0.00,0.00,0.00,0.00,0.00
0.00,0.00,0.00,0.00,0.00,0.00,0.00,0.00
1.00,0.00,0.00,0.00,0.00,0.00,0.00,0.00
34.00,7.00,2.00,2.00,0.00,0.00,1.00,0.00
5.00,7.00,1.00,1.00,0.00,0.00,0.00,0.00
5.00,5.00,0.00,0.00,0.00,0.00,0.00,0.00
5.00,1.00,2.00,0.00,0.00,0.00,0.00,0.00
2.00,0.00,0.00,0.00,0.00,0.00,0.00,0.00
1.00,0.00,0.00,0.00,0.00,0.00,0.00,0.00
2.00,2.00,0.00,0.00,0.00,0.00,0.00,0.00
4.00,1.00,0.00,0.00,0.00,0.00,0.00,0.00
4.00,1.00,1.00,0.00,0.00,0.00,0.00,0.00
4.00,2.00,0.00,0.00,0.00,0.00,0.00,0.00
2.00,1.00,0.00,0.00,0.00,0.00,0.00,0.00
3.00,1.00,0.00,0.00,0.00,0.00,0.00,0.00
1.00,0.00,0.00,0.00,0.00,0.00,0.00,0.00
0.00,0.00,0.00,0.00,0.00,0.00,0.00,0.00
1.00,0.00,0.00,0.00,0.00,0.00,0.00,0.00
0.00,0.00,0.00,0.00,0.00,0.00,0.00,0.00
0.00,1.00,0.00,0.00,0.00,0.00,0.00,0.00
0.00,0.00,0.00,0.00,0.00,0.00,0.00,0.00
0.00,0.00,0.00,0.00,0.00,0.00,0.00,0.00
0.00,0.00,0.00,0.00,0.00,0.00,0.00,0.00
0.00,0.00,0.00,0.00,0.00,0.00,0.00,0.00
1.00,1.00,0.00,0.00,0.00,0.00,0.00,0.00
1.00,0.00,0.00,0.00,0.00,0.00,0.00,0.00
0.00,0.00,0.00,0.00,0.00,0.00,0.00,0.00
0.00,0.00,0.00,0.00,0.00,0.00,0.00,0.00
0.00,0.00,0.00,0.00,0.00,0.00,0.00,0.00
0.00,0.00,0.00,0.00,0.00,0.00,0.00,0.00
1.00,0.00,0.00,0.00,0.00,0.00,0.00,0.00
0.00,0.00,0.00,0.00,0.00,0.00,0.00,0.00
1.00,2.00,0.00,0.00,0.00,0.00,0.00,0.00
1.00,0.00,0.00,0.00,0.00,0.00,0.00,0.00
0.00,0.00,0.00,0.00,0.00,0.00,0.00,0.00
0.00,0.00,0.00,0.00,0.00,0.00,0.00,0.00
1.00,0.00,0.00,0.00,0.00,0.00,0.00,0.00
1.00,0.00,0.00,0.00,0.00,0.00,0.00,0.00
0.00,0.00,0.00,0.00,0.00,0.00,0.00,0.00
0.00,0.00,0.00,0.00,0.00,0.00,0.00,0.00
0.00,0.00,0.00,0.00,0.00,0.00,0.00,0.00
0.00,0.00,0.00,0.00,0.00,0.00,0.00,0.00
0.00,0.00,0.00,0.00,0.00,0.00,0.00,0.00
0.00,0.00,0.00,0.00,0.00,0.00,0.00,0.00
0.00,0.00,0.00,0.00,0.00,0.00,0.00,0.00
0.00,0.00,0.00,0.00,0.00,0.00,0.00,0.00
0.00,0.00,0.00,0.00,0.00,0.00,0.00,0.00
3.00,1.00,0.00,0.00,0.00,0.00,0.00,0.00
1.00,1.00,0.00,0.00,0.00,0.00,0.00,0.00
0.00,0.00,0.00,0.00,0.00,0.00,0.00,0.00
0.00,0.00,0.00,0.00,0.00,0.00,0.00,0.00
1.00,0.00,0.00,0.00,0.00,0.00,0.00,0.00
1.00,0.00,0.00,0.00,0.00,0.00,0.00,0.00
17.00,17.00,6.00,3.00,1.00,0.00,1.00,0.00
7.00,9.00,1.00,2.00,0.00,0.00,1.00,0.00
4.00,2.00,0.00,0.00,0.00,0.00,0.00,0.00
7.00,4.00,0.00,0.00,0.00,0.00,0.00,0.00
11.00,6.00,3.00,5.00,1.00,0.00,2.00,0.00
43.00,10.00,5.00,3.00,1.00,0.00,5.00,0.00
16.00,8.00,5.00,5.00,1.00,0.00,4.00,0.00
34.00,4.00,2.00,2.00,0.00,0.00,2.00,0.00
6.00,7.00,1.00,1.00,0.00,0.00,1.00,0.00
12.00,2.00,1.00,1.00,0.00,0.00,0.00,0.00
1.00,3.00,1.00,0.00,0.00,0.00,1.00,0.00
3.00,1.00,1.00,0.00,0.00,0.00,0.00,0.00
2.00,1.00,1.00,0.00,0.00,0.00,0.00,0.00
0.00,5.00,4.00,0.00,0.00,0.00,0.00,0.00
2.00,21.00,13.00,1.00,0.00,0.00,3.00,0.00
2.00,12.00,6.00,1.00,0.00,0.00,1.00,0.00
3.00,15.00,5.00,2.00,0.00,0.00,2.00,0.00
3.00,17.00,4.00,4.00,0.00,0.00,2.00,0.00
3.00,12.00,5.00,4.00,0.00,0.00,2.00,0.00
5.00,14.00,2.00,3.00,0.00,0.00,1.00,0.00
5.00,20.00,1.00,3.00,1.00,0.00,2.00,0.00
6.00,21.00,1.00,3.00,0.00,0.00,2.00,0.00
6.00,13.00,2.00,2.00,0.00,0.00,1.00,0.00
4.00,9.00,2.00,2.00,0.00,0.00,1.00,0.00
3.00,15.00,5.00,1.00,0.00,0.00,1.00,0.00
3.00,20.00,3.00,1.00,0.00,0.00,2.00,0.00
2.00,31.00,5.00,1.00,0.00,0.00,4.00,0.00
3.00,30.00,4.00,1.00,0.00,0.00,3.00,0.00
4.00,18.00,3.00,1.00,0.00,0.00,2.00,0.00
4.00,22.00,4.00,1.00,0.00,0.00,2.00,0.00
2.00,7.00,1.00,0.00,0.00,0.00,0.00,0.00
2.00,1.00,0.00,0.00,0.00,0.00,0.00,0.00
1.00,1.00,1.00,0.00,0.00,0.00,0.00,0.00
0.00,1.00,1.00,1.00,0.00,0.00,0.00,0.00
1.00,1.00,3.00,0.00,0.00,0.00,0.00,0.00
2.00,2.00,1.00,0.00,0.00,0.00,0.00,0.00
2.00,6.00,3.00,1.00,0.00,0.00,0.00,0.00
3.00,11.00,2.00,1.00,0.00,0.00,1.00,0.00
1.00,8.00,2.00,5.00,0.00,0.00,2.00,0.00
2.00,5.00,2.00,10.00,0.00,0.00,3.00,0.00
4.00,5.00,1.00,5.00,0.00,0.00,1.00,0.00
3.00,4.00,0.00,1.00,0.00,0.00,0.00,0.00
5.00,2.00,0.00,0.00,0.00,0.00,0.00,0.00
4.00,1.00,0.00,0.00,0.00,0.00,0.00,0.00
2.00,0.00,0.00,0.00,0.00,0.00,0.00,0.00
1.00,0.00,0.00,0.00,0.00,0.00,0.00,0.00
2.00,1.00,0.00,0.00,0.00,0.00,0.00,0.00
5.00,2.00,0.00,1.00,0.00,0.00,0.00,0.00
5.00,3.00,0.00,2.00,0.00,0.00,1.00,0.00
6.00,4.00,0.00,1.00,0.00,0.00,1.00,0.00
22.00,24.00,30.00,6.00,2.00,0.00,5.00,0.00
23.00,25.00,35.00,10.00,3.00,0.00,5.00,0.00
10.00,8.00,8.00,6.00,2.00,0.00,3.00,0.00
8.00,10.00,4.00,2.00,0.00,0.00,2.00,0.00
14.00,3.00,2.00,1.00,0.00,0.00,1.00,0.00
3.00,5.00,3.00,1.00,0.00,0.00,1.00,0.00
5.00,1.00,1.00,0.00,0.00,0.00,1.00,0.00
11.00,10.00,7.00,2.00,0.00,0.00,1.00,0.00
12.00,13.00,5.00,1.00,0.00,0.00,1.00,0.00
12.00,4.00,4.00,0.00,0.00,0.00,2.00,0.00
2.00,3.00,1.00,0.00,0.00,0.00,1.00,0.00
2.00,1.00,1.00,0.00,0.00,0.00,1.00,0.00
0.00,0.00,0.00,0.00,0.00,0.00,0.00,0.00
1.00,0.00,0.00,0.00,0.00,0.00,0.00,0.00
0.00,0.00,0.00,0.00,0.00,0.00,0.00,0.00
0.00,1.00,0.00,0.00,0.00,0.00,0.00,0.00
0.00,0.00,0.00,0.00,0.00,0.00,0.00,0.00
0.00,0.00,0.00,0.00,0.00,0.00,0.00,0.00
0.00,0.00,0.00,0.00,0.00,0.00,0.00,0.00
2.00,4.00,1.00,1.00,0.00,0.00,0.00,0.00
2.00,0.00,1.00,1.00,0.00,0.00,0.00,0.00
0.00,1.00,2.00,0.00,0.00,0.00,0.00,0.00
0.00,0.00,0.00,0.00,0.00,0.00,0.00,0.00
1.00,0.00,0.00,0.00,0.00,0.00,0.00,0.00
0.00,0.00,0.00,0.00,0.00,0.00,0.00,0.00
1.00,0.00,0.00,0.00,0.00,0.00,0.00,0.00
0.00,0.00,0.00,0.00,0.00,0.00,0.00,0.00
0.00,0.00,0.00,0.00,0.00,0.00,0.00,0.00
0.00,0.00,0.00,0.00,0.00,0.00,0.00,0.00
0.00,0.00,0.00,0.00,0.00,0.00,0.00,0.00
0.00,0.00,0.00,0.00,0.00,0.00,0.00,0.00
0.00,0.00,0.00,0.00,0.00,0.00,0.00,0.00
0.00,0.00,0.00,0.00,0.00,0.00,0.00,0.00
0.00,0.00,0.00,0.00,0.00,0.00,0.00,0.00
0.00,0.00,0.00,0.00,0.00,0.00,0.00,0.00
0.00,0.00,0.00,0.00,0.00,0.00,0.00,0.00
0.00,0.00,0.00,0.00,0.00,0.00,0.00,0.00
0.00,0.00,0.00,0.00,0.00,0.00,0.00,0.00
0.00,0.00,0.00,0.00,0.00,0.00,0.00,0.00
0.00,0.00,0.00,0.00,0.00,0.00,0.00,0.00
0.00,0.00,0.00,0.00,0.00,0.00,0.00,0.00
0.00,0.00,0.00,0.00,0.00,0.00,0.00,0.00
0.00,0.00,0.00,0.00,0.00,0.00,0.00,0.00
0.00,0.00,0.00,0.00,0.00,0.00,0.00,0.00
0.00,0.00,0.00,0.00,0.00,0.00,0.00,0.00
0.00,0.00,0.00,0.00,0.00,0.00,0.00,0.00
0.00,0.00,0.00,0.00,0.00,0.00,0.00,0.00
0.00,1.00,1.00,0.00,0.00,0.00,0.00,0.00
0.00,0.00,0.00,0.00,0.00,0.00,0.00,0.00
0.00,0.00,0.00,0.00,0.00,0.00,0.00,0.00
31.00,12.00,2.00,0.00,1.00,0.00,2.00,0.00
34.00,7.00,1.00,0.00,2.00,0.00,2.00,0.00
22.00,13.00,3.00,0.00,1.00,0.00,1.00,0.00
15.00,6.00,1.00,0.00,1.00,0.00,1.00,0.00
6.00,3.00,1.00,1.00,1.00,0.00,1.00,0.00
12.00,9.00,2.00,0.00,1.00,0.00,0.00,0.00
9.00,16.00,1.00,0.00,2.00,0.00,1.00,0.00
5.00,2.00,1.00,1.00,1.00,0.00,0.00,0.00
15.00,17.00,6.00,7.00,1.00,0.00,2.00,0.00
12.00,8.00,4.00,3.00,1.00,0.00,1.00,0.00
16.00,11.00,6.00,3.00,1.00,0.00,2.00,0.00
12.00,6.00,5.00,3.00,2.00,0.00,2.00,0.00
6.00,7.00,3.00,3.00,1.00,0.00,1.00,0.00
12.00,7.00,2.00,4.00,1.00,0.00,1.00,0.00
8.00,6.00,1.00,3.00,1.00,0.00,1.00,0.00
10.00,9.00,2.00,2.00,1.00,0.00,1.00,0.00
5.00,2.00,1.00,1.00,0.00,0.00,0.00,0.00
3.00,1.00,0.00,1.00,0.00,0.00,0.00,0.00
1.00,3.00,0.00,1.00,0.00,0.00,0.00,0.00
3.00,4.00,0.00,0.00,0.00,0.00,0.00,0.00
3.00,1.00,0.00,1.00,0.00,0.00,0.00,0.00
0.00,1.00,0.00,0.00,0.00,0.00,0.00,0.00
1.00,0.00,0.00,0.00,0.00,0.00,0.00,0.00
0.00,0.00,0.00,0.00,0.00,0.00,0.00,0.00
1.00,0.00,0.00,0.00,0.00,0.00,0.00,0.00
1.00,0.00,0.00,0.00,0.00,0.00,0.00,0.00
0.00,1.00,0.00,0.00,0.00,0.00,0.00,0.00
1.00,0.00,0.00,0.00,0.00,0.00,0.00,0.00
0.00,0.00,0.00,0.00,0.00,0.00,0.00,0.00
0.00,0.00,0.00,0.00,0.00,0.00,0.00,0.00
0.00,0.00,0.00,0.00,0.00,0.00,0.00,0.00
0.00,0.00,0.00,0.00,0.00,0.00,0.00,0.00
0.00,0.00,0.00,0.00,0.00,0.00,0.00,0.00
0.00,0.00,0.00,0.00,0.00,0.00,0.00,0.00
1.00,0.00,0.00,0.00,0.00,0.00,0.00,0.00
1.00,0.00,0.00,0.00,0.00,0.00,0.00,0.00
0.00,0.00,0.00,0.00,0.00,0.00,0.00,0.00
0.00,0.00,0.00,0.00,0.00,0.00,0.00,0.00
0.00,0.00,0.00,0.00,0.00,0.00,0.00,0.00
0.00,0.00,0.00,0.00,0.00,0.00,0.00,0.00
0.00,0.00,0.00,0.00,0.00,0.00,0.00,0.00
0.00,0.00,0.00,0.00,0.00,0.00,0.00,0.00
0.00,0.00,0.00,0.00,0.00,0.00,0.00,0.00
0.00,0.00,0.00,0.00,0.00,0.00,0.00,0.00
0.00,0.00,0.00,0.00,0.00,0.00,0.00,0.00
0.00,0.00,0.00,0.00,0.00,0.00,0.00,0.00
0.00,0.00,0.00,0.00,0.00,0.00,0.00,0.00
1.00,1.00,0.00,0.00,0.00,0.00,0.00,0.00
2.00,0.00,0.00,0.00,0.00,0.00,0.00,0.00
2.00,0.00,0.00,0.00,0.00,0.00,0.00,0.00
18.00,22.00,2.00,2.00,1.00,0.00,2.00,0.00
5.00,13.00,3.00,2.00,0.00,0.00,1.00,0.00
2.00,5.00,1.00,0.00,0.00,0.00,0.00,0.00
4.00,6.00,0.00,0.00,0.00,0.00,0.00,0.00
2.00,5.00,0.00,0.00,0.00,0.00,0.00,0.00
0.00,3.00,0.00,0.00,0.00,0.00,1.00,0.00
0.00,1.00,0.00,0.00,0.00,0.00,0.00,0.00
0.00,0.00,0.00,0.00,0.00,0.00,0.00,0.00
1.00,0.00,0.00,0.00,0.00,0.00,0.00,0.00
0.00,1.00,0.00,0.00,0.00,0.00,0.00,0.00
2.00,1.00,0.00,0.00,0.00,0.00,0.00,0.00
1.00,1.00,0.00,0.00,0.00,0.00,0.00,0.00
2.00,2.00,0.00,0.00,0.00,0.00,0.00,0.00
2.00,3.00,0.00,0.00,0.00,0.00,0.00,0.00
1.00,2.00,1.00,1.00,0.00,0.00,0.00,0.00
0.00,1.00,1.00,2.00,0.00,0.00,0.00,0.00
0.00,4.00,1.00,1.00,1.00,0.00,0.00,0.00
4.00,6.00,5.00,2.00,0.00,0.00,1.00,0.00
4.00,3.00,5.00,2.00,0.00,0.00,0.00,0.00
2.00,1.00,2.00,1.00,0.00,0.00,0.00,0.00
1.00,2.00,1.00,1.00,0.00,0.00,0.00,0.00
1.00,0.00,1.00,0.00,0.00,0.00,0.00,0.00
0.00,0.00,0.00,0.00,0.00,0.00,0.00,0.00
0.00,0.00,0.00,0.00,0.00,0.00,0.00,0.00
0.00,0.00,0.00,0.00,0.00,0.00,0.00,0.00
0.00,0.00,0.00,0.00,0.00,0.00,0.00,0.00
0.00,0.00,0.00,0.00,0.00,0.00,0.00,0.00
0.00,0.00,0.00,0.00,0.00,0.00,0.00,0.00
0.00,0.00,0.00,0.00,0.00,0.00,0.00,0.00
0.00,0.00,0.00,0.00,0.00,0.00,0.00,0.00
0.00,0.00,0.00,0.00,0.00,0.00,0.00,0.00
0.00,0.00,0.00,0.00,0.00,0.00,0.00,0.00
0.00,0.00,0.00,0.00,0.00,0.00,0.00,0.00
0.00,0.00,0.00,0.00,0.00,0.00,0.00,0.00
0.00,0.00,0.00,0.00,0.00,0.00,0.00,0.00
0.00,0.00,0.00,0.00,0.00,0.00,0.00,0.00
0.00,0.00,0.00,0.00,0.00,0.00,0.00,0.00
0.00,1.00,0.00,0.00,0.00,0.00,0.00,0.00
0.00,0.00,0.00,0.00,0.00,0.00,0.00,0.00
0.00,0.00,0.00,0.00,0.00,0.00,0.00,0.00
0.00,0.00,0.00,0.00,0.00,0.00,0.00,0.00
0.00,0.00,0.00,0.00,0.00,0.00,0.00,0.00
0.00,0.00,0.00,0.00,0.00,0.00,0.00,0.00
0.00,0.00,0.00,0.00,0.00,0.00,0.00,0.00
0.00,0.00,0.00,0.00,0.00,0.00,0.00,0.00
0.00,0.00,0.00,0.00,0.00,0.00,0.00,0.00
0.00,0.00,0.00,0.00,0.00,0.00,0.00,0.00
0.00,0.00,0.00,0.00,0.00,0.00,0.00,0.00
1.00,0.00,0.00,0.00,0.00,0.00,0.00,0.00
0.00,0.00,0.00,0.00,0.00,0.00,0.00,0.00
11.00,26.00,3.00,1.00,0.00,0.00,3.00,0.00
12.00,6.00,2.00,0.00,0.00,0.00,0.00,0.00
5.00,4.00,0.00,0.00,0.00,0.00,0.00,0.00
3.00,4.00,0.00,0.00,0.00,0.00,0.00,0.00
1.00,2.00,0.00,0.00,0.00,0.00,0.00,0.00
2.00,0.00,0.00,0.00,0.00,0.00,0.00,0.00
1.00,5.00,0.00,0.00,0.00,0.00,0.00,0.00
10.00,9.00,5.00,0.00,0.00,0.00,0.00,0.00
2.00,5.00,3.00,0.00,0.00,0.00,0.00,0.00
5.00,5.00,4.00,0.00,0.00,0.00,0.00,0.00
7.00,2.00,11.00,1.00,0.00,0.00,2.00,0.00
6.00,8.00,31.00,1.00,1.00,0.00,5.00,0.00
3.00,8.00,21.00,0.00,1.00,0.00,3.00,0.00
4.00,11.00,28.00,0.00,1.00,0.00,4.00,0.00
3.00,11.00,27.00,1.00,1.00,0.00,4.00,0.00
3.00,24.00,31.00,2.00,1.00,0.00,5.00,0.00
4.00,19.00,17.00,2.00,0.00,0.00,3.00,0.00
2.00,22.00,9.00,3.00,0.00,0.00,2.00,0.00
3.00,20.00,2.00,1.00,0.00,0.00,2.00,0.00
6.00,10.00,3.00,2.00,0.00,0.00,1.00,0.00
7.00,6.00,3.00,3.00,0.00,0.00,1.00,0.00
7.00,4.00,2.00,3.00,0.00,0.00,1.00,0.00
7.00,3.00,2.00,2.00,0.00,0.00,0.00,0.00
6.00,2.00,2.00,2.00,0.00,0.00,0.00,0.00
5.00,4.00,1.00,2.00,0.00,0.00,1.00,0.00
4.00,5.00,0.00,1.00,0.00,0.00,0.00,0.00
4.00,3.00,0.00,0.00,0.00,0.00,0.00,0.00
3.00,1.00,0.00,0.00,0.00,0.00,0.00,0.00
3.00,1.00,0.00,0.00,0.00,0.00,0.00,0.00
3.00,1.00,0.00,0.00,0.00,0.00,0.00,0.00
0.00,0.00,0.00,0.00,0.00,0.00,0.00,0.00
0.00,0.00,0.00,0.00,0.00,0.00,0.00,0.00
1.00,0.00,0.00,0.00,0.00,0.00,0.00,0.00
5.00,3.00,0.00,0.00,0.00,0.00,0.00,0.00
5.00,2.00,0.00,1.00,0.00,0.00,0.00,0.00
10.00,4.00,0.00,0.00,1.00,0.00,1.00,0.00
8.00,1.00,0.00,1.00,0.00,0.00,1.00,0.00
3.00,5.00,1.00,1.00,0.00,0.00,0.00,0.00
5.00,4.00,0.00,0.00,0.00,0.00,0.00,0.00
2.00,4.00,0.00,1.00,0.00,0.00,0.00,0.00
2.00,2.00,0.00,0.00,0.00,0.00,0.00,0.00
5.00,2.00,0.00,0.00,0.00,0.00,0.00,0.00
2.00,1.00,0.00,0.00,0.00,0.00,0.00,0.00
1.00,1.00,1.00,0.00,0.00,0.00,0.00,0.00
3.00,0.00,0.00,0.00,0.00,0.00,0.00,0.00
5.00,0.00,0.00,0.00,0.00,0.00,0.00,0.00
7.00,1.00,0.00,0.00,0.00,0.00,0.00,0.00
10.00,1.00,0.00,0.00,0.00,0.00,0.00,0.00
13.00,2.00,0.00,0.00,0.00,0.00,0.00,0.00
15.00,2.00,0.00,0.00,0.00,0.00,0.00,0.00
25.00,128.00,17.00,70.00,7.00,2.00,24.00,0.00
36.00,128.00,90.00,94.00,22.00,2.00,32.00,0.00
128.00,128.00,128.00,128.00,20.00,6.00,128.00,0.00
128.00,128.00,96.00,128.00,12.00,4.00,52.00,0.00
128.00,128.00,128.00,76.00,28.00,10.00,51.00,0.00
101.00,128.00,59.00,99.00,45.00,6.00,46.00,0.00
106.00,105.00,40.00,62.00,34.00,4.00,33.00,0.00
105.00,57.00,104.00,64.00,20.00,4.00,23.00,0.00
128.00,93.00,45.00,41.00,9.00,2.00,13.00,0.00
87.00,100.00,53.00,51.00,16.00,3.00,18.00,0.00
90.00,100.00,49.00,65.00,9.00,3.00,21.00,0.00
35.00,128.00,39.00,40.00,5.00,2.00,21.00,0.00
22.00,48.00,20.00,26.00,7.00,1.00,9.00,0.00
33.00,47.00,18.00,44.00,3.00,1.00,15.00,0.00
10.00,21.00,10.00,10.00,3.00,1.00,7.00,0.00
9.00,11.00,27.00,13.00,3.00,0.00,6.00,0.00
20.00,18.00,14.00,18.00,4.00,0.00,6.00,0.00
61.00,100.00,20.00,10.00,3.00,0.00,10.00,0.00
112.00,128.00,23.00,33.00,2.00,0.00,15.00,0.00
54.00,128.00,11.00,20.00,5.00,0.00,12.00,0.00
15.00,40.00,14.00,16.00,1.00,0.00,5.00,0.00
2.00,11.00,2.00,2.00,0.00,0.00,1.00,0.00
1.00,4.00,0.00,0.00,0.00,0.00,0.00,0.00
2.00,1.00,0.00,0.00,0.00,0.00,0.00,0.00
1.00,1.00,0.00,0.00,0.00,0.00,0.00,0.00
0.00,1.00,0.00,0.00,0.00,0.00,0.00,0.00
0.00,0.00,0.00,0.00,0.00,0.00,0.00,0.00
0.00,0.00,0.00,1.00,0.00,0.00,0.00,0.00
1.00,0.00,0.00,0.00,0.00,0.00,0.00,0.00
0.00,1.00,0.00,0.00,0.00,0.00,0.00,0.00
0.00,0.00,0.00,0.00,0.00,0.00,0.00,0.00
1.00,1.00,0.00,0.00,0.00,0.00,0.00,0.00
41.00,41.00,13.00,14.00,3.00,0.00,5.00,0.00
88.00,110.00,21.00,12.00,4.00,1.00,9.00,0.00
106.00,94.00,20.00,26.00,1.00,1.00,10.00,0.00
116.00,72.00,20.00,31.00,4.00,1.00,10.00,0.00
102.00,64.00,18.00,18.00,3.00,1.00,8.00,0.00
103.00,74.00,25.00,19.00,3.00,1.00,6.00,0.00
111.00,95.00,31.00,52.00,5.00,1.00,17.00,0.00
92.00,128.00,21.00,42.00,3.00,0.00,21.00,0.00
103.00,128.00,48.00,67.00,2.00,0.00,23.00,0.00
88.00,88.00,37.00,42.00,3.00,0.00,13.00,0.00
29.00,115.00,12.00,14.00,2.00,0.00,13.00,0.00
34.00,33.00,12.00,29.00,1.00,0.00,9.00,0.00
25.00,18.00,6.00,18.00,0.00,0.00,6.00,0.00
16.00,14.00,3.00,3.00,0.00,0.00,1.00,0.00
5.00,3.00,2.00,1.00,0.00,0.00,0.00,0.00
1.00,0.00,0.00,1.00,0.00,0.00,0.00,0.00
2.00,1.00,0.00,0.00,0.00,0.00,0.00,0.00
2.00,0.00,0.00,0.00,0.00,0.00,0.00,0.00
25.00,27.00,9.00,1.00,1.00,0.00,3.00,0.00
29.00,30.00,7.00,2.00,2.00,0.00,3.00,0.00
19.00,28.00,4.00,3.00,1.00,0.00,3.00,0.00
37.00,44.00,7.00,4.00,0.00,0.00,5.00,0.00
12.00,19.00,1.00,1.00,0.00,0.00,2.00,0.00
16.00,14.00,1.00,1.00,1.00,0.00,1.00,0.00
9.00,5.00,3.00,1.00,1.00,0.00,0.00,0.00
2.00,7.00,1.00,2.00,0.00,0.00,0.00,0.00
5.00,12.00,3.00,3.00,0.00,0.00,1.00,0.00
5.00,5.00,2.00,0.00,0.00,0.00,0.00,0.00
6.00,10.00,3.00,2.00,0.00,0.00,0.00,0.00
2.00,4.00,3.00,0.00,0.00,0.00,0.00,0.00
3.00,22.00,9.00,1.00,0.00,0.00,2.00,0.00
2.00,20.00,8.00,1.00,0.00,0.00,2.00,0.00
7.00,20.00,19.00,3.00,0.00,0.00,4.00,0.00
5.00,27.00,39.00,2.00,0.00,0.00,6.00,0.00
4.00,14.00,36.00,5.00,0.00,0.00,6.00,0.00
5.00,23.00,30.00,6.00,0.00,0.00,4.00,0.00
3.00,16.00,33.00,5.00,0.00,0.00,5.00,0.00
2.00,16.00,20.00,4.00,0.00,0.00,3.00,0.00
4.00,17.00,9.00,8.00,0.00,0.00,2.00,0.00
2.00,17.00,2.00,2.00,0.00,0.00,2.00,0.00
3.00,14.00,4.00,4.00,0.00,0.00,1.00,0.00
2.00,25.00,6.00,3.00,0.00,0.00,2.00,0.00
1.00,25.00,2.00,4.00,0.00,0.00,2.00,0.00
2.00,20.00,2.00,1.00,0.00,0.00,2.00,0.00
4.00,8.00,2.00,2.00,0.00,0.00,0.00,0.00
5.00,6.00,1.00,1.00,0.00,0.00,0.00,0.00
4.00,3.00,0.00,0.00,0.00,0.00,0.00,0.00
2.00,2.00,0.00,0.00,0.00,0.00,0.00,0.00
1.00,0.00,0.00,0.00,0.00,0.00,0.00,0.00
0.00,0.00,0.00,0.00,0.00,0.00,0.00,0.00
1.00,0.00,0.00,0.00,0.00,0.00,0.00,0.00
0.00,0.00,0.00,0.00,0.00,0.00,0.00,0.00
5.00,1.00,0.00,1.00,1.00,0.00,0.00,0.00
3.00,3.00,0.00,2.00,1.00,0.00,1.00,0.00
11.00,3.00,1.00,4.00,1.00,0.00,1.00,0.00
14.00,4.00,0.00,3.00,1.00,0.00,2.00,0.00
7.00,3.00,1.00,2.00,0.00,0.00,1.00,0.00
2.00,1.00,0.00,1.00,0.00,0.00,0.00,0.00
4.00,1.00,0.00,0.00,0.00,0.00,0.00,0.00
3.00,1.00,0.00,0.00,1.00,0.00,0.00,0.00
4.00,4.00,0.00,0.00,0.00,0.00,0.00,0.00
7.00,11.00,3.00,1.00,1.00,0.00,1.00,0.00
4.00,9.00,3.00,2.00,0.00,0.00,1.00,0.00
7.00,7.00,0.00,1.00,0.00,0.00,0.00,0.00
3.00,2.00,1.00,0.00,0.00,0.00,0.00,0.00
2.00,3.00,0.00,0.00,0.00,0.00,0.00,0.00
5.00,2.00,1.00,0.00,0.00,0.00,0.00,0.00
4.00,4.00,0.00,0.00,0.00,0.00,0.00,0.00
128.00,43.00,35.00,44.00,5.00,2.00,14.00,0.00
128.00,128.00,86.00,128.00,17.00,2.00,48.00,0.00
128.00,128.00,61.00,101.00,27.00,2.00,32.00,0.00
128.00,125.00,42.00,100.00,33.00,4.00,34.00,0.00
128.00,128.00,81.00,72.00,14.00,3.00,23.00,0.00
128.00,128.00,55.00,126.00,10.00,2.00,41.00,0.00
128.00,128.00,115.00,120.00,15.00,2.00,37.00,0.00
128.00,128.00,77.00,58.00,6.00,2.00,26.00,0.00
128.00,128.00,38.00,31.00,3.00,1.00,32.00,0.00
125.00,117.00,40.00,39.00,2.00,0.00,12.00,0.00
51.00,78.00,29.00,34.00,2.00,0.00,11.00,0.00
29.00,49.00,9.00,18.00,1.00,0.00,5.00,0.00
16.00,5.00,2.00,7.00,0.00,0.00,2.00,0.00
9.00,10.00,4.00,5.00,0.00,0.00,1.00,0.00
12.00,4.00,2.00,6.00,0.00,0.00,1.00,0.00
7.00,3.00,1.00,3.00,0.00,0.00,1.00,0.00
5.00,2.00,1.00,1.00,0.00,0.00,0.00,0.00
1.00,1.00,0.00,0.00,0.00,0.00,0.00,0.00
1.00,2.00,0.00,0.00,0.00,0.00,0.00,0.00
0.00,2.00,0.00,0.00,0.00,0.00,0.00,0.00
0.00,0.00,0.00,0.00,0.00,0.00,0.00,0.00
1.00,0.00,0.00,0.00,0.00,0.00,0.00,0.00
0.00,0.00,0.00,0.00,0.00,0.00,0.00,0.00
0.00,0.00,0.00,0.00,0.00,0.00,0.00,0.00
0.00,0.00,0.00,0.00,0.00,0.00,0.00,0.00
0.00,0.00,0.00,0.00,0.00,0.00,0.00,0.00
0.00,0.00,0.00,0.00,0.00,0.00,0.00,0.00
0.00,0.00,0.00,0.00,0.00,0.00,0.00,0.00
0.00,0.00,0.00,0.00,0.00,0.00,0.00,0.00
0.00,0.00,0.00,0.00,0.00,0.00,0.00,0.00
0.00,0.00,0.00,0.00,0.00,0.00,0.00,0.00
0.00,0.00,0.00,0.00,0.00,0.00,0.00,0.00
0.00,0.00,0.00,0.00,0.00,0.00,0.00,0.00
0.00,0.00,0.00,0.00,0.00,0.00,0.00,0.00
0.00,0.00,0.00,0.00,0.00,0.00,0.00,0.00
1.00,0.00,0.00,0.00,0.00,0.00,0.00,0.00
0.00,0.00,0.00,0.00,0.00,0.00,0.00,0.00
0.00,0.00,0.00,0.00,0.00,0.00,0.00,0.00
0.00,0.00,0.00,0.00,0.00,0.00,0.00,0.00
0.00,0.00,0.00,0.00,0.00,0.00,0.00,0.00
0.00,0.00,0.00,0.00,0.00,0.00,0.00,0.00
0.00,0.00,0.00,0.00,0.00,0.00,0.00,0.00
0.00,0.00,0.00,0.00,0.00,0.00,0.00,0.00
0.00,0.00,0.00,0.00,0.00,0.00,0.00,0.00
0.00,0.00,0.00,0.00,0.00,0.00,0.00,0.00
0.00,0.00,0.00,0.00,0.00,0.00,0.00,0.00
2.00,1.00,0.00,0.00,0.00,0.00,0.00,0.00
2.00,2.00,0.00,0.00,0.00,0.00,0.00,0.00
4.00,1.00,0.00,0.00,0.00,0.00,0.00,0.00
2.00,0.00,0.00,0.00,0.00,0.00,0.00,0.00
21.00,128.00,24.00,46.00,3.00,1.00,16.00,0.00
110.00,113.00,18.00,44.00,9.00,1.00,15.00,0.00
70.00,46.00,27.00,39.00,18.00,1.00,19.00,0.00
21.00,35.00,25.00,42.00,28.00,1.00,29.00,0.00
21.00,29.00,33.00,27.00,23.00,3.00,23.00,0.00
64.00,25.00,45.00,50.00,7.00,3.00,16.00,0.00
128.00,77.00,24.00,28.00,7.00,1.00,9.00,0.00
100.00,128.00,58.00,75.00,4.00,1.00,23.00,0.00
27.00,87.00,19.00,11.00,1.00,0.00,10.00,0.00
4.00,33.00,1.00,1.00,0.00,0.00,3.00,0.00
2.00,2.00,0.00,0.00,0.00,0.00,0.00,0.00
2.00,0.00,0.00,0.00,1.00,0.00,0.00,0.00
2.00,0.00,0.00,0.00,0.00,0.00,0.00,0.00
0.00,0.00,0.00,0.00,1.00,0.00,0.00,0.00
1.00,0.00,0.00,0.00,1.00,0.00,0.00,0.00
0.00,0.00,0.00,0.00,0.00,0.00,0.00,0.00
1.00,0.00,0.00,0.00,0.00,0.00,0.00,0.00
0.00,0.00,0.00,0.00,0.00,0.00,0.00,0.00
0.00,0.00,0.00,0.00,0.00,0.00,0.00,0.00
0.00,0.00,0.00,0.00,1.00,0.00,0.00,0.00
1.00,0.00,0.00,0.00,0.00,0.00,0.00,0.00
0.00,0.00,0.00,0.00,0.00,0.00,0.00,0.00
0.00,0.00,0.00,0.00,0.00,0.00,0.00,0.00
128.00,128.00,73.00,20.00,5.00,3.00,32.00,0.00
128.00,91.00,32.00,33.00,14.00,3.00,27.00,0.00
127.00,75.00,39.00,31.00,18.00,3.00,28.00,0.00
100.00,34.00,31.00,34.00,20.00,2.00,20.00,0.00
94.00,59.00,27.00,35.00,19.00,3.00,21.00,0.00
102.00,53.00,15.00,13.00,14.00,5.00,22.00,0.00
46.00,47.00,13.00,10.00,11.00,1.00,10.00,0.00
25.00,43.00,9.00,15.00,5.00,0.00,5.00,0.00
36.00,24.00,7.00,7.00,2.00,0.00,2.00,0.00
35.00,25.00,5.00,4.00,0.00,0.00,2.00,0.00
5.00,5.00,1.00,1.00,1.00,0.00,0.00,0.00
2.00,4.00,0.00,1.00,0.00,0.00,0.00,0.00
2.00,0.00,0.00,1.00,1.00,0.00,0.00,0.00
2.00,0.00,0.00,0.00,0.00,0.00,0.00,0.00
3.00,1.00,0.00,0.00,0.00,0.00,0.00,0.00
2.00,0.00,0.00,0.00,0.00,0.00,0.00,0.00
0.00,0.00,0.00,0.00,0.00,0.00,0.00,0.00
1.00,0.00,0.00,1.00,1.00,0.00,0.00,0.00
1.00,0.00,0.00,0.00,0.00,0.00,0.00,0.00
0.00,0.00,0.00,0.00,0.00,0.00,0.00,0.00
0.00,0.00,0.00,0.00,0.00,0.00,0.00,0.00
0.00,0.00,0.00,0.00,0.00,0.00,0.00,0.00
0.00,0.00,0.00,1.00,0.00,0.00,0.00,0.00
0.00,0.00,0.00,0.00,0.00,0.00,0.00,0.00
0.00,0.00,0.00,0.00,0.00,0.00,0.00,0.00
0.00,1.00,0.00,0.00,0.00,0.00,0.00,0.00
0.00,0.00,0.00,0.00,0.00,0.00,0.00,0.00
5.00,20.00,13.00,1.00,1.00,0.00,2.00,0.00
5.00,9.00,5.00,1.00,0.00,0.00,1.00,0.00
3.00,5.00,4.00,0.00,0.00,0.00,0.00,0.00
2.00,4.00,2.00,0.00,0.00,0.00,0.00,0.00
3.00,7.00,1.00,0.00,0.00,0.00,0.00,0.00
14.00,33.00,2.00,1.00,0.00,0.00,3.00,0.00
20.00,35.00,1.00,1.00,0.00,0.00,3.00,0.00
14.00,30.00,1.00,1.00,0.00,0.00,2.00,0.00
14.00,31.00,2.00,1.00,0.00,0.00,2.00,0.00
5.00,6.00,0.00,0.00,0.00,0.00,0.00,0.00
7.00,13.00,0.00,0.00,0.00,0.00,1.00,0.00
3.00,5.00,0.00,0.00,0.00,0.00,0.00,0.00
1.00,1.00,0.00,0.00,0.00,0.00,0.00,0.00
0.00,2.00,1.00,0.00,0.00,0.00,0.00,0.00
5.00,17.00,8.00,1.00,0.00,0.00,2.00,0.00
1.00,14.00,4.00,1.00,1.00,0.00,1.00,0.00
4.00,11.00,14.00,0.00,0.00,0.00,2.00,0.00
1.00,9.00,3.00,0.00,0.00,0.00,1.00,0.00
1.00,9.00,3.00,0.00,0.00,0.00,1.00,0.00
1.00,6.00,2.00,0.00,0.00,0.00,0.00,0.00
1.00,6.00,1.00,0.00,0.00,0.00,0.00,0.00
1.00,1.00,1.00,0.00,0.00,0.00,0.00,0.00
1.00,0.00,0.00,0.00,0.00,0.00,0.00,0.00
0.00,0.00,0.00,0.00,0.00,0.00,0.00,0.00
2.00,3.00,0.00,0.00,0.00,0.00,0.00,0.00
4.00,9.00,4.00,3.00,0.00,0.00,1.00,0.00
5.00,19.00,9.00,4.00,0.00,0.00,2.00,0.00
6.00,7.00,6.00,6.00,1.00,0.00,2.00,0.00
5.00,12.00,8.00,8.00,0.00,0.00,2.00,0.00
3.00,29.00,12.00,1.00,0.00,0.00,4.00,0.00
1.00,5.00,10.00,3.00,0.00,0.00,1.00,0.00
1.00,15.00,4.00,4.00,0.00,0.00,2.00,0.00
3.00,8.00,3.00,2.00,0.00,0.00,1.00,0.00
2.00,2.00,1.00,0.00,0.00,0.00,0.00,0.00
1.00,4.00,2.00,0.00,0.00,0.00,0.00,0.00
1.00,1.00,0.00,0.00,0.00,0.00,0.00,0.00
1.00,1.00,1.00,0.00,0.00,0.00,0.00,0.00
0.00,1.00,0.00,0.00,0.00,0.00,0.00,0.00
2.00,1.00,0.00,0.00,0.00,0.00,0.00,0.00
1.00,2.00,1.00,0.00,1.00,0.00,0.00,0.00
0.00,0.00,0.00,0.00,1.00,0.00,0.00,0.00
0.00,0.00,0.00,0.00,1.00,0.00,0.00,0.00
1.00,0.00,0.00,0.00,0.00,0.00,0.00,0.00
0.00,0.00,0.00,1.00,1.00,0.00,0.00,0.00
0.00,0.00,0.00,0.00,1.00,0.00,0.00,0.00
0.00,0.00,0.00,0.00,0.00,0.00,0.00,0.00
0.00,0.00,0.00,0.00,1.00,0.00,0.00,0.00
0.00,0.00,0.00,0.00,0.00,0.00,0.00,0.00
0.00,0.00,0.00,0.00,0.00,0.00,0.00,0.00
1.00,0.00,0.00,0.00,0.00,0.00,0.00,0.00
120.00,53.00,28.00,13.00,6.00,0.00,8.00,0.00
65.00,31.00,22.00,6.00,6.00,0.00,4.00,0.00
49.00,29.00,6.00,5.00,0.00,0.00,3.00,0.00
20.00,10.00,7.00,2.00,2.00,0.00,1.00,0.00
11.00,9.00,5.00,2.00,0.00,0.00,0.00,0.00
69.00,23.00,5.00,5.00,0.00,0.00,4.00,0.00
26.00,11.00,2.00,1.00,1.00,0.00,1.00,0.00
12.00,10.00,2.00,0.00,0.00,0.00,0.00,0.00
13.00,7.00,1.00,0.00,0.00,0.00,1.00,0.00
4.00,4.00,0.00,0.00,0.00,0.00,0.00,0.00
1.00,1.00,1.00,0.00,0.00,0.00,0.00,0.00
2.00,1.00,0.00,0.00,0.00,0.00,0.00,0.00
1.00,1.00,0.00,0.00,0.00,0.00,0.00,0.00
1.00,1.00,0.00,0.00,1.00,0.00,0.00,0.00
2.00,0.00,0.00,0.00,0.00,0.00,0.00,0.00
1.00,0.00,0.00,0.00,0.00,0.00,0.00,0.00
2.00,0.00,0.00,0.00,0.00,0.00,0.00,0.00
1.00,1.00,0.00,0.00,1.00,0.00,0.00,0.00
1.00,0.00,0.00,0.00,0.00,0.00,0.00,0.00
1.00,0.00,0.00,0.00,0.00,0.00,0.00,0.00
0.00,0.00,0.00,0.00,0.00,0.00,0.00,0.00
0.00,0.00,0.00,0.00,0.00,0.00,0.00,0.00
1.00,0.00,0.00,0.00,0.00,0.00,0.00,0.00
0.00,0.00,0.00,0.00,1.00,0.00,0.00,0.00
0.00,0.00,0.00,0.00,0.00,0.00,0.00,0.00
1.00,1.00,0.00,0.00,0.00,0.00,0.00,0.00
1.00,0.00,0.00,0.00,0.00,0.00,0.00,0.00
0.00,0.00,0.00,0.00,0.00,0.00,0.00,0.00
0.00,0.00,0.00,0.00,0.00,0.00,0.00,0.00
1.00,1.00,0.00,0.00,0.00,0.00,0.00,0.00
1.00,0.00,0.00,0.00,1.00,0.00,0.00,0.00
1.00,0.00,0.00,0.00,0.00,0.00,0.00,0.00
0.00,0.00,0.00,0.00,0.00,0.00,0.00,0.00
1.00,0.00,0.00,0.00,0.00,0.00,0.00,0.00
1.00,0.00,1.00,0.00,1.00,0.00,0.00,0.00
0.00,0.00,0.00,0.00,0.00,0.00,0.00,0.00
0.00,0.00,0.00,0.00,1.00,0.00,0.00,0.00
0.00,0.00,0.00,0.00,1.00,0.00,0.00,0.00
0.00,0.00,0.00,0.00,1.00,0.00,0.00,0.00
0.00,0.00,0.00,0.00,0.00,0.00,0.00,0.00
0.00,0.00,0.00,1.00,0.00,0.00,0.00,0.00
1.00,1.00,0.00,0.00,0.00,0.00,0.00,0.00
8.00,4.00,2.00,0.00,0.00,0.00,0.00,0.00
5.00,2.00,1.00,0.00,0.00,0.00,0.00,0.00
3.00,2.00,1.00,0.00,0.00,0.00,0.00,0.00
5.00,2.00,0.00,0.00,0.00,0.00,0.00,0.00
0.00,0.00,1.00,1.00,0.00,0.00,0.00,0.00
2.00,1.00,1.00,0.00,0.00,0.00,0.00,0.00
1.00,1.00,0.00,0.00,0.00,0.00,0.00,0.00
0.00,0.00,0.00,0.00,0.00,0.00,0.00,0.00
24.00,22.00,5.00,0.00,0.00,0.00,1.00,0.00
15.00,30.00,5.00,0.00,0.00,0.00,2.00,0.00
24.00,40.00,6.00,0.00,0.00,0.00,4.00,0.00
22.00,31.00,3.00,1.00,0.00,0.00,4.00,0.00
21.00,63.00,5.00,7.00,0.00,0.00,7.00,0.00
56.00,70.00,12.00,5.00,0.00,0.00,8.00,0.00
79.00,128.00,9.00,4.00,0.00,0.00,13.00,0.00
49.00,65.00,4.00,8.00,1.00,0.00,5.00,0.00
52.00,57.00,2.00,7.00,3.00,0.00,4.00,0.00
44.00,25.00,0.00,1.00,1.00,0.00,3.00,0.00
22.00,11.00,0.00,0.00,0.00,0.00,1.00,0.00
10.00,6.00,0.00,0.00,0.00,0.00,0.00,0.00
4.00,3.00,0.00,0.00,0.00,0.00,0.00,0.00
0.00,0.00,0.00,0.00,0.00,0.00,0.00,0.00
1.00,0.00,0.00,0.00,0.00,0.00,0.00,0.00
1.00,0.00,0.00,0.00,0.00,0.00,0.00,0.00
0.00,0.00,0.00,0.00,0.00,0.00,0.00,0.00
1.00,0.00,0.00,0.00,0.00,0.00,0.00,0.00
0.00,0.00,1.00,0.00,0.00,0.00,0.00,0.00
0.00,0.00,1.00,0.00,0.00,0.00,0.00,0.00
0.00,0.00,1.00,1.00,1.00,0.00,0.00,0.00
1.00,0.00,1.00,1.00,0.00,0.00,0.00,0.00
0.00,1.00,0.00,1.00,1.00,0.00,0.00,0.00
1.00,0.00,0.00,1.00,1.00,0.00,0.00,0.00
1.00,0.00,0.00,0.00,1.00,0.00,0.00,0.00
0.00,0.00,0.00,0.00,0.00,0.00,0.00,0.00
2.00,0.00,0.00,0.00,0.00,0.00,0.00,0.00
0.00,0.00,0.00,0.00,0.00,0.00,0.00,0.00
0.00,0.00,0.00,0.00,0.00,0.00,0.00,0.00
0.00,0.00,0.00,0.00,0.00,0.00,0.00,0.00
0.00,0.00,0.00,0.00,0.00,0.00,0.00,0.00
0.00,0.00,0.00,0.00,0.00,0.00,0.00,0.00
0.00,0.00,0.00,0.00,0.00,0.00,0.00,0.00
0.00,0.00,0.00,0.00,0.00,0.00,0.00,0.00
0.00,0.00,0.00,0.00,0.00,0.00,0.00,0.00
0.00,0.00,0.00,0.00,0.00,0.00,0.00,0.00
1.00,0.00,0.00,0.00,1.00,0.00,0.00,0.00
0.00,0.00,0.00,0.00,0.00,0.00,0.00,0.00
0.00,0.00,0.00,0.00,1.00,0.00,0.00,0.00
0.00,0.00,0.00,0.00,0.00,0.00,0.00,0.00
0.00,0.00,0.00,0.00,0.00,0.00,0.00,0.00
0.00,0.00,0.00,0.00,1.00,0.00,0.00,0.00
1.00,0.00,0.00,0.00,0.00,0.00,0.00,0.00
0.00,0.00,0.00,0.00,0.00,0.00,0.00,0.00
0.00,0.00,0.00,0.00,0.00,0.00,0.00,0.00
0.00,0.00,0.00,0.00,0.00,0.00,0.00,0.00
1.00,0.00,0.00,0.00,1.00,0.00,0.00,0.00
0.00,0.00,0.00,0.00,0.00,0.00,0.00,0.00
0.00,0.00,0.00,0.00,1.00,0.00,0.00,0.00
0.00,0.00,0.00,0.00,0.00,0.00,0.00,0.00
29.00,29.00,4.00,0.00,0.00,0.00,2.00,0.00
51.00,53.00,7.00,0.00,0.00,0.00,4.00,0.00
22.00,32.00,5.00,0.00,0.00,0.00,3.00,0.00
23.00,57.00,11.00,0.00,0.00,0.00,6.00,0.00
39.00,64.00,8.00,2.00,0.00,0.00,7.00,0.00
29.00,51.00,5.00,4.00,0.00,0.00,6.00,0.00
28.00,38.00,4.00,2.00,0.00,0.00,4.00,0.00
30.00,37.00,2.00,3.00,1.00,0.00,3.00,0.00
41.00,25.00,2.00,4.00,1.00,0.00,3.00,0.00
21.00,18.00,1.00,2.00,1.00,0.00,1.00,0.00
13.00,4.00,0.00,1.00,1.00,0.00,0.00,0.00
6.00,4.00,0.00,0.00,1.00,0.00,0.00,0.00
1.00,1.00,0.00,1.00,0.00,0.00,0.00,0.00
1.00,0.00,1.00,0.00,0.00,0.00,0.00,0.00
5.00,0.00,0.00,0.00,0.00,0.00,0.00,0.00
5.00,0.00,1.00,0.00,0.00,0.00,0.00,0.00
4.00,0.00,0.00,0.00,0.00,0.00,0.00,0.00
4.00,0.00,0.00,0.00,0.00,0.00,0.00,0.00
3.00,1.00,0.00,0.00,0.00,0.00,0.00,0.00
1.00,0.00,0.00,0.00,0.00,0.00,0.00,0.00
0.00,0.00,0.00,0.00,0.00,0.00,0.00,0.00
0.00,0.00,0.00,0.00,0.00,0.00,0.00,0.00
1.00,0.00,0.00,0.00,0.00,0.00,0.00,0.00
4.00,5.00,1.00,0.00,0.00,0.00,0.00,0.00
2.00,5.00,0.00,1.00,1.00,0.00,1.00,0.00
2.00,6.00,3.00,2.00,0.00,0.00,0.00,0.00
2.00,2.00,5.00,0.00,0.00,0.00,1.00,0.00
2.00,1.00,3.00,0.00,0.00,0.00,0.00,0.00
1.00,0.00,1.00,1.00,1.00,0.00,0.00,0.00
2.00,3.00,3.00,0.00,0.00,0.00,0.00,0.00
2.00,2.00,9.00,0.00,0.00,0.00,1.00,0.00
2.00,2.00,3.00,0.00,0.00,0.00,0.00,0.00
2.00,2.00,1.00,0.00,1.00,0.00,0.00,0.00
3.00,1.00,1.00,0.00,0.00,0.00,0.00,0.00
0.00,2.00,1.00,0.00,0.00,0.00,0.00,0.00
2.00,2.00,0.00,0.00,0.00,0.00,0.00,0.00
1.00,0.00,0.00,0.00,0.00,0.00,0.00,0.00
0.00,1.00,0.00,0.00,0.00,0.00,0.00,0.00
1.00,0.00,0.00,0.00,0.00,0.00,0.00,0.00
1.00,0.00,0.00,0.00,0.00,0.00,1.00,0.00
0.00,0.00,0.00,0.00,0.00,0.00,0.00,0.00
0.00,0.00,0.00,0.00,0.00,0.00,0.00,0.00
1.00,0.00,0.00,0.00,0.00,0.00,0.00,0.00
3.00,4.00,0.00,0.00,0.00,0.00,0.00,0.00
4.00,7.00,1.00,0.00,0.00,0.00,0.00,0.00
2.00,5.00,1.00,0.00,0.00,0.00,0.00,0.00
2.00,3.00,0.00,0.00,0.00,0.00,0.00,0.00
1.00,1.00,1.00,0.00,0.00,0.00,0.00,0.00
0.00,2.00,1.00,0.00,0.00,0.00,0.00,0.00
1.00,3.00,1.00,0.00,0.00,0.00,0.00,0.00
29.00,20.00,3.00,0.00,0.00,0.00,2.00,0.00
27.00,33.00,4.00,0.00,0.00,0.00,2.00,0.00
46.00,54.00,8.00,0.00,0.00,0.00,4.00,0.00
22.00,36.00,7.00,0.00,0.00,0.00,4.00,0.00
19.00,45.00,6.00,4.00,1.00,0.00,5.00,0.00
32.00,39.00,11.00,5.00,0.00,0.00,3.00,0.00
13.00,33.00,4.00,7.00,1.00,0.00,3.00,0.00
32.00,71.00,7.00,8.00,1.00,0.00,7.00,0.00
45.00,35.00,5.00,4.00,0.00,0.00,3.00,0.00
34.00,43.00,2.00,5.00,1.00,0.00,4.00,0.00
30.00,21.00,4.00,4.00,1.00,0.00,2.00,0.00
19.00,12.00,2.00,4.00,1.00,0.00,2.00,0.00
13.00,9.00,0.00,1.00,0.00,0.00,0.00,0.00
1.00,1.00,0.00,0.00,1.00,0.00,0.00,0.00
2.00,0.00,0.00,0.00,0.00,0.00,0.00,0.00
0.00,0.00,0.00,0.00,1.00,0.00,0.00,0.00
1.00,1.00,0.00,0.00,1.00,0.00,0.00,0.00
1.00,0.00,0.00,0.00,0.00,0.00,0.00,0.00
0.00,0.00,0.00,1.00,0.00,0.00,0.00,0.00
1.00,0.00,0.00,1.00,0.00,0.00,0.00,0.00
1.00,1.00,0.00,0.00,0.00,0.00,0.00,0.00
0.00,0.00,0.00,1.00,0.00,0.00,0.00,0.00
0.00,0.00,0.00,1.00,0.00,0.00,0.00,0.00
0.00,0.00,0.00,1.00,0.00,0.00,0.00,0.00
0.00,0.00,0.00,1.00,0.00,0.00,0.00,0.00
0.00,0.00,0.00,1.00,0.00,0.00,0.00,0.00
1.00,1.00,0.00,0.00,0.00,0.00,0.00,0.00
1.00,1.00,0.00,1.00,0.00,0.00,0.00,0.00
0.00,0.00,0.00,0.00,0.00,0.00,0.00,0.00
0.00,0.00,0.00,0.00,0.00,0.00,0.00,0.00
1.00,0.00,0.00,0.00,0.00,0.00,0.00,0.00
0.00,0.00,0.00,0.00,0.00,0.00,0.00,0.00
0.00,0.00,0.00,0.00,0.00,0.00,0.00,0.00
0.00,0.00,0.00,0.00,0.00,0.00,0.00,0.00
0.00,0.00,0.00,0.00,1.00,0.00,0.00,0.00
0.00,0.00,0.00,0.00,0.00,0.00,0.00,0.00
1.00,0.00,0.00,0.00,0.00,0.00,0.00,0.00
0.00,0.00,0.00,0.00,1.00,0.00,0.00,0.00
0.00,0.00,0.00,0.00,0.00,0.00,0.00,0.00
0.00,1.00,0.00,0.00,0.00,0.00,0.00,0.00
1.00,0.00,0.00,0.00,0.00,0.00,0.00,0.00
2.00,2.00,0.00,1.00,0.00,0.00,0.00,0.00
3.00,0.00,0.00,0.00,0.00,0.00,0.00,0.00
0.00,0.00,0.00,0.00,0.00,0.00,0.00,0.00
1.00,0.00,0.00,0.00,0.00,0.00,0.00,0.00
0.00,0.00,0.00,0.00,0.00,0.00,0.00,0.00
0.00,0.00,0.00,0.00,0.00,0.00,0.00,0.00
1.00,0.00,0.00,0.00,1.00,0.00,0.00,0.00
0.00,0.00,0.00,0.00,0.00,0.00,0.00,0.00
1.00,0.00,0.00,0.00,0.00,0.00,0.00,0.00
22.00,14.00,3.00,0.00,0.00,0.00,1.00,0.00
12.00,8.00,1.00,0.00,0.00,0.00,0.00,0.00
6.00,2.00,1.00,0.00,0.00,0.00,0.00,0.00
7.00,3.00,0.00,0.00,0.00,0.00,0.00,0.00
3.00,2.00,0.00,0.00,0.00,0.00,0.00,0.00
2.00,0.00,0.00,0.00,0.00,0.00,0.00,0.00
1.00,1.00,0.00,0.00,0.00,0.00,0.00,0.00
0.00,2.00,1.00,0.00,0.00,0.00,0.00,0.00
1.00,15.00,11.00,0.00,0.00,0.00,2.00,0.00
3.00,7.00,5.00,0.00,0.00,0.00,1.00,0.00
3.00,3.00,11.00,1.00,1.00,0.00,2.00,0.00
4.00,4.00,15.00,1.00,1.00,0.00,2.00,0.00
5.00,4.00,18.00,1.00,0.00,0.00,3.00,0.00
5.00,3.00,21.00,1.00,0.00,0.00,4.00,0.00
4.00,3.00,16.00,1.00,0.00,0.00,3.00,0.00
3.00,3.00,23.00,3.00,0.00,0.00,4.00,0.00
2.00,4.00,10.00,3.00,0.00,0.00,1.00,0.00
1.00,3.00,9.00,2.00,0.00,0.00,2.00,0.00
4.00,3.00,12.00,1.00,0.00,0.00,2.00,0.00
4.00,10.00,8.00,2.00,0.00,0.00,1.00,0.00
7.00,3.00,13.00,2.00,1.00,0.00,2.00,0.00
3.00,2.00,25.00,1.00,0.00,0.00,4.00,0.00
2.00,3.00,7.00,3.00,0.00,0.00,1.00,0.00
1.00,6.00,7.00,1.00,0.00,0.00,1.00,0.00
2.00,7.00,5.00,1.00,0.00,0.00,0.00,0.00
1.00,5.00,4.00,2.00,0.00,0.00,0.00,0.00
0.00,4.00,2.00,1.00,0.00,0.00,0.00,0.00
1.00,1.00,1.00,0.00,0.00,0.00,0.00,0.00
1.00,1.00,0.00,0.00,1.00,0.00,0.00,0.00
0.00,1.00,1.00,0.00,0.00,0.00,0.00,0.00
1.00,0.00,0.00,0.00,1.00,0.00,0.00,0.00
1.00,1.00,1.00,0.00,0.00,0.00,0.00,0.00
0.00,0.00,1.00,0.00,0.00,0.00,0.00,0.00
0.00,0.00,1.00,0.00,0.00,0.00,0.00,0.00
1.00,0.00,1.00,0.00,0.00,0.00,0.00,0.00
2.00,1.00,0.00,0.00,0.00,0.00,0.00,0.00
1.00,0.00,0.00,0.00,0.00,0.00,0.00,0.00
1.00,0.00,1.00,0.00,0.00,0.00,0.00,0.00
1.00,0.00,0.00,0.00,0.00,0.00,0.00,0.00
0.00,0.00,0.00,0.00,0.00,0.00,0.00,0.00
1.00,0.00,0.00,0.00,0.00,0.00,0.00,0.00
0.00,0.00,0.00,1.00,0.00,0.00,0.00,0.00
0.00,0.00,0.00,0.00,0.00,0.00,0.00,0.00
1.00,0.00,0.00,0.00,0.00,0.00,0.00,0.00
1.00,0.00,0.00,0.00,0.00,0.00,0.00,0.00
0.00,0.00,0.00,0.00,0.00,0.00,0.00,0.00
0.00,0.00,0.00,0.00,0.00,0.00,0.00,0.00
1.00,0.00,0.00,0.00,0.00,0.00,0.00,0.00
0.00,0.00,0.00,0.00,0.00,0.00,0.00,0.00
4.00,0.00,0.00,0.00,1.00,0.00,0.00,0.00
25.00,20.00,11.00,1.00,0.00,0.00,2.00,0.00
36.00,34.00,2.00,0.00,1.00,0.00,2.00,0.00
34.00,33.00,5.00,0.00,1.00,0.00,2.00,0.00
27.00,23.00,6.00,0.00,1.00,0.00,2.00,0.00
6.00,4.00,3.00,0.00,0.00,0.00,0.00,0.00
2.00,2.00,4.00,0.00,0.00,0.00,0.00,0.00
7.00,3.00,2.00,0.00,0.00,0.00,0.00,0.00
13.00,5.00,0.00,0.00,0.00,0.00,1.00,0.00
14.00,5.00,0.00,0.00,0.00,0.00,1.00,0.00
10.00,3.00,0.00,0.00,1.00,0.00,0.00,0.00
3.00,2.00,0.00,0.00,0.00,0.00,0.00,0.00
17.00,17.00,18.00,1.00,1.00,0.00,4.00,0.00
18.00,17.00,13.00,1.00,2.00,0.00,3.00,0.00
14.00,51.00,11.00,3.00,1.00,0.00,6.00,0.00
19.00,48.00,12.00,4.00,2.00,0.00,6.00,0.00
7.00,24.00,8.00,1.00,1.00,0.00,3.00,0.00
7.00,14.00,5.00,2.00,0.00,0.00,1.00,0.00
5.00,5.00,1.00,0.00,0.00,0.00,0.00,0.00
2.00,3.00,1.00,0.00,0.00,0.00,0.00,0.00
5.00,1.00,1.00,0.00,0.00,0.00,0.00,0.00
8.00,5.00,1.00,2.00,0.00,0.00,1.00,0.00
11.00,7.00,0.00,2.00,1.00,0.00,1.00,0.00
18.00,18.00,1.00,5.00,3.00,0.00,3.00,0.00
33.00,36.00,0.00,6.00,1.00,0.00,3.00,0.00
31.00,42.00,1.00,6.00,3.00,0.00,3.00,0.00
36.00,47.00,2.00,9.00,3.00,0.00,4.00,0.00
51.00,47.00,2.00,25.00,3.00,0.00,12.00,0.00
65.00,55.00,1.00,13.00,2.00,0.00,6.00,0.00
11.00,14.00,1.00,12.00,3.00,0.00,6.00,0.00
33.00,18.00,1.00,9.00,1.00,0.00,4.00,0.00
20.00,16.00,3.00,19.00,2.00,0.00,8.00,0.00
8.00,62.00,1.00,4.00,2.00,0.00,6.00,0.00
4.00,31.00,3.00,8.00,2.00,0.00,3.00,0.00
6.00,13.00,4.00,6.00,2.00,0.00,2.00,0.00
1.00,11.00,1.00,3.00,1.00,0.00,1.00,0.00
7.00,5.00,0.00,2.00,1.00,0.00,1.00,0.00
9.00,13.00,0.00,3.00,1.00,0.00,1.00,0.00
6.00,16.00,3.00,7.00,2.00,0.00,2.00,0.00
4.00,11.00,3.00,8.00,3.00,0.00,3.00,0.00
6.00,28.00,6.00,9.00,3.00,0.00,4.00,0.00
2.00,37.00,12.00,8.00,2.00,0.00,5.00,0.00
2.00,17.00,18.00,12.00,2.00,0.00,4.00,0.00
3.00,10.00,14.00,5.00,2.00,0.00,2.00,0.00
5.00,12.00,19.00,6.00,1.00,0.00,3.00,0.00
5.00,13.00,9.00,13.00,2.00,0.00,4.00,0.00
6.00,24.00,23.00,5.00,1.00,0.00,3.00,0.00
6.00,13.00,12.00,4.00,1.00,0.00,2.00,0.00
4.00,11.00,10.00,5.00,0.00,0.00,1.00,0.00
4.00,4.00,5.00,5.00,0.00,0.00,1.00,0.00
5.00,9.00,8.00,1.00,0.00,0.00,1.00,0.00
20.00,9.00,11.00,9.00,6.00,1.00,5.00,0.00
12.00,9.00,13.00,12.00,9.00,1.00,8.00,0.00
23.00,13.00,4.00,10.00,5.00,1.00,5.00,0.00
4.00,3.00,9.00,5.00,2.00,0.00,2.00,0.00
5.00,3.00,2.00,2.00,1.00,0.00,1.00,0.00
5.00,1.00,3.00,1.00,1.00,0.00,1.00,0.00
2.00,2.00,0.00,2.00,0.00,0.00,1.00,0.00
3.00,1.00,1.00,1.00,0.00,0.00,0.00,0.00
3.00,0.00,1.00,0.00,0.00,0.00,0.00,0.00
0.00,1.00,0.00,1.00,0.00,0.00,0.00,0.00
3.00,1.00,0.00,1.00,1.00,0.00,0.00,0.00
1.00,1.00,0.00,0.00,0.00,0.00,0.00,0.00
0.00,1.00,1.00,0.00,0.00,0.00,0.00,0.00
2.00,1.00,0.00,0.00,0.00,0.00,0.00,0.00
0.00,0.00,0.00,0.00,0.00,0.00,0.00,0.00
1.00,0.00,0.00,1.00,0.00,0.00,0.00,0.00
0.00,0.00,0.00,0.00,0.00,0.00,0.00,0.00
0.00,0.00,0.00,0.00,0.00,0.00,0.00,0.00
1.00,0.00,0.00,0.00,0.00,0.00,0.00,0.00
1.00,0.00,0.00,0.00,0.00,0.00,0.00,0.00
0.00,0.00,0.00,0.00,0.00,0.00,0.00,0.00
1.00,0.00,0.00,0.00,0.00,0.00,0.00,0.00
1.00,0.00,0.00,0.00,0.00,0.00,0.00,0.00
0.00,0.00,0.00,0.00,0.00,0.00,0.00,0.00
1.00,0.00,0.00,1.00,0.00,0.00,0.00,0.00
0.00,0.00,0.00,0.00,0.00,0.00,0.00,0.00
1.00,0.00,0.00,1.00,0.00,0.00,0.00,0.00
1.00,1.00,0.00,0.00,0.00,0.00,0.00,0.00
0.00,0.00,0.00,0.00,0.00,0.00,0.00,0.00
1.00,0.00,0.00,0.00,0.00,0.00,0.00,0.00
1.00,1.00,0.00,0.00,0.00,0.00,0.00,0.00
1.00,1.00,0.00,0.00,0.00,0.00,0.00,0.00
1.00,0.00,0.00,0.00,1.00,0.00,0.00,0.00
0.00,0.00,0.00,0.00,1.00,0.00,0.00,0.00
2.00,2.00,0.00,0.00,0.00,0.00,0.00,0.00
12.00,17.00,7.00,1.00,1.00,0.00,1.00,0.00
31.00,34.00,13.00,1.00,1.00,0.00,2.00,0.00
29.00,30.00,8.00,1.00,1.00,0.00,2.00,0.00
20.00,23.00,2.00,0.00,1.00,0.00,2.00,0.00
7.00,5.00,3.00,0.00,1.00,0.00,1.00,0.00
5.00,3.00,2.00,0.00,0.00,0.00,0.00,0.00
10.00,3.00,3.00,1.00,1.00,0.00,0.00,0.00
16.00,3.00,1.00,1.00,0.00,0.00,0.00,0.00
10.00,3.00,1.00,0.00,0.00,0.00,0.00,0.00
9.00,12.00,12.00,2.00,1.00,0.00,3.00,0.00
10.00,50.00,26.00,6.00,2.00,0.00,7.00,0.00
6.00,44.00,20.00,8.00,2.00,0.00,6.00,0.00
9.00,18.00,11.00,1.00,1.00,0.00,2.00,0.00
2.00,13.00,2.00,1.00,0.00,0.00,1.00,0.00
1.00,3.00,1.00,0.00,0.00,0.00,0.00,0.00
14.00,21.00,4.00,4.00,1.00,0.00,2.00,0.00
4.00,4.00,1.00,1.00,0.00,0.00,0.00,0.00
11.00,13.00,3.00,2.00,0.00,0.00,1.00,0.00
5.00,17.00,6.00,8.00,0.00,0.00,2.00,0.00
13.00,28.00,14.00,16.00,1.00,0.00,5.00,0.00
4.00,23.00,7.00,13.00,1.00,0.00,4.00,0.00
11.00,18.00,8.00,13.00,0.00,0.00,4.00,0.00
7.00,7.00,2.00,4.00,0.00,0.00,1.00,0.00
12.00,15.00,2.00,5.00,0.00,0.00,1.00,0.00
6.00,3.00,1.00,2.00,0.00,0.00,0.00,0.00
2.00,6.00,1.00,0.00,0.00,0.00,0.00,0.00
1.00,2.00,0.00,0.00,0.00,0.00,0.00,0.00
7.00,4.00,0.00,1.00,0.00,0.00,0.00,0.00
3.00,4.00,0.00,0.00,0.00,0.00,0.00,0.00
7.00,2.00,0.00,2.00,0.00,0.00,0.00,0.00
6.00,6.00,0.00,1.00,0.00,0.00,0.00,0.00
12.00,11.00,1.00,3.00,1.00,0.00,1.00,0.00
9.00,6.00,0.00,2.00,0.00,0.00,0.00,0.00
12.00,13.00,0.00,2.00,0.00,0.00,1.00,0.00
3.00,2.00,0.00,0.00,0.00,0.00,0.00,0.00
0.00,2.00,0.00,2.00,0.00,0.00,1.00,0.00
0.00,0.00,0.00,0.00,0.00,0.00,0.00,0.00
1.00,0.00,0.00,0.00,1.00,0.00,0.00,0.00
1.00,0.00,0.00,0.00,0.00,0.00,0.00,0.00
10.00,8.00,1.00,3.00,0.00,0.00,1.00,0.00
8.00,16.00,1.00,2.00,0.00,0.00,1.00,0.00
15.00,15.00,1.00,3.00,1.00,0.00,1.00,0.00
16.00,17.00,1.00,2.00,0.00,0.00,1.00,0.00
15.00,17.00,0.00,1.00,1.00,0.00,1.00,0.00
18.00,22.00,1.00,1.00,1.00,0.00,1.00,0.00
6.00,9.00,0.00,0.00,1.00,0.00,1.00,0.00
19.00,24.00,2.00,3.00,1.00,0.00,2.00,0.00
3.00,8.00,2.00,1.00,1.00,0.00,0.00,0.00
6.00,20.00,2.00,4.00,2.00,0.00,2.00,0.00
8.00,11.00,2.00,2.00,1.00,0.00,1.00,0.00
3.00,12.00,2.00,1.00,0.00,0.00,1.00,0.00
128.00,128.00,128.00,67.00,29.00,2.00,78.00,0.00
128.00,128.00,128.00,36.00,9.00,1.00,37.00,0.00
52.00,49.00,37.00,8.00,3.00,0.00,7.00,0.00
32.00,20.00,23.00,4.00,2.00,0.00,4.00,0.00
10.00,6.00,9.00,8.00,1.00,0.00,2.00,0.00
9.00,12.00,6.00,3.00,1.00,0.00,1.00,0.00
15.00,9.00,2.00,1.00,0.00,0.00,1.00,0.00
8.00,7.00,2.00,1.00,0.00,0.00,0.00,0.00
10.00,5.00,3.00,0.00,0.00,0.00,0.00,0.00
2.00,6.00,4.00,0.00,0.00,0.00,0.00,0.00
4.00,5.00,3.00,0.00,0.00,0.00,0.00,0.00
12.00,2.00,2.00,1.00,1.00,0.00,1.00,0.00
5.00,3.00,1.00,2.00,1.00,0.00,1.00,0.00
11.00,7.00,1.00,1.00,0.00,0.00,0.00,0.00
128.00,128.00,128.00,128.00,12.00,5.00,66.00,0.00
57.00,128.00,93.00,31.00,5.00,0.00,27.00,0.00
44.00,50.00,29.00,17.00,1.00,0.00,7.00,0.00
13.00,23.00,8.00,5.00,1.00,0.00,2.00,0.00
16.00,12.00,7.00,6.00,0.00,0.00,2.00,0.00
14.00,12.00,3.00,2.00,0.00,0.00,1.00,0.00
9.00,9.00,4.00,2.00,0.00,0.00,0.00,0.00
7.00,5.00,3.00,1.00,0.00,0.00,0.00,0.00
8.00,5.00,1.00,0.00,0.00,0.00,0.00,0.00
5.00,5.00,1.00,0.00,0.00,0.00,0.00,0.00
3.00,5.00,0.00,0.00,0.00,0.00,0.00,0.00
1.00,1.00,0.00,0.00,0.00,0.00,0.00,0.00
4.00,2.00,0.00,0.00,0.00,0.00,0.00,0.00
4.00,0.00,0.00,0.00,0.00,0.00,0.00,0.00
2.00,0.00,0.00,0.00,0.00,0.00,0.00,0.00
2.00,0.00,0.00,0.00,0.00,0.00,0.00,0.00
2.00,0.00,0.00,0.00,0.00,0.00,0.00,0.00
2.00,1.00,0.00,0.00,0.00,0.00,0.00,0.00
1.00,1.00,0.00,0.00,0.00,0.00,0.00,0.00
128.00,128.00,128.00,126.00,20.00,2.00,94.00,0.00
36.00,78.00,38.00,18.00,3.00,0.00,11.00,0.00
36.00,24.00,10.00,7.00,1.00,0.00,2.00,0.00
10.00,12.00,11.00,6.00,0.00,0.00,1.00,0.00
14.00,18.00,7.00,2.00,0.00,0.00,1.00,0.00
10.00,5.00,2.00,2.00,0.00,0.00,0.00,0.00
7.00,3.00,2.00,0.00,0.00,0.00,0.00,0.00
10.00,3.00,2.00,0.00,0.00,0.00,0.00,0.00
5.00,2.00,1.00,0.00,0.00,0.00,0.00,0.00
6.00,1.00,0.00,0.00,0.00,0.00,0.00,0.00
2.00,2.00,0.00,0.00,0.00,0.00,0.00,0.00
2.00,1.00,0.00,0.00,0.00,0.00,0.00,0.00
3.00,1.00,0.00,0.00,0.00,0.00,0.00,0.00
2.00,1.00,0.00,0.00,1.00,0.00,0.00,0.00
1.00,1.00,0.00,0.00,1.00,0.00,1.00,0.00
1.00,1.00,0.00,0.00,1.00,0.00,0.00,0.00
1.00,0.00,0.00,0.00,0.00,0.00,0.00,0.00
1.00,0.00,0.00,0.00,0.00,0.00,0.00,0.00
1.00,0.00,0.00,0.00,0.00,0.00,0.00,0.00
1.00,0.00,0.00,0.00,0.00,0.00,0.00,0.00
0.00,1.00,0.00,0.00,0.00,0.00,0.00,0.00
1.00,1.00,1.00,0.00,0.00,0.00,0.00,0.00
1.00,1.00,0.00,0.00,0.00,0.00,0.00,0.00
0.00,0.00,0.00,0.00,0.00,0.00,0.00,0.00
0.00,1.00,0.00,0.00,0.00,0.00,0.00,0.00
0.00,0.00,0.00,1.00,0.00,0.00,0.00,0.00
1.00,0.00,0.00,0.00,0.00,0.00,0.00,0.00
0.00,1.00,0.00,0.00,0.00,0.00,0.00,0.00
3.00,4.00,1.00,0.00,0.00,0.00,0.00,0.00
3.00,3.00,0.00,1.00,0.00,0.00,0.00,0.00
1.00,1.00,1.00,1.00,0.00,0.00,0.00,0.00
15.00,22.00,1.00,1.00,0.00,0.00,2.00,0.00
2.00,8.00,0.00,1.00,0.00,0.00,0.00,0.00
7.00,15.00,0.00,0.00,0.00,0.00,1.00,0.00
3.00,4.00,0.00,1.00,1.00,0.00,1.00,0.00
1.00,2.00,0.00,0.00,1.00,0.00,1.00,0.00
1.00,0.00,0.00,0.00,0.00,0.00,0.00,0.00
1.00,0.00,0.00,0.00,0.00,0.00,0.00,0.00
0.00,0.00,0.00,0.00,0.00,0.00,0.00,0.00
0.00,0.00,1.00,0.00,0.00,0.00,0.00,0.00
8.00,18.00,20.00,1.00,0.00,0.00,3.00,0.00
3.00,45.00,34.00,2.00,1.00,0.00,7.00,0.00
6.00,27.00,24.00,1.00,1.00,0.00,5.00,0.00
4.00,34.00,25.00,1.00,0.00,0.00,5.00,0.00
6.00,20.00,5.00,0.00,0.00,0.00,2.00,0.00
7.00,25.00,5.00,1.00,0.00,0.00,3.00,0.00
6.00,14.00,6.00,0.00,0.00,0.00,1.00,0.00
9.00,15.00,3.00,0.00,0.00,0.00,1.00,0.00
8.00,13.00,2.00,1.00,0.00,0.00,1.00,0.00
6.00,6.00,2.00,1.00,0.00,0.00,0.00,0.00
4.00,6.00,1.00,2.00,0.00,0.00,0.00,0.00
5.00,8.00,2.00,1.00,0.00,0.00,0.00,0.00
6.00,7.00,1.00,1.00,0.00,0.00,0.00,0.00
3.00,4.00,0.00,0.00,0.00,0.00,0.00,0.00
4.00,3.00,0.00,0.00,0.00,0.00,0.00,0.00
4.00,3.00,0.00,0.00,0.00,0.00,0.00,0.00
6.00,4.00,0.00,0.00,0.00,0.00,0.00,0.00
8.00,6.00,1.00,0.00,0.00,0.00,0.00,0.00
14.00,15.00,1.00,2.00,1.00,0.00,1.00,0.00
9.00,8.00,1.00,2.00,0.00,0.00,0.00,0.00
15.00,12.00,1.00,1.00,0.00,0.00,1.00,0.00
8.00,4.00,0.00,1.00,0.00,0.00,0.00,0.00
7.00,4.00,0.00,0.00,0.00,0.00,0.00,0.00
8.00,7.00,0.00,1.00,0.00,0.00,0.00,0.00
19.00,23.00,1.00,1.00,0.00,0.00,2.00,0.00
128.00,128.00,128.00,85.00,11.00,1.00,36.00,0.00
56.00,87.00,29.00,9.00,5.00,0.00,9.00,0.00
39.00,22.00,14.00,6.00,1.00,0.00,3.00,0.00
14.00,11.00,6.00,4.00,1.00,0.00,1.00,0.00
17.00,16.00,5.00,4.00,0.00,0.00,1.00,0.00
22.00,14.00,2.00,1.00,0.00,0.00,1.00,0.00
8.00,5.00,1.00,1.00,0.00,0.00,0.00,0.00
8.00,3.00,0.00,0.00,0.00,0.00,0.00,0.00
6.00,3.00,1.00,0.00,0.00,0.00,0.00,0.00
3.00,3.00,0.00,0.00,0.00,0.00,0.00,0.00
4.00,2.00,0.00,0.00,0.00,0.00,0.00,0.00
2.00,1.00,0.00,0.00,0.00,0.00,0.00,0.00
2.00,1.00,0.00,0.00,0.00,0.00,0.00,0.00
2.00,1.00,0.00,0.00,0.00,0.00,0.00,0.00
2.00,2.00,0.00,0.00,0.00,0.00,0.00,0.00
3.00,2.00,0.00,0.00,0.00,0.00,0.00,0.00
13.00,21.00,7.00,2.00,1.00,0.00,2.00,0.00
12.00,30.00,12.00,3.00,1.00,0.00,3.00,0.00
11.00,34.00,11.00,3.00,2.00,0.00,3.00,0.00
13.00,26.00,8.00,2.00,1.00,0.00,3.00,0.00
14.00,23.00,10.00,5.00,1.00,0.00,3.00,0.00
12.00,27.00,8.00,4.00,1.00,0.00,2.00,0.00
7.00,18.00,7.00,3.00,2.00,0.00,2.00,0.00
16.00,30.00,8.00,4.00,1.00,0.00,3.00,0.00
11.00,24.00,7.00,3.00,1.00,0.00,2.00,0.00
7.00,20.00,3.00,4.00,1.00,0.00,2.00,0.00
16.00,28.00,4.00,6.00,1.00,0.00,3.00,0.00
12.00,35.00,3.00,9.00,2.00,0.00,4.00,0.00
10.00,24.00,1.00,6.00,3.00,0.00,4.00,0.00
23.00,26.00,1.00,3.00,5.00,0.00,4.00,0.00
12.00,2.00,0.00,1.00,3.00,0.00,3.00,0.00
13.00,8.00,1.00,1.00,4.00,0.00,3.00,0.00
9.00,3.00,0.00,1.00,1.00,0.00,1.00,0.00
128.00,128.00,128.00,128.00,66.00,1.00,128.00,0.00
23.00,41.00,30.00,26.00,4.00,0.00,11.00,0.00
41.00,15.00,6.00,13.00,1.00,0.00,4.00,0.00
44.00,30.00,6.00,6.00,4.00,0.00,4.00,0.00
31.00,36.00,4.00,15.00,9.00,0.00,9.00,0.00
25.00,70.00,11.00,12.00,5.00,0.00,8.00,0.00
20.00,56.00,8.00,9.00,4.00,0.00,6.00,0.00
12.00,20.00,3.00,3.00,1.00,0.00,2.00,0.00
9.00,6.00,1.00,1.00,1.00,0.00,1.00,0.00
4.00,2.00,1.00,1.00,1.00,0.00,2.00,0.00
8.00,9.00,1.00,1.00,1.00,0.00,1.00,0.00
31.00,38.00,4.00,6.00,2.00,0.00,3.00,0.00
5.00,20.00,1.00,1.00,1.00,0.00,1.00,0.00
5.00,11.00,0.00,1.00,1.00,0.00,1.00,0.00
2.00,2.00,0.00,0.00,1.00,0.00,0.00,0.00
1.00,1.00,0.00,0.00,1.00,0.00,0.00,0.00
1.00,0.00,0.00,0.00,0.00,0.00,0.00,0.00
32.00,13.00,2.00,0.00,0.00,0.00,2.00,0.00
38.00,8.00,1.00,0.00,0.00,0.00,2.00,0.00
35.00,9.00,2.00,0.00,0.00,0.00,2.00,0.00
29.00,11.00,2.00,0.00,0.00,0.00,1.00,0.00
128.00,128.00,128.00,128.00,43.00,3.00,128.00,0.00
34.00,50.00,29.00,36.00,2.00,0.00,15.00,0.00
49.00,23.00,6.00,14.00,2.00,0.00,4.00,0.00
35.00,15.00,6.00,5.00,1.00,0.00,2.00,0.00
15.00,9.00,4.00,3.00,0.00,0.00,1.00,0.00
7.00,5.00,3.00,2.00,0.00,0.00,0.00,0.00
6.00,6.00,1.00,1.00,0.00,0.00,0.00,0.00
7.00,2.00,1.00,0.00,0.00,0.00,0.00,0.00
8.00,10.00,2.00,0.00,0.00,0.00,0.00,0.00
28.00,38.00,12.00,2.00,1.00,0.00,3.00,0.00
103.00,128.00,18.00,5.00,3.00,0.00,11.00,0.00
80.00,80.00,11.00,7.00,6.00,0.00,7.00,0.00
24.00,62.00,45.00,7.00,7.00,0.00,9.00,0.00
18.00,65.00,46.00,10.00,8.00,0.00,9.00,0.00
20.00,39.00,53.00,5.00,7.00,0.00,9.00,0.00
18.00,44.00,70.00,9.00,7.00,0.00,11.00,0.00
17.00,45.00,67.00,18.00,8.00,0.00,11.00,0.00
17.00,39.00,51.00,15.00,6.00,0.00,9.00,0.00
17.00,45.00,37.00,7.00,2.00,0.00,6.00,0.00
10.00,22.00,14.00,3.00,2.00,0.00,4.00,0.00
1.00,7.00,3.00,1.00,0.00,0.00,1.00,0.00
2.00,1.00,2.00,0.00,0.00,0.00,0.00,0.00
0.00,2.00,1.00,0.00,0.00,0.00,0.00,0.00
0.00,0.00,0.00,0.00,0.00,0.00,0.00,0.00
0.00,1.00,0.00,0.00,0.00,0.00,0.00,0.00
8.00,4.00,1.00,0.00,1.00,0.00,0.00,0.00
9.00,3.00,1.00,0.00,0.00,0.00,0.00,0.00
10.00,15.00,5.00,2.00,1.00,0.00,1.00,0.00
19.00,29.00,29.00,9.00,4.00,0.00,5.00,0.00
17.00,29.00,24.00,12.00,2.00,0.00,8.00,0.00
17.00,19.00,16.00,9.00,2.00,0.00,5.00,0.00
20.00,18.00,15.00,9.00,3.00,0.00,6.00,0.00
18.00,18.00,9.00,5.00,1.00,0.00,3.00,0.00
12.00,16.00,4.00,3.00,0.00,0.00,1.00,0.00
9.00,8.00,1.00,5.00,1.00,0.00,3.00,0.00
13.00,6.00,1.00,4.00,0.00,0.00,2.00,0.00
8.00,7.00,0.00,1.00,0.00,0.00,1.00,0.00
3.00,1.00,0.00,0.00,0.00,0.00,0.00,0.00
1.00,1.00,0.00,0.00,0.00,0.00,0.00,0.00
1.00,0.00,0.00,0.00,0.00,0.00,0.00,0.00
0.00,0.00,0.00,0.00,0.00,0.00,0.00,0.00
1.00,0.00,0.00,0.00,0.00,0.00,0.00,0.00
1.00,0.00,0.00,0.00,0.00,0.00,0.00,0.00
0.00,0.00,0.00,0.00,0.00,0.00,0.00,0.00
7.00,4.00,0.00,0.00,0.00,0.00,0.00,0.00
7.00,3.00,0.00,1.00,0.00,0.00,0.00,0.00
11.00,6.00,1.00,0.00,0.00,0.00,0.00,0.00
12.00,6.00,1.00,0.00,0.00,0.00,0.00,0.00
13.00,29.00,15.00,6.00,2.00,0.00,4.00,0.00
19.00,49.00,39.00,19.00,5.00,0.00,11.00,0.00
18.00,23.00,30.00,16.00,6.00,0.00,10.00,0.00
19.00,19.00,16.00,7.00,1.00,0.00,4.00,0.00
20.00,12.00,15.00,7.00,1.00,0.00,4.00,0.00
21.00,12.00,8.00,6.00,1.00,0.00,2.00,0.00
15.00,9.00,3.00,3.00,0.00,0.00,1.00,0.00
18.00,10.00,3.00,4.00,0.00,0.00,1.00,0.00
17.00,6.00,2.00,1.00,0.00,0.00,1.00,0.00
6.00,8.00,1.00,1.00,0.00,0.00,1.00,0.00
4.00,3.00,0.00,0.00,1.00,0.00,1.00,0.00
2.00,2.00,0.00,1.00,0.00,0.00,1.00,0.00
3.00,1.00,0.00,0.00,0.00,0.00,0.00,0.00
2.00,2.00,0.00,0.00,0.00,0.00,0.00,0.00
128.00,128.00,128.00,47.00,16.00,1.00,41.00,0.00
59.00,44.00,29.00,9.00,2.00,0.00,7.00,0.00
23.00,12.00,11.00,3.00,0.00,0.00,2.00,0.00
20.00,12.00,4.00,2.00,0.00,0.00,1.00,0.00
5.00,2.00,4.00,1.00,0.00,0.00,0.00,0.00
8.00,4.00,2.00,1.00,0.00,0.00,0.00,0.00
2.00,2.00,1.00,0.00,0.00,0.00,0.00,0.00
3.00,2.00,2.00,0.00,0.00,0.00,0.00,0.00
3.00,3.00,0.00,0.00,0.00,0.00,0.00,0.00
4.00,0.00,0.00,0.00,0.00,0.00,0.00,0.00
1.00,1.00,0.00,0.00,0.00,0.00,0.00,0.00
2.00,1.00,0.00,0.00,0.00,0.00,0.00,0.00
3.00,0.00,0.00,0.00,0.00,0.00,0.00,0.00
2.00,1.00,0.00,1.00,0.00,0.00,0.00,0.00
0.00,0.00,0.00,0.00,0.00,0.00,0.00,0.00
0.00,0.00,0.00,0.00,0.00,0.00,0.00,0.00
1.00,1.00,0.00,0.00,0.00,0.00,0.00,0.00
1.00,0.00,0.00,1.00,0.00,0.00,0.00,0.00
1.00,0.00,0.00,0.00,0.00,0.00,0.00,0.00
128.00,128.00,128.00,84.00,12.00,1.00,51.00,0.00
28.00,18.00,49.00,9.00,1.00,0.00,9.00,0.00
21.00,7.00,9.00,5.00,1.00,0.00,2.00,0.00
7.00,5.00,8.00,2.00,1.00,0.00,1.00,0.00
4.00,4.00,3.00,1.00,0.00,0.00,0.00,0.00
6.00,2.00,1.00,1.00,0.00,0.00,0.00,0.00
7.00,3.00,2.00,0.00,0.00,0.00,0.00,0.00
3.00,1.00,1.00,0.00,0.00,0.00,0.00,0.00
4.00,1.00,1.00,0.00,1.00,0.00,0.00,0.00
1.00,1.00,0.00,0.00,0.00,0.00,0.00,0.00
2.00,0.00,0.00,0.00,0.00,0.00,0.00,0.00
5.00,0.00,0.00,0.00,0.00,0.00,0.00,0.00
3.00,0.00,0.00,1.00,0.00,0.00,0.00,0.00
2.00,0.00,0.00,0.00,0.00,0.00,0.00,0.00
1.00,0.00,0.00,0.00,0.00,0.00,0.00,0.00
1.00,0.00,0.00,0.00,0.00,0.00,0.00,0.00
1.00,0.00,0.00,0.00,0.00,0.00,0.00,0.00
1.00,1.00,0.00,0.00,0.00,0.00,0.00,0.00
2.00,0.00,0.00,0.00,1.00,0.00,0.00,0.00
2.00,1.00,0.00,0.00,0.00,0.00,0.00,0.00
1.00,0.00,0.00,0.00,0.00,0.00,0.00,0.00
1.00,0.00,0.00,0.00,0.00,0.00,0.00,0.00
2.00,1.00,0.00,0.00,0.00,0.00,0.00,0.00
1.00,0.00,0.00,0.00,0.00,0.00,0.00,0.00
3.00,0.00,0.00,0.00,0.00,0.00,0.00,0.00
3.00,1.00,0.00,0.00,0.00,0.00,0.00,0.00
4.00,2.00,0.00,0.00,0.00,0.00,0.00,0.00
5.00,3.00,0.00,0.00,0.00,0.00,0.00,0.00
4.00,2.00,0.00,0.00,0.00,0.00,0.00,0.00
6.00,3.00,0.00,0.00,0.00,0.00,0.00,0.00
4.00,2.00,0.00,0.00,0.00,0.00,0.00,0.00
38.00,21.00,9.00,2.00,1.00,0.00,4.00,0.00
35.00,10.00,10.00,3.00,1.00,0.00,2.00,0.00
17.00,7.00,4.00,1.00,0.00,0.00,1.00,0.00
6.00,3.00,2.00,1.00,1.00,0.00,0.00,0.00
2.00,2.00,1.00,0.00,0.00,0.00,0.00,0.00
5.00,2.00,1.00,0.00,0.00,0.00,0.00,0.00
0.00,1.00,0.00,1.00,0.00,0.00,0.00,0.00
1.00,2.00,1.00,0.00,0.00,0.00,0.00,0.00
1.00,1.00,1.00,0.00,0.00,0.00,0.00,0.00
0.00,0.00,0.00,0.00,0.00,0.00,0.00,0.00
1.00,1.00,0.00,0.00,0.00,0.00,0.00,0.00
1.00,0.00,0.00,0.00,0.00,0.00,0.00,0.00
1.00,0.00,0.00,0.00,0.00,0.00,0.00,0.00
0.00,0.00,0.00,0.00,0.00,0.00,0.00,0.00
2.00,0.00,0.00,0.00,0.00,0.00,0.00,0.00
0.00,0.00,0.00,0.00,0.00,0.00,0.00,0.00
7.00,3.00,0.00,0.00,0.00,0.00,0.00,0.00
8.00,1.00,0.00,0.00,0.00,0.00,0.00,0.00
3.00,0.00,0.00,0.00,0.00,0.00,0.00,0.00
0.00,0.00,0.00,0.00,0.00,0.00,0.00,0.00
1.00,0.00,0.00,0.00,0.00,0.00,0.00,0.00
0.00,0.00,0.00,0.00,0.00,0.00,0.00,0.00
0.00,0.00,0.00,0.00,0.00,0.00,0.00,0.00
1.00,0.00,0.00,0.00,0.00,0.00,0.00,0.00
3.00,0.00,0.00,0.00,0.00,0.00,0.00,0.00
0.00,0.00,0.00,0.00,0.00,0.00,0.00,0.00
0.00,0.00,0.00,0.00,0.00,0.00,0.00,0.00
1.00,0.00,0.00,0.00,0.00,0.00,0.00,0.00
1.00,0.00,0.00,0.00,0.00,0.00,0.00,0.00
0.00,0.00,0.00,1.00,1.00,0.00,0.00,0.00
0.00,0.00,0.00,1.00,1.00,0.00,0.00,0.00
0.00,0.00,0.00,0.00,0.00,0.00,0.00,0.00
0.00,0.00,0.00,0.00,0.00,0.00,0.00,0.00
0.00,0.00,0.00,0.00,0.00,0.00,0.00,0.00
1.00,0.00,0.00,0.00,0.00,0.00,0.00,0.00
0.00,0.00,0.00,0.00,0.00,0.00,0.00,0.00
20.00,15.00,0.00,3.00,0.00,0.00,1.00,0.00
33.00,23.00,2.00,7.00,1.00,0.00,2.00,0.00
27.00,23.00,4.00,12.00,3.00,0.00,5.00,0.00
20.00,20.00,3.00,23.00,4.00,0.00,9.00,0.00
13.00,22.00,1.00,14.00,4.00,0.00,6.00,0.00
33.00,23.00,0.00,25.00,7.00,0.00,9.00,0.00
42.00,9.00,1.00,58.00,7.00,1.00,23.00,0.00
46.00,6.00,2.00,36.00,4.00,1.00,14.00,0.00
48.00,12.00,2.00,26.00,3.00,1.00,12.00,0.00
48.00,11.00,3.00,16.00,3.00,1.00,10.00,0.00
59.00,6.00,3.00,17.00,4.00,0.00,8.00,0.00
16.00,20.00,3.00,3.00,0.00,0.00,1.00,0.00
16.00,13.00,1.00,1.00,0.00,0.00,1.00,0.00
14.00,5.00,1.00,1.00,0.00,0.00,1.00,0.00
11.00,16.00,8.00,4.00,2.00,0.00,2.00,0.00
21.00,27.00,4.00,5.00,2.00,0.00,3.00,0.00
11.00,3.00,1.00,1.00,1.00,0.00,1.00,0.00
2.00,5.00,1.00,1.00,0.00,0.00,1.00,0.00
5.00,5.00,0.00,1.00,0.00,0.00,1.00,0.00
11.00,3.00,1.00,1.00,1.00,0.00,1.00,0.00
6.00,3.00,1.00,0.00,0.00,0.00,0.00,0.00
7.00,5.00,1.00,0.00,0.00,0.00,0.00,0.00
2.00,1.00,0.00,0.00,0.00,0.00,0.00,0.00
1.00,0.00,0.00,0.00,0.00,0.00,0.00,0.00
0.00,0.00,0.00,0.00,0.00,0.00,0.00,0.00
0.00,0.00,0.00,0.00,0.00,0.00,0.00,0.00
22.00,13.00,1.00,0.00,0.00,0.00,1.00,0.00
19.00,8.00,2.00,0.00,0.00,0.00,1.00,0.00
19.00,6.00,2.00,0.00,0.00,0.00,1.00,0.00
18.00,8.00,1.00,0.00,0.00,0.00,1.00,0.00
23.00,8.00,2.00,0.00,0.00,0.00,1.00,0.00
9.00,5.00,3.00,0.00,0.00,0.00,0.00,0.00
12.00,5.00,4.00,0.00,0.00,0.00,0.00,0.00
4.00,5.00,3.00,0.00,0.00,0.00,0.00,0.00
10.00,5.00,3.00,0.00,0.00,0.00,0.00,0.00
9.00,11.00,3.00,0.00,0.00,0.00,0.00,0.00
22.00,20.00,4.00,0.00,0.00,0.00,1.00,0.00
26.00,22.00,5.00,1.00,1.00,0.00,2.00,0.00
8.00,21.00,5.00,3.00,0.00,0.00,2.00,0.00
10.00,32.00,3.00,3.00,2.00,0.00,3.00,0.00
1.00,5.00,3.00,2.00,0.00,0.00,1.00,0.00
3.00,6.00,2.00,1.00,0.00,0.00,0.00,0.00
1.00,3.00,1.00,1.00,0.00,0.00,0.00,0.00
1.00,2.00,0.00,1.00,0.00,0.00,0.00,0.00
1.00,1.00,1.00,0.00,0.00,0.00,0.00,0.00
0.00,1.00,1.00,0.00,0.00,0.00,0.00,0.00
1.00,1.00,1.00,0.00,0.00,0.00,0.00,0.00
0.00,1.00,0.00,0.00,0.00,0.00,0.00,0.00
0.00,0.00,0.00,0.00,0.00,0.00,0.00,0.00
0.00,1.00,0.00,0.00,1.00,0.00,0.00,0.00
1.00,0.00,0.00,0.00,0.00,0.00,0.00,0.00
0.00,0.00,0.00,0.00,0.00,0.00,0.00,0.00
0.00,0.00,0.00,0.00,0.00,0.00,0.00,0.00
0.00,0.00,0.00,0.00,0.00,0.00,0.00,0.00
0.00,0.00,0.00,0.00,0.00,0.00,0.00,0.00
0.00,0.00,0.00,0.00,0.00,0.00,0.00,0.00
1.00,0.00,0.00,0.00,0.00,0.00,0.00,0.00
0.00,0.00,0.00,0.00,0.00,0.00,0.00,0.00
0.00,0.00,0.00,0.00,0.00,0.00,0.00,0.00
0.00,0.00,0.00,0.00,0.00,0.00,0.00,0.00
0.00,0.00,0.00,0.00,0.00,0.00,0.00,0.00
0.00,0.00,0.00,0.00,0.00,0.00,0.00,0.00
1.00,0.00,0.00,0.00,0.00,0.00,0.00,0.00
1.00,0.00,0.00,0.00,0.00,0.00,0.00,0.00
77.00,128.00,128.00,128.00,49.00,1.00,100.00,0.00
100.00,55.00,72.00,63.00,10.00,0.00,25.00,0.00
45.00,36.00,29.00,9.00,2.00,0.00,5.00,0.00
12.00,14.00,15.00,7.00,1.00,0.00,3.00,0.00
16.00,21.00,8.00,4.00,1.00,0.00,2.00,0.00
6.00,9.00,10.00,3.00,1.00,0.00,3.00,0.00
8.00,12.00,9.00,1.00,1.00,0.00,2.00,0.00
3.00,11.00,5.00,1.00,1.00,0.00,1.00,0.00
3.00,8.00,4.00,0.00,1.00,0.00,1.00,0.00
1.00,3.00,2.00,0.00,0.00,0.00,0.00,0.00
5.00,2.00,1.00,1.00,0.00,0.00,0.00,0.00
3.00,1.00,1.00,1.00,0.00,0.00,1.00,0.00
4.00,1.00,1.00,1.00,0.00,0.00,0.00,0.00
5.00,2.00,0.00,1.00,0.00,0.00,0.00,0.00
3.00,1.00,1.00,1.00,0.00,0.00,0.00,0.00
3.00,7.00,1.00,2.00,1.00,0.00,1.00,0.00
5.00,7.00,1.00,3.00,1.00,0.00,1.00,0.00
2.00,11.00,2.00,3.00,3.00,0.00,2.00,0.00
2.00,14.00,1.00,4.00,1.00,0.00,2.00,0.00
6.00,20.00,2.00,2.00,2.00,0.00,2.00,0.00
1.00,10.00,2.00,3.00,2.00,0.00,1.00,0.00
1.00,4.00,2.00,4.00,1.00,0.00,1.00,0.00
3.00,17.00,3.00,7.00,1.00,0.00,2.00,0.00
2.00,7.00,2.00,4.00,0.00,0.00,1.00,0.00
1.00,3.00,1.00,2.00,0.00,0.00,1.00,0.00
3.00,5.00,0.00,1.00,0.00,0.00,0.00,0.00
3.00,6.00,0.00,1.00,0.00,0.00,0.00,0.00
2.00,4.00,0.00,1.00,0.00,0.00,0.00,0.00
2.00,6.00,0.00,0.00,0.00,0.00,0.00,0.00
1.00,3.00,0.00,0.00,0.00,0.00,0.00,0.00
2.00,3.00,0.00,1.00,0.00,0.00,0.00,0.00
1.00,2.00,1.00,1.00,0.00,0.00,0.00,0.00
0.00,5.00,0.00,0.00,0.00,0.00,0.00,0.00
1.00,6.00,0.00,0.00,0.00,0.00,0.00,0.00
1.00,2.00,0.00,0.00,0.00,0.00,0.00,0.00
1.00,2.00,0.00,0.00,0.00,0.00,0.00,0.00
0.00,1.00,0.00,0.00,0.00,0.00,0.00,0.00
0.00,1.00,0.00,0.00,1.00,0.00,0.00,0.00
2.00,1.00,0.00,0.00,0.00,0.00,0.00,0.00
0.00,0.00,0.00,0.00,0.00,0.00,0.00,0.00
1.00,0.00,0.00,0.00,0.00,0.00,0.00,0.00
0.00,0.00,0.00,0.00,0.00,0.00,0.00,0.00
0.00,0.00,0.00,0.00,0.00,0.00,0.00,0.00
0.00,0.00,0.00,0.00,0.00,0.00,0.00,0.00
0.00,0.00,0.00,0.00,0.00,0.00,0.00,0.00
0.00,0.00,0.00,0.00,0.00,0.00,0.00,0.00
0.00,0.00,0.00,0.00,0.00,0.00,0.00,0.00
0.00,0.00,0.00,0.00,0.00,0.00,0.00,0.00
0.00,0.00,0.00,0.00,0.00,0.00,0.00,0.00
0.00,0.00,0.00,0.00,0.00,0.00,0.00,0.00
2.00,35.00,6.00,0.00,0.00,0.00,3.00,0.00
4.00,5.00,2.00,0.00,1.00,0.00,0.00,0.00
2.00,4.00,1.00,0.00,0.00,0.00,0.00,0.00
1.00,1.00,0.00,0.00,0.00,0.00,0.00,0.00
0.00,1.00,0.00,0.00,0.00,0.00,1.00,0.00
0.00,1.00,0.00,0.00,0.00,0.00,1.00,0.00
0.00,0.00,0.00,1.00,1.00,0.00,1.00,0.00
0.00,0.00,0.00,0.00,0.00,0.00,0.00,0.00
1.00,1.00,0.00,0.00,0.00,0.00,0.00,0.00
1.00,17.00,2.00,0.00,0.00,0.00,1.00,0.00
3.00,15.00,3.00,1.00,0.00,0.00,1.00,0.00
1.00,19.00,1.00,0.00,0.00,0.00,2.00,0.00
0.00,8.00,0.00,0.00,0.00,0.00,0.00,0.00
1.00,2.00,1.00,0.00,0.00,0.00,0.00,0.00
1.00,1.00,0.00,0.00,0.00,0.00,0.00,0.00
1.00,1.00,0.00,0.00,0.00,0.00,0.00,0.00
0.00,0.00,0.00,0.00,0.00,0.00,0.00,0.00
0.00,0.00,0.00,0.00,0.00,0.00,0.00,0.00
0.00,0.00,0.00,0.00,0.00,0.00,0.00,0.00
0.00,0.00,0.00,0.00,0.00,0.00,0.00,0.00
0.00,0.00,0.00,0.00,0.00,0.00,0.00,0.00
1.00,0.00,0.00,0.00,0.00,0.00,0.00,0.00
1.00,1.00,0.00,0.00,0.00,0.00,0.00,0.00
1.00,0.00,0.00,0.00,0.00,0.00,0.00,0.00
0.00,0.00,0.00,1.00,0.00,0.00,0.00,0.00
0.00,0.00,0.00,0.00,0.00,0.00,0.00,0.00
1.00,0.00,0.00,0.00,0.00,0.00,0.00,0.00
0.00,0.00,0.00,0.00,0.00,0.00,0.00,0.00
0.00,0.00,0.00,0.00,0.00,0.00,0.00,0.00
0.00,0.00,0.00,0.00,0.00,0.00,0.00,0.00
0.00,0.00,0.00,0.00,1.00,0.00,0.00,0.00
0.00,0.00,0.00,0.00,0.00,0.00,0.00,0.00
1.00,0.00,0.00,0.00,0.00,0.00,0.00,0.00
0.00,0.00,0.00,0.00,0.00,0.00,0.00,0.00
1.00,0.00,0.00,0.00,1.00,0.00,0.00,0.00
0.00,0.00,0.00,0.00,0.00,0.00,0.00,0.00
0.00,0.00,0.00,0.00,0.00,0.00,0.00,0.00
1.00,0.00,0.00,0.00,0.00,0.00,0.00,0.00
0.00,0.00,0.00,1.00,1.00,0.00,1.00,0.00
0.00,0.00,0.00,0.00,1.00,0.00,0.00,0.00
0.00,1.00,0.00,0.00,0.00,0.00,0.00,0.00
0.00,0.00,0.00,0.00,1.00,0.00,0.00,0.00
1.00,1.00,0.00,0.00,0.00,0.00,0.00,0.00
0.00,0.00,0.00,0.00,0.00,0.00,0.00,0.00
1.00,1.00,0.00,0.00,0.00,0.00,0.00,0.00
1.00,0.00,0.00,1.00,1.00,0.00,0.00,0.00
1.00,1.00,0.00,0.00,1.00,0.00,0.00,0.00
0.00,0.00,0.00,1.00,1.00,0.00,0.00,0.00
0.00,1.00,0.00,1.00,1.00,0.00,0.00,0.00
0.00,1.00,0.00,0.00,0.00,0.00,0.00,0.00
17.00,22.00,11.00,4.00,2.00,0.00,2.00,0.00
19.00,36.00,6.00,6.00,2.00,0.00,4.00,0.00
16.00,16.00,6.00,1.00,0.00,0.00,1.00,0.00
17.00,13.00,3.00,1.00,1.00,0.00,1.00,0.00
12.00,5.00,1.00,1.00,0.00,0.00,0.00,0.00
23.00,15.00,1.00,0.00,0.00,0.00,1.00,0.00
23.00,16.00,5.00,1.00,1.00,0.00,1.00,0.00
21.00,11.00,6.00,0.00,0.00,0.00,1.00,0.00
24.00,19.00,16.00,1.00,0.00,0.00,2.00,0.00
29.00,17.00,14.00,0.00,0.00,0.00,2.00,0.00
24.00,19.00,9.00,3.00,1.00,0.00,2.00,0.00
26.00,30.00,7.00,2.00,1.00,0.00,3.00,0.00
31.00,19.00,4.00,7.00,2.00,0.00,2.00,0.00
29.00,38.00,8.00,8.00,2.00,0.00,4.00,0.00
15.00,33.00,11.00,13.00,3.00,0.00,4.00,0.00
22.00,31.00,6.00,4.00,2.00,0.00,3.00,0.00
34.00,34.00,6.00,3.00,2.00,0.00,3.00,0.00
31.00,41.00,5.00,1.00,2.00,0.00,3.00,0.00
31.00,38.00,7.00,1.00,2.00,0.00,3.00,0.00
27.00,39.00,7.00,2.00,2.00,0.00,3.00,0.00
42.00,49.00,4.00,3.00,1.00,0.00,4.00,0.00
33.00,48.00,3.00,6.00,2.00,0.00,4.00,0.00
25.00,42.00,1.00,6.00,4.00,0.00,3.00,0.00
22.00,37.00,1.00,6.00,3.00,0.00,4.00,0.00
15.00,14.00,0.00,3.00,3.00,0.00,2.00,0.00
6.00,7.00,0.00,1.00,1.00,0.00,2.00,0.00
4.00,4.00,0.00,1.00,2.00,0.00,2.00,0.00
3.00,2.00,0.00,0.00,2.00,0.00,3.00,0.00
6.00,5.00,0.00,1.00,2.00,0.00,2.00,0.00
14.00,18.00,2.00,4.00,4.00,0.00,3.00,0.00
21.00,24.00,4.00,4.00,2.00,0.00,3.00,0.00
16.00,11.00,3.00,1.00,1.00,0.00,3.00,0.00
3.00,1.00,0.00,1.00,1.00,0.00,1.00,0.00
1.00,1.00,1.00,0.00,0.00,0.00,2.00,0.00
6.00,4.00,0.00,1.00,0.00,0.00,1.00,0.00
2.00,1.00,1.00,1.00,1.00,1.00,2.00,0.00
1.00,1.00,0.00,1.00,1.00,1.00,3.00,0.00
0.00,2.00,1.00,1.00,1.00,1.00,2.00,0.00
0.00,0.00,1.00,2.00,1.00,0.00,1.00,0.00
1.00,1.00,2.00,1.00,0.00,0.00,1.00,0.00
29.00,32.00,36.00,3.00,1.00,0.00,6.00,0.00
21.00,46.00,63.00,10.00,3.00,0.00,11.00,0.00
7.00,6.00,31.00,7.00,3.00,0.00,5.00,0.00
3.00,14.00,32.00,9.00,4.00,0.00,7.00,0.00
3.00,9.00,16.00,3.00,1.00,0.00,3.00,0.00
8.00,4.00,4.00,2.00,0.00,0.00,1.00,0.00
1.00,2.00,2.00,1.00,0.00,0.00,0.00,0.00
0.00,1.00,1.00,0.00,0.00,0.00,0.00,0.00
0.00,0.00,1.00,1.00,0.00,0.00,0.00,0.00
7.00,13.00,11.00,13.00,1.00,0.00,4.00,0.00
29.00,34.00,15.00,8.00,3.00,0.00,4.00,0.00
27.00,32.00,27.00,15.00,3.00,0.00,8.00,0.00
21.00,33.00,13.00,25.00,2.00,0.00,8.00,0.00
14.00,17.00,26.00,12.00,2.00,0.00,4.00,0.00
16.00,15.00,12.00,26.00,4.00,0.00,8.00,0.00
13.00,17.00,18.00,12.00,2.00,0.00,4.00,0.00
7.00,10.00,5.00,9.00,1.00,0.00,3.00,0.00
14.00,13.00,7.00,9.00,1.00,0.00,3.00,0.00
5.00,4.00,6.00,0.00,1.00,0.00,1.00,0.00
10.00,10.00,7.00,8.00,1.00,0.00,2.00,0.00
6.00,5.00,16.00,9.00,6.00,0.00,4.00,0.00
7.00,3.00,15.00,4.00,1.00,0.00,3.00,0.00
3.00,2.00,7.00,1.00,1.00,0.00,1.00,0.00
0.00,1.00,7.00,3.00,0.00,0.00,1.00,0.00
1.00,1.00,3.00,2.00,1.00,0.00,0.00,0.00
7.00,8.00,3.00,1.00,0.00,0.00,0.00,0.00
13.00,28.00,5.00,4.00,0.00,0.00,3.00,0.00
21.00,48.00,11.00,7.00,3.00,0.00,5.00,0.00
11.00,36.00,6.00,4.00,3.00,0.00,3.00,0.00
13.00,32.00,5.00,6.00,3.00,0.00,3.00,0.00
12.00,22.00,12.00,11.00,3.00,0.00,4.00,0.00
7.00,26.00,10.00,8.00,2.00,0.00,3.00,0.00
8.00,34.00,21.00,13.00,3.00,0.00,5.00,0.00
4.00,19.00,19.00,11.00,3.00,0.00,3.00,0.00
5.00,16.00,8.00,15.00,3.00,0.00,5.00,0.00
4.00,34.00,26.00,20.00,5.00,0.00,7.00,0.00
8.00,31.00,16.00,26.00,7.00,0.00,13.00,0.00
17.00,45.00,11.00,25.00,8.00,0.00,14.00,0.00
42.00,60.00,8.00,27.00,9.00,0.00,12.00,0.00
44.00,62.00,10.00,24.00,4.00,0.00,14.00,0.00
24.00,17.00,3.00,6.00,1.00,0.00,3.00,0.00
8.00,4.00,1.00,2.00,1.00,2.00,6.00,0.00
23.00,7.00,3.00,4.00,2.00,2.00,7.00,0.00
38.00,14.00,5.00,4.00,6.00,2.00,6.00,0.00
26.00,18.00,4.00,7.00,10.00,2.00,8.00,0.00
12.00,8.00,1.00,7.00,6.00,1.00,5.00,0.00
11.00,7.00,9.00,14.00,3.00,1.00,6.00,0.00
5.00,5.00,3.00,12.00,2.00,0.00,5.00,0.00
10.00,8.00,4.00,6.00,3.00,0.00,4.00,0.00
82.00,34.00,3.00,12.00,9.00,1.00,7.00,0.00
128.00,35.00,7.00,17.00,10.00,1.00,10.00,0.00
91.00,61.00,4.00,13.00,8.00,1.00,7.00,0.00
76.00,64.00,3.00,8.00,10.00,0.00,7.00,0.00
71.00,27.00,3.00,23.00,23.00,0.00,18.00,0.00
33.00,10.00,1.00,8.00,8.00,0.00,5.00,0.00
27.00,8.00,0.00,1.00,2.00,0.00,1.00,0.00
4.00,4.00,0.00,1.00,2.00,0.00,1.00,0.00
35.00,33.00,1.00,10.00,7.00,0.00,6.00,0.00
77.00,42.00,2.00,26.00,24.00,1.00,18.00,0.00
34.00,32.00,1.00,8.00,20.00,0.00,16.00,0.00
125.00,72.00,6.00,57.00,36.00,1.00,31.00,0.00
50.00,30.00,7.00,23.00,10.00,0.00,9.00,0.00
20.00,17.00,3.00,14.00,4.00,0.00,8.00,0.00
9.00,5.00,3.00,8.00,5.00,0.00,4.00,0.00
7.00,6.00,6.00,19.00,4.00,0.00,10.00,0.00
32.00,5.00,4.00,14.00,8.00,2.00,8.00,0.00
31.00,25.00,6.00,17.00,15.00,1.00,13.00,0.00
119.00,70.00,14.00,53.00,21.00,1.00,20.00,0.00
48.00,90.00,6.00,35.00,31.00,1.00,23.00,0.00
22.00,40.00,2.00,8.00,7.00,0.00,5.00,0.00
2.00,11.00,0.00,4.00,2.00,0.00,1.00,0.00
9.00,6.00,0.00,1.00,1.00,0.00,1.00,0.00
10.00,11.00,2.00,4.00,2.00,0.00,2.00,0.00
24.00,36.00,6.00,13.00,13.00,0.00,9.00,0.00
43.00,59.00,11.00,30.00,18.00,2.00,12.00,0.00
83.00,128.00,23.00,46.00,26.00,2.00,26.00,0.00
15.00,62.00,9.00,14.00,4.00,1.00,8.00,0.00
3.00,24.00,8.00,3.00,5.00,0.00,3.00,0.00
4.00,2.00,8.00,4.00,2.00,0.00,2.00,0.00
24.00,42.00,14.00,25.00,14.00,1.00,17.00,0.00
26.00,67.00,26.00,41.00,27.00,0.00,24.00,0.00
43.00,69.00,30.00,31.00,33.00,0.00,23.00,0.00
12.00,27.00,13.00,15.00,6.00,0.00,9.00,0.00
4.00,14.00,4.00,4.00,1.00,0.00,2.00,0.00
4.00,7.00,1.00,1.00,1.00,0.00,0.00,0.00
2.00,1.00,1.00,1.00,0.00,0.00,0.00,0.00
1.00,2.00,0.00,0.00,0.00,0.00,0.00,0.00
1.00,1.00,0.00,0.00,0.00,0.00,0.00,0.00
18.00,53.00,16.00,13.00,12.00,0.00,8.00,0.00
69.00,128.00,44.00,34.00,18.00,1.00,22.00,0.00
71.00,106.00,46.00,51.00,32.00,1.00,34.00,0.00
7.00,25.00,14.00,8.00,2.00,0.00,5.00,0.00
6.00,15.00,1.00,3.00,1.00,0.00,1.00,0.00
4.00,2.00,2.00,2.00,1.00,0.00,1.00,0.00
11.00,25.00,8.00,13.00,7.00,0.00,6.00,0.00
20.00,47.00,20.00,20.00,15.00,1.00,13.00,0.00
11.00,22.00,25.00,26.00,17.00,1.00,17.00,0.00
5.00,9.00,9.00,3.00,1.00,0.00,2.00,0.00
5.00,6.00,2.00,1.00,0.00,0.00,1.00,0.00
2.00,2.00,1.00,0.00,0.00,0.00,0.00,0.00
2.00,0.00,0.00,1.00,1.00,0.00,0.00,0.00
0.00,0.00,0.00,0.00,0.00,0.00,0.00,0.00
0.00,0.00,0.00,0.00,1.00,0.00,0.00,0.00
0.00,1.00,0.00,0.00,0.00,0.00,0.00,0.00
1.00,1.00,0.00,0.00,0.00,0.00,0.00,0.00
29.00,42.00,14.00,20.00,13.00,0.00,12.00,0.00
45.00,67.00,39.00,65.00,45.00,0.00,43.00,0.00
12.00,30.00,13.00,7.00,2.00,0.00,3.00,0.00
6.00,11.00,3.00,2.00,1.00,0.00,1.00,0.00
4.00,4.00,1.00,2.00,0.00,0.00,1.00,0.00
53.00,26.00,5.00,8.00,5.00,1.00,4.00,0.00
9.00,9.00,3.00,4.00,2.00,1.00,5.00,0.00
3.00,10.00,1.00,4.00,3.00,2.00,6.00,0.00
3.00,3.00,1.00,1.00,1.00,1.00,3.00,0.00
2.00,3.00,0.00,1.00,2.00,1.00,4.00,0.00
1.00,1.00,0.00,0.00,1.00,1.00,4.00,0.00
2.00,1.00,0.00,0.00,0.00,1.00,3.00,0.00
0.00,0.00,0.00,0.00,1.00,1.00,2.00,0.00
1.00,1.00,0.00,0.00,0.00,0.00,2.00,0.00
1.00,4.00,0.00,0.00,0.00,0.00,0.00,0.00
2.00,10.00,1.00,0.00,0.00,0.00,1.00,0.00
2.00,3.00,0.00,0.00,0.00,0.00,0.00,0.00
0.00,7.00,1.00,0.00,0.00,0.00,0.00,0.00
1.00,3.00,1.00,0.00,0.00,0.00,0.00,0.00
0.00,3.00,1.00,1.00,0.00,0.00,0.00,0.00
1.00,2.00,1.00,3.00,0.00,0.00,1.00,0.00
0.00,3.00,0.00,4.00,1.00,0.00,1.00,0.00
1.00,4.00,1.00,1.00,0.00,0.00,0.00,0.00
5.00,9.00,1.00,1.00,0.00,0.00,0.00,0.00
34.00,22.00,3.00,3.00,2.00,0.00,2.00,0.00
35.00,19.00,4.00,5.00,1.00,0.00,2.00,0.00
16.00,35.00,2.00,4.00,2.00,0.00,3.00,0.00
9.00,12.00,2.00,2.00,0.00,0.00,1.00,0.00
7.00,9.00,2.00,1.00,1.00,0.00,1.00,0.00
6.00,6.00,1.00,2.00,0.00,0.00,0.00,0.00
5.00,4.00,3.00,3.00,2.00,0.00,2.00,0.00
6.00,1.00,2.00,3.00,1.00,0.00,1.00,0.00
1.00,1.00,0.00,2.00,1.00,0.00,1.00,0.00
1.00,1.00,1.00,2.00,0.00,0.00,1.00,0.00
0.00,0.00,1.00,1.00,0.00,0.00,0.00,0.00
3.00,4.00,3.00,2.00,0.00,0.00,1.00,0.00
4.00,1.00,1.00,3.00,1.00,0.00,3.00,0.00
13.00,6.00,2.00,4.00,1.00,0.00,1.00,0.00
9.00,6.00,1.00,2.00,0.00,0.00,1.00,0.00
1.00,2.00,0.00,0.00,0.00,0.00,0.00,0.00
2.00,1.00,0.00,0.00,0.00,0.00,0.00,0.00
2.00,2.00,0.00,0.00,0.00,0.00,0.00,0.00
0.00,1.00,0.00,0.00,0.00,0.00,0.00,0.00
1.00,0.00,0.00,0.00,0.00,0.00,0.00,0.00
1.00,0.00,0.00,0.00,0.00,0.00,0.00,0.00
1.00,0.00,0.00,0.00,0.00,0.00,0.00,0.00
0.00,0.00,0.00,1.00,0.00,0.00,0.00,0.00
2.00,2.00,1.00,3.00,0.00,0.00,2.00,0.00
0.00,2.00,1.00,1.00,1.00,0.00,1.00,0.00
0.00,0.00,0.00,1.00,1.00,0.00,1.00,0.00
0.00,1.00,0.00,1.00,0.00,0.00,0.00,0.00
0.00,1.00,0.00,1.00,0.00,0.00,0.00,0.00
2.00,2.00,1.00,2.00,1.00,0.00,1.00,0.00
3.00,3.00,0.00,2.00,1.00,0.00,1.00,0.00
2.00,0.00,0.00,2.00,0.00,0.00,0.00,0.00
10.00,40.00,13.00,1.00,0.00,0.00,4.00,0.00
12.00,55.00,17.00,0.00,1.00,0.00,5.00,0.00
12.00,36.00,23.00,1.00,1.00,0.00,5.00,0.00
12.00,36.00,8.00,1.00,0.00,0.00,4.00,0.00
6.00,26.00,11.00,1.00,1.00,0.00,3.00,0.00
6.00,35.00,20.00,2.00,1.00,0.00,4.00,0.00
17.00,28.00,8.00,1.00,1.00,0.00,3.00,0.00
9.00,12.00,6.00,0.00,0.00,0.00,1.00,0.00
7.00,6.00,4.00,0.00,0.00,0.00,0.00,0.00
2.00,3.00,2.00,0.00,0.00,0.00,0.00,0.00
1.00,2.00,0.00,0.00,0.00,0.00,0.00,0.00
43.00,29.00,15.00,5.00,1.00,0.00,3.00,0.00
47.00,23.00,14.00,2.00,1.00,0.00,3.00,0.00
18.00,13.00,3.00,1.00,0.00,0.00,2.00,0.00
6.00,3.00,1.00,1.00,0.00,0.00,0.00,0.00
3.00,2.00,2.00,0.00,0.00,0.00,0.00,0.00
3.00,3.00,1.00,0.00,0.00,0.00,0.00,0.00
5.00,4.00,2.00,1.00,0.00,0.00,0.00,0.00
3.00,8.00,1.00,0.00,0.00,0.00,0.00,0.00
3.00,1.00,0.00,1.00,0.00,0.00,0.00,0.00
4.00,3.00,0.00,0.00,0.00,0.00,0.00,0.00
7.00,2.00,0.00,0.00,0.00,0.00,0.00,0.00
3.00,0.00,0.00,0.00,0.00,0.00,0.00,0.00
4.00,3.00,0.00,1.00,1.00,0.00,0.00,0.00
5.00,5.00,0.00,0.00,0.00,0.00,0.00,0.00
5.00,2.00,0.00,1.00,1.00,0.00,1.00,0.00
4.00,0.00,0.00,1.00,0.00,0.00,1.00,0.00
3.00,1.00,0.00,1.00,0.00,0.00,2.00,0.00
2.00,0.00,0.00,0.00,1.00,0.00,1.00,0.00
1.00,0.00,0.00,0.00,0.00,0.00,1.00,0.00
2.00,0.00,0.00,1.00,0.00,0.00,1.00,0.00
0.00,0.00,0.00,1.00,0.00,0.00,0.00,0.00
1.00,0.00,0.00,0.00,2.00,0.00,1.00,0.00
2.00,1.00,0.00,1.00,1.00,0.00,1.00,0.00
4.00,6.00,0.00,1.00,0.00,0.00,0.00,0.00
7.00,8.00,1.00,0.00,0.00,0.00,0.00,0.00
2.00,6.00,1.00,1.00,0.00,0.00,0.00,0.00
4.00,6.00,0.00,2.00,0.00,0.00,0.00,0.00
3.00,4.00,1.00,1.00,0.00,0.00,0.00,0.00
2.00,1.00,0.00,1.00,0.00,0.00,0.00,0.00
2.00,2.00,0.00,1.00,1.00,0.00,0.00,0.00
1.00,3.00,0.00,0.00,0.00,0.00,0.00,0.00
2.00,1.00,0.00,0.00,0.00,0.00,0.00,0.00
0.00,0.00,0.00,0.00,0.00,0.00,1.00,0.00
1.00,1.00,0.00,0.00,0.00,0.00,0.00,0.00
0.00,0.00,0.00,0.00,0.00,0.00,0.00,0.00
3.00,13.00,1.00,1.00,0.00,0.00,1.00,0.00
2.00,14.00,1.00,0.00,0.00,0.00,1.00,0.00
5.00,11.00,2.00,1.00,0.00,0.00,1.00,0.00
5.00,10.00,1.00,1.00,0.00,0.00,1.00,0.00
18.00,29.00,1.00,0.00,0.00,0.00,2.00,0.00
5.00,7.00,1.00,0.00,0.00,0.00,0.00,0.00
6.00,5.00,1.00,0.00,1.00,0.00,0.00,0.00
2.00,4.00,0.00,0.00,0.00,0.00,0.00,0.00
0.00,2.00,1.00,0.00,0.00,0.00,1.00,0.00
1.00,0.00,1.00,0.00,1.00,0.00,1.00,0.00
2.00,1.00,0.00,0.00,1.00,0.00,1.00,0.00
1.00,5.00,1.00,0.00,1.00,0.00,1.00,0.00
2.00,0.00,0.00,0.00,0.00,0.00,0.00,0.00
1.00,0.00,0.00,0.00,1.00,0.00,0.00,0.00
0.00,0.00,0.00,0.00,0.00,0.00,0.00,0.00
0.00,0.00,0.00,0.00,0.00,0.00,0.00,0.00
1.00,0.00,0.00,0.00,0.00,0.00,0.00,0.00
1.00,0.00,0.00,0.00,0.00,0.00,0.00,0.00
0.00,0.00,0.00,0.00,0.00,0.00,0.00,0.00
1.00,0.00,0.00,0.00,0.00,0.00,0.00,0.00
0.00,0.00,0.00,0.00,0.00,0.00,0.00,0.00
0.00,0.00,0.00,1.00,1.00,0.00,0.00,0.00
0.00,0.00,0.00,0.00,0.00,0.00,0.00,0.00
0.00,0.00,0.00,0.00,0.00,0.00,0.00,0.00
1.00,0.00,0.00,0.00,0.00,0.00,0.00,0.00
2.00,2.00,0.00,0.00,0.00,0.00,0.00,0.00
1.00,4.00,0.00,0.00,0.00,0.00,0.00,0.00
2.00,6.00,1.00,0.00,0.00,0.00,0.00,0.00
3.00,8.00,2.00,0.00,0.00,0.00,0.00,0.00
3.00,8.00,3.00,0.00,0.00,0.00,0.00,0.00
4.00,9.00,2.00,0.00,0.00,0.00,0.00,0.00
4.00,10.00,1.00,0.00,0.00,0.00,0.00,0.00
4.00,10.00,0.00,0.00,0.00,0.00,1.00,0.00
3.00,7.00,0.00,0.00,0.00,0.00,0.00,0.00
1.00,0.00,0.00,0.00,0.00,0.00,0.00,0.00
0.00,1.00,0.00,0.00,1.00,0.00,0.00,0.00
1.00,1.00,0.00,0.00,0.00,0.00,0.00,0.00
1.00,0.00,0.00,1.00,1.00,0.00,0.00,0.00
1.00,0.00,0.00,0.00,0.00,0.00,0.00,0.00
1.00,1.00,0.00,0.00,0.00,0.00,0.00,0.00
0.00,1.00,0.00,1.00,0.00,0.00,0.00,0.00
0.00,1.00,0.00,0.00,0.00,0.00,0.00,0.00
4.00,4.00,0.00,0.00,0.00,0.00,0.00,0.00
4.00,11.00,2.00,1.00,1.00,0.00,1.00,0.00
9.00,26.00,2.00,0.00,1.00,0.00,2.00,0.00
7.00,30.00,3.00,1.00,3.00,0.00,3.00,0.00
5.00,25.00,1.00,1.00,2.00,0.00,2.00,0.00
1.00,28.00,4.00,2.00,1.00,0.00,3.00,0.00
0.00,20.00,21.00,4.00,2.00,0.00,4.00,0.00
0.00,20.00,24.00,10.00,3.00,0.00,7.00,0.00
3.00,23.00,39.00,21.00,3.00,0.00,12.00,0.00
3.00,15.00,29.00,36.00,6.00,0.00,11.00,0.00
3.00,15.00,34.00,21.00,3.00,0.00,10.00,0.00
0.00,34.00,40.00,28.00,2.00,0.00,10.00,0.00
128.00,128.00,128.00,128.00,19.00,4.00,101.00,0.00
46.00,95.00,41.00,14.00,3.00,0.00,13.00,0.00
20.00,40.00,45.00,9.00,5.00,0.00,7.00,0.00
13.00,24.00,39.00,8.00,4.00,0.00,6.00,0.00
9.00,36.00,28.00,5.00,5.00,0.00,6.00,0.00
6.00,64.00,21.00,4.00,2.00,0.00,7.00,0.00
4.00,20.00,6.00,2.00,1.00,0.00,2.00,0.00
4.00,4.00,5.00,1.00,1.00,0.00,3.00,0.00
5.00,3.00,2.00,0.00,1.00,1.00,4.00,0.00
5.00,2.00,1.00,1.00,1.00,0.00,3.00,0.00
1.00,2.00,1.00,1.00,0.00,0.00,2.00,0.00
2.00,3.00,2.00,1.00,1.00,0.00,1.00,0.00
3.00,2.00,3.00,1.00,1.00,0.00,1.00,0.00
1.00,1.00,5.00,1.00,0.00,0.00,1.00,0.00
1.00,1.00,1.00,0.00,0.00,0.00,0.00,0.00
0.00,1.00,0.00,0.00,0.00,0.00,0.00,0.00
1.00,1.00,1.00,0.00,0.00,0.00,0.00,0.00
0.00,4.00,1.00,0.00,0.00,0.00,0.00,0.00
1.00,2.00,1.00,0.00,0.00,0.00,0.00,0.00
3.00,4.00,1.00,1.00,0.00,0.00,0.00,0.00
4.00,3.00,0.00,1.00,0.00,0.00,0.00,0.00
7.00,8.00,2.00,0.00,0.00,0.00,0.00,0.00
10.00,10.00,1.00,1.00,0.00,0.00,1.00,0.00
9.00,18.00,4.00,1.00,0.00,0.00,1.00,0.00
10.00,44.00,6.00,4.00,0.00,0.00,4.00,0.00
14.00,61.00,6.00,8.00,1.00,0.00,6.00,0.00
18.00,50.00,3.00,8.00,1.00,0.00,5.00,0.00
6.00,13.00,1.00,1.00,0.00,0.00,1.00,0.00
6.00,16.00,0.00,1.00,1.00,0.00,1.00,0.00
0.00,4.00,0.00,0.00,1.00,0.00,0.00,0.00
0.00,0.00,0.00,0.00,0.00,0.00,0.00,0.00
1.00,1.00,0.00,0.00,0.00,0.00,0.00,0.00
1.00,0.00,0.00,0.00,0.00,0.00,0.00,0.00
1.00,1.00,0.00,0.00,0.00,0.00,0.00,0.00
2.00,2.00,0.00,1.00,1.00,0.00,1.00,0.00
18.00,23.00,0.00,4.00,4.00,0.00,4.00,0.00
35.00,78.00,2.00,3.00,2.00,0.00,7.00,0.00
14.00,32.00,4.00,2.00,2.00,0.00,3.00,0.00
4.00,39.00,9.00,1.00,2.00,0.00,4.00,0.00
2.00,8.00,8.00,1.00,1.00,0.00,1.00,0.00
5.00,24.00,9.00,3.00,2.00,0.00,3.00,0.00
3.00,11.00,4.00,2.00,1.00,0.00,1.00,0.00
3.00,24.00,5.00,3.00,2.00,0.00,2.00,0.00
1.00,26.00,4.00,2.00,1.00,0.00,2.00,0.00
1.00,31.00,6.00,2.00,1.00,0.00,3.00,0.00
6.00,34.00,4.00,3.00,2.00,0.00,3.00,0.00
9.00,14.00,1.00,3.00,1.00,0.00,2.00,0.00
8.00,9.00,0.00,0.00,0.00,0.00,0.00,0.00
1.00,1.00,0.00,0.00,0.00,0.00,0.00,0.00
0.00,0.00,0.00,0.00,0.00,0.00,1.00,0.00
13.00,19.00,1.00,2.00,3.00,0.00,2.00,0.00
17.00,22.00,1.00,1.00,5.00,0.00,5.00,0.00
21.00,20.00,1.00,1.00,2.00,0.00,2.00,0.00
17.00,14.00,2.00,2.00,0.00,0.00,1.00,0.00
8.00,7.00,3.00,4.00,0.00,0.00,1.00,0.00
10.00,6.00,0.00,2.00,0.00,0.00,1.00,0.00
10.00,7.00,0.00,2.00,0.00,0.00,1.00,0.00
9.00,6.00,1.00,2.00,0.00,0.00,1.00,0.00
6.00,4.00,0.00,0.00,0.00,0.00,0.00,0.00
2.00,2.00,0.00,0.00,0.00,0.00,0.00,0.00
2.00,2.00,0.00,0.00,0.00,0.00,0.00,0.00
2.00,1.00,0.00,0.00,0.00,0.00,0.00,0.00
2.00,1.00,0.00,0.00,1.00,0.00,0.00,0.00
2.00,1.00,0.00,0.00,0.00,0.00,0.00,0.00
3.00,4.00,0.00,0.00,1.00,0.00,0.00,0.00
6.00,8.00,12.00,1.00,1.00,0.00,2.00,0.00
12.00,48.00,14.00,2.00,1.00,0.00,5.00,0.00
8.00,11.00,11.00,1.00,1.00,0.00,1.00,0.00
2.00,5.00,5.00,0.00,0.00,0.00,0.00,0.00
2.00,3.00,2.00,0.00,1.00,0.00,1.00,0.00
3.00,3.00,3.00,1.00,0.00,0.00,0.00,0.00
3.00,10.00,10.00,0.00,1.00,0.00,1.00,0.00
5.00,10.00,32.00,1.00,3.00,0.00,6.00,0.00
4.00,21.00,24.00,1.00,5.00,0.00,4.00,0.00
3.00,13.00,22.00,1.00,5.00,0.00,4.00,0.00
3.00,11.00,21.00,1.00,4.00,0.00,4.00,0.00
3.00,7.00,22.00,1.00,3.00,0.00,3.00,0.00
3.00,12.00,27.00,2.00,6.00,0.00,5.00,0.00
4.00,23.00,27.00,3.00,2.00,0.00,5.00,0.00
6.00,25.00,19.00,8.00,1.00,0.00,4.00,0.00
3.00,26.00,11.00,3.00,1.00,0.00,2.00,0.00
4.00,12.00,10.00,1.00,0.00,0.00,1.00,0.00
15.00,23.00,7.00,1.00,0.00,0.00,2.00,0.00
7.00,64.00,15.00,8.00,1.00,0.00,7.00,0.00
8.00,88.00,12.00,6.00,1.00,0.00,9.00,0.00
8.00,73.00,8.00,4.00,2.00,0.00,8.00,0.00
7.00,59.00,7.00,4.00,1.00,0.00,6.00,0.00
8.00,31.00,2.00,4.00,1.00,0.00,3.00,0.00
13.00,23.00,4.00,8.00,1.00,0.00,2.00,0.00
5.00,6.00,1.00,1.00,0.00,0.00,1.00,0.00
3.00,6.00,1.00,0.00,1.00,0.00,3.00,0.00
0.00,1.00,0.00,0.00,3.00,0.00,4.00,0.00
0.00,2.00,0.00,0.00,2.00,0.00,4.00,0.00
0.00,2.00,0.00,0.00,2.00,0.00,3.00,0.00
0.00,1.00,0.00,0.00,2.00,1.00,5.00,0.00
0.00,0.00,0.00,0.00,2.00,0.00,4.00,0.00
0.00,0.00,0.00,0.00,2.00,0.00,3.00,0.00
0.00,0.00,0.00,0.00,1.00,0.00,2.00,0.00
0.00,0.00,0.00,0.00,1.00,0.00,2.00,0.00
2.00,2.00,0.00,0.00,0.00,0.00,0.00,0.00
11.00,13.00,0.00,4.00,7.00,0.00,7.00,0.00
6.00,11.00,0.00,2.00,6.00,0.00,6.00,0.00
4.00,9.00,0.00,4.00,3.00,0.00,2.00,0.00
5.00,2.00,1.00,2.00,3.00,0.00,2.00,0.00
10.00,11.00,0.00,5.00,1.00,0.00,2.00,0.00
3.00,1.00,0.00,1.00,1.00,0.00,1.00,0.00
3.00,0.00,0.00,1.00,0.00,0.00,1.00,0.00
3.00,0.00,0.00,1.00,1.00,0.00,0.00,0.00
2.00,3.00,0.00,1.00,0.00,0.00,0.00,0.00
14.00,21.00,1.00,2.00,1.00,0.00,1.00,0.00
25.00,11.00,0.00,3.00,1.00,0.00,2.00,0.00
13.00,44.00,1.00,2.00,2.00,0.00,4.00,0.00
6.00,36.00,2.00,2.00,0.00,0.00,3.00,0.00
6.00,27.00,2.00,1.00,1.00,0.00,2.00,0.00
13.00,26.00,2.00,1.00,0.00,0.00,2.00,0.00
3.00,9.00,0.00,0.00,0.00,0.00,0.00,0.00
1.00,1.00,0.00,0.00,0.00,0.00,0.00,0.00
2.00,1.00,0.00,0.00,0.00,0.00,0.00,0.00
2.00,3.00,2.00,1.00,0.00,0.00,0.00,0.00
10.00,14.00,1.00,1.00,0.00,0.00,1.00,0.00
6.00,2.00,0.00,1.00,0.00,0.00,0.00,0.00
3.00,5.00,0.00,0.00,1.00,0.00,1.00,0.00
4.00,2.00,0.00,0.00,1.00,0.00,1.00,0.00
1.00,1.00,0.00,0.00,0.00,0.00,0.00,0.00
4.00,9.00,2.00,1.00,0.00,0.00,1.00,0.00
1.00,16.00,6.00,3.00,1.00,0.00,1.00,0.00
4.00,8.00,7.00,2.00,0.00,0.00,1.00,0.00
7.00,8.00,9.00,0.00,1.00,0.00,1.00,0.00
6.00,8.00,9.00,1.00,0.00,0.00,2.00,0.00
5.00,10.00,8.00,0.00,1.00,0.00,1.00,0.00
3.00,25.00,5.00,1.00,1.00,0.00,2.00,0.00
7.00,27.00,5.00,1.00,2.00,0.00,2.00,0.00
3.00,1.00,2.00,0.00,0.00,0.00,1.00,0.00
3.00,1.00,1.00,0.00,1.00,0.00,1.00,0.00
1.00,1.00,0.00,0.00,0.00,0.00,1.00,0.00
4.00,3.00,2.00,0.00,0.00,0.00,0.00,0.00
13.00,17.00,20.00,1.00,2.00,0.00,4.00,0.00
14.00,28.00,13.00,1.00,1.00,0.00,3.00,0.00
2.00,17.00,11.00,0.00,1.00,0.00,2.00,0.00
4.00,8.00,4.00,0.00,0.00,0.00,1.00,0.00
5.00,11.00,4.00,0.00,0.00,0.00,1.00,0.00
3.00,13.00,3.00,1.00,0.00,0.00,1.00,0.00
3.00,12.00,1.00,2.00,0.00,0.00,1.00,0.00
6.00,11.00,1.00,1.00,0.00,0.00,1.00,0.00
9.00,8.00,0.00,1.00,0.00,0.00,0.00,0.00
6.00,5.00,0.00,0.00,0.00,0.00,0.00,0.00
3.00,1.00,0.00,0.00,0.00,0.00,1.00,0.00
4.00,5.00,0.00,0.00,0.00,0.00,0.00,0.00
8.00,32.00,2.00,4.00,1.00,0.00,3.00,0.00
1.00,42.00,9.00,10.00,1.00,0.00,4.00,0.00
13.00,35.00,32.00,14.00,2.00,0.00,7.00,0.00
3.00,8.00,7.00,5.00,1.00,0.00,2.00,0.00
1.00,2.00,3.00,2.00,0.00,0.00,1.00,0.00
1.00,9.00,4.00,1.00,1.00,0.00,1.00,0.00
2.00,4.00,1.00,0.00,0.00,0.00,0.00,0.00
5.00,10.00,2.00,0.00,0.00,0.00,0.00,0.00
4.00,6.00,1.00,0.00,0.00,0.00,0.00,0.00
1.00,1.00,0.00,0.00,0.00,0.00,0.00,0.00
0.00,0.00,0.00,0.00,0.00,0.00,0.00,0.00
1.00,1.00,0.00,0.00,0.00,0.00,0.00,0.00
0.00,0.00,0.00,0.00,0.00,2.00,3.00,0.00
0.00,0.00,0.00,0.00,0.00,1.00,3.00,0.00
0.00,0.00,0.00,0.00,0.00,2.00,4.00,0.00
0.00,1.00,0.00,0.00,0.00,0.00,3.00,0.00
1.00,0.00,0.00,0.00,0.00,1.00,3.00,0.00
0.00,1.00,0.00,0.00,0.00,1.00,2.00,0.00
0.00,1.00,0.00,1.00,0.00,0.00,2.00,0.00
0.00,0.00,0.00,0.00,0.00,0.00,3.00,0.00
0.00,0.00,0.00,0.00,0.00,0.00,3.00,0.00
1.00,2.00,0.00,0.00,0.00,0.00,2.00,0.00
1.00,1.00,1.00,0.00,0.00,0.00,0.00,0.00
3.00,4.00,1.00,0.00,0.00,0.00,0.00,0.00
8.00,10.00,1.00,0.00,0.00,0.00,0.00,0.00
3.00,12.00,0.00,0.00,0.00,0.00,1.00,0.00
5.00,15.00,1.00,0.00,0.00,0.00,1.00,0.00
2.00,2.00,0.00,0.00,0.00,0.00,0.00,0.00
1.00,2.00,0.00,0.00,0.00,0.00,0.00,0.00
0.00,1.00,0.00,0.00,0.00,0.00,0.00,0.00
0.00,1.00,0.00,0.00,0.00,0.00,0.00,0.00
0.00,0.00,0.00,0.00,0.00,0.00,0.00,0.00
0.00,0.00,0.00,1.00,1.00,0.00,0.00,0.00
0.00,1.00,0.00,0.00,1.00,0.00,0.00,0.00
0.00,0.00,0.00,1.00,0.00,0.00,0.00,0.00
0.00,1.00,0.00,0.00,0.00,0.00,0.00,0.00
0.00,0.00,0.00,1.00,0.00,0.00,0.00,0.00
0.00,0.00,0.00,0.00,0.00,0.00,0.00,0.00
0.00,1.00,0.00,0.00,0.00,0.00,0.00,0.00
0.00,1.00,0.00,0.00,0.00,0.00,0.00,0.00
0.00,0.00,0.00,1.00,1.00,0.00,0.00,0.00
0.00,0.00,0.00,0.00,0.00,0.00,0.00,0.00
0.00,1.00,0.00,0.00,0.00,0.00,0.00,0.00
0.00,0.00,0.00,0.00,0.00,0.00,0.00,0.00
1.00,0.00,0.00,1.00,1.00,0.00,0.00,0.00
0.00,1.00,0.00,0.00,0.00,0.00,0.00,0.00
0.00,0.00,0.00,0.00,0.00,0.00,0.00,0.00
1.00,2.00,2.00,2.00,0.00,0.00,1.00,0.00
7.00,30.00,34.00,7.00,2.00,0.00,5.00,0.00
11.00,49.00,51.00,19.00,3.00,0.00,8.00,0.00
16.00,56.00,26.00,23.00,3.00,0.00,8.00,0.00
17.00,50.00,9.00,11.00,9.00,0.00,9.00,0.00
53.00,96.00,3.00,6.00,1.00,0.00,8.00,0.00
21.00,48.00,3.00,2.00,1.00,0.00,4.00,0.00
25.00,6.00,1.00,2.00,1.00,0.00,1.00,0.00
21.00,5.00,1.00,2.00,0.00,0.00,1.00,0.00
8.00,4.00,3.00,1.00,1.00,0.00,0.00,0.00
4.00,3.00,1.00,1.00,0.00,0.00,0.00,0.00
2.00,1.00,0.00,0.00,0.00,0.00,1.00,0.00
2.00,2.00,1.00,1.00,0.00,0.00,1.00,0.00
2.00,3.00,1.00,0.00,0.00,0.00,1.00,0.00
2.00,3.00,1.00,1.00,0.00,1.00,1.00,0.00
1.00,1.00,0.00,1.00,1.00,1.00,2.00,0.00
0.00,2.00,0.00,0.00,1.00,0.00,1.00,0.00
0.00,1.00,0.00,0.00,1.00,1.00,2.00,0.00
1.00,2.00,0.00,1.00,1.00,1.00,3.00,0.00
0.00,2.00,0.00,1.00,0.00,0.00,2.00,0.00
2.00,2.00,0.00,0.00,1.00,1.00,2.00,0.00
1.00,1.00,0.00,0.00,1.00,0.00,1.00,0.00
5.00,2.00,0.00,0.00,0.00,0.00,1.00,0.00
8.00,7.00,13.00,9.00,3.00,0.00,3.00,0.00
6.00,4.00,4.00,4.00,1.00,0.00,1.00,0.00
2.00,1.00,1.00,1.00,0.00,0.00,0.00,0.00
1.00,1.00,1.00,0.00,0.00,0.00,0.00,0.00
4.00,5.00,3.00,4.00,0.00,0.00,1.00,0.00
8.00,12.00,2.00,2.00,0.00,0.00,1.00,0.00
51.00,68.00,2.00,6.00,1.00,0.00,5.00,0.00
52.00,68.00,4.00,4.00,2.00,0.00,5.00,0.00
18.00,17.00,3.00,6.00,1.00,0.00,3.00,0.00
22.00,23.00,1.00,2.00,2.00,0.00,2.00,0.00
12.00,14.00,1.00,3.00,1.00,0.00,2.00,0.00
8.00,9.00,0.00,2.00,1.00,0.00,1.00,0.00
18.00,14.00,0.00,2.00,1.00,0.00,1.00,0.00
7.00,3.00,0.00,2.00,0.00,0.00,1.00,0.00
9.00,2.00,0.00,1.00,0.00,0.00,0.00,0.00
9.00,5.00,0.00,0.00,0.00,0.00,0.00,0.00
5.00,1.00,0.00,0.00,1.00,0.00,0.00,0.00
3.00,2.00,0.00,0.00,0.00,0.00,1.00,0.00
5.00,4.00,0.00,0.00,1.00,0.00,0.00,0.00
4.00,3.00,0.00,0.00,0.00,0.00,0.00,0.00
2.00,0.00,0.00,0.00,0.00,0.00,0.00,0.00
1.00,0.00,0.00,0.00,0.00,0.00,0.00,0.00
0.00,0.00,0.00,0.00,1.00,0.00,0.00,0.00
1.00,1.00,1.00,1.00,0.00,0.00,0.00,0.00
0.00,0.00,0.00,1.00,0.00,0.00,0.00,0.00
0.00,0.00,0.00,0.00,1.00,0.00,0.00,0.00
0.00,0.00,0.00,0.00,1.00,0.00,1.00,0.00
7.00,5.00,2.00,0.00,1.00,0.00,1.00,0.00
0.00,0.00,1.00,0.00,1.00,0.00,1.00,0.00
1.00,1.00,0.00,0.00,1.00,0.00,1.00,0.00
0.00,0.00,0.00,0.00,1.00,0.00,0.00,0.00
3.00,3.00,0.00,0.00,1.00,0.00,0.00,0.00
5.00,3.00,3.00,17.00,11.00,3.00,10.00,0.00
1.00,1.00,0.00,1.00,0.00,0.00,0.00,0.00
1.00,0.00,0.00,0.00,1.00,0.00,0.00,0.00
0.00,0.00,0.00,0.00,0.00,0.00,0.00,0.00
8.00,5.00,1.00,0.00,0.00,0.00,0.00,0.00
1.00,1.00,0.00,0.00,0.00,0.00,0.00,0.00
2.00,1.00,0.00,1.00,0.00,0.00,1.00,0.00
0.00,0.00,0.00,0.00,0.00,0.00,0.00,0.00
4.00,3.00,4.00,6.00,2.00,0.00,2.00,0.00
2.00,0.00,0.00,0.00,1.00,0.00,0.00,0.00
4.00,5.00,9.00,3.00,0.00,0.00,2.00,0.00
3.00,1.00,3.00,0.00,0.00,0.00,0.00,0.00
0.00,0.00,0.00,0.00,0.00,0.00,0.00,0.00
1.00,1.00,2.00,0.00,0.00,0.00,0.00,0.00
6.00,25.00,29.00,10.00,4.00,1.00,6.00,0.00
3.00,9.00,4.00,4.00,1.00,0.00,1.00,0.00
1.00,3.00,2.00,2.00,1.00,0.00,1.00,0.00
1.00,2.00,2.00,1.00,0.00,0.00,0.00,0.00
0.00,1.00,1.00,1.00,1.00,0.00,0.00,0.00
1.00,1.00,1.00,1.00,1.00,0.00,1.00,0.00
1.00,1.00,1.00,0.00,0.00,0.00,0.00,0.00
0.00,0.00,0.00,0.00,0.00,0.00,0.00,0.00
0.00,0.00,0.00,0.00,0.00,0.00,0.00,0.00
0.00,1.00,0.00,0.00,0.00,0.00,0.00,0.00
1.00,1.00,1.00,1.00,0.00,0.00,0.00,0.00
0.00,0.00,1.00,0.00,1.00,0.00,0.00,0.00
1.00,0.00,1.00,0.00,1.00,0.00,0.00,0.00
0.00,0.00,0.00,1.00,0.00,0.00,0.00,0.00
0.00,0.00,1.00,0.00,0.00,0.00,0.00,0.00
1.00,1.00,2.00,0.00,1.00,0.00,0.00,0.00
0.00,1.00,1.00,1.00,1.00,0.00,0.00,0.00
0.00,1.00,1.00,1.00,1.00,0.00,0.00,0.00
0.00,1.00,0.00,1.00,1.00,0.00,0.00,0.00
1.00,1.00,1.00,1.00,0.00,0.00,0.00,0.00
1.00,2.00,2.00,1.00,0.00,0.00,0.00,0.00
1.00,0.00,0.00,1.00,1.00,0.00,0.00,0.00
0.00,0.00,0.00,1.00,0.00,0.00,0.00,0.00
0.00,0.00,0.00,1.00,1.00,0.00,0.00,0.00
0.00,0.00,0.00,1.00,1.00,0.00,0.00,0.00
0.00,0.00,0.00,1.00,1.00,0.00,1.00,0.00
0.00,0.00,0.00,1.00,1.00,0.00,1.00,0.00
0.00,0.00,0.00,1.00,1.00,0.00,0.00,0.00
1.00,0.00,0.00,1.00,1.00,0.00,0.00,0.00
0.00,0.00,0.00,1.00,1.00,0.00,0.00,0.00
0.00,0.00,0.00,1.00,1.00,0.00,1.00,0.00
0.00,0.00,0.00,0.00,0.00,0.00,0.00,0.00
0.00,0.00,0.00,0.00,1.00,0.00,0.00,0.00
1.00,0.00,0.00,0.00,1.00,0.00,0.00,0.00
0.00,0.00,0.00,0.00,1.00,0.00,0.00,0.00
0.00,0.00,0.00,0.00,1.00,0.00,0.00,0.00
6.00,36.00,2.00,2.00,1.00,0.00,3.00,0.00
11.00,52.00,7.00,2.00,2.00,0.00,5.00,0.00
37.00,128.00,11.00,4.00,2.00,0.00,12.00,0.00
37.00,77.00,14.00,1.00,1.00,0.00,7.00,0.00
27.00,52.00,16.00,7.00,4.00,0.00,4.00,0.00
43.00,28.00,13.00,5.00,3.00,0.00,3.00,0.00
36.00,26.00,4.00,2.00,2.00,0.00,2.00,0.00
31.00,15.00,2.00,0.00,1.00,0.00,2.00,0.00
7.00,9.00,0.00,0.00,0.00,0.00,0.00,0.00
3.00,5.00,1.00,0.00,0.00,0.00,0.00,0.00
7.00,19.00,3.00,1.00,1.00,0.00,1.00,0.00
10.00,23.00,3.00,0.00,0.00,0.00,2.00,0.00
5.00,8.00,3.00,0.00,0.00,0.00,1.00,0.00
5.00,16.00,4.00,0.00,0.00,0.00,1.00,0.00
3.00,12.00,2.00,0.00,0.00,0.00,1.00,0.00
6.00,5.00,2.00,0.00,0.00,0.00,0.00,0.00
5.00,5.00,0.00,0.00,0.00,0.00,0.00,0.00
3.00,5.00,1.00,0.00,0.00,0.00,0.00,0.00
2.00,4.00,0.00,0.00,0.00,0.00,0.00,0.00
2.00,3.00,0.00,0.00,0.00,0.00,0.00,0.00
1.00,2.00,0.00,0.00,0.00,0.00,0.00,0.00
2.00,2.00,0.00,1.00,0.00,0.00,0.00,0.00
0.00,0.00,1.00,0.00,0.00,0.00,0.00,0.00
2.00,0.00,0.00,0.00,0.00,0.00,0.00,0.00
0.00,0.00,0.00,0.00,0.00,0.00,0.00,0.00
0.00,0.00,0.00,0.00,0.00,0.00,0.00,0.00
1.00,0.00,2.00,0.00,0.00,0.00,0.00,0.00
0.00,2.00,3.00,0.00,1.00,0.00,1.00,0.00
6.00,14.00,2.00,1.00,0.00,0.00,1.00,0.00
9.00,23.00,9.00,3.00,1.00,0.00,2.00,0.00
31.00,44.00,10.00,1.00,1.00,0.00,3.00,0.00
25.00,25.00,8.00,7.00,1.00,0.00,4.00,0.00
40.00,47.00,3.00,5.00,1.00,0.00,4.00,0.00
21.00,9.00,1.00,1.00,1.00,0.00,1.00,0.00
7.00,3.00,1.00,1.00,0.00,0.00,0.00,0.00
2.00,2.00,0.00,0.00,0.00,0.00,0.00,0.00
8.00,7.00,1.00,0.00,0.00,0.00,0.00,0.00
7.00,14.00,2.00,0.00,0.00,0.00,1.00,0.00
4.00,8.00,2.00,0.00,1.00,0.00,0.00,0.00
5.00,8.00,2.00,0.00,1.00,0.00,0.00,0.00
4.00,14.00,2.00,0.00,0.00,0.00,1.00,0.00
2.00,10.00,6.00,0.00,0.00,0.00,1.00,0.00
2.00,5.00,1.00,0.00,1.00,0.00,0.00,0.00
2.00,2.00,1.00,0.00,0.00,0.00,0.00,0.00
3.00,2.00,0.00,0.00,0.00,0.00,0.00,0.00
2.00,4.00,0.00,0.00,0.00,0.00,0.00,0.00
1.00,2.00,1.00,0.00,0.00,0.00,0.00,0.00
0.00,3.00,1.00,0.00,0.00,0.00,0.00,0.00
2.00,7.00,3.00,0.00,0.00,0.00,0.00,0.00
1.00,5.00,1.00,1.00,0.00,0.00,0.00,0.00
3.00,3.00,26.00,23.00,1.00,0.00,7.00,0.00
6.00,4.00,24.00,19.00,3.00,0.00,6.00,0.00
1.00,1.00,26.00,16.00,1.00,0.00,6.00,0.00
1.00,1.00,20.00,4.00,3.00,0.00,4.00,0.00
1.00,2.00,15.00,5.00,2.00,0.00,3.00,0.00
1.00,3.00,11.00,6.00,2.00,0.00,4.00,0.00
0.00,1.00,8.00,9.00,2.00,0.00,3.00,0.00
1.00,0.00,5.00,3.00,3.00,0.00,2.00,0.00
1.00,1.00,2.00,6.00,4.00,0.00,4.00,0.00
0.00,1.00,1.00,3.00,4.00,0.00,3.00,0.00
0.00,0.00,0.00,1.00,1.00,0.00,1.00,0.00
0.00,1.00,1.00,0.00,0.00,0.00,0.00,0.00
1.00,0.00,0.00,1.00,1.00,0.00,0.00,0.00
1.00,0.00,0.00,0.00,0.00,0.00,0.00,0.00
0.00,0.00,0.00,0.00,0.00,0.00,0.00,0.00
1.00,0.00,0.00,0.00,1.00,0.00,0.00,0.00
0.00,0.00,0.00,0.00,1.00,0.00,0.00,0.00
1.00,0.00,0.00,0.00,0.00,0.00,0.00,0.00
0.00,0.00,0.00,1.00,0.00,0.00,0.00,0.00
0.00,0.00,0.00,0.00,0.00,0.00,0.00,0.00
1.00,0.00,0.00,0.00,1.00,0.00,0.00,0.00
0.00,0.00,0.00,0.00,0.00,0.00,0.00,0.00
0.00,0.00,0.00,0.00,1.00,0.00,0.00,0.00
1.00,0.00,0.00,0.00,0.00,0.00,0.00,0.00
0.00,0.00,0.00,0.00,0.00,0.00,0.00,0.00
0.00,0.00,0.00,0.00,0.00,0.00,0.00,0.00
0.00,0.00,0.00,0.00,1.00,0.00,0.00,0.00
3.00,1.00,0.00,0.00,0.00,0.00,0.00,0.00
1.00,0.00,0.00,0.00,0.00,0.00,0.00,0.00
1.00,1.00,0.00,1.00,1.00,0.00,2.00,0.00
1.00,1.00,1.00,0.00,0.00,0.00,1.00,0.00
0.00,0.00,0.00,0.00,0.00,0.00,0.00,0.00
0.00,0.00,0.00,0.00,0.00,0.00,0.00,0.00
0.00,0.00,0.00,0.00,1.00,0.00,0.00,0.00
0.00,0.00,0.00,0.00,0.00,0.00,0.00,0.00
0.00,0.00,0.00,0.00,1.00,0.00,0.00,0.00
0.00,0.00,0.00,0.00,0.00,0.00,0.00,0.00
0.00,0.00,0.00,0.00,0.00,0.00,0.00,0.00
0.00,0.00,0.00,1.00,1.00,0.00,0.00,0.00
1.00,0.00,0.00,0.00,0.00,0.00,0.00,0.00
0.00,0.00,0.00,0.00,0.00,0.00,0.00,0.00
2.00,1.00,0.00,0.00,0.00,0.00,0.00,0.00
1.00,0.00,0.00,0.00,1.00,0.00,0.00,0.00
0.00,0.00,0.00,0.00,0.00,0.00,0.00,0.00
1.00,0.00,0.00,0.00,0.00,0.00,0.00,0.00
1.00,0.00,0.00,0.00,1.00,0.00,0.00,0.00
1.00,0.00,0.00,0.00,1.00,0.00,0.00,0.00
0.00,0.00,0.00,0.00,0.00,0.00,0.00,0.00
0.00,0.00,0.00,0.00,0.00,0.00,0.00,0.00
0.00,0.00,0.00,0.00,0.00,0.00,0.00,0.00
9.00,33.00,3.00,4.00,0.00,0.00,3.00,0.00
6.00,29.00,2.00,3.00,0.00,0.00,3.00,0.00
4.00,22.00,3.00,2.00,0.00,0.00,2.00,0.00
5.00,15.00,3.00,6.00,1.00,0.00,2.00,0.00
5.00,3.00,3.00,3.00,0.00,0.00,1.00,0.00
2.00,3.00,1.00,2.00,1.00,0.00,0.00,0.00
1.00,2.00,1.00,1.00,1.00,0.00,0.00,0.00
2.00,2.00,0.00,1.00,0.00,0.00,0.00,0.00
1.00,1.00,0.00,0.00,0.00,0.00,0.00,0.00
1.00,3.00,4.00,3.00,0.00,0.00,1.00,0.00
0.00,1.00,3.00,3.00,0.00,0.00,1.00,0.00
0.00,0.00,2.00,1.00,1.00,0.00,0.00,0.00
1.00,2.00,1.00,0.00,0.00,0.00,0.00,0.00
1.00,2.00,3.00,1.00,0.00,0.00,0.00,0.00
1.00,1.00,0.00,0.00,0.00,0.00,0.00,0.00
1.00,1.00,2.00,0.00,0.00,0.00,0.00,0.00
0.00,0.00,1.00,2.00,0.00,0.00,0.00,0.00
0.00,0.00,1.00,1.00,0.00,0.00,0.00,0.00
0.00,0.00,1.00,2.00,1.00,0.00,0.00,0.00
0.00,1.00,0.00,0.00,0.00,0.00,0.00,0.00
0.00,0.00,0.00,0.00,0.00,0.00,0.00,0.00
0.00,0.00,0.00,1.00,1.00,0.00,0.00,0.00
0.00,0.00,0.00,0.00,0.00,0.00,0.00,0.00
0.00,0.00,0.00,0.00,0.00,0.00,0.00,0.00
1.00,0.00,0.00,0.00,0.00,0.00,0.00,0.00
0.00,0.00,0.00,0.00,0.00,0.00,0.00,0.00
0.00,0.00,0.00,0.00,0.00,0.00,0.00,0.00
0.00,0.00,0.00,0.00,1.00,0.00,0.00,0.00
0.00,0.00,0.00,0.00,0.00,0.00,0.00,0.00
0.00,0.00,0.00,0.00,1.00,0.00,0.00,0.00
0.00,0.00,0.00,0.00,0.00,0.00,0.00,0.00
1.00,1.00,0.00,0.00,0.00,0.00,0.00,0.00
1.00,0.00,0.00,0.00,1.00,0.00,0.00,0.00
0.00,0.00,0.00,1.00,1.00,0.00,0.00,0.00
1.00,0.00,0.00,0.00,1.00,0.00,0.00,0.00
1.00,0.00,0.00,0.00,0.00,0.00,0.00,0.00
0.00,0.00,0.00,0.00,0.00,0.00,0.00,0.00
0.00,0.00,0.00,0.00,0.00,0.00,0.00,0.00
2.00,0.00,0.00,0.00,0.00,0.00,0.00,0.00
0.00,0.00,0.00,1.00,0.00,0.00,0.00,0.00
0.00,0.00,0.00,0.00,0.00,0.00,0.00,0.00
1.00,0.00,0.00,0.00,0.00,0.00,0.00,0.00
0.00,0.00,0.00,1.00,0.00,0.00,0.00,0.00
0.00,0.00,0.00,0.00,1.00,0.00,0.00,0.00
0.00,0.00,0.00,1.00,1.00,0.00,0.00,0.00
1.00,0.00,0.00,0.00,0.00,0.00,0.00,0.00
0.00,0.00,0.00,0.00,0.00,0.00,0.00,0.00
0.00,0.00,0.00,0.00,0.00,0.00,0.00,0.00
0.00,0.00,0.00,0.00,1.00,0.00,0.00,0.00
0.00,0.00,0.00,1.00,0.00,0.00,0.00,0.00
3.00,20.00,17.00,10.00,1.00,0.00,3.00,0.00
4.00,17.00,21.00,13.00,1.00,0.00,5.00,0.00
4.00,9.00,8.00,7.00,2.00,0.00,2.00,0.00
2.00,9.00,9.00,6.00,1.00,0.00,2.00,0.00
1.00,12.00,2.00,5.00,0.00,0.00,2.00,0.00
3.00,13.00,5.00,5.00,1.00,0.00,2.00,0.00
5.00,6.00,2.00,1.00,0.00,0.00,1.00,0.00
3.00,4.00,1.00,2.00,1.00,0.00,1.00,0.00
1.00,1.00,0.00,1.00,0.00,0.00,0.00,0.00
1.00,2.00,0.00,1.00,0.00,0.00,0.00,0.00
1.00,2.00,0.00,1.00,0.00,0.00,0.00,0.00
0.00,1.00,0.00,0.00,0.00,0.00,0.00,0.00
0.00,1.00,0.00,0.00,0.00,0.00,0.00,0.00
1.00,1.00,0.00,0.00,0.00,0.00,0.00,0.00
7.00,5.00,0.00,1.00,0.00,0.00,0.00,0.00
8.00,9.00,1.00,4.00,0.00,0.00,2.00,0.00
11.00,5.00,0.00,4.00,1.00,0.00,2.00,0.00
9.00,2.00,0.00,3.00,1.00,0.00,1.00,0.00
6.00,4.00,0.00,1.00,1.00,0.00,1.00,0.00
1.00,1.00,0.00,3.00,1.00,0.00,1.00,0.00
2.00,1.00,0.00,1.00,0.00,0.00,0.00,0.00
1.00,0.00,0.00,0.00,1.00,0.00,0.00,0.00
2.00,1.00,0.00,0.00,0.00,0.00,0.00,0.00
0.00,0.00,0.00,0.00,0.00,0.00,0.00,0.00
1.00,0.00,0.00,1.00,1.00,0.00,0.00,0.00
15.00,8.00,0.00,2.00,0.00,0.00,1.00,0.00
18.00,17.00,1.00,4.00,1.00,0.00,2.00,0.00
30.00,24.00,2.00,6.00,1.00,0.00,3.00,0.00
28.00,22.00,8.00,3.00,1.00,0.00,2.00,0.00
7.00,21.00,17.00,2.00,1.00,0.00,3.00,0.00
8.00,9.00,15.00,2.00,1.00,0.00,3.00,0.00
14.00,13.00,23.00,1.00,2.00,0.00,5.00,0.00
5.00,54.00,29.00,1.00,1.00,0.00,7.00,0.00
5.00,14.00,15.00,1.00,1.00,0.00,3.00,0.00
6.00,20.00,7.00,1.00,1.00,0.00,2.00,0.00
5.00,2.00,3.00,1.00,0.00,0.00,0.00,0.00
2.00,11.00,5.00,0.00,0.00,0.00,1.00,0.00
4.00,4.00,3.00,0.00,0.00,0.00,1.00,0.00
2.00,2.00,2.00,0.00,0.00,0.00,0.00,0.00
4.00,1.00,1.00,0.00,0.00,0.00,0.00,0.00
5.00,2.00,0.00,0.00,1.00,0.00,0.00,0.00
11.00,7.00,1.00,0.00,0.00,0.00,0.00,0.00
12.00,6.00,1.00,1.00,0.00,0.00,0.00,0.00
11.00,5.00,1.00,0.00,0.00,0.00,0.00,0.00
8.00,1.00,0.00,1.00,1.00,0.00,0.00,0.00
16.00,9.00,1.00,0.00,0.00,0.00,1.00,0.00
14.00,26.00,2.00,4.00,0.00,0.00,3.00,0.00
12.00,25.00,8.00,9.00,1.00,0.00,3.00,0.00
13.00,23.00,16.00,11.00,1.00,0.00,4.00,0.00
9.00,29.00,23.00,9.00,1.00,0.00,4.00,0.00
60.00,31.00,3.00,1.00,0.00,0.00,4.00,0.00
66.00,74.00,12.00,6.00,2.00,0.00,8.00,0.00
97.00,13.00,17.00,5.00,0.00,0.00,4.00,0.00
66.00,11.00,7.00,3.00,0.00,0.00,3.00,0.00
39.00,17.00,5.00,1.00,0.00,0.00,1.00,0.00
21.00,7.00,4.00,1.00,1.00,0.00,1.00,0.00
7.00,3.00,5.00,0.00,0.00,0.00,0.00,0.00
9.00,5.00,4.00,1.00,1.00,0.00,0.00,0.00
3.00,1.00,1.00,0.00,0.00,0.00,0.00,0.00
7.00,2.00,0.00,0.00,0.00,0.00,0.00,0.00
6.00,2.00,1.00,0.00,0.00,0.00,0.00,0.00
4.00,1.00,0.00,0.00,0.00,0.00,0.00,0.00
0.00,1.00,0.00,0.00,0.00,0.00,0.00,0.00
2.00,0.00,0.00,0.00,0.00,0.00,0.00,0.00
1.00,1.00,1.00,0.00,0.00,0.00,0.00,0.00
0.00,1.00,2.00,0.00,0.00,0.00,0.00,0.00
1.00,1.00,1.00,0.00,0.00,0.00,0.00,0.00
0.00,1.00,0.00,0.00,0.00,0.00,0.00,0.00
0.00,1.00,0.00,0.00,0.00,0.00,0.00,0.00
0.00,0.00,0.00,0.00,0.00,0.00,0.00,0.00
0.00,1.00,0.00,0.00,0.00,0.00,0.00,0.00
1.00,4.00,2.00,0.00,0.00,0.00,0.00,0.00
0.00,0.00,2.00,1.00,1.00,0.00,0.00,0.00
1.00,3.00,3.00,0.00,1.00,0.00,0.00,0.00
1.00,4.00,4.00,1.00,1.00,0.00,0.00,0.00
2.00,3.00,2.00,1.00,1.00,0.00,0.00,0.00
2.00,3.00,3.00,1.00,1.00,0.00,0.00,0.00
2.00,9.00,6.00,3.00,0.00,0.00,1.00,0.00
2.00,4.00,2.00,2.00,0.00,0.00,0.00,0.00
1.00,8.00,3.00,4.00,0.00,0.00,1.00,0.00
1.00,13.00,1.00,2.00,0.00,0.00,1.00,0.00
2.00,6.00,1.00,3.00,0.00,0.00,1.00,0.00
3.00,7.00,2.00,2.00,0.00,0.00,0.00,0.00
4.00,14.00,3.00,1.00,1.00,0.00,1.00,0.00
8.00,27.00,2.00,1.00,0.00,0.00,3.00,0.00
8.00,28.00,4.00,1.00,0.00,0.00,3.00,0.00
5.00,17.00,4.00,0.00,0.00,0.00,2.00,0.00
6.00,11.00,4.00,0.00,0.00,0.00,1.00,0.00
3.00,11.00,7.00,0.00,0.00,0.00,1.00,0.00
3.00,14.00,4.00,0.00,0.00,0.00,1.00,0.00
5.00,12.00,4.00,0.00,0.00,0.00,1.00,0.00
4.00,9.00,5.00,0.00,0.00,0.00,1.00,0.00
4.00,14.00,2.00,1.00,0.00,0.00,1.00,0.00
7.00,7.00,3.00,1.00,0.00,0.00,0.00,0.00
7.00,12.00,1.00,1.00,1.00,0.00,1.00,0.00
9.00,9.00,1.00,1.00,0.00,0.00,0.00,0.00
1.00,4.00,1.00,1.00,0.00,0.00,0.00,0.00
11.00,3.00,1.00,0.00,0.00,0.00,0.00,0.00
3.00,1.00,0.00,0.00,0.00,0.00,0.00,0.00
0.00,1.00,0.00,0.00,0.00,0.00,0.00,0.00
9.00,95.00,88.00,13.00,5.00,0.00,15.00,0.00
13.00,84.00,96.00,7.00,2.00,0.00,15.00,0.00
21.00,89.00,95.00,4.00,2.00,0.00,15.00,0.00
27.00,90.00,91.00,3.00,2.00,0.00,15.00,0.00
30.00,75.00,72.00,7.00,3.00,0.00,13.00,0.00
31.00,57.00,63.00,5.00,1.00,0.00,11.00,0.00
26.00,48.00,58.00,4.00,2.00,0.00,13.00,0.00
18.00,57.00,69.00,7.00,3.00,0.00,13.00,0.00
16.00,19.00,53.00,9.00,1.00,0.00,11.00,0.00
4.00,36.00,45.00,5.00,4.00,0.00,10.00,0.00
3.00,19.00,19.00,1.00,1.00,0.00,3.00,0.00
1.00,1.00,3.00,0.00,0.00,0.00,0.00,0.00
0.00,0.00,1.00,0.00,0.00,0.00,0.00,0.00
0.00,0.00,0.00,0.00,0.00,0.00,0.00,0.00
1.00,0.00,0.00,0.00,0.00,0.00,0.00,0.00
0.00,0.00,0.00,0.00,0.00,0.00,0.00,0.00
0.00,0.00,0.00,0.00,0.00,0.00,0.00,0.00
0.00,0.00,0.00,0.00,0.00,0.00,0.00,0.00
0.00,0.00,0.00,0.00,0.00,0.00,0.00,0.00
0.00,0.00,0.00,0.00,0.00,0.00,0.00,0.00
1.00,0.00,0.00,0.00,0.00,0.00,0.00,0.00
0.00,0.00,0.00,0.00,0.00,0.00,0.00,0.00
0.00,0.00,0.00,0.00,0.00,0.00,0.00,0.00
0.00,0.00,0.00,0.00,0.00,0.00,0.00,0.00
1.00,0.00,0.00,0.00,0.00,0.00,0.00,0.00
0.00,0.00,0.00,0.00,0.00,0.00,0.00,0.00
0.00,0.00,0.00,0.00,0.00,0.00,0.00,0.00
0.00,0.00,0.00,0.00,1.00,0.00,0.00,0.00
0.00,0.00,0.00,0.00,0.00,0.00,0.00,0.00
0.00,0.00,0.00,0.00,0.00,0.00,0.00,0.00
6.00,1.00,0.00,1.00,0.00,0.00,0.00,0.00
4.00,1.00,1.00,0.00,1.00,0.00,0.00,0.00
1.00,0.00,0.00,0.00,0.00,0.00,0.00,0.00
1.00,0.00,0.00,0.00,0.00,0.00,0.00,0.00
1.00,0.00,0.00,0.00,0.00,0.00,0.00,0.00
1.00,0.00,0.00,0.00,1.00,0.00,1.00,0.00
0.00,0.00,0.00,0.00,0.00,0.00,0.00,0.00
1.00,0.00,0.00,0.00,0.00,0.00,0.00,0.00
0.00,0.00,0.00,1.00,0.00,0.00,0.00,0.00
0.00,0.00,0.00,1.00,1.00,0.00,0.00,0.00
0.00,0.00,0.00,0.00,0.00,0.00,0.00,0.00
0.00,0.00,0.00,0.00,0.00,0.00,0.00,0.00
1.00,8.00,7.00,1.00,1.00,0.00,1.00,0.00
2.00,6.00,6.00,1.00,1.00,0.00,1.00,0.00
0.00,3.00,6.00,1.00,1.00,0.00,1.00,0.00
9.00,44.00,36.00,1.00,1.00,0.00,6.00,0.00
28.00,59.00,67.00,6.00,2.00,0.00,11.00,0.00
29.00,41.00,54.00,6.00,1.00,0.00,8.00,0.00
10.00,81.00,103.00,10.00,3.00,0.00,17.00,0.00
31.00,128.00,128.00,13.00,3.00,0.00,21.00,0.00
13.00,19.00,5.00,2.00,1.00,0.00,2.00,0.00
30.00,46.00,24.00,3.00,1.00,0.00,5.00,0.00
23.00,45.00,17.00,2.00,1.00,0.00,6.00,0.00
14.00,85.00,16.00,2.00,0.00,0.00,11.00,0.00
31.00,56.00,21.00,2.00,1.00,0.00,7.00,0.00
39.00,55.00,19.00,3.00,1.00,0.00,7.00,0.00
24.00,66.00,10.00,2.00,1.00,0.00,8.00,0.00
18.00,55.00,14.00,1.00,1.00,0.00,7.00,0.00
14.00,49.00,15.00,4.00,1.00,0.00,6.00,0.00
12.00,69.00,11.00,3.00,1.00,0.00,9.00,0.00
9.00,39.00,12.00,3.00,1.00,0.00,4.00,0.00
5.00,45.00,6.00,2.00,0.00,0.00,5.00,0.00
5.00,12.00,3.00,1.00,0.00,0.00,1.00,0.00
2.00,2.00,1.00,0.00,0.00,0.00,0.00,0.00
1.00,1.00,0.00,0.00,1.00,0.00,0.00,0.00
1.00,1.00,0.00,0.00,0.00,0.00,0.00,0.00
0.00,1.00,0.00,0.00,0.00,0.00,0.00,0.00
1.00,0.00,0.00,0.00,0.00,0.00,0.00,0.00
1.00,1.00,0.00,0.00,0.00,0.00,0.00,0.00
0.00,1.00,0.00,0.00,0.00,0.00,0.00,0.00
1.00,0.00,0.00,0.00,0.00,0.00,0.00,0.00
0.00,0.00,0.00,0.00,0.00,0.00,0.00,0.00
1.00,0.00,0.00,0.00,0.00,0.00,0.00,0.00
0.00,0.00,0.00,0.00,0.00,0.00,0.00,0.00
0.00,1.00,0.00,0.00,0.00,0.00,0.00,0.00
1.00,1.00,0.00,0.00,0.00,0.00,0.00,0.00
1.00,0.00,0.00,0.00,0.00,0.00,0.00,0.00
2.00,1.00,0.00,0.00,0.00,0.00,0.00,0.00
0.00,0.00,0.00,0.00,0.00,0.00,0.00,0.00
0.00,0.00,0.00,0.00,0.00,0.00,0.00,0.00
1.00,1.00,0.00,0.00,0.00,0.00,0.00,0.00
0.00,1.00,0.00,1.00,0.00,0.00,0.00,0.00
0.00,0.00,0.00,0.00,0.00,0.00,0.00,0.00
1.00,0.00,0.00,0.00,0.00,0.00,0.00,0.00
0.00,1.00,0.00,0.00,0.00,0.00,0.00,0.00
0.00,0.00,0.00,0.00,0.00,0.00,0.00,0.00
1.00,0.00,0.00,0.00,0.00,0.00,0.00,0.00
1.00,0.00,0.00,0.00,0.00,0.00,0.00,0.00
0.00,0.00,0.00,0.00,0.00,0.00,0.00,0.00
0.00,1.00,0.00,0.00,0.00,0.00,0.00,0.00
0.00,1.00,0.00,0.00,0.00,0.00,0.00,0.00
1.00,0.00,0.00,0.00,0.00,0.00,0.00,0.00
0.00,0.00,0.00,1.00,1.00,0.00,0.00,0.00
1.00,1.00,0.00,0.00,0.00,0.00,0.00,0.00
0.00,0.00,0.00,0.00,0.00,0.00,0.00,0.00
0.00,0.00,0.00,0.00,0.00,0.00,0.00,0.00
0.00,0.00,0.00,0.00,0.00,0.00,0.00,0.00
0.00,0.00,0.00,0.00,0.00,0.00,0.00,0.00
0.00,0.00,0.00,0.00,0.00,0.00,0.00,0.00
0.00,0.00,0.00,0.00,0.00,0.00,0.00,0.00
37.00,87.00,14.00,2.00,2.00,0.00,11.00,0.00
32.00,78.00,25.00,5.00,3.00,2.00,10.00,0.00
31.00,106.00,68.00,20.00,8.00,0.00,13.00,0.00
36.00,105.00,54.00,26.00,12.00,1.00,13.00,0.00
29.00,101.00,60.00,22.00,5.00,0.00,13.00,0.00
24.00,66.00,37.00,40.00,4.00,0.00,13.00,0.00
19.00,39.00,20.00,24.00,2.00,0.00,8.00,0.00
14.00,61.00,12.00,7.00,1.00,0.00,7.00,0.00
2.00,17.00,3.00,6.00,5.00,0.00,3.00,0.00
2.00,11.00,2.00,2.00,2.00,0.00,1.00,0.00
3.00,4.00,2.00,3.00,3.00,0.00,2.00,0.00
2.00,1.00,1.00,3.00,1.00,0.00,1.00,0.00
2.00,1.00,1.00,5.00,2.00,0.00,2.00,0.00
10.00,15.00,18.00,4.00,1.00,0.00,3.00,0.00
9.00,45.00,45.00,15.00,4.00,0.00,9.00,0.00
13.00,72.00,78.00,40.00,8.00,0.00,14.00,0.00
18.00,93.00,91.00,40.00,6.00,0.00,14.00,0.00
27.00,85.00,21.00,43.00,5.00,0.00,14.00,0.00
21.00,8.00,10.00,4.00,1.00,0.00,1.00,0.00
3.00,3.00,1.00,1.00,0.00,0.00,0.00,0.00
3.00,1.00,0.00,1.00,0.00,0.00,0.00,0.00
1.00,1.00,1.00,1.00,0.00,1.00,4.00,0.00
0.00,0.00,0.00,1.00,1.00,1.00,5.00,0.00
5.00,3.00,0.00,1.00,1.00,0.00,2.00,0.00
10.00,5.00,2.00,2.00,2.00,0.00,1.00,0.00
16.00,10.00,2.00,3.00,2.00,0.00,2.00,0.00
11.00,10.00,2.00,1.00,0.00,0.00,1.00,0.00
15.00,9.00,0.00,2.00,0.00,0.00,1.00,0.00
17.00,7.00,2.00,1.00,0.00,0.00,1.00,0.00
18.00,7.00,1.00,1.00,0.00,0.00,1.00,0.00
23.00,12.00,1.00,2.00,2.00,0.00,2.00,0.00
17.00,11.00,2.00,2.00,3.00,0.00,3.00,0.00
19.00,9.00,0.00,2.00,3.00,0.00,2.00,0.00
13.00,3.00,2.00,1.00,0.00,0.00,0.00,0.00
5.00,4.00,3.00,1.00,1.00,0.00,0.00,0.00
2.00,2.00,3.00,1.00,1.00,0.00,1.00,0.00
27.00,24.00,3.00,6.00,2.00,0.00,3.00,0.00
14.00,47.00,4.00,11.00,2.00,0.00,6.00,0.00
10.00,37.00,8.00,8.00,2.00,0.00,5.00,0.00
11.00,44.00,18.00,19.00,3.00,0.00,8.00,0.00
7.00,18.00,6.00,8.00,1.00,0.00,3.00,0.00
10.00,27.00,16.00,9.00,1.00,0.00,4.00,0.00
7.00,22.00,7.00,2.00,1.00,0.00,2.00,0.00
2.00,2.00,2.00,1.00,1.00,0.00,0.00,0.00
1.00,1.00,1.00,0.00,0.00,0.00,0.00,0.00
10.00,9.00,2.00,1.00,0.00,0.00,0.00,0.00
19.00,12.00,6.00,1.00,1.00,0.00,1.00,0.00
23.00,20.00,5.00,5.00,1.00,0.00,1.00,0.00
35.00,18.00,3.00,4.00,0.00,0.00,2.00,0.00
8.00,3.00,0.00,1.00,0.00,0.00,0.00,0.00
46.00,25.00,1.00,1.00,0.00,0.00,3.00,0.00
29.00,13.00,2.00,1.00,0.00,0.00,1.00,0.00
4.00,2.00,0.00,2.00,0.00,0.00,0.00,0.00
4.00,1.00,1.00,5.00,2.00,0.00,2.00,0.00
1.00,0.00,1.00,9.00,3.00,0.00,4.00,0.00
0.00,1.00,1.00,9.00,1.00,0.00,3.00,0.00
1.00,1.00,1.00,11.00,2.00,0.00,4.00,0.00
0.00,0.00,1.00,6.00,2.00,0.00,2.00,0.00
15.00,13.00,1.00,8.00,0.00,0.00,3.00,0.00
32.00,28.00,2.00,2.00,0.00,0.00,2.00,0.00
26.00,25.00,2.00,2.00,0.00,0.00,2.00,0.00
35.00,53.00,2.00,5.00,0.00,0.00,5.00,0.00
59.00,94.00,5.00,6.00,1.00,0.00,8.00,0.00
53.00,61.00,13.00,5.00,1.00,0.00,5.00,0.00
22.00,30.00,9.00,5.00,1.00,0.00,3.00,0.00
19.00,45.00,10.00,5.00,1.00,0.00,5.00,0.00
26.00,37.00,11.00,1.00,0.00,0.00,4.00,0.00
18.00,18.00,5.00,1.00,0.00,0.00,2.00,0.00
24.00,44.00,9.00,0.00,0.00,0.00,4.00,0.00
18.00,19.00,10.00,1.00,0.00,0.00,2.00,0.00
17.00,35.00,6.00,0.00,0.00,0.00,3.00,0.00
23.00,34.00,6.00,1.00,0.00,0.00,3.00,0.00
8.00,31.00,2.00,0.00,0.00,0.00,3.00,0.00
22.00,35.00,6.00,1.00,0.00,0.00,3.00,0.00
14.00,26.00,1.00,1.00,0.00,0.00,2.00,0.00
15.00,11.00,1.00,1.00,0.00,0.00,1.00,0.00
6.00,6.00,0.00,1.00,1.00,0.00,0.00,0.00
21.00,12.00,1.00,0.00,0.00,0.00,1.00,0.00
11.00,34.00,1.00,1.00,0.00,0.00,3.00,0.00
26.00,43.00,6.00,2.00,0.00,0.00,4.00,0.00
27.00,38.00,9.00,1.00,1.00,0.00,4.00,0.00
30.00,33.00,10.00,5.00,1.00,0.00,4.00,0.00
20.00,47.00,9.00,6.00,1.00,0.00,6.00,0.00
18.00,72.00,18.00,8.00,1.00,0.00,9.00,0.00
30.00,48.00,12.00,4.00,1.00,0.00,6.00,0.00
17.00,25.00,3.00,5.00,1.00,0.00,2.00,0.00
43.00,48.00,4.00,4.00,0.00,0.00,4.00,0.00
39.00,40.00,3.00,2.00,0.00,0.00,3.00,0.00
25.00,21.00,2.00,4.00,0.00,0.00,2.00,0.00
31.00,13.00,1.00,2.00,0.00,0.00,2.00,0.00
27.00,9.00,2.00,3.00,0.00,0.00,1.00,0.00
48.00,27.00,2.00,1.00,0.00,0.00,3.00,0.00
53.00,35.00,3.00,0.00,0.00,0.00,3.00,0.00
38.00,15.00,4.00,1.00,0.00,0.00,2.00,0.00
34.00,18.00,6.00,1.00,0.00,0.00,2.00,0.00
48.00,33.00,8.00,1.00,0.00,0.00,3.00,0.00
54.00,37.00,9.00,2.00,0.00,0.00,3.00,0.00
42.00,19.00,9.00,1.00,1.00,0.00,2.00,0.00
44.00,31.00,11.00,0.00,0.00,0.00,3.00,0.00
56.00,47.00,14.00,0.00,0.00,0.00,4.00,0.00
35.00,31.00,10.00,1.00,0.00,0.00,2.00,0.00
19.00,33.00,14.00,1.00,0.00,0.00,2.00,0.00
32.00,29.00,9.00,1.00,0.00,0.00,2.00,0.00
17.00,16.00,10.00,0.00,0.00,0.00,1.00,0.00
27.00,31.00,13.00,1.00,0.00,0.00,2.00,0.00
16.00,12.00,9.00,0.00,0.00,0.00,1.00,0.00
25.00,29.00,13.00,1.00,0.00,0.00,2.00,0.00
15.00,17.00,11.00,0.00,0.00,0.00,1.00,0.00
15.00,20.00,8.00,0.00,0.00,0.00,1.00,0.00
20.00,21.00,6.00,1.00,0.00,0.00,2.00,0.00
16.00,18.00,6.00,0.00,0.00,0.00,1.00,0.00
18.00,17.00,10.00,1.00,0.00,0.00,1.00,0.00
16.00,17.00,4.00,1.00,0.00,0.00,1.00,0.00
12.00,15.00,7.00,1.00,0.00,0.00,1.00,0.00
15.00,23.00,6.00,0.00,0.00,0.00,2.00,0.00
8.00,9.00,3.00,0.00,1.00,0.00,0.00,0.00
17.00,21.00,5.00,0.00,0.00,0.00,1.00,0.00
8.00,5.00,6.00,0.00,0.00,0.00,0.00,0.00
16.00,20.00,7.00,0.00,1.00,0.00,1.00,0.00
8.00,5.00,3.00,0.00,0.00,0.00,0.00,0.00
16.00,17.00,7.00,1.00,0.00,0.00,1.00,0.00
8.00,7.00,3.00,0.00,1.00,0.00,0.00,0.00
18.00,18.00,6.00,0.00,0.00,0.00,1.00,0.00
12.00,15.00,7.00,0.00,0.00,0.00,1.00,0.00
11.00,16.00,6.00,0.00,0.00,0.00,1.00,0.00
15.00,19.00,8.00,1.00,1.00,0.00,1.00,0.00
8.00,13.00,9.00,1.00,1.00,0.00,1.00,0.00
15.00,25.00,10.00,1.00,0.00,0.00,2.00,0.00
8.00,7.00,4.00,0.00,0.00,0.00,0.00,0.00
4.00,6.00,2.00,1.00,0.00,0.00,0.00,0.00
3.00,13.00,4.00,0.00,0.00,0.00,1.00,0.00
9.00,12.00,5.00,0.00,0.00,0.00,1.00,0.00
5.00,7.00,3.00,0.00,0.00,0.00,0.00,0.00
2.00,4.00,2.00,1.00,0.00,0.00,0.00,0.00
4.00,4.00,0.00,1.00,0.00,0.00,0.00,0.00
6.00,11.00,7.00,1.00,0.00,0.00,1.00,0.00
0.00,1.00,1.00,0.00,0.00,0.00,0.00,0.00
2.00,7.00,5.00,1.00,1.00,0.00,0.00,0.00
3.00,6.00,2.00,0.00,1.00,0.00,0.00,0.00
0.00,0.00,0.00,0.00,0.00,0.00,0.00,0.00
1.00,0.00,0.00,0.00,0.00,0.00,0.00,0.00
1.00,1.00,0.00,0.00,1.00,0.00,0.00,0.00
1.00,1.00,1.00,1.00,1.00,0.00,0.00,0.00
1.00,0.00,0.00,0.00,0.00,0.00,0.00,0.00
2.00,1.00,0.00,0.00,0.00,0.00,0.00,0.00
1.00,0.00,0.00,0.00,0.00,0.00,0.00,0.00
0.00,0.00,0.00,0.00,0.00,0.00,0.00,0.00
1.00,0.00,0.00,0.00,0.00,0.00,0.00,0.00
1.00,0.00,0.00,0.00,0.00,0.00,0.00,0.00
0.00,0.00,0.00,0.00,0.00,0.00,0.00,0.00
25.00,83.00,9.00,15.00,5.00,3.00,10.00,0.00
128.00,128.00,35.00,40.00,14.00,13.00,48.00,0.00
128.00,128.00,128.00,44.00,65.00,14.00,64.00,0.00
128.00,128.00,50.00,29.00,15.00,5.00,27.00,0.00
58.00,128.00,23.00,18.00,20.00,5.00,20.00,0.00
91.00,128.00,28.00,28.00,12.00,8.00,25.00,0.00
73.00,128.00,31.00,25.00,8.00,5.00,32.00,0.00
26.00,36.00,14.00,15.00,2.00,3.00,9.00,0.00
11.00,31.00,6.00,6.00,2.00,1.00,3.00,0.00
3.00,4.00,5.00,3.00,2.00,0.00,3.00,0.00
0.00,6.00,4.00,4.00,2.00,0.00,1.00,0.00
5.00,3.00,2.00,2.00,1.00,0.00,1.00,0.00
3.00,1.00,0.00,0.00,0.00,0.00,0.00,0.00
2.00,1.00,0.00,1.00,1.00,0.00,0.00,0.00
2.00,0.00,0.00,0.00,1.00,0.00,0.00,0.00
2.00,0.00,0.00,0.00,0.00,0.00,0.00,0.00
1.00,1.00,0.00,0.00,0.00,0.00,0.00,0.00
1.00,1.00,0.00,0.00,0.00,0.00,0.00,0.00
1.00,2.00,0.00,0.00,1.00,0.00,0.00,0.00
1.00,1.00,0.00,0.00,0.00,0.00,0.00,0.00
1.00,0.00,0.00,0.00,0.00,0.00,0.00,0.00
0.00,2.00,2.00,1.00,0.00,0.00,0.00,0.00
0.00,0.00,0.00,1.00,1.00,0.00,0.00,0.00
1.00,1.00,0.00,0.00,0.00,0.00,0.00,0.00
1.00,1.00,0.00,0.00,0.00,0.00,0.00,0.00
2.00,4.00,3.00,0.00,0.00,0.00,0.00,0.00
7.00,76.00,48.00,1.00,4.00,0.00,11.00,0.00
23.00,128.00,111.00,2.00,13.00,0.00,29.00,0.00
26.00,128.00,128.00,3.00,13.00,0.00,40.00,0.00
25.00,128.00,128.00,4.00,15.00,0.00,39.00,0.00
21.00,128.00,128.00,5.00,13.00,0.00,38.00,0.00
13.00,123.00,128.00,4.00,8.00,0.00,26.00,0.00
26.00,96.00,40.00,2.00,5.00,0.00,14.00,0.00
15.00,23.00,22.00,1.00,1.00,0.00,4.00,0.00
2.00,9.00,6.00,1.00,0.00,0.00,1.00,0.00
1.00,1.00,2.00,0.00,0.00,0.00,0.00,0.00
0.00,1.00,1.00,1.00,1.00,0.00,0.00,0.00
1.00,1.00,2.00,0.00,0.00,0.00,0.00,0.00
0.00,2.00,2.00,0.00,0.00,0.00,0.00,0.00
0.00,1.00,3.00,0.00,0.00,0.00,0.00,0.00
0.00,1.00,2.00,0.00,0.00,0.00,0.00,0.00
0.00,3.00,1.00,0.00,0.00,0.00,0.00,0.00
1.00,1.00,1.00,0.00,0.00,0.00,0.00,0.00
0.00,2.00,0.00,0.00,0.00,0.00,0.00,0.00
0.00,1.00,1.00,0.00,1.00,0.00,0.00,0.00
0.00,3.00,1.00,0.00,0.00,0.00,0.00,0.00
0.00,1.00,1.00,0.00,0.00,0.00,0.00,0.00
0.00,1.00,0.00,0.00,0.00,0.00,0.00,0.00
13.00,8.00,2.00,1.00,0.00,0.00,1.00,0.00
18.00,10.00,1.00,1.00,0.00,0.00,1.00,0.00
50.00,59.00,2.00,19.00,32.00,0.00,32.00,0.00
118.00,73.00,1.00,24.00,23.00,1.00,23.00,0.00
123.00,42.00,1.00,20.00,10.00,0.00,10.00,0.00
39.00,8.00,2.00,9.00,3.00,0.00,3.00,0.00
84.00,45.00,4.00,13.00,14.00,0.00,14.00,0.00
104.00,115.00,23.00,32.00,25.00,1.00,26.00,0.00
66.00,89.00,24.00,64.00,18.00,0.00,22.00,0.00
46.00,50.00,16.00,66.00,8.00,0.00,22.00,0.00
25.00,33.00,14.00,17.00,2.00,0.00,5.00,0.00
16.00,13.00,5.00,1.00,2.00,0.00,4.00,0.00
21.00,33.00,9.00,2.00,4.00,0.00,5.00,0.00
54.00,59.00,15.00,2.00,7.00,0.00,7.00,0.00
71.00,53.00,33.00,4.00,15.00,1.00,15.00,0.00
97.00,52.00,24.00,4.00,13.00,1.00,12.00,0.00
80.00,67.00,18.00,12.00,13.00,1.00,13.00,0.00
54.00,48.00,4.00,12.00,11.00,1.00,10.00,0.00
15.00,16.00,2.00,18.00,5.00,0.00,9.00,0.00
19.00,20.00,1.00,11.00,3.00,0.00,5.00,0.00
18.00,8.00,2.00,6.00,1.00,0.00,2.00,0.00
11.00,6.00,1.00,6.00,1.00,0.00,3.00,0.00
11.00,3.00,1.00,4.00,1.00,0.00,2.00,0.00
19.00,7.00,1.00,2.00,0.00,0.00,1.00,0.00
12.00,4.00,0.00,4.00,1.00,0.00,2.00,0.00
26.00,6.00,0.00,5.00,0.00,0.00,2.00,0.00
20.00,2.00,0.00,8.00,1.00,0.00,3.00,0.00
30.00,17.00,1.00,9.00,1.00,0.00,4.00,0.00
29.00,15.00,1.00,10.00,1.00,0.00,5.00,0.00
27.00,11.00,1.00,6.00,3.00,0.00,3.00,0.00
27.00,16.00,2.00,9.00,3.00,0.00,5.00,0.00
28.00,29.00,2.00,5.00,2.00,0.00,3.00,0.00
22.00,17.00,1.00,2.00,2.00,1.00,3.00,0.00
2.00,1.00,0.00,1.00,7.00,3.00,11.00,0.00
1.00,1.00,0.00,2.00,9.00,2.00,10.00,0.00
0.00,0.00,0.00,2.00,5.00,3.00,8.00,0.00
1.00,0.00,0.00,1.00,6.00,3.00,16.00,0.00
1.00,0.00,0.00,2.00,7.00,2.00,8.00,0.00
2.00,2.00,1.00,2.00,6.00,1.00,9.00,0.00
21.00,8.00,1.00,6.00,2.00,0.00,2.00,0.00
52.00,33.00,2.00,8.00,2.00,0.00,3.00,0.00
36.00,17.00,1.00,6.00,3.00,0.00,2.00,0.00
19.00,4.00,0.00,2.00,0.00,0.00,1.00,0.00
6.00,1.00,1.00,1.00,0.00,0.00,0.00,0.00
9.00,4.00,1.00,2.00,0.00,0.00,1.00,0.00
14.00,7.00,1.00,2.00,0.00,0.00,1.00,0.00
23.00,15.00,2.00,3.00,3.00,0.00,2.00,0.00
37.00,33.00,2.00,2.00,2.00,0.00,2.00,0.00
38.00,46.00,2.00,12.00,5.00,0.00,5.00,0.00
12.00,33.00,1.00,7.00,2.00,0.00,3.00,0.00
25.00,25.00,4.00,10.00,1.00,0.00,4.00,0.00
22.00,21.00,2.00,5.00,1.00,0.00,2.00,0.00
35.00,19.00,2.00,12.00,4.00,0.00,6.00,0.00
28.00,19.00,1.00,11.00,3.00,0.00,5.00,0.00
26.00,12.00,2.00,5.00,2.00,0.00,3.00,0.00
17.00,19.00,2.00,5.00,1.00,0.00,3.00,0.00
15.00,8.00,2.00,1.00,1.00,0.00,1.00,0.00
9.00,10.00,2.00,1.00,1.00,0.00,1.00,0.00
16.00,13.00,2.00,2.00,0.00,0.00,1.00,0.00
6.00,6.00,3.00,1.00,1.00,0.00,1.00,0.00
36.00,25.00,0.00,9.00,3.00,0.00,5.00,0.00
45.00,20.00,4.00,11.00,14.00,0.00,9.00,0.00
35.00,39.00,3.00,9.00,7.00,0.00,6.00,0.00
57.00,71.00,1.00,6.00,5.00,0.00,6.00,0.00
42.00,61.00,3.00,23.00,11.00,0.00,10.00,0.00
14.00,65.00,7.00,12.00,5.00,0.00,7.00,0.00
15.00,42.00,2.00,20.00,11.00,0.00,8.00,0.00
8.00,35.00,5.00,8.00,3.00,0.00,4.00,0.00
10.00,23.00,12.00,18.00,8.00,0.00,8.00,0.00
2.00,8.00,7.00,3.00,2.00,0.00,2.00,0.00
2.00,4.00,4.00,3.00,2.00,0.00,1.00,0.00
1.00,2.00,3.00,3.00,1.00,0.00,1.00,0.00
2.00,1.00,1.00,1.00,0.00,0.00,0.00,0.00
1.00,2.00,1.00,1.00,0.00,0.00,0.00,0.00
0.00,1.00,1.00,1.00,0.00,0.00,0.00,0.00
1.00,1.00,1.00,1.00,1.00,0.00,0.00,0.00
0.00,1.00,0.00,0.00,0.00,0.00,0.00,0.00
1.00,0.00,1.00,1.00,0.00,0.00,0.00,0.00
1.00,1.00,1.00,1.00,1.00,0.00,0.00,0.00
1.00,1.00,1.00,0.00,0.00,0.00,0.00,0.00
0.00,1.00,0.00,1.00,0.00,0.00,0.00,0.00
1.00,1.00,0.00,1.00,0.00,0.00,0.00,0.00
0.00,0.00,0.00,0.00,0.00,0.00,0.00,0.00
0.00,0.00,1.00,0.00,0.00,0.00,0.00,0.00
0.00,0.00,0.00,0.00,0.00,0.00,0.00,0.00
1.00,0.00,0.00,0.00,0.00,0.00,0.00,0.00
0.00,0.00,0.00,1.00,1.00,0.00,0.00,0.00
0.00,0.00,1.00,0.00,0.00,0.00,0.00,0.00
0.00,1.00,0.00,0.00,0.00,0.00,0.00,0.00
1.00,0.00,1.00,0.00,1.00,0.00,0.00,0.00
0.00,1.00,0.00,0.00,0.00,0.00,0.00,0.00
5.00,9.00,1.00,1.00,1.00,0.00,1.00,0.00
26.00,27.00,4.00,2.00,0.00,0.00,2.00,0.00
10.00,30.00,3.00,2.00,0.00,0.00,3.00,0.00
16.00,29.00,6.00,1.00,0.00,0.00,3.00,0.00
6.00,17.00,4.00,1.00,0.00,0.00,2.00,0.00
10.00,29.00,5.00,1.00,1.00,0.00,3.00,0.00
4.00,15.00,2.00,3.00,0.00,0.00,1.00,0.00
9.00,23.00,7.00,5.00,0.00,0.00,3.00,0.00
4.00,12.00,2.00,2.00,0.00,0.00,1.00,0.00
3.00,3.00,3.00,1.00,0.00,0.00,0.00,0.00
2.00,0.00,0.00,0.00,0.00,0.00,0.00,0.00
22.00,19.00,3.00,6.00,1.00,0.00,2.00,0.00
44.00,41.00,10.00,24.00,8.00,0.00,8.00,0.00
59.00,34.00,4.00,6.00,2.00,0.00,4.00,0.00
63.00,39.00,2.00,3.00,0.00,0.00,4.00,0.00
65.00,28.00,1.00,3.00,0.00,0.00,4.00,0.00
58.00,30.00,3.00,6.00,1.00,0.00,4.00,0.00
57.00,6.00,4.00,6.00,10.00,0.00,7.00,0.00
55.00,13.00,1.00,8.00,6.00,0.00,6.00,0.00
40.00,7.00,1.00,2.00,3.00,0.00,2.00,0.00
13.00,6.00,1.00,1.00,2.00,1.00,4.00,0.00
7.00,1.00,0.00,3.00,8.00,1.00,6.00,0.00
4.00,1.00,0.00,2.00,3.00,2.00,11.00,0.00
0.00,0.00,0.00,2.00,6.00,2.00,6.00,0.00
0.00,0.00,0.00,1.00,3.00,4.00,16.00,0.00
15.00,5.00,1.00,2.00,4.00,1.00,3.00,0.00
55.00,67.00,3.00,10.00,7.00,0.00,6.00,0.00
42.00,56.00,2.00,13.00,5.00,1.00,8.00,0.00
49.00,41.00,1.00,9.00,7.00,0.00,5.00,0.00
55.00,27.00,0.00,9.00,4.00,0.00,5.00,0.00
44.00,10.00,0.00,11.00,3.00,0.00,5.00,0.00
30.00,8.00,2.00,7.00,3.00,0.00,4.00,0.00
25.00,6.00,1.00,10.00,3.00,0.00,5.00,0.00
23.00,5.00,1.00,11.00,4.00,0.00,5.00,0.00
24.00,6.00,2.00,9.00,3.00,0.00,4.00,0.00
22.00,2.00,2.00,4.00,3.00,0.00,3.00,0.00
16.00,5.00,1.00,2.00,3.00,0.00,2.00,0.00
2.00,3.00,0.00,0.00,0.00,0.00,1.00,0.00
1.00,0.00,0.00,0.00,1.00,0.00,2.00,0.00
1.00,0.00,0.00,0.00,0.00,1.00,3.00,0.00
0.00,0.00,0.00,0.00,2.00,0.00,2.00,0.00
0.00,1.00,0.00,0.00,1.00,1.00,3.00,0.00
1.00,0.00,0.00,1.00,1.00,0.00,2.00,0.00
3.00,1.00,0.00,0.00,1.00,0.00,2.00,0.00
7.00,3.00,0.00,0.00,0.00,0.00,0.00,0.00
12.00,5.00,0.00,1.00,1.00,0.00,0.00,0.00
12.00,4.00,0.00,1.00,0.00,0.00,0.00,0.00
12.00,6.00,0.00,1.00,0.00,0.00,0.00,0.00
14.00,5.00,0.00,3.00,0.00,0.00,1.00,0.00
11.00,11.00,1.00,3.00,0.00,0.00,1.00,0.00
12.00,4.00,2.00,9.00,1.00,0.00,3.00,0.00
10.00,7.00,4.00,6.00,2.00,0.00,2.00,0.00
10.00,8.00,2.00,7.00,1.00,0.00,2.00,0.00
7.00,7.00,5.00,3.00,2.00,0.00,1.00,0.00
4.00,2.00,3.00,1.00,0.00,0.00,0.00,0.00
1.00,1.00,1.00,0.00,0.00,0.00,0.00,0.00
1.00,0.00,0.00,0.00,0.00,0.00,0.00,0.00
0.00,0.00,0.00,0.00,0.00,0.00,0.00,0.00
1.00,0.00,0.00,0.00,0.00,0.00,0.00,0.00
0.00,0.00,0.00,0.00,0.00,0.00,0.00,0.00
1.00,0.00,0.00,0.00,0.00,0.00,0.00,0.00
27.00,43.00,4.00,0.00,0.00,0.00,3.00,0.00
38.00,53.00,3.00,1.00,0.00,0.00,4.00,0.00
58.00,52.00,2.00,3.00,1.00,0.00,4.00,0.00
40.00,41.00,2.00,2.00,1.00,0.00,3.00,0.00
27.00,36.00,4.00,3.00,1.00,0.00,3.00,0.00
24.00,28.00,4.00,1.00,2.00,0.00,2.00,0.00
28.00,22.00,2.00,0.00,1.00,0.00,2.00,0.00
24.00,10.00,1.00,0.00,0.00,0.00,1.00,0.00
19.00,4.00,1.00,0.00,0.00,0.00,1.00,0.00
28.00,10.00,1.00,0.00,0.00,0.00,1.00,0.00
42.00,19.00,2.00,0.00,1.00,0.00,3.00,0.00
52.00,26.00,1.00,1.00,1.00,0.00,3.00,0.00
68.00,38.00,1.00,0.00,1.00,0.00,5.00,0.00
77.00,51.00,2.00,1.00,3.00,0.00,6.00,0.00
66.00,42.00,3.00,0.00,0.00,0.00,5.00,0.00
24.00,11.00,0.00,0.00,0.00,0.00,1.00,0.00
9.00,1.00,0.00,0.00,0.00,0.00,0.00,0.00
9.00,1.00,0.00,0.00,0.00,0.00,1.00,0.00
9.00,3.00,0.00,0.00,0.00,0.00,2.00,0.00
13.00,6.00,0.00,0.00,0.00,0.00,2.00,0.00
23.00,15.00,1.00,1.00,0.00,0.00,2.00,0.00
30.00,19.00,3.00,1.00,1.00,0.00,2.00,0.00
29.00,15.00,2.00,2.00,0.00,0.00,2.00,0.00
32.00,9.00,1.00,1.00,0.00,0.00,1.00,0.00
36.00,9.00,1.00,2.00,1.00,0.00,2.00,0.00
54.00,26.00,1.00,0.00,2.00,0.00,3.00,0.00
57.00,23.00,1.00,1.00,2.00,0.00,4.00,0.00
34.00,34.00,1.00,1.00,0.00,0.00,3.00,0.00
52.00,59.00,2.00,2.00,0.00,0.00,5.00,0.00
28.00,40.00,3.00,1.00,1.00,0.00,3.00,0.00
19.00,8.00,0.00,2.00,1.00,0.00,1.00,0.00
36.00,14.00,1.00,2.00,0.00,0.00,2.00,0.00
29.00,9.00,1.00,1.00,0.00,0.00,1.00,0.00
22.00,5.00,1.00,0.00,1.00,0.00,1.00,0.00
30.00,21.00,3.00,0.00,0.00,0.00,2.00,0.00
32.00,23.00,2.00,0.00,0.00,0.00,2.00,0.00
24.00,12.00,4.00,0.00,0.00,0.00,1.00,0.00
11.00,9.00,4.00,0.00,0.00,0.00,0.00,0.00
29.00,30.00,6.00,0.00,0.00,0.00,2.00,0.00
35.00,35.00,8.00,1.00,0.00,0.00,3.00,0.00
15.00,20.00,10.00,0.00,0.00,0.00,2.00,0.00
13.00,35.00,11.00,1.00,0.00,0.00,3.00,0.00
18.00,18.00,12.00,0.00,0.00,0.00,2.00,0.00
3.00,10.00,5.00,0.00,1.00,0.00,1.00,0.00
9.00,18.00,6.00,0.00,0.00,0.00,2.00,0.00
3.00,3.00,3.00,0.00,1.00,0.00,0.00,0.00
3.00,5.00,1.00,0.00,0.00,0.00,0.00,0.00
2.00,2.00,1.00,0.00,0.00,0.00,0.00,0.00
0.00,0.00,0.00,0.00,0.00,0.00,0.00,0.00
0.00,0.00,0.00,0.00,1.00,0.00,0.00,0.00
12.00,21.00,3.00,8.00,3.00,2.00,5.00,0.00
8.00,32.00,9.00,14.00,16.00,1.00,11.00,0.00
9.00,21.00,5.00,21.00,29.00,3.00,20.00,0.00
14.00,32.00,3.00,12.00,10.00,3.00,13.00,0.00
37.00,38.00,3.00,16.00,11.00,1.00,7.00,0.00
23.00,11.00,2.00,5.00,4.00,3.00,6.00,0.00
14.00,6.00,1.00,2.00,3.00,1.00,6.00,0.00
12.00,8.00,1.00,3.00,4.00,2.00,8.00,0.00
24.00,16.00,1.00,6.00,6.00,0.00,4.00,0.00
38.00,23.00,1.00,6.00,4.00,0.00,3.00,0.00
60.00,40.00,1.00,3.00,1.00,0.00,3.00,0.00
90.00,58.00,1.00,8.00,3.00,0.00,7.00,0.00
83.00,54.00,1.00,4.00,2.00,0.00,6.00,0.00
11.00,5.00,0.00,2.00,1.00,0.00,1.00,0.00
13.00,6.00,0.00,1.00,0.00,0.00,0.00,0.00
20.00,10.00,2.00,1.00,1.00,0.00,1.00,0.00
35.00,23.00,4.00,2.00,1.00,0.00,2.00,0.00
36.00,28.00,7.00,1.00,1.00,0.00,2.00,0.00
42.00,45.00,8.00,1.00,1.00,0.00,4.00,0.00
71.00,60.00,17.00,0.00,1.00,0.00,5.00,0.00
53.00,93.00,22.00,3.00,4.00,0.00,8.00,0.00
22.00,63.00,29.00,1.00,4.00,0.00,6.00,0.00
28.00,94.00,36.00,2.00,5.00,0.00,10.00,0.00
9.00,33.00,16.00,3.00,7.00,0.00,4.00,0.00
11.00,50.00,13.00,3.00,2.00,0.00,6.00,0.00
2.00,9.00,6.00,0.00,2.00,0.00,1.00,0.00
1.00,4.00,2.00,0.00,0.00,0.00,0.00,0.00
1.00,1.00,4.00,0.00,0.00,0.00,0.00,0.00
1.00,1.00,0.00,0.00,0.00,0.00,0.00,0.00
1.00,0.00,1.00,1.00,0.00,0.00,0.00,0.00
1.00,0.00,0.00,0.00,0.00,0.00,0.00,0.00
1.00,0.00,0.00,0.00,0.00,0.00,0.00,0.00
0.00,0.00,0.00,0.00,0.00,0.00,0.00,0.00
0.00,0.00,0.00,0.00,0.00,0.00,0.00,0.00
1.00,0.00,0.00,0.00,0.00,0.00,0.00,0.00
0.00,0.00,0.00,0.00,0.00,0.00,0.00,0.00
1.00,0.00,0.00,0.00,0.00,0.00,0.00,0.00
0.00,0.00,0.00,0.00,0.00,0.00,0.00,0.00
1.00,0.00,0.00,0.00,0.00,0.00,0.00,0.00
0.00,1.00,0.00,0.00,0.00,0.00,0.00,0.00
9.00,10.00,8.00,1.00,0.00,0.00,1.00,0.00
7.00,18.00,4.00,1.00,0.00,0.00,2.00,0.00
14.00,20.00,15.00,0.00,1.00,0.00,2.00,0.00
7.00,25.00,9.00,1.00,1.00,0.00,3.00,0.00
14.00,23.00,14.00,0.00,0.00,0.00,2.00,0.00
7.00,25.00,6.00,1.00,1.00,0.00,3.00,0.00
11.00,16.00,7.00,1.00,1.00,0.00,2.00,0.00
6.00,14.00,5.00,0.00,0.00,0.00,1.00,0.00
5.00,8.00,2.00,0.00,1.00,0.00,1.00,0.00
5.00,8.00,2.00,1.00,0.00,0.00,1.00,0.00
54.00,33.00,11.00,2.00,4.00,0.00,3.00,0.00
92.00,33.00,11.00,3.00,5.00,0.00,6.00,0.00
97.00,48.00,12.00,3.00,1.00,0.00,7.00,0.00
76.00,47.00,9.00,11.00,4.00,0.00,7.00,0.00
58.00,46.00,3.00,9.00,13.00,0.00,9.00,0.00
41.00,42.00,7.00,7.00,8.00,0.00,6.00,0.00
32.00,41.00,6.00,3.00,4.00,0.00,3.00,0.00
44.00,54.00,20.00,4.00,10.00,0.00,7.00,0.00
56.00,37.00,15.00,7.00,9.00,0.00,7.00,0.00
33.00,13.00,8.00,3.00,3.00,0.00,2.00,0.00
25.00,10.00,15.00,4.00,3.00,0.00,3.00,0.00
38.00,69.00,50.00,12.00,14.00,0.00,11.00,0.00
28.00,38.00,65.00,16.00,18.00,0.00,17.00,0.00
23.00,66.00,110.00,21.00,18.00,0.00,27.00,0.00
11.00,29.00,31.00,12.00,4.00,0.00,7.00,0.00
6.00,8.00,13.00,1.00,1.00,0.00,2.00,0.00
3.00,4.00,10.00,1.00,0.00,0.00,2.00,0.00
3.00,3.00,14.00,9.00,0.00,0.00,4.00,0.00
2.00,1.00,7.00,3.00,1.00,0.00,2.00,0.00
2.00,1.00,6.00,3.00,1.00,0.00,1.00,0.00
1.00,1.00,4.00,0.00,0.00,0.00,0.00,0.00
1.00,0.00,1.00,0.00,1.00,0.00,0.00,0.00
0.00,0.00,1.00,0.00,0.00,0.00,0.00,0.00
0.00,0.00,1.00,0.00,0.00,0.00,0.00,0.00
0.00,0.00,0.00,0.00,1.00,0.00,0.00,0.00
1.00,0.00,0.00,0.00,1.00,0.00,0.00,0.00
0.00,0.00,0.00,0.00,0.00,0.00,0.00,0.00
0.00,0.00,0.00,0.00,0.00,0.00,0.00,0.00
0.00,0.00,0.00,0.00,0.00,0.00,0.00,0.00
0.00,0.00,0.00,0.00,0.00,0.00,0.00,0.00
0.00,0.00,0.00,0.00,0.00,0.00,0.00,0.00
0.00,0.00,0.00,0.00,0.00,0.00,0.00,0.00
0.00,0.00,0.00,0.00,0.00,0.00,0.00,0.00
0.00,0.00,0.00,0.00,0.00,0.00,0.00,0.00
0.00,0.00,0.00,0.00,0.00,0.00,0.00,0.00
1.00,0.00,0.00,0.00,0.00,0.00,0.00,0.00
1.00,0.00,0.00,0.00,0.00,0.00,0.00,0.00
1.00,0.00,0.00,0.00,0.00,0.00,0.00,0.00
0.00,0.00,0.00,1.00,0.00,0.00,1.00,0.00
0.00,0.00,0.00,0.00,0.00,0.00,0.00,0.00
1.00,0.00,0.00,0.00,0.00,0.00,0.00,0.00
0.00,0.00,0.00,0.00,0.00,0.00,0.00,0.00
1.00,0.00,0.00,0.00,0.00,0.00,0.00,0.00
0.00,0.00,0.00,0.00,0.00,0.00,0.00,0.00
0.00,0.00,0.00,0.00,0.00,0.00,0.00,0.00
0.00,0.00,0.00,0.00,0.00,0.00,0.00,0.00
1.00,0.00,0.00,0.00,0.00,0.00,0.00,0.00
0.00,0.00,0.00,0.00,0.00,0.00,0.00,0.00
1.00,0.00,0.00,0.00,1.00,0.00,0.00,0.00
0.00,0.00,0.00,0.00,0.00,0.00,0.00,0.00
32.00,33.00,1.00,1.00,1.00,0.00,2.00,0.00
46.00,71.00,4.00,2.00,0.00,0.00,6.00,0.00
49.00,52.00,8.00,2.00,1.00,0.00,4.00,0.00
52.00,45.00,9.00,1.00,0.00,0.00,4.00,0.00
46.00,24.00,5.00,1.00,0.00,0.00,3.00,0.00
34.00,27.00,4.00,1.00,0.00,0.00,2.00,0.00
34.00,22.00,5.00,1.00,0.00,0.00,2.00,0.00
68.00,52.00,4.00,1.00,0.00,0.00,4.00,0.00
51.00,60.00,5.00,1.00,0.00,0.00,5.00,0.00
37.00,57.00,8.00,0.00,0.00,0.00,5.00,0.00
53.00,50.00,11.00,0.00,0.00,0.00,4.00,0.00
36.00,57.00,9.00,0.00,0.00,0.00,5.00,0.00
38.00,45.00,10.00,1.00,0.00,0.00,3.00,0.00
39.00,48.00,11.00,2.00,0.00,0.00,4.00,0.00
45.00,50.00,5.00,2.00,0.00,0.00,4.00,0.00
43.00,78.00,9.00,5.00,0.00,0.00,7.00,0.00
48.00,115.00,11.00,8.00,1.00,0.00,12.00,0.00
53.00,76.00,8.00,4.00,1.00,0.00,8.00,0.00
73.00,62.00,5.00,6.00,2.00,0.00,5.00,0.00
53.00,37.00,2.00,1.00,3.00,0.00,3.00,0.00
59.00,30.00,4.00,1.00,5.00,0.00,4.00,0.00
54.00,23.00,4.00,1.00,2.00,0.00,3.00,0.00
41.00,34.00,5.00,3.00,3.00,0.00,3.00,0.00
42.00,33.00,6.00,4.00,0.00,0.00,3.00,0.00
28.00,12.00,1.00,0.00,0.00,0.00,1.00,0.00
4.00,1.00,0.00,0.00,0.00,0.00,0.00,0.00
4.00,2.00,0.00,0.00,1.00,0.00,0.00,0.00
6.00,3.00,2.00,1.00,0.00,0.00,0.00,0.00
15.00,65.00,16.00,1.00,1.00,0.00,8.00,0.00
19.00,101.00,53.00,7.00,2.00,0.00,15.00,0.00
15.00,79.00,74.00,11.00,1.00,0.00,12.00,0.00
17.00,23.00,30.00,7.00,0.00,0.00,5.00,0.00
10.00,62.00,56.00,5.00,1.00,0.00,9.00,0.00
16.00,32.00,16.00,4.00,0.00,0.00,4.00,0.00
10.00,61.00,39.00,3.00,0.00,0.00,8.00,0.00
16.00,39.00,16.00,2.00,1.00,0.00,5.00,0.00
11.00,49.00,18.00,2.00,0.00,0.00,6.00,0.00
10.00,22.00,9.00,2.00,0.00,0.00,3.00,0.00
10.00,38.00,3.00,1.00,0.00,0.00,5.00,0.00
12.00,18.00,4.00,1.00,0.00,0.00,2.00,0.00
9.00,18.00,2.00,1.00,0.00,0.00,2.00,0.00
17.00,19.00,5.00,3.00,0.00,0.00,2.00,0.00
14.00,17.00,0.00,2.00,0.00,0.00,1.00,0.00
14.00,10.00,2.00,1.00,0.00,0.00,1.00,0.00
28.00,21.00,1.00,1.00,0.00,0.00,2.00,0.00
16.00,7.00,0.00,0.00,0.00,0.00,1.00,0.00
2.00,0.00,0.00,0.00,1.00,0.00,0.00,0.00
1.00,0.00,0.00,0.00,0.00,0.00,0.00,0.00
5.00,6.00,2.00,1.00,0.00,0.00,3.00,0.00
0.00,0.00,0.00,0.00,0.00,0.00,2.00,0.00
25.00,27.00,3.00,1.00,0.00,0.00,2.00,0.00
14.00,27.00,1.00,1.00,0.00,0.00,2.00,0.00
29.00,24.00,3.00,1.00,0.00,0.00,2.00,0.00
13.00,17.00,1.00,1.00,1.00,0.00,1.00,0.00
25.00,28.00,3.00,1.00,1.00,0.00,2.00,0.00
16.00,14.00,3.00,3.00,2.00,0.00,2.00,0.00
12.00,19.00,2.00,2.00,0.00,0.00,1.00,0.00
24.00,28.00,3.00,1.00,1.00,0.00,2.00,0.00
16.00,17.00,4.00,1.00,1.00,0.00,1.00,0.00
21.00,26.00,2.00,3.00,2.00,0.00,2.00,0.00
15.00,16.00,4.00,1.00,0.00,0.00,1.00,0.00
24.00,24.00,1.00,1.00,1.00,0.00,2.00,0.00
15.00,12.00,3.00,1.00,0.00,0.00,1.00,0.00
24.00,27.00,8.00,2.00,0.00,0.00,2.00,0.00
14.00,6.00,3.00,1.00,1.00,0.00,1.00,0.00
27.00,32.00,2.00,1.00,0.00,0.00,2.00,0.00
13.00,10.00,1.00,1.00,0.00,0.00,1.00,0.00
25.00,28.00,1.00,1.00,0.00,0.00,2.00,0.00
15.00,7.00,2.00,1.00,0.00,0.00,1.00,0.00
24.00,26.00,1.00,1.00,0.00,0.00,2.00,0.00
14.00,8.00,0.00,1.00,0.00,0.00,1.00,0.00
17.00,13.00,0.00,1.00,0.00,0.00,1.00,0.00
18.00,16.00,1.00,0.00,0.00,0.00,1.00,0.00
10.00,2.00,0.00,1.00,0.00,0.00,0.00,0.00
19.00,15.00,1.00,1.00,0.00,0.00,1.00,0.00
13.00,10.00,0.00,1.00,1.00,0.00,1.00,0.00
9.00,5.00,0.00,0.00,0.00,0.00,0.00,0.00
17.00,14.00,0.00,1.00,1.00,0.00,1.00,0.00
8.00,4.00,0.00,1.00,0.00,0.00,0.00,0.00
14.00,8.00,12.00,1.00,0.00,0.00,2.00,0.00
10.00,9.00,8.00,1.00,1.00,0.00,1.00,0.00
7.00,4.00,2.00,0.00,0.00,0.00,0.00,0.00
13.00,9.00,2.00,0.00,0.00,0.00,1.00,0.00
9.00,8.00,0.00,0.00,0.00,0.00,0.00,0.00
5.00,2.00,0.00,0.00,0.00,0.00,0.00,0.00
10.00,7.00,0.00,0.00,0.00,0.00,0.00,0.00
5.00,5.00,0.00,0.00,0.00,0.00,0.00,0.00
5.00,3.00,0.00,0.00,1.00,0.00,0.00,0.00
5.00,4.00,1.00,0.00,1.00,0.00,0.00,0.00
4.00,4.00,0.00,0.00,0.00,0.00,0.00,0.00
0.00,1.00,0.00,0.00,0.00,0.00,0.00,0.00
1.00,0.00,0.00,0.00,0.00,0.00,0.00,0.00
1.00,0.00,0.00,0.00,0.00,0.00,0.00,0.00
1.00,0.00,0.00,0.00,0.00,0.00,0.00,0.00
0.00,0.00,0.00,0.00,0.00,0.00,0.00,0.00
1.00,0.00,3.00,1.00,0.00,0.00,0.00,0.00
0.00,0.00,2.00,0.00,0.00,0.00,0.00,0.00
0.00,0.00,1.00,0.00,0.00,0.00,0.00,0.00
0.00,0.00,0.00,0.00,1.00,0.00,0.00,0.00
0.00,2.00,13.00,3.00,1.00,0.00,2.00,0.00
24.00,21.00,4.00,0.00,0.00,0.00,1.00,0.00
21.00,15.00,5.00,0.00,0.00,0.00,1.00,0.00
31.00,31.00,11.00,1.00,0.00,0.00,2.00,0.00
23.00,18.00,4.00,0.00,0.00,0.00,1.00,0.00
30.00,51.00,15.00,0.00,0.00,0.00,4.00,0.00
11.00,34.00,14.00,0.00,0.00,0.00,3.00,0.00
18.00,43.00,19.00,0.00,0.00,0.00,5.00,0.00
8.00,27.00,8.00,0.00,0.00,0.00,3.00,0.00
15.00,11.00,3.00,0.00,0.00,0.00,1.00,0.00
9.00,3.00,16.00,6.00,0.00,0.00,3.00,0.00
16.00,7.00,7.00,0.00,0.00,0.00,1.00,0.00
25.00,11.00,8.00,0.00,0.00,0.00,1.00,0.00
37.00,28.00,7.00,1.00,0.00,0.00,2.00,0.00
34.00,54.00,20.00,1.00,0.00,0.00,6.00,0.00
20.00,45.00,17.00,1.00,1.00,0.00,6.00,0.00
13.00,74.00,32.00,1.00,0.00,0.00,10.00,0.00
26.00,85.00,53.00,1.00,0.00,0.00,12.00,0.00
32.00,74.00,33.00,1.00,1.00,0.00,10.00,0.00
23.00,69.00,8.00,1.00,1.00,0.00,9.00,0.00
13.00,70.00,12.00,3.00,2.00,0.00,9.00,0.00
14.00,40.00,7.00,2.00,1.00,0.00,4.00,0.00
11.00,3.00,1.00,0.00,0.00,0.00,0.00,0.00
8.00,0.00,10.00,0.00,0.00,0.00,2.00,0.00
1.00,0.00,4.00,1.00,1.00,0.00,0.00,0.00
1.00,0.00,3.00,1.00,1.00,0.00,0.00,0.00
0.00,0.00,3.00,0.00,0.00,0.00,1.00,0.00
2.00,0.00,2.00,1.00,0.00,0.00,1.00,0.00
22.00,18.00,2.00,1.00,1.00,0.00,1.00,0.00
19.00,12.00,4.00,0.00,1.00,0.00,1.00,0.00
24.00,31.00,11.00,0.00,0.00,0.00,2.00,0.00
11.00,17.00,15.00,1.00,0.00,0.00,2.00,0.00
12.00,35.00,13.00,1.00,0.00,0.00,4.00,0.00
9.00,19.00,13.00,1.00,0.00,0.00,2.00,0.00
13.00,37.00,12.00,0.00,1.00,0.00,4.00,0.00
8.00,10.00,2.00,0.00,1.00,0.00,0.00,0.00
20.00,10.00,4.00,0.00,1.00,0.00,1.00,0.00
12.00,4.00,3.00,1.00,1.00,0.00,1.00,0.00
19.00,7.00,5.00,0.00,1.00,0.00,0.00,0.00
14.00,5.00,2.00,0.00,0.00,0.00,1.00,0.00
17.00,25.00,5.00,0.00,1.00,0.00,2.00,0.00
10.00,18.00,8.00,1.00,1.00,0.00,2.00,0.00
12.00,34.00,15.00,0.00,0.00,0.00,4.00,0.00
11.00,15.00,14.00,0.00,0.00,0.00,2.00,0.00
5.00,23.00,10.00,0.00,0.00,0.00,2.00,0.00
14.00,20.00,15.00,0.00,0.00,0.00,2.00,0.00
6.00,14.00,8.00,0.00,0.00,0.00,1.00,0.00
13.00,17.00,16.00,0.00,0.00,0.00,2.00,0.00
5.00,17.00,7.00,0.00,0.00,0.00,2.00,0.00
11.00,15.00,10.00,0.00,0.00,0.00,2.00,0.00
4.00,12.00,3.00,0.00,0.00,0.00,1.00,0.00
42.00,38.00,5.00,4.00,3.00,0.00,3.00,0.00
39.00,17.00,1.00,10.00,8.00,0.00,7.00,0.00
17.00,4.00,1.00,4.00,3.00,0.00,2.00,0.00
3.00,3.00,1.00,5.00,4.00,0.00,3.00,0.00
18.00,4.00,1.00,5.00,3.00,0.00,2.00,0.00
56.00,15.00,1.00,14.00,3.00,0.00,6.00,0.00
99.00,45.00,9.00,10.00,5.00,0.00,6.00,0.00
81.00,52.00,11.00,3.00,3.00,0.00,5.00,0.00
63.00,60.00,15.00,2.00,2.00,0.00,6.00,0.00
53.00,36.00,17.00,2.00,4.00,0.00,3.00,0.00
48.00,23.00,9.00,2.00,5.00,0.00,3.00,0.00
33.00,7.00,4.00,2.00,5.00,0.00,3.00,0.00
26.00,22.00,1.00,3.00,3.00,0.00,2.00,0.00
20.00,15.00,1.00,3.00,3.00,0.00,2.00,0.00
20.00,15.00,1.00,1.00,0.00,0.00,1.00,0.00
13.00,6.00,1.00,1.00,0.00,0.00,0.00,0.00
16.00,18.00,5.00,6.00,0.00,0.00,2.00,0.00
21.00,36.00,5.00,10.00,1.00,0.00,3.00,0.00
8.00,19.00,1.00,4.00,0.00,0.00,1.00,0.00
13.00,4.00,1.00,2.00,1.00,0.00,1.00,0.00
9.00,9.00,1.00,2.00,0.00,0.00,1.00,0.00
9.00,7.00,1.00,1.00,0.00,0.00,0.00,0.00
4.00,2.00,0.00,1.00,1.00,0.00,1.00,0.00
1.00,0.00,0.00,1.00,1.00,1.00,5.00,0.00
0.00,0.00,0.00,1.00,2.00,0.00,4.00,0.00
4.00,5.00,1.00,2.00,2.00,0.00,2.00,0.00
1.00,1.00,1.00,1.00,1.00,0.00,3.00,0.00
4.00,6.00,1.00,2.00,2.00,0.00,1.00,0.00
59.00,21.00,2.00,4.00,3.00,0.00,4.00,0.00
52.00,14.00,2.00,5.00,4.00,0.00,3.00,0.00
50.00,42.00,6.00,8.00,5.00,0.00,5.00,0.00
44.00,44.00,15.00,8.00,5.00,0.00,6.00,0.00
37.00,43.00,25.00,9.00,3.00,0.00,6.00,0.00
29.00,63.00,49.00,5.00,1.00,0.00,9.00,0.00
22.00,70.00,60.00,4.00,3.00,0.00,10.00,0.00
29.00,33.00,24.00,3.00,2.00,0.00,5.00,0.00
17.00,62.00,34.00,3.00,2.00,0.00,8.00,0.00
41.00,74.00,54.00,4.00,5.00,0.00,10.00,0.00
56.00,54.00,27.00,10.00,7.00,0.00,6.00,0.00
58.00,77.00,7.00,8.00,5.00,0.00,6.00,0.00
31.00,88.00,29.00,11.00,4.00,0.00,10.00,0.00
22.00,56.00,19.00,8.00,3.00,0.00,7.00,0.00
21.00,44.00,15.00,7.00,3.00,0.00,5.00,0.00
18.00,44.00,39.00,3.00,1.00,0.00,6.00,0.00
15.00,66.00,53.00,3.00,2.00,0.00,9.00,0.00
23.00,48.00,51.00,1.00,2.00,0.00,8.00,0.00
22.00,45.00,25.00,2.00,1.00,0.00,6.00,0.00
17.00,56.00,17.00,1.00,1.00,0.00,8.00,0.00
15.00,86.00,29.00,1.00,1.00,0.00,12.00,0.00
14.00,94.00,38.00,1.00,1.00,0.00,13.00,0.00
21.00,22.00,4.00,1.00,1.00,0.00,2.00,0.00
73.00,112.00,9.00,1.00,1.00,0.00,9.00,0.00
69.00,95.00,14.00,2.00,2.00,0.00,8.00,0.00
60.00,62.00,14.00,1.00,1.00,0.00,5.00,0.00
48.00,51.00,16.00,1.00,0.00,0.00,4.00,0.00
7.00,4.00,6.00,0.00,0.00,0.00,1.00,0.00
5.00,3.00,1.00,1.00,0.00,0.00,0.00,0.00
2.00,2.00,0.00,1.00,0.00,0.00,0.00,0.00
1.00,1.00,0.00,1.00,0.00,0.00,0.00,0.00
6.00,7.00,1.00,0.00,0.00,0.00,0.00,0.00
16.00,18.00,6.00,1.00,1.00,0.00,1.00,0.00
16.00,16.00,8.00,1.00,1.00,0.00,1.00,0.00
12.00,12.00,3.00,0.00,0.00,0.00,1.00,0.00
13.00,12.00,1.00,0.00,1.00,0.00,1.00,0.00
10.00,11.00,2.00,1.00,1.00,0.00,1.00,0.00
8.00,11.00,2.00,0.00,1.00,0.00,1.00,0.00
10.00,12.00,2.00,1.00,1.00,0.00,1.00,0.00
12.00,15.00,2.00,0.00,0.00,0.00,1.00,0.00
6.00,5.00,1.00,0.00,0.00,0.00,0.00,0.00
2.00,1.00,0.00,0.00,0.00,0.00,0.00,0.00
2.00,1.00,0.00,0.00,0.00,0.00,0.00,0.00
0.00,1.00,0.00,1.00,1.00,0.00,0.00,0.00
2.00,1.00,0.00,0.00,0.00,0.00,0.00,0.00
7.00,8.00,1.00,0.00,0.00,0.00,0.00,0.00
10.00,19.00,1.00,0.00,0.00,0.00,1.00,0.00
12.00,13.00,3.00,0.00,0.00,0.00,1.00,0.00
10.00,8.00,1.00,0.00,0.00,0.00,0.00,0.00
11.00,8.00,0.00,0.00,0.00,0.00,0.00,0.00
3.00,4.00,0.00,0.00,0.00,0.00,0.00,0.00
6.00,3.00,0.00,0.00,0.00,0.00,0.00,0.00
2.00,1.00,0.00,0.00,0.00,0.00,0.00,0.00
0.00,0.00,0.00,0.00,0.00,0.00,0.00,0.00
1.00,0.00,0.00,0.00,0.00,0.00,0.00,0.00
0.00,1.00,0.00,0.00,0.00,0.00,0.00,0.00
1.00,0.00,0.00,0.00,0.00,0.00,0.00,0.00
1.00,0.00,0.00,0.00,0.00,0.00,0.00,0.00
0.00,0.00,0.00,0.00,0.00,0.00,0.00,0.00
1.00,0.00,0.00,0.00,1.00,0.00,0.00,0.00
1.00,0.00,0.00,0.00,0.00,0.00,0.00,0.00
0.00,0.00,0.00,0.00,0.00,0.00,0.00,0.00
0.00,0.00,0.00,0.00,0.00,0.00,0.00,0.00
0.00,0.00,0.00,0.00,0.00,0.00,0.00,0.00
0.00,0.00,0.00,0.00,0.00,0.00,0.00,0.00
0.00,0.00,0.00,0.00,0.00,0.00,0.00,0.00
1.00,0.00,0.00,0.00,0.00,0.00,0.00,0.00
1.00,0.00,0.00,0.00,0.00,0.00,0.00,0.00
1.00,0.00,0.00,0.00,0.00,0.00,0.00,0.00
1.00,0.00,0.00,0.00,0.00,0.00,0.00,0.00
0.00,0.00,0.00,0.00,0.00,0.00,0.00,0.00
2.00,0.00,0.00,0.00,0.00,0.00,0.00,0.00
18.00,35.00,13.00,5.00,1.00,0.00,4.00,0.00
23.00,44.00,13.00,5.00,0.00,0.00,6.00,0.00
8.00,60.00,16.00,7.00,0.00,0.00,8.00,0.00
21.00,81.00,50.00,8.00,0.00,0.00,11.00,0.00
34.00,64.00,24.00,5.00,0.00,0.00,9.00,0.00
27.00,75.00,15.00,3.00,1.00,0.00,10.00,0.00
19.00,93.00,29.00,2.00,1.00,0.00,13.00,0.00
18.00,83.00,49.00,1.00,1.00,0.00,12.00,0.00
22.00,81.00,55.00,1.00,1.00,0.00,12.00,0.00
25.00,71.00,54.00,1.00,2.00,0.00,10.00,0.00
25.00,49.00,31.00,1.00,1.00,0.00,6.00,0.00
15.00,16.00,12.00,0.00,0.00,0.00,2.00,0.00
10.00,12.00,11.00,0.00,0.00,0.00,1.00,0.00
7.00,11.00,6.00,1.00,0.00,0.00,1.00,0.00
8.00,9.00,9.00,0.00,0.00,0.00,1.00,0.00
9.00,23.00,14.00,0.00,1.00,0.00,3.00,0.00
8.00,41.00,16.00,1.00,1.00,0.00,5.00,0.00
10.00,55.00,23.00,1.00,3.00,0.00,7.00,0.00
12.00,59.00,24.00,2.00,2.00,0.00,7.00,0.00
14.00,67.00,26.00,3.00,3.00,0.00,8.00,0.00
18.00,78.00,34.00,3.00,2.00,0.00,10.00,0.00
23.00,84.00,44.00,2.00,2.00,0.00,10.00,0.00
32.00,92.00,51.00,1.00,2.00,0.00,11.00,0.00
36.00,92.00,51.00,1.00,2.00,0.00,11.00,0.00
37.00,100.00,52.00,2.00,2.00,0.00,12.00,0.00
37.00,100.00,50.00,4.00,3.00,0.00,12.00,0.00
37.00,96.00,48.00,4.00,2.00,0.00,12.00,0.00
40.00,69.00,40.00,3.00,1.00,0.00,8.00,0.00
29.00,46.00,26.00,2.00,1.00,0.00,6.00,0.00
16.00,62.00,22.00,2.00,1.00,0.00,7.00,0.00
19.00,92.00,30.00,3.00,1.00,0.00,11.00,0.00
33.00,89.00,40.00,3.00,2.00,0.00,11.00,0.00
37.00,66.00,29.00,3.00,2.00,0.00,7.00,0.00
34.00,58.00,26.00,2.00,1.00,0.00,6.00,0.00
31.00,50.00,24.00,3.00,1.00,0.00,6.00,0.00
23.00,46.00,27.00,1.00,0.00,0.00,5.00,0.00
16.00,76.00,33.00,1.00,0.00,0.00,9.00,0.00
35.00,81.00,39.00,2.00,0.00,0.00,9.00,0.00
35.00,62.00,32.00,1.00,0.00,0.00,7.00,0.00
17.00,48.00,29.00,1.00,0.00,0.00,5.00,0.00
22.00,73.00,38.00,0.00,0.00,0.00,9.00,0.00
36.00,70.00,35.00,0.00,1.00,0.00,7.00,0.00
27.00,42.00,24.00,1.00,0.00,0.00,4.00,0.00
14.00,35.00,20.00,1.00,1.00,0.00,4.00,0.00
13.00,46.00,27.00,1.00,1.00,0.00,5.00,0.00
24.00,53.00,29.00,0.00,0.00,0.00,6.00,0.00
28.00,34.00,27.00,1.00,1.00,0.00,4.00,0.00
11.00,28.00,19.00,0.00,0.00,0.00,3.00,0.00
23.00,49.00,22.00,0.00,0.00,0.00,5.00,0.00
26.00,28.00,22.00,0.00,0.00,0.00,3.00,0.00
24.00,31.00,17.00,1.00,1.00,0.00,4.00,0.00
14.00,17.00,9.00,0.00,0.00,0.00,2.00,0.00
18.00,43.00,15.00,1.00,1.00,0.00,4.00,0.00
17.00,23.00,11.00,0.00,0.00,0.00,3.00,0.00
14.00,41.00,16.00,0.00,1.00,0.00,4.00,0.00
19.00,30.00,14.00,0.00,1.00,0.00,3.00,0.00
9.00,34.00,12.00,0.00,0.00,0.00,3.00,0.00
21.00,31.00,15.00,0.00,1.00,0.00,4.00,0.00
10.00,29.00,11.00,0.00,1.00,0.00,3.00,0.00
22.00,31.00,17.00,0.00,0.00,0.00,4.00,0.00
8.00,25.00,9.00,0.00,1.00,0.00,2.00,0.00
19.00,39.00,16.00,0.00,1.00,0.00,4.00,0.00
18.00,25.00,14.00,1.00,0.00,0.00,3.00,0.00
6.00,24.00,10.00,0.00,0.00,0.00,2.00,0.00
23.00,37.00,11.00,0.00,0.00,0.00,4.00,0.00
10.00,19.00,5.00,0.00,0.00,0.00,2.00,0.00
26.00,37.00,5.00,1.00,0.00,0.00,3.00,0.00
9.00,13.00,1.00,1.00,0.00,0.00,1.00,0.00
12.00,9.00,1.00,1.00,0.00,0.00,0.00,0.00
2.00,1.00,0.00,1.00,1.00,0.00,1.00,0.00
0.00,1.00,1.00,1.00,1.00,0.00,2.00,0.00
1.00,2.00,0.00,1.00,1.00,0.00,2.00,0.00
1.00,1.00,1.00,1.00,1.00,0.00,1.00,0.00
13.00,24.00,1.00,3.00,1.00,0.00,2.00,0.00
21.00,38.00,3.00,2.00,0.00,0.00,3.00,0.00
25.00,17.00,2.00,1.00,0.00,0.00,1.00,0.00
31.00,10.00,2.00,1.00,0.00,0.00,1.00,0.00
23.00,8.00,1.00,0.00,0.00,0.00,1.00,0.00
16.00,16.00,2.00,0.00,0.00,0.00,1.00,0.00
26.00,45.00,6.00,2.00,0.00,0.00,4.00,0.00
35.00,46.00,15.00,4.00,1.00,0.00,5.00,0.00
34.00,47.00,19.00,9.00,1.00,0.00,6.00,0.00
28.00,42.00,13.00,8.00,0.00,0.00,5.00,0.00
17.00,69.00,18.00,9.00,1.00,0.00,9.00,0.00
24.00,89.00,31.00,8.00,1.00,0.00,11.00,0.00
29.00,57.00,30.00,8.00,1.00,0.00,8.00,0.00
17.00,64.00,15.00,10.00,1.00,0.00,8.00,0.00
23.00,78.00,24.00,11.00,1.00,0.00,10.00,0.00
27.00,62.00,30.00,11.00,1.00,0.00,8.00,0.00
12.00,59.00,24.00,8.00,1.00,0.00,7.00,0.00
22.00,86.00,48.00,4.00,1.00,0.00,12.00,0.00
25.00,60.00,40.00,2.00,1.00,0.00,8.00,0.00
12.00,47.00,13.00,1.00,2.00,0.00,6.00,0.00
24.00,70.00,27.00,1.00,0.00,0.00,9.00,0.00
25.00,28.00,10.00,1.00,0.00,0.00,3.00,0.00
20.00,37.00,7.00,2.00,1.00,0.00,3.00,0.00
37.00,30.00,5.00,2.00,1.00,0.00,2.00,0.00
22.00,24.00,5.00,0.00,0.00,0.00,2.00,0.00
33.00,22.00,3.00,0.00,0.00,0.00,2.00,0.00
21.00,9.00,1.00,0.00,0.00,0.00,1.00,0.00
31.00,35.00,1.00,1.00,0.00,0.00,2.00,0.00
45.00,27.00,7.00,2.00,0.00,0.00,3.00,0.00
31.00,29.00,3.00,1.00,0.00,0.00,2.00,0.00
36.00,17.00,1.00,1.00,1.00,0.00,2.00,0.00
25.00,26.00,1.00,1.00,1.00,0.00,2.00,0.00
28.00,13.00,0.00,0.00,1.00,0.00,2.00,0.00
21.00,21.00,1.00,0.00,1.00,0.00,1.00,0.00
23.00,10.00,0.00,0.00,0.00,0.00,1.00,0.00
21.00,10.00,0.00,1.00,1.00,0.00,1.00,0.00
15.00,6.00,0.00,0.00,1.00,0.00,1.00,0.00
3.00,1.00,0.00,0.00,1.00,0.00,1.00,0.00
2.00,1.00,0.00,1.00,1.00,0.00,1.00,0.00
17.00,13.00,0.00,1.00,0.00,0.00,1.00,0.00
28.00,31.00,5.00,1.00,1.00,0.00,2.00,0.00
12.00,13.00,9.00,4.00,1.00,0.00,1.00,0.00
9.00,41.00,17.00,6.00,0.00,0.00,5.00,0.00
13.00,22.00,14.00,3.00,1.00,0.00,2.00,0.00
8.00,35.00,16.00,3.00,0.00,0.00,5.00,0.00
13.00,21.00,11.00,3.00,0.00,0.00,2.00,0.00
9.00,32.00,8.00,3.00,1.00,0.00,4.00,0.00
12.00,26.00,7.00,3.00,1.00,0.00,3.00,0.00
13.00,10.00,0.00,1.00,0.00,0.00,1.00,0.00
10.00,2.00,0.00,0.00,0.00,0.00,0.00,0.00
4.00,1.00,0.00,0.00,0.00,0.00,0.00,0.00
0.00,0.00,0.00,0.00,1.00,0.00,0.00,0.00
1.00,0.00,0.00,0.00,0.00,0.00,0.00,0.00
1.00,0.00,0.00,0.00,0.00,0.00,0.00,0.00
2.00,2.00,1.00,0.00,0.00,0.00,2.00,0.00
4.00,1.00,0.00,1.00,0.00,0.00,1.00,0.00
7.00,4.00,0.00,0.00,0.00,0.00,0.00,0.00
21.00,33.00,11.00,2.00,1.00,0.00,3.00,0.00
4.00,35.00,6.00,2.00,1.00,0.00,4.00,0.00
18.00,52.00,29.00,1.00,1.00,0.00,6.00,0.00
15.00,35.00,17.00,1.00,0.00,0.00,4.00,0.00
5.00,33.00,9.00,2.00,1.00,0.00,4.00,0.00
14.00,50.00,30.00,1.00,1.00,0.00,7.00,0.00
19.00,42.00,27.00,2.00,1.00,0.00,5.00,0.00
6.00,29.00,6.00,0.00,1.00,0.00,3.00,0.00
17.00,45.00,20.00,1.00,1.00,0.00,5.00,0.00
8.00,15.00,5.00,0.00,0.00,0.00,1.00,0.00
17.00,33.00,11.00,0.00,0.00,0.00,3.00,0.00
10.00,21.00,4.00,0.00,1.00,0.00,2.00,0.00
21.00,25.00,5.00,0.00,0.00,0.00,2.00,0.00
10.00,9.00,4.00,0.00,0.00,0.00,1.00,0.00
22.00,21.00,1.00,0.00,0.00,0.00,1.00,0.00
7.00,4.00,1.00,1.00,0.00,0.00,0.00,0.00
4.00,1.00,0.00,0.00,0.00,0.00,0.00,0.00
0.00,1.00,0.00,2.00,1.00,0.00,1.00,0.00
0.00,1.00,0.00,2.00,1.00,0.00,1.00,0.00
0.00,0.00,1.00,5.00,1.00,0.00,2.00,0.00
32.00,11.00,1.00,2.00,1.00,0.00,1.00,0.00
29.00,18.00,2.00,3.00,0.00,0.00,2.00,0.00
29.00,29.00,3.00,2.00,2.00,0.00,2.00,0.00
26.00,34.00,3.00,2.00,1.00,0.00,3.00,0.00
20.00,28.00,6.00,1.00,0.00,0.00,2.00,0.00
28.00,20.00,16.00,1.00,1.00,0.00,3.00,0.00
29.00,41.00,15.00,1.00,1.00,0.00,5.00,0.00
33.00,39.00,20.00,2.00,2.00,0.00,4.00,0.00
30.00,58.00,22.00,3.00,2.00,0.00,6.00,0.00
14.00,23.00,6.00,3.00,1.00,0.00,2.00,0.00
12.00,21.00,12.00,2.00,1.00,0.00,2.00,0.00
7.00,8.00,5.00,1.00,0.00,0.00,0.00,0.00
2.00,2.00,1.00,0.00,2.00,0.00,2.00,0.00
1.00,1.00,0.00,0.00,1.00,0.00,1.00,0.00
0.00,0.00,0.00,0.00,1.00,0.00,1.00,0.00
0.00,1.00,0.00,0.00,0.00,0.00,0.00,0.00
4.00,2.00,0.00,0.00,0.00,0.00,0.00,0.00
29.00,31.00,4.00,1.00,0.00,0.00,2.00,0.00
26.00,59.00,8.00,0.00,0.00,0.00,5.00,0.00
25.00,56.00,5.00,0.00,0.00,0.00,4.00,0.00
37.00,51.00,8.00,1.00,1.00,0.00,4.00,0.00
28.00,38.00,18.00,1.00,1.00,0.00,3.00,0.00
9.00,18.00,16.00,1.00,0.00,0.00,3.00,0.00
15.00,47.00,25.00,1.00,1.00,0.00,6.00,0.00
9.00,38.00,22.00,2.00,1.00,0.00,4.00,0.00
11.00,49.00,23.00,3.00,1.00,0.00,6.00,0.00
9.00,24.00,26.00,2.00,1.00,0.00,5.00,0.00
10.00,30.00,28.00,4.00,2.00,0.00,6.00,0.00
4.00,6.00,8.00,0.00,1.00,0.00,2.00,0.00
2.00,3.00,7.00,0.00,0.00,0.00,1.00,0.00
1.00,1.00,6.00,0.00,0.00,0.00,1.00,0.00
2.00,7.00,7.00,0.00,0.00,0.00,1.00,0.00
2.00,3.00,6.00,1.00,0.00,0.00,1.00,0.00
0.00,5.00,12.00,1.00,0.00,0.00,2.00,0.00
3.00,11.00,11.00,0.00,0.00,0.00,1.00,0.00
1.00,1.00,0.00,0.00,0.00,0.00,0.00,0.00
0.00,0.00,0.00,0.00,0.00,0.00,0.00,0.00
1.00,0.00,0.00,0.00,0.00,0.00,0.00,0.00
0.00,0.00,0.00,0.00,0.00,0.00,0.00,0.00
0.00,0.00,0.00,0.00,0.00,0.00,0.00,0.00
0.00,0.00,0.00,0.00,0.00,0.00,0.00,0.00
1.00,0.00,0.00,0.00,0.00,0.00,0.00,0.00
1.00,0.00,0.00,0.00,0.00,0.00,0.00,0.00
0.00,0.00,0.00,0.00,0.00,0.00,0.00,0.00
1.00,1.00,0.00,0.00,1.00,0.00,0.00,0.00
0.00,1.00,0.00,0.00,0.00,0.00,0.00,0.00
0.00,0.00,0.00,0.00,0.00,0.00,0.00,0.00
0.00,0.00,0.00,0.00,0.00,0.00,0.00,0.00
1.00,0.00,0.00,0.00,0.00,0.00,0.00,0.00
0.00,0.00,0.00,0.00,0.00,0.00,0.00,0.00
30.00,12.00,0.00,4.00,3.00,0.00,2.00,0.00
52.00,18.00,1.00,8.00,2.00,0.00,4.00,0.00
36.00,39.00,5.00,4.00,1.00,0.00,4.00,0.00
21.00,34.00,8.00,4.00,1.00,0.00,3.00,0.00
28.00,43.00,16.00,3.00,1.00,0.00,4.00,0.00
34.00,60.00,17.00,1.00,1.00,0.00,5.00,0.00
17.00,39.00,9.00,1.00,1.00,0.00,3.00,0.00
26.00,42.00,10.00,1.00,1.00,0.00,3.00,0.00
38.00,56.00,5.00,1.00,1.00,0.00,5.00,0.00
14.00,24.00,8.00,1.00,0.00,0.00,1.00,0.00
31.00,39.00,5.00,0.00,1.00,0.00,3.00,0.00
25.00,31.00,9.00,1.00,0.00,0.00,2.00,0.00
23.00,27.00,3.00,0.00,1.00,0.00,2.00,0.00
32.00,36.00,6.00,1.00,1.00,0.00,3.00,0.00
21.00,25.00,2.00,1.00,1.00,0.00,2.00,0.00
27.00,25.00,3.00,0.00,1.00,0.00,2.00,0.00
4.00,4.00,0.00,0.00,0.00,0.00,0.00,0.00
2.00,2.00,0.00,1.00,0.00,0.00,0.00,0.00
1.00,0.00,0.00,0.00,0.00,0.00,0.00,0.00
1.00,2.00,1.00,1.00,0.00,0.00,1.00,0.00
30.00,24.00,1.00,3.00,1.00,0.00,2.00,0.00
42.00,24.00,2.00,11.00,4.00,0.00,6.00,0.00
42.00,24.00,1.00,18.00,7.00,0.00,11.00,0.00
44.00,16.00,0.00,23.00,4.00,0.00,13.00,0.00
39.00,20.00,1.00,15.00,5.00,0.00,8.00,0.00
23.00,25.00,1.00,12.00,9.00,0.00,7.00,0.00
26.00,23.00,0.00,8.00,5.00,0.00,4.00,0.00
22.00,15.00,1.00,5.00,1.00,0.00,2.00,0.00
12.00,5.00,0.00,2.00,0.00,0.00,1.00,0.00
20.00,9.00,0.00,1.00,1.00,0.00,1.00,0.00
38.00,27.00,2.00,5.00,2.00,0.00,2.00,0.00
47.00,43.00,3.00,9.00,2.00,0.00,4.00,0.00
56.00,66.00,5.00,10.00,4.00,0.00,6.00,0.00
51.00,55.00,4.00,6.00,6.00,0.00,4.00,0.00
15.00,4.00,5.00,6.00,1.00,0.00,2.00,0.00
3.00,4.00,0.00,1.00,1.00,0.00,3.00,0.00
2.00,2.00,0.00,0.00,2.00,1.00,9.00,0.00
1.00,2.00,0.00,0.00,2.00,1.00,5.00,0.00
1.00,0.00,0.00,0.00,1.00,0.00,2.00,0.00
5.00,1.00,1.00,1.00,1.00,0.00,2.00,0.00
30.00,34.00,2.00,3.00,1.00,0.00,3.00,0.00
47.00,43.00,4.00,4.00,2.00,0.00,3.00,0.00
46.00,35.00,3.00,6.00,2.00,0.00,3.00,0.00
29.00,11.00,2.00,5.00,3.00,0.00,3.00,0.00
32.00,18.00,0.00,4.00,1.00,0.00,2.00,0.00
15.00,9.00,0.00,4.00,1.00,0.00,2.00,0.00
15.00,10.00,0.00,4.00,1.00,0.00,2.00,0.00
19.00,12.00,0.00,6.00,2.00,0.00,3.00,0.00
21.00,11.00,0.00,9.00,2.00,0.00,4.00,0.00
17.00,7.00,0.00,8.00,1.00,0.00,4.00,0.00
27.00,28.00,0.00,1.00,1.00,0.00,2.00,0.00
16.00,23.00,0.00,1.00,0.00,0.00,2.00,0.00
5.00,9.00,0.00,1.00,0.00,0.00,0.00,0.00
0.00,1.00,0.00,0.00,0.00,0.00,0.00,0.00
0.00,0.00,0.00,1.00,0.00,0.00,0.00,0.00
1.00,0.00,0.00,0.00,1.00,0.00,0.00,0.00
0.00,0.00,0.00,0.00,1.00,0.00,0.00,0.00
1.00,1.00,0.00,0.00,0.00,0.00,1.00,0.00
0.00,0.00,0.00,2.00,1.00,0.00,2.00,0.00
0.00,0.00,0.00,1.00,4.00,0.00,3.00,0.00
0.00,0.00,0.00,1.00,2.00,0.00,3.00,0.00
0.00,0.00,0.00,2.00,1.00,0.00,2.00,0.00
3.00,1.00,0.00,2.00,1.00,0.00,2.00,0.00
32.00,47.00,8.00,4.00,2.00,0.00,4.00,0.00
70.00,115.00,9.00,7.00,6.00,0.00,10.00,0.00
53.00,99.00,33.00,6.00,5.00,0.00,8.00,0.00
25.00,49.00,22.00,7.00,5.00,0.00,5.00,0.00
52.00,84.00,11.00,9.00,6.00,0.00,7.00,0.00
126.00,128.00,4.00,19.00,6.00,0.00,17.00,0.00
113.00,128.00,3.00,21.00,5.00,0.00,12.00,0.00
40.00,38.00,1.00,20.00,4.00,0.00,10.00,0.00
20.00,5.00,0.00,3.00,5.00,0.00,4.00,0.00
20.00,7.00,0.00,5.00,3.00,0.00,3.00,0.00
16.00,4.00,0.00,4.00,0.00,0.00,2.00,0.00
5.00,2.00,0.00,0.00,0.00,0.00,0.00,0.00
1.00,1.00,0.00,1.00,0.00,0.00,0.00,0.00
2.00,1.00,0.00,0.00,0.00,0.00,0.00,0.00
2.00,0.00,0.00,0.00,0.00,0.00,0.00,0.00
0.00,0.00,0.00,0.00,0.00,0.00,0.00,0.00
1.00,0.00,0.00,0.00,0.00,0.00,0.00,0.00
1.00,0.00,0.00,0.00,0.00,0.00,0.00,0.00
0.00,1.00,0.00,0.00,0.00,0.00,0.00,0.00
1.00,0.00,0.00,1.00,1.00,0.00,1.00,0.00
1.00,0.00,0.00,0.00,0.00,0.00,0.00,0.00
5.00,3.00,0.00,0.00,0.00,0.00,1.00,0.00
6.00,5.00,0.00,0.00,0.00,0.00,0.00,0.00
15.00,9.00,0.00,0.00,1.00,0.00,1.00,0.00
19.00,4.00,0.00,0.00,0.00,0.00,1.00,0.00
6.00,2.00,0.00,0.00,1.00,0.00,3.00,0.00
2.00,2.00,0.00,0.00,1.00,1.00,4.00,0.00
1.00,0.00,0.00,1.00,2.00,1.00,5.00,0.00
0.00,1.00,0.00,1.00,2.00,1.00,5.00,0.00
0.00,0.00,0.00,1.00,6.00,1.00,4.00,0.00
0.00,0.00,0.00,2.00,2.00,0.00,2.00,0.00
0.00,0.00,0.00,1.00,1.00,0.00,1.00,0.00
1.00,1.00,0.00,0.00,0.00,0.00,0.00,0.00
1.00,0.00,0.00,0.00,1.00,0.00,0.00,0.00
2.00,1.00,0.00,0.00,0.00,0.00,0.00,0.00
2.00,1.00,0.00,0.00,1.00,0.00,0.00,0.00
5.00,2.00,0.00,1.00,1.00,0.00,0.00,0.00
23.00,47.00,24.00,1.00,0.00,0.00,5.00,0.00
21.00,57.00,36.00,2.00,2.00,0.00,8.00,0.00
18.00,91.00,89.00,4.00,5.00,0.00,14.00,0.00
15.00,50.00,55.00,11.00,7.00,0.00,14.00,0.00
21.00,41.00,56.00,14.00,4.00,0.00,13.00,0.00
11.00,48.00,67.00,16.00,2.00,0.00,11.00,0.00
13.00,24.00,19.00,14.00,1.00,0.00,5.00,0.00
9.00,15.00,10.00,3.00,1.00,0.00,2.00,0.00
8.00,8.00,1.00,1.00,0.00,0.00,0.00,0.00
10.00,3.00,3.00,0.00,0.00,0.00,0.00,0.00
11.00,10.00,4.00,1.00,0.00,0.00,1.00,0.00
7.00,5.00,9.00,4.00,0.00,0.00,2.00,0.00
8.00,20.00,28.00,1.00,1.00,0.00,4.00,0.00
7.00,12.00,13.00,0.00,0.00,0.00,2.00,0.00
8.00,12.00,16.00,1.00,0.00,0.00,4.00,0.00
18.00,22.00,19.00,0.00,1.00,0.00,4.00,0.00
25.00,37.00,10.00,1.00,1.00,0.00,3.00,0.00
11.00,26.00,6.00,0.00,0.00,0.00,2.00,0.00
3.00,2.00,1.00,0.00,0.00,0.00,0.00,0.00
0.00,2.00,0.00,0.00,0.00,0.00,0.00,0.00
4.00,4.00,1.00,0.00,2.00,0.00,3.00,0.00
12.00,22.00,0.00,1.00,0.00,0.00,2.00,0.00
25.00,25.00,0.00,4.00,1.00,0.00,2.00,0.00
14.00,13.00,1.00,4.00,1.00,0.00,2.00,0.00
16.00,9.00,1.00,4.00,2.00,0.00,2.00,0.00
20.00,8.00,1.00,2.00,1.00,0.00,1.00,0.00
14.00,5.00,0.00,1.00,0.00,0.00,1.00,0.00
17.00,7.00,1.00,1.00,0.00,0.00,0.00,0.00
12.00,9.00,0.00,1.00,0.00,0.00,0.00,0.00
6.00,4.00,0.00,0.00,0.00,0.00,0.00,0.00
14.00,25.00,2.00,2.00,0.00,0.00,2.00,0.00
22.00,58.00,5.00,3.00,1.00,0.00,5.00,0.00
62.00,85.00,8.00,0.00,1.00,0.00,7.00,0.00
36.00,54.00,12.00,0.00,0.00,0.00,4.00,0.00
33.00,21.00,4.00,0.00,0.00,0.00,2.00,0.00
16.00,13.00,3.00,0.00,0.00,0.00,1.00,0.00
29.00,28.00,7.00,0.00,0.00,0.00,2.00,0.00
25.00,41.00,9.00,0.00,0.00,0.00,3.00,0.00
7.00,13.00,3.00,1.00,0.00,0.00,1.00,0.00
25.00,40.00,2.00,2.00,0.00,0.00,3.00,0.00
8.00,16.00,7.00,2.00,0.00,0.00,1.00,0.00
11.00,15.00,1.00,1.00,0.00,0.00,1.00,0.00
9.00,8.00,0.00,0.00,0.00,0.00,0.00,0.00
8.00,3.00,0.00,0.00,0.00,0.00,0.00,0.00
8.00,6.00,0.00,0.00,0.00,0.00,0.00,0.00
7.00,1.00,0.00,0.00,0.00,0.00,0.00,0.00
5.00,2.00,0.00,0.00,0.00,0.00,0.00,0.00
7.00,3.00,0.00,0.00,0.00,0.00,0.00,0.00
5.00,3.00,1.00,1.00,0.00,0.00,1.00,0.00
12.00,10.00,1.00,1.00,0.00,0.00,1.00,0.00
48.00,84.00,3.00,14.00,4.00,0.00,7.00,0.00
63.00,70.00,11.00,7.00,2.00,0.00,7.00,0.00
44.00,44.00,12.00,2.00,0.00,0.00,4.00,0.00
31.00,62.00,18.00,2.00,0.00,0.00,5.00,0.00
21.00,63.00,19.00,6.00,1.00,0.00,8.00,0.00
5.00,22.00,19.00,2.00,1.00,0.00,4.00,0.00
6.00,7.00,9.00,1.00,0.00,0.00,1.00,0.00
3.00,4.00,2.00,0.00,0.00,0.00,0.00,0.00
1.00,1.00,1.00,0.00,0.00,0.00,0.00,0.00
1.00,0.00,0.00,0.00,0.00,0.00,0.00,0.00
1.00,1.00,0.00,0.00,0.00,0.00,0.00,0.00
1.00,0.00,0.00,0.00,0.00,0.00,0.00,0.00
0.00,0.00,0.00,0.00,0.00,0.00,0.00,0.00
0.00,1.00,0.00,0.00,0.00,0.00,0.00,0.00
0.00,0.00,0.00,0.00,0.00,0.00,0.00,0.00
0.00,0.00,0.00,0.00,0.00,0.00,0.00,0.00
0.00,0.00,0.00,0.00,0.00,0.00,0.00,0.00
0.00,0.00,0.00,0.00,0.00,0.00,0.00,0.00
0.00,0.00,0.00,0.00,0.00,0.00,0.00,0.00
0.00,0.00,0.00,0.00,0.00,0.00,0.00,0.00
0.00,0.00,0.00,0.00,0.00,0.00,0.00,0.00
0.00,0.00,1.00,0.00,1.00,0.00,0.00,0.00
1.00,1.00,0.00,0.00,0.00,0.00,0.00,0.00
1.00,1.00,0.00,0.00,0.00,0.00,0.00,0.00
4.00,7.00,4.00,0.00,1.00,0.00,1.00,0.00
2.00,8.00,3.00,0.00,1.00,0.00,1.00,0.00
6.00,11.00,6.00,0.00,0.00,0.00,1.00,0.00
9.00,9.00,5.00,1.00,0.00,0.00,1.00,0.00
8.00,11.00,4.00,2.00,0.00,0.00,1.00,0.00
7.00,13.00,6.00,1.00,0.00,0.00,1.00,0.00
3.00,8.00,5.00,3.00,0.00,0.00,1.00,0.00
4.00,9.00,4.00,2.00,0.00,0.00,1.00,0.00
2.00,4.00,1.00,1.00,0.00,0.00,0.00,0.00
3.00,1.00,1.00,1.00,0.00,0.00,0.00,0.00
1.00,0.00,0.00,1.00,0.00,0.00,0.00,0.00
1.00,0.00,0.00,0.00,0.00,0.00,0.00,0.00
1.00,0.00,0.00,0.00,0.00,0.00,0.00,0.00
0.00,1.00,0.00,0.00,0.00,0.00,0.00,0.00
0.00,0.00,0.00,0.00,0.00,0.00,0.00,0.00
1.00,0.00,0.00,0.00,0.00,0.00,0.00,0.00
1.00,0.00,0.00,0.00,0.00,0.00,0.00,0.00
0.00,0.00,0.00,0.00,0.00,0.00,0.00,0.00
0.00,0.00,0.00,0.00,0.00,0.00,0.00,0.00
0.00,0.00,0.00,0.00,0.00,0.00,0.00,0.00
0.00,0.00,0.00,1.00,0.00,0.00,0.00,0.00
0.00,0.00,0.00,0.00,0.00,0.00,0.00,0.00
0.00,1.00,0.00,0.00,0.00,0.00,0.00,0.00
0.00,0.00,0.00,0.00,0.00,0.00,0.00,0.00
0.00,0.00,0.00,0.00,0.00,0.00,0.00,0.00
0.00,0.00,0.00,0.00,0.00,0.00,0.00,0.00
48.00,30.00,0.00,5.00,2.00,0.00,3.00,0.00
64.00,24.00,1.00,1.00,2.00,0.00,4.00,0.00
100.00,54.00,2.00,1.00,2.00,0.00,7.00,0.00
52.00,30.00,1.00,1.00,0.00,0.00,3.00,0.00
7.00,3.00,0.00,1.00,1.00,0.00,0.00,0.00
2.00,0.00,0.00,0.00,1.00,0.00,0.00,0.00
6.00,5.00,0.00,0.00,0.00,0.00,0.00,0.00
16.00,7.00,0.00,1.00,0.00,0.00,1.00,0.00
14.00,4.00,1.00,0.00,0.00,0.00,0.00,0.00
17.00,7.00,2.00,0.00,0.00,0.00,1.00,0.00
128.00,59.00,21.00,4.00,3.00,0.00,9.00,0.00
49.00,23.00,12.00,2.00,2.00,0.00,3.00,0.00
39.00,38.00,13.00,1.00,3.00,0.00,3.00,0.00
35.00,82.00,12.00,0.00,1.00,0.00,7.00,0.00
82.00,100.00,19.00,1.00,2.00,0.00,8.00,0.00
58.00,65.00,42.00,2.00,3.00,0.00,8.00,0.00
32.00,122.00,57.00,5.00,6.00,0.00,16.00,0.00
31.00,90.00,57.00,6.00,5.00,0.00,11.00,0.00
9.00,67.00,89.00,12.00,4.00,0.00,14.00,0.00
14.00,28.00,27.00,9.00,2.00,0.00,5.00,0.00
13.00,12.00,25.00,12.00,3.00,0.00,4.00,0.00
13.00,29.00,24.00,23.00,6.00,0.00,8.00,0.00
12.00,24.00,26.00,12.00,6.00,0.00,6.00,0.00
16.00,16.00,24.00,18.00,3.00,0.00,6.00,0.00
17.00,18.00,21.00,16.00,4.00,0.00,6.00,0.00
20.00,19.00,11.00,11.00,4.00,0.00,4.00,0.00
27.00,17.00,5.00,14.00,3.00,0.00,5.00,0.00
26.00,18.00,1.00,8.00,1.00,0.00,3.00,0.00
25.00,16.00,1.00,5.00,0.00,0.00,2.00,0.00
8.00,13.00,0.00,2.00,0.00,0.00,1.00,0.00
2.00,1.00,0.00,0.00,0.00,0.00,0.00,0.00
2.00,2.00,0.00,0.00,0.00,0.00,0.00,0.00
1.00,0.00,0.00,0.00,0.00,0.00,0.00,0.00
3.00,0.00,0.00,1.00,0.00,0.00,0.00,0.00
0.00,1.00,0.00,0.00,0.00,0.00,0.00,0.00
1.00,0.00,0.00,0.00,0.00,0.00,0.00,0.00
0.00,0.00,0.00,0.00,0.00,0.00,0.00,0.00
0.00,0.00,0.00,0.00,0.00,0.00,0.00,0.00
0.00,0.00,0.00,0.00,0.00,0.00,0.00,0.00
1.00,0.00,0.00,0.00,0.00,0.00,0.00,0.00
0.00,0.00,0.00,0.00,0.00,0.00,0.00,0.00
1.00,0.00,0.00,0.00,0.00,0.00,0.00,0.00
0.00,0.00,0.00,0.00,0.00,0.00,0.00,0.00
0.00,0.00,0.00,1.00,0.00,0.00,0.00,0.00
1.00,0.00,0.00,0.00,0.00,0.00,0.00,0.00
0.00,0.00,0.00,0.00,0.00,0.00,0.00,0.00
0.00,0.00,0.00,0.00,0.00,0.00,0.00,0.00
5.00,4.00,0.00,0.00,0.00,0.00,0.00,0.00
7.00,4.00,0.00,0.00,0.00,0.00,0.00,0.00
10.00,4.00,0.00,0.00,0.00,0.00,0.00,0.00
13.00,52.00,58.00,9.00,2.00,0.00,9.00,0.00
9.00,47.00,29.00,6.00,1.00,0.00,6.00,0.00
11.00,49.00,44.00,5.00,2.00,0.00,10.00,0.00
19.00,76.00,55.00,4.00,2.00,0.00,13.00,0.00
27.00,70.00,42.00,2.00,2.00,0.00,10.00,0.00
30.00,55.00,19.00,1.00,3.00,0.00,6.00,0.00
17.00,26.00,8.00,1.00,5.00,0.00,7.00,0.00
3.00,7.00,2.00,1.00,2.00,0.00,4.00,0.00
1.00,2.00,1.00,1.00,3.00,2.00,9.00,0.00
1.00,1.00,1.00,0.00,3.00,2.00,18.00,0.00
7.00,3.00,2.00,1.00,4.00,2.00,18.00,0.00
5.00,2.00,2.00,2.00,3.00,1.00,7.00,0.00
3.00,2.00,0.00,1.00,1.00,0.00,6.00,0.00
5.00,3.00,1.00,0.00,0.00,0.00,1.00,0.00
29.00,19.00,4.00,0.00,1.00,0.00,2.00,0.00
41.00,23.00,5.00,0.00,2.00,0.00,3.00,0.00
31.00,20.00,2.00,0.00,1.00,0.00,2.00,0.00
8.00,7.00,0.00,0.00,0.00,0.00,0.00,0.00
2.00,2.00,0.00,0.00,0.00,0.00,0.00,0.00
6.00,6.00,1.00,1.00,1.00,0.00,1.00,0.00
46.00,40.00,2.00,2.00,3.00,0.00,3.00,0.00
74.00,57.00,1.00,7.00,2.00,0.00,5.00,0.00
75.00,43.00,1.00,16.00,2.00,0.00,6.00,0.00
61.00,33.00,0.00,11.00,2.00,0.00,5.00,0.00
16.00,10.00,0.00,2.00,1.00,0.00,1.00,0.00
11.00,13.00,0.00,1.00,1.00,0.00,1.00,0.00
14.00,14.00,1.00,1.00,3.00,0.00,3.00,0.00
15.00,12.00,0.00,2.00,1.00,0.00,1.00,0.00
10.00,11.00,0.00,2.00,0.00,0.00,1.00,0.00
11.00,9.00,1.00,1.00,0.00,0.00,1.00,0.00
10.00,6.00,1.00,1.00,0.00,0.00,0.00,0.00
7.00,6.00,0.00,1.00,0.00,0.00,0.00,0.00
14.00,15.00,2.00,2.00,0.00,0.00,1.00,0.00
21.00,30.00,2.00,1.00,1.00,0.00,2.00,0.00
13.00,24.00,3.00,1.00,0.00,0.00,2.00,0.00
34.00,37.00,4.00,1.00,0.00,0.00,3.00,0.00
24.00,20.00,2.00,0.00,0.00,0.00,1.00,0.00
25.00,25.00,6.00,0.00,0.00,0.00,2.00,0.00
23.00,40.00,3.00,0.00,1.00,0.00,3.00,0.00
12.00,9.00,3.00,0.00,0.00,0.00,1.00,0.00
9.00,5.00,2.00,0.00,0.00,0.00,0.00,0.00
5.00,5.00,1.00,1.00,0.00,0.00,0.00,0.00
2.00,2.00,1.00,0.00,0.00,0.00,0.00,0.00
4.00,4.00,0.00,1.00,0.00,0.00,0.00,0.00
6.00,4.00,0.00,0.00,0.00,0.00,0.00,0.00
4.00,2.00,1.00,0.00,0.00,0.00,0.00,0.00
8.00,5.00,0.00,1.00,0.00,0.00,0.00,0.00
1.00,1.00,0.00,0.00,0.00,0.00,0.00,0.00
1.00,0.00,0.00,0.00,0.00,0.00,1.00,0.00
1.00,1.00,0.00,1.00,0.00,0.00,0.00,0.00
30.00,39.00,5.00,1.00,1.00,0.00,3.00,0.00
42.00,27.00,4.00,4.00,2.00,0.00,2.00,0.00
24.00,25.00,3.00,6.00,1.00,0.00,2.00,0.00
16.00,6.00,1.00,1.00,0.00,0.00,1.00,0.00
15.00,16.00,0.00,0.00,0.00,0.00,1.00,0.00
14.00,21.00,0.00,1.00,0.00,0.00,1.00,0.00
13.00,13.00,1.00,1.00,0.00,0.00,1.00,0.00
18.00,8.00,0.00,1.00,0.00,0.00,1.00,0.00
15.00,10.00,0.00,0.00,1.00,0.00,1.00,0.00
8.00,10.00,0.00,1.00,0.00,0.00,0.00,0.00
11.00,7.00,0.00,1.00,1.00,0.00,1.00,0.00
11.00,5.00,0.00,0.00,1.00,0.00,1.00,0.00
4.00,2.00,0.00,0.00,2.00,0.00,3.00,0.00
2.00,1.00,0.00,0.00,1.00,0.00,2.00,0.00
0.00,0.00,0.00,1.00,2.00,0.00,3.00,0.00
0.00,0.00,0.00,1.00,2.00,0.00,5.00,0.00
0.00,0.00,0.00,1.00,2.00,0.00,4.00,0.00
1.00,0.00,0.00,1.00,1.00,0.00,3.00,0.00
0.00,1.00,1.00,2.00,2.00,0.00,3.00,0.00
10.00,9.00,1.00,1.00,0.00,0.00,0.00,0.00
44.00,22.00,1.00,11.00,1.00,0.00,6.00,0.00
54.00,28.00,0.00,5.00,1.00,0.00,4.00,0.00
34.00,8.00,1.00,3.00,0.00,0.00,2.00,0.00
23.00,10.00,0.00,2.00,0.00,0.00,1.00,0.00
21.00,10.00,1.00,2.00,0.00,0.00,1.00,0.00
21.00,9.00,1.00,3.00,0.00,0.00,1.00,0.00
25.00,12.00,1.00,3.00,1.00,0.00,1.00,0.00
30.00,25.00,2.00,5.00,2.00,0.00,3.00,0.00
23.00,36.00,2.00,9.00,2.00,0.00,4.00,0.00
14.00,38.00,3.00,16.00,2.00,0.00,6.00,0.00
14.00,20.00,3.00,6.00,1.00,0.00,2.00,0.00
18.00,21.00,4.00,9.00,1.00,0.00,3.00,0.00
18.00,19.00,3.00,8.00,2.00,0.00,3.00,0.00
28.00,32.00,3.00,8.00,0.00,0.00,3.00,0.00
8.00,8.00,4.00,1.00,1.00,0.00,1.00,0.00
3.00,5.00,0.00,1.00,1.00,0.00,1.00,0.00
1.00,0.00,0.00,0.00,1.00,0.00,2.00,0.00
1.00,0.00,0.00,0.00,2.00,0.00,4.00,0.00
1.00,1.00,0.00,0.00,1.00,0.00,2.00,0.00
13.00,10.00,1.00,0.00,0.00,0.00,1.00,0.00
23.00,21.00,3.00,1.00,1.00,0.00,2.00,0.00
21.00,28.00,13.00,1.00,0.00,0.00,3.00,0.00
10.00,38.00,11.00,1.00,0.00,0.00,4.00,0.00
13.00,29.00,9.00,1.00,1.00,0.00,2.00,0.00
19.00,38.00,4.00,4.00,1.00,0.00,3.00,0.00
24.00,33.00,1.00,4.00,0.00,0.00,3.00,0.00
11.00,12.00,0.00,1.00,1.00,0.00,1.00,0.00
9.00,9.00,0.00,0.00,0.00,0.00,0.00,0.00
15.00,14.00,0.00,1.00,0.00,0.00,1.00,0.00
11.00,10.00,1.00,0.00,1.00,0.00,0.00,0.00
24.00,19.00,2.00,0.00,1.00,0.00,1.00,0.00
23.00,9.00,1.00,1.00,0.00,0.00,1.00,0.00
9.00,10.00,0.00,0.00,0.00,0.00,0.00,0.00
7.00,7.00,0.00,0.00,1.00,0.00,0.00,0.00
17.00,16.00,1.00,1.00,0.00,0.00,1.00,0.00
35.00,25.00,1.00,3.00,0.00,0.00,2.00,0.00
47.00,29.00,2.00,2.00,1.00,0.00,3.00,0.00
23.00,13.00,1.00,1.00,0.00,0.00,1.00,0.00
6.00,2.00,0.00,0.00,0.00,0.00,0.00,0.00
5.00,1.00,0.00,0.00,0.00,0.00,0.00,0.00
7.00,4.00,1.00,0.00,1.00,0.00,0.00,0.00
16.00,18.00,2.00,0.00,0.00,0.00,1.00,0.00
21.00,19.00,4.00,0.00,0.00,0.00,1.00,0.00
27.00,15.00,8.00,0.00,1.00,0.00,2.00,0.00
44.00,22.00,4.00,0.00,1.00,0.00,3.00,0.00
46.00,22.00,6.00,0.00,0.00,0.00,3.00,0.00
27.00,18.00,7.00,1.00,0.00,0.00,2.00,0.00
24.00,31.00,5.00,0.00,1.00,0.00,2.00,0.00
12.00,55.00,5.00,1.00,2.00,0.00,5.00,0.00
41.00,83.00,2.00,2.00,1.00,0.00,7.00,0.00
54.00,54.00,1.00,5.00,1.00,0.00,4.00,0.00
15.00,14.00,0.00,1.00,1.00,0.00,1.00,0.00
5.00,3.00,0.00,1.00,1.00,0.00,1.00,0.00
6.00,5.00,0.00,0.00,2.00,0.00,1.00,0.00
4.00,5.00,0.00,0.00,0.00,0.00,0.00,0.00
3.00,4.00,0.00,0.00,2.00,0.00,2.00,0.00
6.00,4.00,0.00,0.00,1.00,0.00,1.00,0.00
3.00,3.00,0.00,0.00,0.00,0.00,0.00,0.00
3.00,3.00,0.00,0.00,0.00,0.00,0.00,0.00
7.00,4.00,0.00,0.00,1.00,0.00,1.00,0.00
2.00,5.00,0.00,1.00,1.00,0.00,1.00,0.00
5.00,6.00,0.00,0.00,0.00,0.00,0.00,0.00
7.00,5.00,0.00,0.00,1.00,0.00,0.00,0.00
2.00,2.00,0.00,1.00,1.00,0.00,0.00,0.00
4.00,2.00,0.00,1.00,0.00,0.00,0.00,0.00
3.00,0.00,0.00,0.00,0.00,0.00,0.00,0.00
4.00,2.00,0.00,0.00,0.00,0.00,0.00,0.00
4.00,0.00,0.00,0.00,0.00,0.00,0.00,0.00
2.00,0.00,0.00,1.00,1.00,0.00,0.00,0.00
0.00,0.00,0.00,0.00,0.00,0.00,0.00,0.00
1.00,1.00,0.00,0.00,0.00,0.00,0.00,0.00
1.00,0.00,0.00,0.00,0.00,0.00,0.00,0.00
0.00,0.00,0.00,0.00,0.00,0.00,0.00,0.00
1.00,0.00,0.00,0.00,0.00,0.00,0.00,0.00
1.00,0.00,0.00,0.00,0.00,0.00,0.00,0.00
0.00,0.00,0.00,0.00,0.00,0.00,0.00,0.00
0.00,0.00,0.00,0.00,0.00,0.00,0.00,0.00
0.00,1.00,0.00,0.00,0.00,0.00,0.00,0.00
0.00,0.00,0.00,0.00,0.00,0.00,0.00,0.00
1.00,0.00,0.00,0.00,0.00,0.00,0.00,0.00
15.00,25.00,14.00,2.00,2.00,0.00,3.00,0.00
16.00,32.00,33.00,3.00,2.00,0.00,5.00,0.00
20.00,35.00,21.00,3.00,2.00,0.00,4.00,0.00
23.00,20.00,6.00,1.00,1.00,0.00,2.00,0.00
12.00,9.00,2.00,1.00,0.00,0.00,1.00,0.00
2.00,2.00,1.00,0.00,1.00,1.00,3.00,0.00
1.00,1.00,0.00,0.00,2.00,1.00,3.00,0.00
10.00,10.00,1.00,1.00,2.00,0.00,2.00,0.00
32.00,40.00,3.00,3.00,1.00,0.00,3.00,0.00
35.00,32.00,4.00,1.00,1.00,0.00,2.00,0.00
22.00,15.00,4.00,0.00,0.00,0.00,1.00,0.00
33.00,16.00,4.00,1.00,0.00,0.00,2.00,0.00
37.00,35.00,7.00,2.00,0.00,0.00,3.00,0.00
22.00,30.00,10.00,4.00,1.00,0.00,3.00,0.00
4.00,7.00,4.00,3.00,1.00,0.00,1.00,0.00
5.00,6.00,2.00,2.00,1.00,0.00,1.00,0.00
9.00,10.00,5.00,2.00,0.00,0.00,1.00,0.00
20.00,37.00,18.00,14.00,1.00,0.00,5.00,0.00
26.00,69.00,19.00,18.00,1.00,0.00,8.00,0.00
26.00,79.00,26.00,11.00,2.00,0.00,9.00,0.00
25.00,87.00,21.00,12.00,2.00,0.00,10.00,0.00
24.00,81.00,13.00,6.00,1.00,0.00,10.00,0.00
21.00,40.00,7.00,3.00,1.00,0.00,4.00,0.00
20.00,30.00,3.00,1.00,1.00,0.00,2.00,0.00
20.00,27.00,2.00,1.00,0.00,0.00,2.00,0.00
3.00,2.00,0.00,1.00,1.00,0.00,0.00,0.00
0.00,3.00,0.00,0.00,0.00,0.00,0.00,0.00
1.00,1.00,1.00,0.00,0.00,0.00,0.00,0.00
1.00,1.00,0.00,0.00,0.00,0.00,0.00,0.00
30.00,28.00,1.00,3.00,0.00,0.00,2.00,0.00
40.00,27.00,0.00,3.00,0.00,0.00,3.00,0.00
29.00,19.00,0.00,2.00,0.00,0.00,2.00,0.00
23.00,13.00,0.00,3.00,0.00,0.00,1.00,0.00
19.00,9.00,0.00,4.00,1.00,0.00,1.00,0.00
22.00,13.00,0.00,1.00,1.00,0.00,1.00,0.00
22.00,14.00,0.00,1.00,2.00,0.00,2.00,0.00
19.00,15.00,0.00,1.00,1.00,0.00,1.00,0.00
11.00,5.00,0.00,1.00,0.00,0.00,1.00,0.00
15.00,6.00,0.00,0.00,0.00,0.00,0.00,0.00
8.00,9.00,0.00,1.00,0.00,0.00,0.00,0.00
22.00,26.00,2.00,5.00,1.00,0.00,2.00,0.00
20.00,33.00,2.00,1.00,0.00,0.00,2.00,0.00
38.00,32.00,4.00,0.00,0.00,0.00,3.00,0.00
24.00,22.00,6.00,0.00,0.00,0.00,2.00,0.00
23.00,12.00,2.00,0.00,0.00,0.00,1.00,0.00
30.00,20.00,3.00,0.00,0.00,0.00,2.00,0.00
35.00,42.00,5.00,0.00,0.00,0.00,3.00,0.00
12.00,25.00,2.00,1.00,0.00,0.00,2.00,0.00
18.00,24.00,1.00,1.00,0.00,0.00,2.00,0.00
10.00,12.00,0.00,0.00,0.00,0.00,1.00,0.00
22.00,23.00,1.00,0.00,0.00,0.00,2.00,0.00
25.00,27.00,2.00,0.00,0.00,0.00,2.00,0.00
18.00,15.00,1.00,0.00,0.00,0.00,1.00,0.00
9.00,18.00,1.00,0.00,0.00,0.00,1.00,0.00
1.00,3.00,0.00,0.00,1.00,0.00,0.00,0.00
3.00,2.00,0.00,0.00,0.00,0.00,0.00,0.00
2.00,4.00,0.00,0.00,0.00,0.00,0.00,0.00
4.00,7.00,0.00,0.00,1.00,0.00,0.00,0.00
1.00,1.00,0.00,0.00,0.00,0.00,0.00,0.00
1.00,1.00,0.00,0.00,0.00,0.00,0.00,0.00
1.00,0.00,0.00,0.00,0.00,0.00,0.00,0.00
0.00,0.00,0.00,0.00,0.00,0.00,0.00,0.00
1.00,0.00,0.00,0.00,0.00,0.00,0.00,0.00
1.00,0.00,0.00,1.00,0.00,0.00,0.00,0.00
1.00,0.00,0.00,0.00,0.00,0.00,0.00,0.00
0.00,0.00,0.00,1.00,1.00,0.00,0.00,0.00
0.00,0.00,0.00,0.00,1.00,0.00,0.00,0.00
0.00,0.00,0.00,0.00,0.00,0.00,0.00,0.00
0.00,0.00,0.00,0.00,0.00,0.00,0.00,0.00
0.00,0.00,0.00,0.00,0.00,0.00,0.00,0.00
0.00,0.00,0.00,0.00,0.00,0.00,0.00,0.00
0.00,0.00,0.00,0.00,0.00,0.00,0.00,0.00
0.00,0.00,0.00,0.00,0.00,0.00,0.00,0.00
0.00,0.00,0.00,0.00,0.00,0.00,0.00,0.00
0.00,0.00,0.00,0.00,0.00,0.00,0.00,0.00
1.00,0.00,0.00,0.00,1.00,0.00,0.00,0.00
1.00,0.00,0.00,0.00,0.00,0.00,0.00,0.00
0.00,0.00,0.00,0.00,0.00,0.00,0.00,0.00
0.00,0.00,0.00,0.00,0.00,0.00,0.00,0.00
1.00,1.00,0.00,0.00,0.00,0.00,0.00,0.00
2.00,0.00,0.00,0.00,0.00,0.00,0.00,0.00
1.00,0.00,0.00,0.00,0.00,0.00,0.00,0.00
2.00,0.00,0.00,0.00,0.00,0.00,0.00,0.00
2.00,0.00,0.00,0.00,0.00,0.00,0.00,0.00
2.00,0.00,0.00,0.00,0.00,0.00,0.00,0.00
1.00,0.00,0.00,1.00,1.00,0.00,0.00,0.00
2.00,0.00,0.00,0.00,0.00,0.00,0.00,0.00
0.00,0.00,0.00,1.00,0.00,0.00,0.00,0.00
0.00,0.00,0.00,0.00,0.00,0.00,0.00,0.00
1.00,0.00,0.00,0.00,0.00,0.00,0.00,0.00
0.00,0.00,0.00,0.00,0.00,0.00,0.00,0.00
0.00,0.00,0.00,0.00,0.00,0.00,0.00,0.00
0.00,0.00,0.00,0.00,0.00,0.00,0.00,0.00
0.00,0.00,0.00,0.00,1.00,0.00,0.00,0.00
1.00,0.00,0.00,1.00,1.00,0.00,0.00,0.00
1.00,0.00,0.00,0.00,0.00,0.00,0.00,0.00
0.00,0.00,0.00,0.00,1.00,0.00,0.00,0.00
1.00,0.00,0.00,0.00,1.00,0.00,0.00,0.00
0.00,0.00,0.00,0.00,1.00,0.00,0.00,0.00
2.00,0.00,0.00,0.00,1.00,0.00,0.00,0.00
26.00,36.00,3.00,15.00,2.00,0.00,6.00,0.00
25.00,72.00,9.00,18.00,6.00,0.00,7.00,0.00
15.00,127.00,18.00,10.00,8.00,0.00,15.00,0.00
23.00,71.00,27.00,8.00,5.00,0.00,8.00,0.00
26.00,61.00,44.00,4.00,4.00,0.00,11.00,0.00
30.00,60.00,30.00,2.00,4.00,0.00,8.00,0.00
38.00,46.00,20.00,1.00,2.00,0.00,5.00,0.00
30.00,25.00,6.00,0.00,1.00,0.00,2.00,0.00
16.00,12.00,1.00,1.00,1.00,0.00,1.00,0.00
8.00,6.00,1.00,0.00,1.00,0.00,0.00,0.00
21.00,22.00,4.00,1.00,1.00,0.00,1.00,0.00
43.00,51.00,7.00,1.00,1.00,0.00,4.00,0.00
61.00,62.00,10.00,0.00,2.00,0.00,5.00,0.00
55.00,45.00,4.00,2.00,2.00,0.00,4.00,0.00
65.00,40.00,2.00,4.00,2.00,0.00,4.00,0.00
64.00,32.00,0.00,7.00,2.00,0.00,4.00,0.00
12.00,7.00,1.00,4.00,2.00,0.00,1.00,0.00
16.00,10.00,0.00,4.00,1.00,0.00,2.00,0.00
7.00,5.00,0.00,2.00,1.00,0.00,1.00,0.00
9.00,7.00,0.00,1.00,0.00,0.00,0.00,0.00
11.00,10.00,0.00,1.00,0.00,0.00,1.00,0.00
13.00,12.00,0.00,1.00,1.00,0.00,1.00,0.00
14.00,10.00,0.00,1.00,0.00,0.00,0.00,0.00
7.00,9.00,0.00,2.00,1.00,0.00,1.00,0.00
15.00,15.00,0.00,1.00,1.00,0.00,1.00,0.00
14.00,10.00,1.00,2.00,0.00,0.00,0.00,0.00
3.00,5.00,0.00,1.00,0.00,0.00,0.00,0.00
0.00,0.00,0.00,1.00,0.00,0.00,1.00,0.00
0.00,0.00,0.00,1.00,0.00,0.00,1.00,0.00
0.00,0.00,0.00,2.00,1.00,0.00,2.00,0.00
0.00,1.00,0.00,0.00,1.00,0.00,1.00,0.00
7.00,3.00,0.00,0.00,0.00,0.00,0.00,0.00
14.00,14.00,0.00,2.00,0.00,0.00,1.00,0.00
10.00,16.00,0.00,3.00,0.00,0.00,1.00,0.00
6.00,4.00,0.00,0.00,1.00,0.00,0.00,0.00
5.00,2.00,0.00,0.00,0.00,0.00,0.00,0.00
2.00,1.00,0.00,0.00,0.00,0.00,0.00,0.00
9.00,6.00,0.00,1.00,0.00,0.00,0.00,0.00
15.00,6.00,0.00,2.00,0.00,0.00,1.00,0.00
15.00,4.00,0.00,1.00,0.00,0.00,1.00,0.00
12.00,6.00,0.00,1.00,0.00,0.00,0.00,0.00
2.00,4.00,0.00,0.00,0.00,0.00,0.00,0.00
3.00,5.00,0.00,1.00,0.00,0.00,0.00,0.00
2.00,1.00,0.00,1.00,1.00,0.00,0.00,0.00
2.00,4.00,0.00,0.00,0.00,0.00,0.00,0.00
3.00,5.00,0.00,1.00,0.00,0.00,0.00,0.00
1.00,0.00,0.00,0.00,0.00,0.00,0.00,0.00
1.00,1.00,0.00,0.00,0.00,0.00,0.00,0.00
0.00,0.00,0.00,0.00,0.00,0.00,1.00,0.00
0.00,0.00,0.00,0.00,0.00,0.00,0.00,0.00
15.00,28.00,4.00,0.00,0.00,0.00,2.00,0.00
17.00,27.00,11.00,0.00,0.00,0.00,2.00,0.00
8.00,13.00,10.00,0.00,0.00,0.00,1.00,0.00
6.00,15.00,15.00,1.00,0.00,0.00,2.00,0.00
10.00,15.00,12.00,1.00,0.00,0.00,2.00,0.00
7.00,8.00,3.00,0.00,0.00,0.00,0.00,0.00
8.00,7.00,3.00,0.00,0.00,0.00,0.00,0.00
4.00,3.00,2.00,0.00,0.00,0.00,0.00,0.00
6.00,6.00,4.00,1.00,1.00,0.00,0.00,0.00
11.00,14.00,7.00,0.00,0.00,0.00,1.00,0.00
5.00,8.00,13.00,1.00,0.00,0.00,2.00,0.00
4.00,18.00,15.00,0.00,0.00,0.00,2.00,0.00
7.00,21.00,17.00,1.00,0.00,0.00,3.00,0.00
5.00,14.00,11.00,1.00,0.00,0.00,2.00,0.00
4.00,15.00,10.00,1.00,0.00,0.00,2.00,0.00
5.00,11.00,8.00,1.00,0.00,0.00,1.00,0.00
5.00,8.00,2.00,1.00,0.00,0.00,0.00,0.00
3.00,3.00,1.00,1.00,0.00,0.00,0.00,0.00
1.00,1.00,0.00,0.00,0.00,0.00,0.00,0.00
2.00,1.00,0.00,0.00,0.00,0.00,0.00,0.00
1.00,1.00,0.00,0.00,0.00,0.00,0.00,0.00
3.00,3.00,1.00,0.00,0.00,0.00,0.00,0.00
12.00,13.00,3.00,0.00,0.00,0.00,1.00,0.00
9.00,14.00,2.00,0.00,0.00,0.00,1.00,0.00
9.00,14.00,4.00,0.00,0.00,0.00,1.00,0.00
4.00,5.00,5.00,0.00,0.00,0.00,0.00,0.00
8.00,12.00,4.00,0.00,0.00,0.00,1.00,0.00
4.00,6.00,2.00,0.00,0.00,0.00,0.00,0.00
9.00,6.00,2.00,0.00,0.00,0.00,0.00,0.00
6.00,4.00,0.00,0.00,0.00,0.00,0.00,0.00
6.00,5.00,0.00,0.00,0.00,0.00,0.00,0.00
3.00,2.00,0.00,0.00,0.00,0.00,0.00,0.00
5.00,3.00,0.00,0.00,0.00,0.00,0.00,0.00
3.00,8.00,2.00,0.00,0.00,0.00,0.00,0.00
3.00,5.00,6.00,0.00,0.00,0.00,1.00,0.00
1.00,5.00,4.00,0.00,0.00,0.00,1.00,0.00
3.00,3.00,6.00,0.00,0.00,0.00,1.00,0.00
2.00,4.00,6.00,0.00,0.00,0.00,1.00,0.00
2.00,2.00,4.00,0.00,0.00,0.00,0.00,0.00
3.00,5.00,4.00,0.00,0.00,0.00,0.00,0.00
1.00,2.00,3.00,0.00,0.00,0.00,0.00,0.00
2.00,4.00,3.00,0.00,0.00,0.00,0.00,0.00
1.00,2.00,2.00,1.00,0.00,0.00,0.00,0.00
3.00,4.00,3.00,1.00,0.00,0.00,0.00,0.00
1.00,2.00,2.00,1.00,0.00,0.00,0.00,0.00
3.00,1.00,2.00,0.00,0.00,0.00,0.00,0.00
0.00,1.00,1.00,1.00,0.00,0.00,0.00,0.00
1.00,1.00,1.00,0.00,0.00,0.00,0.00,0.00
0.00,1.00,0.00,0.00,0.00,0.00,0.00,0.00
0.00,0.00,0.00,0.00,0.00,0.00,0.00,0.00
19.00,12.00,1.00,9.00,2.00,0.00,3.00,0.00
33.00,44.00,4.00,19.00,3.00,0.00,7.00,0.00
44.00,76.00,5.00,13.00,3.00,0.00,6.00,0.00
33.00,36.00,10.00,5.00,2.00,0.00,4.00,0.00
30.00,20.00,8.00,4.00,2.00,0.00,2.00,0.00
30.00,21.00,4.00,1.00,1.00,0.00,2.00,0.00
5.00,3.00,1.00,0.00,0.00,0.00,1.00,0.00
4.00,3.00,1.00,0.00,1.00,0.00,1.00,0.00
20.00,9.00,3.00,0.00,1.00,0.00,1.00,0.00
43.00,29.00,6.00,1.00,1.00,0.00,3.00,0.00
53.00,26.00,4.00,2.00,0.00,0.00,4.00,0.00
54.00,17.00,1.00,4.00,0.00,0.00,4.00,0.00
31.00,19.00,0.00,4.00,0.00,0.00,2.00,0.00
14.00,11.00,0.00,4.00,0.00,0.00,2.00,0.00
12.00,6.00,0.00,2.00,1.00,0.00,1.00,0.00
7.00,3.00,0.00,2.00,0.00,0.00,1.00,0.00
7.00,3.00,0.00,2.00,1.00,0.00,1.00,0.00
7.00,6.00,0.00,2.00,0.00,0.00,1.00,0.00
10.00,2.00,0.00,1.00,1.00,0.00,0.00,0.00
8.00,6.00,0.00,1.00,1.00,0.00,0.00,0.00
7.00,1.00,0.00,0.00,0.00,0.00,0.00,0.00
2.00,1.00,0.00,0.00,0.00,0.00,0.00,0.00
0.00,1.00,0.00,0.00,1.00,0.00,2.00,0.00
0.00,0.00,0.00,1.00,1.00,0.00,3.00,0.00
1.00,0.00,0.00,1.00,1.00,0.00,2.00,0.00
0.00,0.00,0.00,1.00,1.00,0.00,1.00,0.00
4.00,4.00,0.00,1.00,1.00,0.00,0.00,0.00
10.00,7.00,0.00,1.00,0.00,0.00,0.00,0.00
8.00,4.00,0.00,0.00,0.00,0.00,0.00,0.00
7.00,3.00,0.00,1.00,1.00,0.00,0.00,0.00
10.00,5.00,0.00,1.00,0.00,0.00,0.00,0.00
7.00,5.00,0.00,0.00,0.00,0.00,0.00,0.00
5.00,4.00,0.00,0.00,0.00,0.00,0.00,0.00
1.00,0.00,0.00,0.00,0.00,0.00,0.00,0.00
2.00,3.00,0.00,0.00,0.00,0.00,0.00,0.00
0.00,1.00,1.00,2.00,0.00,0.00,0.00,0.00
0.00,0.00,0.00,0.00,0.00,0.00,0.00,0.00
0.00,0.00,0.00,0.00,1.00,0.00,0.00,0.00
1.00,0.00,0.00,0.00,0.00,0.00,0.00,0.00
0.00,0.00,0.00,0.00,0.00,0.00,0.00,0.00
1.00,0.00,0.00,0.00,0.00,0.00,0.00,0.00
0.00,0.00,0.00,0.00,0.00,0.00,0.00,0.00
0.00,0.00,0.00,0.00,0.00,0.00,0.00,0.00
0.00,0.00,0.00,0.00,0.00,0.00,0.00,0.00
0.00,0.00,0.00,0.00,0.00,0.00,0.00,0.00
0.00,0.00,0.00,0.00,1.00,0.00,0.00,0.00
0.00,0.00,0.00,1.00,1.00,0.00,0.00,0.00
0.00,0.00,0.00,1.00,1.00,0.00,0.00,0.00
1.00,1.00,1.00,0.00,0.00,0.00,0.00,0.00
0.00,0.00,0.00,0.00,1.00,0.00,0.00,0.00
28.00,15.00,1.00,2.00,0.00,0.00,2.00,0.00
36.00,26.00,1.00,1.00,0.00,0.00,2.00,0.00
35.00,29.00,1.00,1.00,0.00,0.00,2.00,0.00
21.00,20.00,2.00,3.00,0.00,0.00,1.00,0.00
16.00,26.00,5.00,4.00,0.00,0.00,2.00,0.00
13.00,31.00,5.00,6.00,0.00,0.00,3.00,0.00
12.00,19.00,7.00,4.00,0.00,0.00,1.00,0.00
12.00,17.00,6.00,6.00,0.00,0.00,2.00,0.00
11.00,17.00,6.00,11.00,0.00,0.00,3.00,0.00
11.00,18.00,3.00,6.00,0.00,0.00,2.00,0.00
14.00,23.00,3.00,2.00,0.00,0.00,2.00,0.00
3.00,5.00,0.00,0.00,0.00,0.00,0.00,0.00
1.00,1.00,0.00,0.00,0.00,0.00,0.00,0.00
0.00,0.00,0.00,0.00,0.00,0.00,0.00,0.00
0.00,0.00,0.00,0.00,0.00,0.00,0.00,0.00
0.00,0.00,0.00,0.00,0.00,0.00,0.00,0.00
4.00,39.00,24.00,1.00,2.00,0.00,5.00,0.00
14.00,63.00,35.00,3.00,6.00,0.00,9.00,0.00
26.00,92.00,86.00,4.00,7.00,0.00,14.00,0.00
23.00,101.00,66.00,5.00,12.00,0.00,15.00,0.00
30.00,128.00,72.00,2.00,9.00,0.00,19.00,0.00
37.00,112.00,80.00,3.00,5.00,0.00,17.00,0.00
32.00,96.00,36.00,3.00,4.00,0.00,14.00,0.00
17.00,104.00,47.00,2.00,4.00,0.00,15.00,0.00
21.00,71.00,42.00,5.00,6.00,0.00,10.00,0.00
20.00,31.00,51.00,3.00,4.00,0.00,11.00,0.00
5.00,14.00,14.00,1.00,1.00,0.00,2.00,0.00
7.00,7.00,10.00,2.00,0.00,0.00,2.00,0.00
1.00,3.00,1.00,0.00,0.00,0.00,0.00,0.00
1.00,1.00,3.00,0.00,0.00,0.00,0.00,0.00
1.00,1.00,0.00,0.00,0.00,0.00,1.00,0.00
0.00,0.00,0.00,0.00,1.00,0.00,2.00,0.00
1.00,1.00,0.00,0.00,0.00,0.00,2.00,0.00
0.00,1.00,0.00,0.00,0.00,0.00,1.00,0.00
0.00,1.00,0.00,1.00,0.00,0.00,1.00,0.00
1.00,1.00,1.00,0.00,0.00,0.00,0.00,0.00
6.00,19.00,7.00,3.00,1.00,0.00,2.00,0.00
17.00,30.00,7.00,1.00,0.00,0.00,2.00,0.00
14.00,20.00,13.00,0.00,0.00,0.00,2.00,0.00
8.00,6.00,3.00,0.00,0.00,0.00,0.00,0.00
3.00,1.00,2.00,0.00,0.00,0.00,0.00,0.00
0.00,1.00,1.00,0.00,1.00,1.00,3.00,0.00
19.00,6.00,3.00,1.00,2.00,1.00,4.00,0.00
14.00,55.00,10.00,36.00,10.00,0.00,14.00,0.00
36.00,128.00,17.00,14.00,10.00,0.00,12.00,0.00
127.00,128.00,24.00,21.00,11.00,0.00,26.00,0.00
128.00,128.00,20.00,24.00,15.00,1.00,29.00,0.00
102.00,128.00,14.00,13.00,8.00,0.00,17.00,0.00
33.00,26.00,7.00,8.00,2.00,0.00,4.00,0.00
12.00,11.00,7.00,5.00,0.00,0.00,4.00,0.00
11.00,16.00,3.00,5.00,4.00,1.00,4.00,0.00
18.00,24.00,11.00,58.00,5.00,0.00,23.00,0.00
6.00,50.00,9.00,26.00,8.00,0.00,8.00,0.00
7.00,72.00,27.00,12.00,12.00,0.00,12.00,0.00
53.00,114.00,21.00,9.00,6.00,0.00,10.00,0.00
47.00,95.00,7.00,5.00,3.00,0.00,8.00,0.00
29.00,27.00,4.00,2.00,2.00,0.00,6.00,0.00
32.00,28.00,3.00,2.00,2.00,1.00,5.00,0.00
95.00,112.00,8.00,5.00,2.00,0.00,9.00,0.00
128.00,125.00,3.00,5.00,4.00,0.00,11.00,0.00
113.00,55.00,3.00,3.00,2.00,0.00,8.00,0.00
21.00,19.00,6.00,3.00,3.00,0.00,3.00,0.00
56.00,76.00,7.00,5.00,8.00,0.00,8.00,0.00
51.00,99.00,15.00,6.00,6.00,0.00,9.00,0.00
40.00,58.00,7.00,9.00,3.00,0.00,5.00,0.00
6.00,14.00,3.00,0.00,0.00,0.00,1.00,0.00
9.00,14.00,4.00,1.00,0.00,2.00,7.00,0.00
2.00,8.00,2.00,0.00,1.00,2.00,4.00,0.00
3.00,10.00,7.00,1.00,0.00,1.00,6.00,0.00
2.00,4.00,3.00,0.00,0.00,1.00,5.00,0.00
4.00,5.00,5.00,1.00,0.00,0.00,6.00,0.00
1.00,4.00,3.00,0.00,0.00,1.00,5.00,0.00
1.00,0.00,0.00,0.00,0.00,0.00,2.00,0.00
8.00,9.00,1.00,0.00,0.00,0.00,2.00,0.00
14.00,24.00,3.00,1.00,1.00,0.00,2.00,0.00
30.00,38.00,5.00,1.00,1.00,0.00,3.00,0.00
26.00,55.00,5.00,1.00,2.00,0.00,5.00,0.00
40.00,59.00,3.00,3.00,2.00,0.00,5.00,0.00
28.00,37.00,7.00,6.00,2.00,0.00,4.00,0.00
11.00,26.00,13.00,2.00,2.00,0.00,3.00,0.00
10.00,44.00,26.00,4.00,3.00,0.00,6.00,0.00
9.00,30.00,7.00,4.00,2.00,0.00,4.00,0.00
12.00,44.00,23.00,6.00,2.00,0.00,6.00,0.00
8.00,20.00,10.00,3.00,0.00,0.00,2.00,0.00
13.00,41.00,14.00,11.00,2.00,0.00,5.00,0.00
8.00,11.00,3.00,10.00,0.00,0.00,3.00,0.00
18.00,24.00,4.00,12.00,1.00,0.00,4.00,0.00
14.00,19.00,1.00,14.00,1.00,0.00,5.00,0.00
5.00,10.00,2.00,4.00,0.00,0.00,1.00,0.00
15.00,20.00,1.00,9.00,1.00,0.00,3.00,0.00
10.00,10.00,0.00,4.00,1.00,0.00,1.00,0.00
19.00,13.00,0.00,6.00,1.00,0.00,3.00,0.00
21.00,13.00,0.00,6.00,1.00,0.00,3.00,0.00
1.00,1.00,0.00,2.00,0.00,0.00,1.00,0.00
15.00,10.00,0.00,0.00,1.00,0.00,1.00,0.00
4.00,3.00,0.00,1.00,1.00,0.00,0.00,0.00
2.00,4.00,1.00,2.00,1.00,0.00,1.00,0.00
3.00,3.00,0.00,1.00,1.00,0.00,0.00,0.00
2.00,1.00,0.00,0.00,0.00,0.00,0.00,0.00
1.00,1.00,0.00,0.00,1.00,0.00,0.00,0.00
21.00,20.00,11.00,1.00,1.00,0.00,3.00,0.00
25.00,54.00,37.00,15.00,5.00,0.00,7.00,0.00
41.00,42.00,47.00,37.00,18.00,0.00,19.00,0.00
26.00,25.00,45.00,9.00,5.00,0.00,11.00,0.00
14.00,8.00,10.00,2.00,0.00,0.00,2.00,0.00
5.00,7.00,6.00,2.00,1.00,0.00,1.00,0.00
3.00,2.00,3.00,1.00,0.00,0.00,0.00,0.00
9.00,4.00,2.00,1.00,0.00,0.00,0.00,0.00
17.00,24.00,2.00,2.00,1.00,0.00,2.00,0.00
24.00,37.00,2.00,2.00,1.00,0.00,3.00,0.00
10.00,15.00,1.00,1.00,0.00,0.00,1.00,0.00
8.00,13.00,0.00,1.00,0.00,0.00,1.00,0.00
13.00,20.00,0.00,1.00,0.00,0.00,1.00,0.00
4.00,6.00,1.00,1.00,2.00,1.00,5.00,0.00
0.00,2.00,0.00,1.00,1.00,0.00,0.00,0.00
1.00,1.00,0.00,0.00,0.00,0.00,1.00,0.00
0.00,0.00,0.00,0.00,0.00,0.00,2.00,0.00
0.00,0.00,0.00,0.00,1.00,1.00,2.00,0.00
0.00,0.00,0.00,0.00,1.00,0.00,2.00,0.00
1.00,0.00,0.00,0.00,1.00,0.00,2.00,0.00
0.00,0.00,0.00,0.00,1.00,1.00,2.00,0.00
0.00,0.00,0.00,0.00,1.00,0.00,3.00,0.00
0.00,0.00,0.00,1.00,1.00,0.00,1.00,0.00
1.00,1.00,0.00,0.00,1.00,0.00,1.00,0.00
3.00,2.00,0.00,0.00,0.00,0.00,0.00,0.00
1.00,4.00,0.00,0.00,0.00,0.00,0.00,0.00
8.00,9.00,0.00,0.00,0.00,0.00,0.00,0.00
3.00,1.00,0.00,0.00,0.00,0.00,0.00,0.00
2.00,2.00,0.00,0.00,0.00,0.00,0.00,0.00
3.00,3.00,0.00,0.00,0.00,0.00,0.00,0.00
6.00,6.00,1.00,0.00,0.00,0.00,0.00,0.00
9.00,13.00,7.00,4.00,1.00,0.00,1.00,0.00
7.00,22.00,20.00,10.00,3.00,0.00,4.00,0.00
6.00,10.00,12.00,4.00,1.00,0.00,2.00,0.00
9.00,15.00,14.00,9.00,1.00,0.00,3.00,0.00
12.00,19.00,20.00,10.00,3.00,0.00,3.00,0.00
5.00,13.00,6.00,4.00,1.00,0.00,1.00,0.00
1.00,3.00,3.00,2.00,1.00,0.00,0.00,0.00
1.00,2.00,1.00,2.00,1.00,0.00,1.00,0.00
1.00,0.00,0.00,0.00,0.00,0.00,0.00,0.00
0.00,0.00,0.00,0.00,0.00,0.00,0.00,0.00
2.00,4.00,5.00,6.00,0.00,0.00,2.00,0.00
9.00,9.00,2.00,2.00,0.00,0.00,0.00,0.00
4.00,4.00,2.00,2.00,0.00,0.00,1.00,0.00
0.00,2.00,0.00,2.00,0.00,0.00,0.00,0.00
2.00,1.00,0.00,1.00,1.00,0.00,0.00,0.00
0.00,2.00,0.00,0.00,0.00,0.00,0.00,0.00
16.00,15.00,1.00,3.00,1.00,0.00,1.00,0.00
5.00,7.00,0.00,2.00,1.00,0.00,1.00,0.00
7.00,3.00,0.00,1.00,1.00,0.00,0.00,0.00
10.00,24.00,22.00,7.00,1.00,0.00,3.00,0.00
5.00,15.00,4.00,8.00,0.00,0.00,3.00,0.00
9.00,22.00,28.00,12.00,4.00,0.00,6.00,0.00
13.00,17.00,13.00,2.00,2.00,0.00,2.00,0.00
12.00,25.00,30.00,1.00,2.00,0.00,5.00,0.00
9.00,8.00,2.00,0.00,0.00,0.00,0.00,0.00
10.00,10.00,6.00,1.00,0.00,0.00,1.00,0.00
10.00,7.00,5.00,1.00,0.00,0.00,1.00,0.00
16.00,18.00,9.00,1.00,0.00,0.00,1.00,0.00
19.00,28.00,6.00,1.00,0.00,0.00,2.00,0.00
23.00,16.00,2.00,5.00,1.00,0.00,2.00,0.00
16.00,7.00,1.00,3.00,1.00,0.00,1.00,0.00
7.00,4.00,1.00,1.00,1.00,0.00,0.00,0.00
11.00,5.00,0.00,1.00,0.00,0.00,0.00,0.00
5.00,1.00,0.00,0.00,0.00,0.00,0.00,0.00
1.00,1.00,0.00,0.00,0.00,0.00,0.00,0.00
3.00,1.00,0.00,1.00,1.00,0.00,0.00,0.00
10.00,5.00,0.00,2.00,2.00,0.00,1.00,0.00
14.00,16.00,0.00,1.00,0.00,0.00,1.00,0.00
7.00,5.00,1.00,0.00,0.00,0.00,0.00,0.00
2.00,1.00,0.00,0.00,0.00,0.00,0.00,0.00
1.00,1.00,0.00,0.00,0.00,0.00,0.00,0.00
1.00,1.00,0.00,0.00,0.00,0.00,0.00,0.00
4.00,5.00,1.00,2.00,0.00,0.00,1.00,0.00
2.00,4.00,0.00,0.00,0.00,0.00,0.00,0.00
0.00,1.00,0.00,0.00,0.00,0.00,0.00,0.00
1.00,1.00,0.00,0.00,0.00,0.00,0.00,0.00
0.00,0.00,0.00,0.00,0.00,0.00,0.00,0.00
0.00,0.00,0.00,1.00,0.00,0.00,0.00,0.00
1.00,0.00,0.00,0.00,0.00,0.00,0.00,0.00
0.00,0.00,0.00,0.00,0.00,0.00,0.00,0.00
1.00,0.00,0.00,0.00,0.00,0.00,0.00,0.00
0.00,0.00,0.00,0.00,0.00,0.00,0.00,0.00
1.00,0.00,0.00,0.00,0.00,0.00,0.00,0.00
2.00,0.00,0.00,0.00,0.00,0.00,0.00,0.00
1.00,0.00,0.00,0.00,0.00,0.00,0.00,0.00
0.00,0.00,0.00,0.00,0.00,0.00,0.00,0.00
0.00,0.00,0.00,1.00,0.00,0.00,0.00,0.00
2.00,0.00,0.00,0.00,0.00,0.00,0.00,0.00
0.00,0.00,0.00,0.00,0.00,0.00,0.00,0.00
0.00,0.00,0.00,0.00,0.00,0.00,0.00,0.00
0.00,0.00,0.00,0.00,0.00,0.00,0.00,0.00
0.00,0.00,0.00,0.00,0.00,0.00,0.00,0.00
0.00,0.00,0.00,0.00,0.00,0.00,0.00,0.00
3.00,1.00,0.00,1.00,0.00,0.00,0.00,0.00
1.00,1.00,0.00,1.00,0.00,0.00,1.00,0.00
1.00,2.00,1.00,1.00,0.00,0.00,0.00,0.00
1.00,1.00,1.00,0.00,0.00,0.00,0.00,0.00
1.00,0.00,0.00,1.00,0.00,0.00,0.00,0.00
0.00,0.00,0.00,0.00,0.00,0.00,0.00,0.00
128.00,88.00,5.00,8.00,6.00,0.00,14.00,0.00
128.00,52.00,11.00,6.00,4.00,0.00,9.00,0.00
89.00,32.00,7.00,13.00,5.00,0.00,6.00,0.00
114.00,28.00,6.00,14.00,7.00,0.00,8.00,0.00
88.00,42.00,4.00,15.00,8.00,0.00,8.00,0.00
90.00,27.00,4.00,14.00,8.00,0.00,8.00,0.00
62.00,23.00,3.00,16.00,11.00,0.00,9.00,0.00
59.00,28.00,1.00,24.00,18.00,0.00,12.00,0.00
20.00,6.00,1.00,4.00,1.00,0.00,2.00,0.00
23.00,14.00,1.00,1.00,1.00,0.00,1.00,0.00
15.00,10.00,0.00,1.00,0.00,0.00,0.00,0.00
20.00,14.00,0.00,2.00,2.00,0.00,1.00,0.00
24.00,15.00,1.00,5.00,4.00,0.00,3.00,0.00
16.00,2.00,0.00,1.00,1.00,0.00,1.00,0.00
6.00,3.00,0.00,0.00,0.00,0.00,0.00,0.00
3.00,3.00,0.00,0.00,0.00,0.00,0.00,0.00
2.00,0.00,0.00,0.00,0.00,0.00,0.00,0.00
2.00,0.00,1.00,1.00,0.00,0.00,0.00,0.00
1.00,1.00,2.00,1.00,0.00,0.00,0.00,0.00
36.00,10.00,1.00,5.00,2.00,0.00,3.00,0.00
56.00,31.00,1.00,9.00,5.00,0.00,4.00,0.00
26.00,57.00,2.00,13.00,8.00,0.00,8.00,0.00
25.00,43.00,3.00,7.00,4.00,0.00,4.00,0.00
29.00,68.00,6.00,12.00,5.00,0.00,6.00,0.00
55.00,88.00,6.00,17.00,10.00,0.00,9.00,0.00
39.00,46.00,7.00,41.00,20.00,0.00,14.00,0.00
26.00,71.00,5.00,45.00,19.00,0.00,16.00,0.00
42.00,118.00,11.00,34.00,7.00,0.00,11.00,0.00
12.00,26.00,4.00,3.00,2.00,0.00,2.00,0.00
4.00,16.00,1.00,2.00,1.00,0.00,1.00,0.00
6.00,13.00,0.00,0.00,0.00,0.00,1.00,0.00
70.00,45.00,4.00,10.00,3.00,0.00,5.00,0.00
64.00,58.00,4.00,16.00,7.00,0.00,10.00,0.00
39.00,88.00,6.00,14.00,5.00,0.00,9.00,0.00
32.00,120.00,21.00,20.00,5.00,0.00,12.00,0.00
21.00,61.00,24.00,15.00,4.00,0.00,10.00,0.00
24.00,103.00,33.00,15.00,10.00,0.00,14.00,0.00
18.00,109.00,47.00,13.00,9.00,0.00,14.00,0.00
11.00,120.00,57.00,5.00,10.00,0.00,15.00,0.00
15.00,109.00,51.00,11.00,8.00,0.00,14.00,0.00
19.00,57.00,31.00,10.00,12.00,0.00,8.00,0.00
31.00,77.00,21.00,3.00,6.00,0.00,8.00,0.00
36.00,34.00,7.00,1.00,2.00,0.00,3.00,0.00
15.00,7.00,3.00,0.00,1.00,0.00,1.00,0.00
9.00,7.00,0.00,0.00,1.00,0.00,1.00,0.00
8.00,3.00,1.00,0.00,1.00,0.00,2.00,0.00
22.00,18.00,1.00,0.00,1.00,0.00,1.00,0.00
40.00,33.00,4.00,0.00,0.00,0.00,3.00,0.00
46.00,38.00,8.00,1.00,1.00,0.00,3.00,0.00
42.00,36.00,10.00,1.00,1.00,0.00,3.00,0.00
40.00,18.00,1.00,0.00,0.00,0.00,2.00,0.00
45.00,11.00,2.00,1.00,0.00,0.00,3.00,0.00
63.00,20.00,2.00,0.00,0.00,0.00,4.00,0.00
57.00,30.00,2.00,0.00,0.00,0.00,4.00,0.00
43.00,38.00,2.00,1.00,1.00,0.00,3.00,0.00
46.00,47.00,3.00,3.00,1.00,0.00,4.00,0.00
44.00,50.00,3.00,1.00,2.00,0.00,4.00,0.00
21.00,48.00,3.00,2.00,3.00,0.00,4.00,0.00
21.00,47.00,4.00,1.00,3.00,0.00,4.00,0.00
25.00,38.00,3.00,1.00,2.00,0.00,3.00,0.00
20.00,28.00,3.00,1.00,1.00,0.00,2.00,0.00
12.00,22.00,5.00,1.00,0.00,0.00,2.00,0.00
14.00,20.00,3.00,1.00,0.00,0.00,1.00,0.00
11.00,16.00,4.00,1.00,0.00,0.00,1.00,0.00
15.00,16.00,3.00,2.00,1.00,0.00,1.00,0.00
14.00,13.00,4.00,3.00,0.00,0.00,1.00,0.00
9.00,8.00,2.00,2.00,0.00,0.00,1.00,0.00
10.00,3.00,0.00,2.00,0.00,0.00,1.00,0.00
13.00,4.00,1.00,3.00,0.00,0.00,1.00,0.00
19.00,9.00,2.00,3.00,1.00,0.00,1.00,0.00
32.00,14.00,2.00,3.00,0.00,0.00,2.00,0.00
45.00,14.00,1.00,4.00,0.00,0.00,3.00,0.00
61.00,28.00,1.00,8.00,0.00,0.00,4.00,0.00
65.00,16.00,3.00,15.00,0.00,0.00,5.00,0.00
14.00,7.00,1.00,0.00,0.00,0.00,0.00,0.00
8.00,2.00,0.00,0.00,0.00,0.00,0.00,0.00
4.00,2.00,1.00,0.00,1.00,0.00,0.00,0.00
5.00,1.00,0.00,0.00,0.00,0.00,0.00,0.00
4.00,1.00,0.00,0.00,0.00,0.00,0.00,0.00
3.00,2.00,0.00,0.00,1.00,0.00,0.00,0.00
42.00,19.00,1.00,1.00,1.00,0.00,3.00,0.00
57.00,18.00,2.00,3.00,2.00,0.00,3.00,0.00
52.00,9.00,1.00,1.00,3.00,0.00,3.00,0.00
46.00,19.00,1.00,1.00,2.00,0.00,3.00,0.00
48.00,13.00,1.00,1.00,2.00,0.00,3.00,0.00
44.00,24.00,0.00,1.00,4.00,0.00,3.00,0.00
25.00,34.00,2.00,1.00,3.00,0.00,3.00,0.00
34.00,48.00,3.00,2.00,2.00,0.00,4.00,0.00
21.00,56.00,3.00,1.00,2.00,0.00,5.00,0.00
23.00,68.00,4.00,2.00,2.00,0.00,6.00,0.00
28.00,70.00,7.00,4.00,1.00,0.00,7.00,0.00
16.00,49.00,6.00,5.00,1.00,0.00,4.00,0.00
23.00,45.00,8.00,10.00,1.00,0.00,5.00,0.00
16.00,46.00,5.00,11.00,2.00,0.00,6.00,0.00
20.00,51.00,10.00,16.00,2.00,0.00,6.00,0.00
12.00,64.00,10.00,20.00,1.00,0.00,8.00,0.00
18.00,71.00,10.00,20.00,1.00,0.00,9.00,0.00
14.00,62.00,8.00,19.00,1.00,0.00,8.00,0.00
17.00,40.00,9.00,14.00,1.00,0.00,5.00,0.00
9.00,17.00,2.00,1.00,0.00,0.00,1.00,0.00
42.00,20.00,4.00,2.00,2.00,0.00,3.00,0.00
37.00,11.00,1.00,1.00,0.00,0.00,2.00,0.00
12.00,6.00,0.00,0.00,0.00,0.00,0.00,0.00
6.00,4.00,1.00,0.00,0.00,0.00,0.00,0.00
3.00,2.00,0.00,0.00,0.00,0.00,0.00,0.00
10.00,11.00,1.00,4.00,0.00,0.00,1.00,0.00
27.00,47.00,9.00,12.00,1.00,0.00,4.00,0.00
25.00,42.00,12.00,3.00,0.00,0.00,4.00,0.00
19.00,49.00,19.00,1.00,1.00,0.00,5.00,0.00
16.00,48.00,24.00,1.00,1.00,0.00,4.00,0.00
15.00,39.00,18.00,1.00,1.00,0.00,3.00,0.00
18.00,43.00,11.00,1.00,1.00,0.00,4.00,0.00
19.00,40.00,6.00,1.00,0.00,0.00,4.00,0.00
19.00,41.00,7.00,1.00,0.00,0.00,4.00,0.00
25.00,53.00,7.00,2.00,1.00,0.00,5.00,0.00
33.00,66.00,13.00,1.00,1.00,0.00,6.00,0.00
37.00,63.00,15.00,1.00,1.00,0.00,5.00,0.00
41.00,57.00,11.00,2.00,1.00,0.00,5.00,0.00
24.00,50.00,3.00,2.00,1.00,0.00,4.00,0.00
4.00,8.00,2.00,0.00,0.00,0.00,0.00,0.00
8.00,4.00,0.00,0.00,0.00,0.00,0.00,0.00
6.00,8.00,1.00,0.00,1.00,0.00,1.00,0.00
28.00,11.00,1.00,1.00,1.00,0.00,2.00,0.00
69.00,34.00,1.00,1.00,0.00,0.00,5.00,0.00
77.00,38.00,1.00,0.00,1.00,0.00,5.00,0.00
26.00,14.00,1.00,0.00,0.00,0.00,1.00,0.00
7.00,5.00,0.00,0.00,0.00,0.00,0.00,0.00
2.00,0.00,0.00,0.00,0.00,0.00,0.00,0.00
3.00,2.00,1.00,0.00,0.00,0.00,0.00,0.00
1.00,0.00,0.00,1.00,1.00,0.00,1.00,0.00
5.00,5.00,0.00,2.00,1.00,0.00,1.00,0.00
41.00,60.00,3.00,2.00,0.00,0.00,5.00,0.00
37.00,74.00,11.00,3.00,1.00,0.00,8.00,0.00
35.00,70.00,33.00,9.00,1.00,0.00,8.00,0.00
20.00,54.00,31.00,3.00,1.00,0.00,7.00,0.00
13.00,49.00,12.00,1.00,1.00,0.00,6.00,0.00
20.00,38.00,10.00,1.00,2.00,0.00,4.00,0.00
36.00,45.00,5.00,0.00,0.00,0.00,4.00,0.00
31.00,33.00,3.00,1.00,0.00,0.00,2.00,0.00
38.00,43.00,4.00,3.00,0.00,0.00,3.00,0.00
32.00,41.00,6.00,1.00,0.00,0.00,4.00,0.00
20.00,44.00,5.00,2.00,0.00,0.00,4.00,0.00
37.00,57.00,5.00,2.00,1.00,0.00,5.00,0.00
35.00,56.00,8.00,3.00,2.00,0.00,5.00,0.00
19.00,28.00,12.00,2.00,1.00,0.00,2.00,0.00
11.00,41.00,12.00,7.00,2.00,0.00,5.00,0.00
19.00,67.00,32.00,7.00,2.00,0.00,9.00,0.00
18.00,72.00,51.00,7.00,2.00,0.00,10.00,0.00
14.00,39.00,47.00,9.00,1.00,0.00,7.00,0.00
17.00,30.00,40.00,16.00,2.00,0.00,6.00,0.00
20.00,26.00,2.00,1.00,1.00,0.00,2.00,0.00
37.00,27.00,2.00,2.00,0.00,0.00,2.00,0.00
25.00,19.00,3.00,1.00,0.00,0.00,2.00,0.00
21.00,18.00,3.00,1.00,0.00,0.00,1.00,0.00
24.00,19.00,5.00,1.00,1.00,0.00,1.00,0.00
20.00,17.00,3.00,1.00,0.00,0.00,1.00,0.00
20.00,16.00,5.00,1.00,0.00,0.00,1.00,0.00
18.00,19.00,2.00,1.00,1.00,0.00,1.00,0.00
18.00,15.00,5.00,2.00,1.00,0.00,1.00,0.00
12.00,14.00,2.00,1.00,1.00,0.00,1.00,0.00
18.00,19.00,4.00,1.00,1.00,0.00,1.00,0.00
10.00,13.00,1.00,1.00,0.00,0.00,1.00,0.00
17.00,22.00,5.00,1.00,1.00,0.00,2.00,0.00
15.00,11.00,2.00,1.00,0.00,0.00,1.00,0.00
10.00,18.00,5.00,2.00,1.00,0.00,1.00,0.00
15.00,20.00,8.00,2.00,0.00,0.00,2.00,0.00
17.00,14.00,4.00,4.00,0.00,0.00,1.00,0.00
10.00,30.00,9.00,3.00,1.00,0.00,3.00,0.00
20.00,25.00,10.00,2.00,0.00,0.00,3.00,0.00
8.00,10.00,2.00,1.00,0.00,0.00,1.00,0.00
13.00,11.00,2.00,0.00,0.00,0.00,1.00,0.00
5.00,1.00,0.00,0.00,1.00,0.00,0.00,0.00
1.00,1.00,0.00,0.00,0.00,0.00,0.00,0.00
2.00,1.00,0.00,0.00,0.00,0.00,0.00,0.00
4.00,5.00,2.00,1.00,1.00,0.00,0.00,0.00
23.00,48.00,22.00,2.00,0.00,0.00,6.00,0.00
16.00,48.00,28.00,3.00,2.00,0.00,5.00,0.00
10.00,50.00,22.00,5.00,1.00,0.00,6.00,0.00
13.00,50.00,14.00,8.00,1.00,0.00,5.00,0.00
18.00,54.00,24.00,9.00,1.00,0.00,6.00,0.00
19.00,48.00,16.00,8.00,1.00,0.00,5.00,0.00
32.00,45.00,9.00,6.00,1.00,0.00,4.00,0.00
21.00,35.00,7.00,6.00,1.00,0.00,3.00,0.00
26.00,14.00,5.00,1.00,0.00,0.00,2.00,0.00
7.00,6.00,3.00,1.00,1.00,0.00,0.00,0.00
10.00,4.00,1.00,0.00,0.00,0.00,1.00,0.00
12.00,3.00,3.00,1.00,0.00,0.00,1.00,0.00
35.00,55.00,6.00,4.00,1.00,0.00,4.00,0.00
53.00,62.00,4.00,5.00,2.00,0.00,5.00,0.00
12.00,9.00,1.00,2.00,0.00,0.00,1.00,0.00
9.00,2.00,1.00,1.00,0.00,0.00,0.00,0.00
5.00,4.00,2.00,1.00,1.00,0.00,0.00,0.00
6.00,6.00,0.00,1.00,1.00,0.00,0.00,0.00
18.00,37.00,7.00,2.00,0.00,0.00,3.00,0.00
23.00,53.00,13.00,2.00,0.00,0.00,5.00,0.00
31.00,41.00,18.00,1.00,1.00,0.00,3.00,0.00
30.00,25.00,14.00,1.00,1.00,0.00,2.00,0.00
28.00,21.00,7.00,1.00,0.00,0.00,2.00,0.00
21.00,25.00,5.00,1.00,1.00,0.00,2.00,0.00
22.00,34.00,5.00,2.00,0.00,0.00,3.00,0.00
21.00,25.00,5.00,3.00,0.00,0.00,2.00,0.00
12.00,5.00,0.00,0.00,0.00,0.00,1.00,0.00
2.00,2.00,0.00,0.00,0.00,0.00,2.00,0.00
0.00,1.00,0.00,0.00,0.00,0.00,3.00,0.00
1.00,0.00,0.00,0.00,1.00,0.00,3.00,0.00
0.00,1.00,0.00,0.00,0.00,0.00,3.00,0.00
1.00,0.00,0.00,0.00,0.00,0.00,1.00,0.00
18.00,20.00,3.00,0.00,0.00,0.00,1.00,0.00
38.00,53.00,9.00,2.00,1.00,0.00,4.00,0.00
35.00,42.00,14.00,2.00,2.00,0.00,4.00,0.00
22.00,24.00,8.00,1.00,1.00,0.00,2.00,0.00
7.00,10.00,2.00,0.00,0.00,0.00,1.00,0.00
6.00,4.00,1.00,0.00,0.00,0.00,0.00,0.00
9.00,7.00,4.00,0.00,0.00,0.00,0.00,0.00
10.00,26.00,18.00,0.00,0.00,0.00,3.00,0.00
9.00,34.00,16.00,2.00,1.00,0.00,4.00,0.00
16.00,47.00,15.00,3.00,0.00,0.00,6.00,0.00
21.00,48.00,19.00,4.00,0.00,0.00,6.00,0.00
17.00,46.00,13.00,4.00,0.00,0.00,5.00,0.00
13.00,36.00,8.00,10.00,1.00,0.00,4.00,0.00
12.00,25.00,5.00,6.00,1.00,0.00,2.00,0.00
14.00,27.00,6.00,1.00,1.00,0.00,2.00,0.00
15.00,19.00,3.00,1.00,0.00,0.00,1.00,0.00
9.00,5.00,1.00,0.00,1.00,0.00,1.00,0.00
5.00,3.00,2.00,1.00,1.00,0.00,2.00,0.00
16.00,13.00,1.00,1.00,1.00,0.00,1.00,0.00
17.00,18.00,4.00,1.00,1.00,0.00,1.00,0.00
27.00,36.00,3.00,1.00,3.00,0.00,3.00,0.00
23.00,30.00,7.00,1.00,2.00,0.00,2.00,0.00
15.00,10.00,4.00,0.00,0.00,0.00,1.00,0.00
18.00,22.00,3.00,1.00,2.00,0.00,2.00,0.00
18.00,12.00,4.00,1.00,1.00,0.00,1.00,0.00
17.00,22.00,2.00,1.00,1.00,0.00,2.00,0.00
19.00,29.00,3.00,1.00,2.00,0.00,2.00,0.00
23.00,31.00,4.00,1.00,1.00,0.00,2.00,0.00
27.00,31.00,6.00,2.00,1.00,0.00,3.00,0.00
25.00,33.00,7.00,1.00,0.00,0.00,3.00,0.00
25.00,26.00,7.00,1.00,1.00,0.00,2.00,0.00
16.00,33.00,8.00,1.00,1.00,0.00,3.00,0.00
23.00,36.00,8.00,6.00,1.00,0.00,4.00,0.00
24.00,61.00,11.00,10.00,1.00,0.00,7.00,0.00
17.00,67.00,9.00,9.00,1.00,0.00,8.00,0.00
20.00,51.00,12.00,6.00,1.00,0.00,6.00,0.00
23.00,58.00,14.00,11.00,1.00,0.00,6.00,0.00
21.00,49.00,12.00,5.00,0.00,0.00,5.00,0.00
29.00,64.00,11.00,1.00,0.00,0.00,6.00,0.00
37.00,54.00,14.00,0.00,0.00,0.00,5.00,0.00
32.00,36.00,10.00,0.00,0.00,0.00,3.00,0.00
35.00,43.00,8.00,1.00,1.00,0.00,3.00,0.00
33.00,41.00,10.00,0.00,0.00,0.00,3.00,0.00
19.00,45.00,2.00,2.00,1.00,0.00,4.00,0.00
43.00,101.00,5.00,8.00,3.00,0.00,9.00,0.00
55.00,59.00,7.00,7.00,7.00,0.00,5.00,0.00
48.00,28.00,4.00,4.00,3.00,0.00,3.00,0.00
45.00,18.00,9.00,8.00,3.00,0.00,3.00,0.00
40.00,23.00,3.00,4.00,1.00,0.00,3.00,0.00
112.00,80.00,18.00,13.00,4.00,0.00,8.00,0.00
117.00,80.00,28.00,9.00,4.00,0.00,9.00,0.00
87.00,96.00,22.00,12.00,2.00,0.00,8.00,0.00
102.00,79.00,38.00,8.00,2.00,0.00,11.00,0.00
35.00,109.00,85.00,26.00,3.00,0.00,15.00,0.00
42.00,83.00,74.00,8.00,5.00,0.00,16.00,0.00
77.00,44.00,46.00,16.00,4.00,0.00,7.00,0.00
42.00,43.00,17.00,19.00,2.00,0.00,6.00,0.00
43.00,30.00,9.00,4.00,1.00,0.00,3.00,0.00
54.00,27.00,5.00,2.00,1.00,0.00,4.00,0.00
42.00,39.00,18.00,4.00,2.00,0.00,4.00,0.00
30.00,67.00,89.00,10.00,4.00,0.00,14.00,0.00
28.00,108.00,125.00,9.00,6.00,1.00,20.00,0.00
32.00,115.00,128.00,8.00,9.00,0.00,22.00,0.00
27.00,90.00,119.00,13.00,7.00,0.00,19.00,0.00
35.00,82.00,57.00,18.00,4.00,0.00,10.00,0.00
20.00,32.00,29.00,2.00,3.00,0.00,4.00,0.00
7.00,7.00,6.00,6.00,6.00,1.00,8.00,0.00
12.00,15.00,2.00,2.00,14.00,1.00,18.00,0.00
15.00,12.00,1.00,3.00,20.00,1.00,23.00,0.00
13.00,14.00,1.00,3.00,10.00,4.00,12.00,0.00
18.00,20.00,1.00,6.00,18.00,1.00,20.00,0.00
12.00,11.00,0.00,7.00,22.00,3.00,25.00,0.00
14.00,9.00,1.00,3.00,8.00,2.00,11.00,0.00
7.00,5.00,1.00,5.00,5.00,2.00,7.00,0.00
17.00,13.00,3.00,3.00,3.00,1.00,4.00,0.00
35.00,32.00,3.00,4.00,6.00,0.00,6.00,0.00
39.00,32.00,4.00,5.00,2.00,0.00,3.00,0.00
42.00,30.00,4.00,4.00,0.00,0.00,3.00,0.00
49.00,41.00,5.00,6.00,1.00,0.00,4.00,0.00
67.00,80.00,5.00,14.00,0.00,0.00,7.00,0.00
35.00,60.00,4.00,3.00,1.00,0.00,5.00,0.00
9.00,5.00,0.00,0.00,0.00,0.00,0.00,0.00
3.00,4.00,1.00,0.00,0.00,0.00,0.00,0.00
3.00,3.00,6.00,3.00,0.00,0.00,1.00,0.00
4.00,4.00,7.00,1.00,0.00,0.00,2.00,0.00
10.00,8.00,6.00,1.00,0.00,0.00,1.00,0.00
58.00,64.00,14.00,3.00,1.00,0.00,5.00,0.00
66.00,65.00,20.00,5.00,2.00,0.00,8.00,0.00
65.00,110.00,29.00,6.00,2.00,0.00,13.00,0.00
57.00,128.00,27.00,26.00,1.00,0.00,18.00,0.00
68.00,128.00,21.00,21.00,1.00,0.00,17.00,0.00
91.00,89.00,9.00,14.00,0.00,0.00,9.00,0.00
18.00,6.00,2.00,2.00,0.00,0.00,1.00,0.00
65.00,74.00,8.00,7.00,4.00,0.00,8.00,0.00
45.00,32.00,6.00,1.00,1.00,0.00,3.00,0.00
55.00,28.00,3.00,2.00,0.00,0.00,4.00,0.00
60.00,28.00,3.00,2.00,0.00,0.00,4.00,0.00
64.00,24.00,4.00,2.00,1.00,0.00,4.00,0.00
67.00,32.00,2.00,1.00,0.00,0.00,5.00,0.00
42.00,21.00,3.00,6.00,1.00,0.00,3.00,0.00
10.00,4.00,0.00,3.00,0.00,0.00,1.00,0.00
8.00,8.00,1.00,2.00,0.00,0.00,1.00,0.00
31.00,34.00,0.00,2.00,3.00,0.00,2.00,0.00
55.00,40.00,4.00,2.00,0.00,0.00,4.00,0.00
61.00,40.00,4.00,2.00,3.00,0.00,4.00,0.00
68.00,24.00,7.00,2.00,2.00,0.00,5.00,0.00
57.00,27.00,4.00,5.00,1.00,0.00,4.00,0.00
50.00,25.00,4.00,4.00,1.00,0.00,3.00,0.00
45.00,26.00,4.00,3.00,0.00,0.00,3.00,0.00
52.00,27.00,4.00,2.00,0.00,0.00,3.00,0.00
63.00,33.00,4.00,3.00,0.00,0.00,4.00,0.00
64.00,24.00,4.00,4.00,0.00,0.00,4.00,0.00
68.00,24.00,4.00,2.00,0.00,0.00,5.00,0.00
74.00,35.00,3.00,1.00,0.00,0.00,5.00,0.00
70.00,33.00,2.00,1.00,0.00,0.00,5.00,0.00
20.00,9.00,2.00,0.00,0.00,0.00,1.00,0.00
19.00,9.00,1.00,1.00,0.00,0.00,1.00,0.00
30.00,24.00,2.00,5.00,1.00,0.00,2.00,0.00
79.00,71.00,10.00,14.00,1.00,0.00,7.00,0.00
81.00,118.00,18.00,16.00,1.00,0.00,13.00,0.00
52.00,128.00,20.00,6.00,1.00,0.00,15.00,0.00
33.00,110.00,20.00,20.00,2.00,0.00,11.00,0.00
19.00,93.00,21.00,20.00,1.00,0.00,12.00,0.00
25.00,128.00,25.00,16.00,1.00,0.00,17.00,0.00
20.00,128.00,17.00,9.00,1.00,0.00,18.00,0.00
26.00,128.00,26.00,4.00,1.00,0.00,20.00,0.00
13.00,121.00,32.00,2.00,1.00,0.00,15.00,0.00
25.00,92.00,47.00,4.00,1.00,0.00,11.00,0.00
16.00,100.00,32.00,3.00,2.00,0.00,12.00,0.00
31.00,95.00,54.00,4.00,2.00,0.00,14.00,0.00
28.00,124.00,45.00,2.00,2.00,0.00,18.00,0.00
26.00,125.00,34.00,4.00,2.00,0.00,17.00,0.00
24.00,115.00,41.00,3.00,2.00,0.00,16.00,0.00
23.00,104.00,31.00,4.00,3.00,0.00,14.00,0.00
20.00,101.00,38.00,4.00,4.00,0.00,14.00,0.00
18.00,99.00,32.00,6.00,3.00,0.00,13.00,0.00
16.00,91.00,37.00,2.00,2.00,0.00,12.00,0.00
20.00,61.00,31.00,3.00,2.00,0.00,9.00,0.00
20.00,50.00,18.00,2.00,1.00,0.00,7.00,0.00
19.00,45.00,20.00,1.00,2.00,0.00,6.00,0.00
19.00,58.00,24.00,4.00,4.00,0.00,7.00,0.00
25.00,62.00,29.00,2.00,2.00,0.00,8.00,0.00
30.00,67.00,39.00,3.00,2.00,0.00,8.00,0.00
13.00,47.00,25.00,2.00,1.00,0.00,6.00,0.00
15.00,47.00,20.00,1.00,1.00,0.00,6.00,0.00
16.00,46.00,19.00,1.00,0.00,0.00,6.00,0.00
23.00,68.00,40.00,1.00,0.00,0.00,10.00,0.00
24.00,76.00,52.00,2.00,0.00,0.00,11.00,0.00
12.00,47.00,30.00,1.00,1.00,0.00,6.00,0.00
9.00,41.00,27.00,1.00,1.00,0.00,6.00,0.00
19.00,71.00,40.00,1.00,1.00,0.00,10.00,0.00
16.00,58.00,47.00,2.00,1.00,0.00,8.00,0.00
12.00,31.00,28.00,3.00,1.00,0.00,5.00,0.00
12.00,46.00,32.00,2.00,0.00,0.00,7.00,0.00
19.00,70.00,43.00,1.00,1.00,0.00,10.00,0.00
18.00,61.00,42.00,2.00,1.00,0.00,8.00,0.00
10.00,28.00,26.00,1.00,1.00,0.00,5.00,0.00
8.00,32.00,21.00,1.00,0.00,0.00,5.00,0.00
17.00,47.00,28.00,1.00,1.00,0.00,6.00,0.00
15.00,40.00,30.00,0.00,1.00,0.00,5.00,0.00
10.00,19.00,18.00,0.00,1.00,0.00,2.00,0.00
17.00,41.00,19.00,0.00,1.00,0.00,5.00,0.00
20.00,42.00,30.00,1.00,1.00,0.00,5.00,0.00
12.00,27.00,19.00,0.00,1.00,0.00,3.00,0.00
15.00,32.00,16.00,1.00,1.00,0.00,3.00,0.00
20.00,33.00,22.00,0.00,1.00,0.00,3.00,0.00
9.00,24.00,7.00,0.00,1.00,0.00,2.00,0.00
9.00,9.00,4.00,0.00,0.00,0.00,1.00,0.00
5.00,8.00,4.00,0.00,0.00,0.00,1.00,0.00
3.00,2.00,0.00,0.00,0.00,0.00,0.00,0.00
6.00,7.00,3.00,0.00,0.00,0.00,0.00,0.00
1.00,1.00,0.00,0.00,0.00,0.00,0.00,0.00
0.00,0.00,0.00,0.00,0.00,0.00,0.00,0.00
0.00,0.00,0.00,0.00,0.00,0.00,0.00,0.00
0.00,0.00,0.00,0.00,0.00,0.00,0.00,0.00
0.00,0.00,0.00,0.00,0.00,0.00,0.00,0.00
1.00,0.00,0.00,0.00,0.00,0.00,0.00,0.00
0.00,0.00,0.00,0.00,0.00,0.00,0.00,0.00
0.00,0.00,0.00,0.00,0.00,0.00,0.00,0.00
0.00,0.00,0.00,0.00,0.00,0.00,0.00,0.00
0.00,0.00,0.00,0.00,0.00,0.00,0.00,0.00
0.00,0.00,0.00,0.00,0.00,0.00,0.00,0.00
0.00,0.00,0.00,1.00,0.00,0.00,0.00,0.00
1.00,0.00,0.00,0.00,0.00,0.00,0.00,0.00
0.00,0.00,0.00,1.00,0.00,0.00,0.00,0.00
0.00,0.00,0.00,0.00,0.00,0.00,0.00,0.00
1.00,0.00,0.00,0.00,0.00,0.00,0.00,0.00
0.00,0.00,0.00,0.00,0.00,0.00,0.00,0.00
1.00,0.00,0.00,0.00,0.00,0.00,0.00,0.00
1.00,0.00,0.00,0.00,0.00,0.00,0.00,0.00
0.00,0.00,0.00,0.00,0.00,0.00,0.00,0.00
1.00,4.00,0.00,0.00,0.00,0.00,0.00,0.00
1.00,1.00,1.00,0.00,1.00,0.00,0.00,0.00
10.00,31.00,15.00,11.00,1.00,0.00,4.00,0.00
13.00,29.00,17.00,7.00,0.00,0.00,3.00,0.00
15.00,21.00,5.00,5.00,0.00,0.00,2.00,0.00
13.00,15.00,2.00,1.00,0.00,0.00,1.00,0.00
12.00,10.00,2.00,1.00,0.00,0.00,1.00,0.00
15.00,9.00,2.00,0.00,1.00,0.00,1.00,0.00
20.00,13.00,2.00,0.00,0.00,0.00,1.00,0.00
20.00,12.00,1.00,0.00,0.00,0.00,1.00,0.00
12.00,7.00,0.00,0.00,0.00,0.00,0.00,0.00
3.00,3.00,0.00,1.00,0.00,0.00,0.00,0.00
6.00,4.00,0.00,0.00,0.00,0.00,1.00,0.00
9.00,9.00,0.00,0.00,1.00,0.00,1.00,0.00
14.00,15.00,0.00,0.00,1.00,0.00,1.00,0.00
17.00,14.00,0.00,1.00,0.00,0.00,1.00,0.00
36.00,41.00,1.00,1.00,0.00,0.00,3.00,0.00
39.00,47.00,3.00,0.00,0.00,0.00,4.00,0.00
24.00,17.00,1.00,0.00,0.00,0.00,1.00,0.00
24.00,25.00,1.00,1.00,0.00,0.00,2.00,0.00
25.00,26.00,1.00,0.00,0.00,0.00,2.00,0.00
25.00,24.00,1.00,1.00,0.00,0.00,2.00,0.00
22.00,39.00,2.00,1.00,0.00,0.00,3.00,0.00
22.00,37.00,4.00,2.00,0.00,0.00,3.00,0.00
24.00,28.00,3.00,3.00,0.00,0.00,3.00,0.00
29.00,48.00,9.00,3.00,0.00,0.00,5.00,0.00
35.00,38.00,10.00,3.00,0.00,0.00,4.00,0.00
13.00,23.00,7.00,2.00,0.00,0.00,2.00,0.00
4.00,8.00,1.00,1.00,0.00,0.00,0.00,0.00
2.00,2.00,0.00,3.00,2.00,0.00,2.00,0.00
2.00,2.00,0.00,9.00,6.00,0.00,6.00,0.00
1.00,2.00,0.00,12.00,4.00,0.00,5.00,0.00
1.00,1.00,0.00,22.00,3.00,0.00,10.00,0.00
1.00,0.00,1.00,8.00,4.00,0.00,4.00,0.00
3.00,2.00,0.00,6.00,1.00,0.00,2.00,0.00
25.00,30.00,4.00,3.00,0.00,0.00,3.00,0.00
28.00,40.00,11.00,6.00,1.00,0.00,4.00,0.00
20.00,21.00,8.00,5.00,0.00,0.00,2.00,0.00
18.00,20.00,7.00,6.00,1.00,0.00,2.00,0.00
26.00,41.00,11.00,8.00,1.00,0.00,4.00,0.00
25.00,44.00,12.00,5.00,0.00,0.00,5.00,0.00
15.00,24.00,8.00,4.00,0.00,0.00,2.00,0.00
15.00,18.00,6.00,2.00,1.00,0.00,1.00,0.00
14.00,18.00,3.00,1.00,1.00,0.00,1.00,0.00
13.00,19.00,2.00,1.00,1.00,0.00,1.00,0.00
19.00,27.00,2.00,1.00,1.00,0.00,2.00,0.00
16.00,27.00,3.00,2.00,1.00,0.00,2.00,0.00
14.00,22.00,3.00,2.00,0.00,0.00,2.00,0.00
17.00,25.00,2.00,2.00,1.00,0.00,2.00,0.00
21.00,31.00,2.00,2.00,1.00,0.00,2.00,0.00
19.00,31.00,4.00,3.00,1.00,0.00,2.00,0.00
15.00,30.00,4.00,2.00,1.00,0.00,2.00,0.00
16.00,33.00,15.00,16.00,0.00,0.00,5.00,0.00
19.00,35.00,22.00,12.00,0.00,0.00,4.00,0.00
16.00,27.00,18.00,9.00,0.00,0.00,3.00,0.00
14.00,28.00,15.00,5.00,1.00,0.00,4.00,0.00
18.00,46.00,27.00,9.00,1.00,0.00,6.00,0.00
21.00,50.00,34.00,11.00,0.00,0.00,7.00,0.00
17.00,35.00,25.00,8.00,0.00,0.00,5.00,0.00
16.00,35.00,22.00,5.00,0.00,0.00,5.00,0.00
17.00,31.00,18.00,5.00,0.00,0.00,4.00,0.00
14.00,29.00,15.00,1.00,0.00,0.00,4.00,0.00
11.00,29.00,8.00,2.00,0.00,0.00,4.00,0.00
13.00,30.00,14.00,2.00,0.00,0.00,4.00,0.00
13.00,23.00,12.00,1.00,0.00,0.00,3.00,0.00
7.00,15.00,6.00,1.00,0.00,0.00,2.00,0.00
3.00,3.00,1.00,0.00,0.00,0.00,0.00,0.00
2.00,1.00,1.00,0.00,0.00,0.00,0.00,0.00
1.00,0.00,0.00,0.00,1.00,0.00,0.00,0.00
0.00,0.00,0.00,0.00,0.00,0.00,0.00,0.00
1.00,0.00,0.00,0.00,0.00,0.00,0.00,0.00
1.00,0.00,0.00,0.00,0.00,0.00,0.00,0.00
0.00,0.00,0.00,0.00,0.00,0.00,0.00,0.00
0.00,0.00,0.00,1.00,0.00,0.00,0.00,0.00
1.00,0.00,0.00,0.00,0.00,0.00,0.00,0.00
0.00,1.00,0.00,0.00,0.00,0.00,0.00,0.00
1.00,0.00,0.00,0.00,1.00,0.00,0.00,0.00
0.00,0.00,0.00,0.00,0.00,0.00,0.00,0.00
0.00,0.00,0.00,0.00,1.00,0.00,0.00,0.00
0.00,0.00,0.00,0.00,1.00,0.00,0.00,0.00
0.00,0.00,0.00,0.00,0.00,0.00,0.00,0.00
0.00,0.00,0.00,0.00,0.00,0.00,0.00,0.00
0.00,0.00,0.00,0.00,0.00,0.00,0.00,0.00
0.00,0.00,0.00,0.00,0.00,0.00,0.00,0.00
0.00,0.00,0.00,0.00,0.00,0.00,0.00,0.00
1.00,0.00,0.00,0.00,0.00,0.00,0.00,0.00
1.00,1.00,0.00,0.00,0.00,0.00,0.00,0.00
0.00,0.00,0.00,0.00,0.00,0.00,0.00,0.00
0.00,0.00,0.00,0.00,0.00,0.00,0.00,0.00
0.00,0.00,0.00,0.00,0.00,0.00,0.00,0.00
0.00,0.00,0.00,0.00,0.00,0.00,0.00,0.00
0.00,0.00,0.00,0.00,0.00,0.00,0.00,0.00
1.00,0.00,0.00,0.00,0.00,0.00,0.00,0.00
1.00,0.00,0.00,0.00,1.00,0.00,0.00,0.00
0.00,0.00,0.00,0.00,0.00,0.00,0.00,0.00
0.00,0.00,0.00,1.00,0.00,0.00,0.00,0.00
1.00,0.00,0.00,0.00,0.00,0.00,0.00,0.00
1.00,0.00,0.00,0.00,0.00,0.00,0.00,0.00
0.00,0.00,0.00,0.00,0.00,0.00,0.00,0.00
20.00,15.00,1.00,0.00,0.00,0.00,1.00,0.00
4.00,3.00,0.00,1.00,1.00,0.00,0.00,0.00
31.00,49.00,1.00,2.00,0.00,0.00,4.00,0.00
18.00,50.00,12.00,6.00,1.00,0.00,6.00,0.00
29.00,42.00,9.00,7.00,0.00,0.00,4.00,0.00
24.00,47.00,12.00,7.00,0.00,0.00,4.00,0.00
29.00,63.00,10.00,5.00,0.00,0.00,6.00,0.00
44.00,58.00,3.00,5.00,0.00,0.00,5.00,0.00
32.00,30.00,2.00,5.00,0.00,0.00,2.00,0.00
42.00,23.00,2.00,5.00,0.00,0.00,2.00,0.00
62.00,20.00,2.00,5.00,0.00,0.00,4.00,0.00
83.00,35.00,5.00,4.00,0.00,0.00,5.00,0.00
84.00,50.00,8.00,3.00,0.00,0.00,6.00,0.00
60.00,68.00,9.00,4.00,1.00,0.00,7.00,0.00
22.00,92.00,9.00,5.00,1.00,0.00,9.00,0.00
29.00,60.00,16.00,5.00,1.00,0.00,5.00,0.00
19.00,49.00,7.00,6.00,0.00,0.00,4.00,0.00
24.00,37.00,2.00,1.00,0.00,0.00,3.00,0.00
4.00,2.00,0.00,0.00,0.00,0.00,1.00,0.00
1.00,0.00,0.00,0.00,1.00,0.00,2.00,0.00
1.00,3.00,0.00,1.00,0.00,0.00,2.00,0.00
0.00,1.00,0.00,1.00,0.00,0.00,1.00,0.00
0.00,0.00,0.00,0.00,0.00,0.00,1.00,0.00
0.00,1.00,0.00,0.00,0.00,0.00,1.00,0.00
26.00,23.00,2.00,0.00,1.00,0.00,2.00,0.00
24.00,34.00,5.00,1.00,0.00,0.00,3.00,0.00
25.00,45.00,4.00,1.00,0.00,0.00,4.00,0.00
35.00,57.00,10.00,1.00,1.00,0.00,5.00,0.00
35.00,47.00,4.00,0.00,0.00,0.00,4.00,0.00
26.00,23.00,5.00,0.00,0.00,0.00,2.00,0.00
10.00,9.00,1.00,0.00,0.00,0.00,0.00,0.00
3.00,1.00,0.00,0.00,0.00,0.00,0.00,0.00
13.00,19.00,6.00,0.00,0.00,0.00,1.00,0.00
13.00,34.00,15.00,1.00,1.00,0.00,3.00,0.00
13.00,46.00,18.00,1.00,1.00,0.00,5.00,0.00
12.00,49.00,17.00,3.00,1.00,0.00,6.00,0.00
14.00,60.00,15.00,6.00,1.00,0.00,7.00,0.00
10.00,60.00,9.00,4.00,1.00,0.00,7.00,0.00
11.00,52.00,7.00,3.00,1.00,0.00,6.00,0.00
18.00,36.00,6.00,5.00,1.00,0.00,4.00,0.00
13.00,28.00,5.00,5.00,1.00,0.00,3.00,0.00
10.00,28.00,5.00,2.00,1.00,0.00,2.00,0.00
15.00,27.00,4.00,2.00,1.00,0.00,2.00,0.00
18.00,21.00,1.00,1.00,1.00,0.00,1.00,0.00
4.00,4.00,0.00,0.00,0.00,0.00,1.00,0.00
2.00,3.00,0.00,0.00,1.00,0.00,2.00,0.00
1.00,1.00,0.00,1.00,1.00,0.00,3.00,0.00
2.00,1.00,0.00,0.00,1.00,0.00,1.00,0.00
3.00,1.00,0.00,0.00,0.00,0.00,0.00,0.00
17.00,18.00,2.00,2.00,0.00,0.00,1.00,0.00
24.00,29.00,2.00,1.00,1.00,0.00,2.00,0.00
12.00,26.00,2.00,1.00,1.00,0.00,2.00,0.00
11.00,17.00,1.00,0.00,1.00,0.00,1.00,0.00
12.00,30.00,3.00,1.00,0.00,0.00,3.00,0.00
14.00,23.00,15.00,4.00,0.00,0.00,3.00,0.00
11.00,26.00,15.00,3.00,0.00,0.00,3.00,0.00
8.00,16.00,5.00,3.00,0.00,0.00,2.00,0.00
6.00,9.00,1.00,2.00,0.00,0.00,1.00,0.00
1.00,1.00,0.00,0.00,0.00,0.00,0.00,0.00
1.00,0.00,0.00,0.00,0.00,0.00,0.00,0.00
0.00,0.00,0.00,0.00,0.00,0.00,0.00,0.00
1.00,3.00,1.00,7.00,0.00,0.00,2.00,0.00
7.00,10.00,4.00,1.00,0.00,0.00,1.00,0.00
7.00,16.00,1.00,3.00,0.00,0.00,1.00,0.00
16.00,25.00,5.00,5.00,1.00,0.00,2.00,0.00
13.00,9.00,1.00,3.00,1.00,0.00,1.00,0.00
10.00,8.00,1.00,1.00,0.00,0.00,0.00,0.00
9.00,12.00,1.00,0.00,0.00,0.00,1.00,0.00
8.00,6.00,0.00,0.00,0.00,0.00,0.00,0.00
7.00,10.00,1.00,0.00,0.00,0.00,0.00,0.00
12.00,25.00,1.00,1.00,1.00,0.00,2.00,0.00
17.00,30.00,1.00,2.00,1.00,0.00,2.00,0.00
24.00,33.00,1.00,1.00,1.00,0.00,2.00,0.00
14.00,7.00,1.00,0.00,1.00,0.00,0.00,0.00
5.00,4.00,0.00,0.00,0.00,0.00,0.00,0.00
11.00,5.00,1.00,0.00,0.00,0.00,0.00,0.00
5.00,2.00,1.00,0.00,0.00,0.00,0.00,0.00
5.00,1.00,0.00,0.00,0.00,0.00,0.00,0.00
1.00,1.00,0.00,1.00,0.00,0.00,0.00,0.00
5.00,11.00,1.00,0.00,0.00,0.00,1.00,0.00
27.00,48.00,3.00,0.00,0.00,0.00,4.00,0.00
19.00,32.00,4.00,2.00,1.00,0.00,2.00,0.00
15.00,8.00,0.00,0.00,1.00,0.00,0.00,0.00
7.00,7.00,0.00,0.00,0.00,0.00,0.00,0.00
13.00,12.00,1.00,1.00,1.00,0.00,1.00,0.00
16.00,25.00,1.00,1.00,1.00,0.00,2.00,0.00
17.00,35.00,4.00,2.00,0.00,0.00,3.00,0.00
12.00,26.00,2.00,4.00,1.00,0.00,2.00,0.00
17.00,38.00,2.00,5.00,1.00,0.00,3.00,0.00
20.00,27.00,3.00,3.00,0.00,0.00,2.00,0.00
17.00,31.00,1.00,2.00,0.00,0.00,2.00,0.00
25.00,28.00,3.00,1.00,0.00,0.00,2.00,0.00
17.00,19.00,1.00,2.00,0.00,0.00,1.00,0.00
27.00,34.00,1.00,2.00,1.00,0.00,3.00,0.00
21.00,21.00,2.00,1.00,1.00,0.00,1.00,0.00
12.00,19.00,1.00,2.00,0.00,0.00,1.00,0.00
12.00,35.00,3.00,1.00,0.00,0.00,3.00,0.00
14.00,32.00,10.00,0.00,0.00,0.00,3.00,0.00
5.00,23.00,4.00,0.00,1.00,0.00,2.00,0.00
11.00,31.00,11.00,1.00,0.00,0.00,3.00,0.00
7.00,16.00,7.00,0.00,0.00,0.00,2.00,0.00
7.00,30.00,10.00,0.00,0.00,0.00,3.00,0.00
7.00,19.00,21.00,1.00,0.00,0.00,3.00,0.00
15.00,23.00,4.00,3.00,0.00,0.00,2.00,0.00
13.00,8.00,0.00,1.00,0.00,0.00,1.00,0.00
18.00,17.00,1.00,1.00,0.00,0.00,1.00,0.00
14.00,8.00,1.00,0.00,0.00,0.00,1.00,0.00
15.00,12.00,0.00,1.00,0.00,0.00,1.00,0.00
12.00,8.00,1.00,0.00,0.00,0.00,1.00,0.00
12.00,12.00,1.00,0.00,0.00,0.00,1.00,0.00
10.00,5.00,1.00,1.00,0.00,0.00,0.00,0.00
13.00,13.00,1.00,0.00,0.00,0.00,1.00,0.00
9.00,3.00,0.00,1.00,0.00,0.00,0.00,0.00
11.00,10.00,1.00,0.00,0.00,0.00,0.00,0.00
9.00,6.00,0.00,0.00,0.00,0.00,0.00,0.00
10.00,7.00,0.00,0.00,0.00,0.00,0.00,0.00
8.00,9.00,0.00,0.00,0.00,0.00,0.00,0.00
5.00,4.00,0.00,0.00,0.00,0.00,0.00,0.00
5.00,4.00,0.00,0.00,0.00,0.00,0.00,0.00
6.00,1.00,0.00,0.00,0.00,0.00,0.00,0.00
8.00,9.00,1.00,0.00,0.00,0.00,0.00,0.00
4.00,5.00,0.00,0.00,0.00,0.00,0.00,0.00
10.00,12.00,0.00,0.00,0.00,0.00,1.00,0.00
4.00,3.00,0.00,0.00,0.00,0.00,0.00,0.00
9.00,7.00,0.00,0.00,0.00,0.00,0.00,0.00
7.00,5.00,0.00,0.00,0.00,0.00,0.00,0.00
9.00,5.00,0.00,0.00,0.00,0.00,0.00,0.00
9.00,7.00,0.00,0.00,1.00,0.00,0.00,0.00
10.00,5.00,0.00,0.00,0.00,0.00,0.00,0.00
11.00,7.00,0.00,0.00,0.00,0.00,0.00,0.00
6.00,4.00,1.00,0.00,0.00,0.00,0.00,0.00
7.00,12.00,1.00,1.00,0.00,0.00,1.00,0.00
5.00,7.00,1.00,1.00,1.00,0.00,0.00,0.00
4.00,12.00,1.00,1.00,0.00,0.00,1.00,0.00
5.00,8.00,2.00,1.00,0.00,0.00,0.00,0.00
6.00,12.00,1.00,0.00,0.00,0.00,1.00,0.00
6.00,11.00,1.00,0.00,0.00,0.00,1.00,0.00
10.00,14.00,1.00,1.00,0.00,0.00,1.00,0.00
5.00,2.00,0.00,0.00,0.00,0.00,0.00,0.00
8.00,9.00,1.00,0.00,0.00,0.00,0.00,0.00
5.00,4.00,0.00,0.00,0.00,0.00,0.00,0.00
8.00,12.00,3.00,0.00,0.00,0.00,1.00,0.00
2.00,8.00,1.00,0.00,0.00,0.00,1.00,0.00
7.00,13.00,5.00,0.00,0.00,0.00,1.00,0.00
4.00,5.00,2.00,0.00,0.00,0.00,0.00,0.00
5.00,9.00,4.00,0.00,0.00,0.00,1.00,0.00
2.00,4.00,2.00,0.00,0.00,0.00,0.00,0.00
0.00,0.00,0.00,0.00,0.00,0.00,0.00,0.00
1.00,0.00,0.00,0.00,0.00,0.00,0.00,0.00
1.00,0.00,0.00,0.00,0.00,0.00,0.00,0.00
1.00,0.00,0.00,0.00,0.00,0.00,0.00,0.00
0.00,0.00,0.00,0.00,1.00,0.00,0.00,0.00
0.00,0.00,2.00,0.00,0.00,0.00,0.00,0.00
6.00,25.00,15.00,2.00,0.00,0.00,3.00,0.00
5.00,8.00,3.00,2.00,0.00,0.00,1.00,0.00
10.00,10.00,2.00,1.00,0.00,0.00,1.00,0.00
3.00,2.00,0.00,0.00,0.00,0.00,0.00,0.00
1.00,0.00,0.00,0.00,0.00,0.00,0.00,0.00
0.00,0.00,0.00,0.00,0.00,0.00,0.00,0.00
0.00,0.00,0.00,0.00,0.00,0.00,0.00,0.00
2.00,1.00,0.00,0.00,0.00,0.00,0.00,0.00
12.00,4.00,0.00,0.00,0.00,0.00,0.00,0.00
9.00,11.00,1.00,1.00,0.00,0.00,1.00,0.00
20.00,10.00,0.00,1.00,0.00,0.00,1.00,0.00
21.00,21.00,1.00,0.00,0.00,0.00,1.00,0.00
12.00,14.00,1.00,1.00,0.00,0.00,1.00,0.00
12.00,6.00,0.00,0.00,0.00,0.00,0.00,0.00
13.00,19.00,1.00,0.00,0.00,0.00,1.00,0.00
21.00,26.00,1.00,0.00,0.00,0.00,2.00,0.00
18.00,29.00,3.00,3.00,1.00,0.00,3.00,0.00
8.00,20.00,1.00,1.00,0.00,0.00,2.00,0.00
19.00,29.00,1.00,1.00,0.00,0.00,2.00,0.00
15.00,12.00,1.00,1.00,1.00,0.00,1.00,0.00
9.00,4.00,0.00,0.00,0.00,0.00,0.00,0.00
6.00,5.00,0.00,0.00,0.00,0.00,0.00,0.00
13.00,11.00,0.00,0.00,0.00,0.00,1.00,0.00
23.00,27.00,1.00,1.00,0.00,0.00,2.00,0.00
20.00,28.00,1.00,0.00,1.00,0.00,2.00,0.00
28.00,34.00,1.00,0.00,0.00,0.00,3.00,0.00
19.00,13.00,2.00,0.00,0.00,0.00,1.00,0.00
24.00,29.00,2.00,0.00,1.00,0.00,2.00,0.00
21.00,17.00,4.00,0.00,0.00,0.00,1.00,0.00
19.00,18.00,3.00,0.00,0.00,0.00,1.00,0.00
17.00,12.00,3.00,0.00,0.00,0.00,1.00,0.00
16.00,16.00,3.00,0.00,1.00,0.00,1.00,0.00
19.00,17.00,6.00,0.00,1.00,0.00,1.00,0.00
7.00,13.00,10.00,0.00,0.00,0.00,1.00,0.00
7.00,34.00,4.00,1.00,0.00,0.00,3.00,0.00
10.00,20.00,5.00,1.00,0.00,0.00,2.00,0.00
2.00,20.00,2.00,1.00,1.00,0.00,2.00,0.00
12.00,24.00,2.00,1.00,0.00,0.00,2.00,0.00
12.00,13.00,0.00,1.00,1.00,0.00,1.00,0.00
7.00,5.00,0.00,0.00,0.00,0.00,0.00,0.00
0.00,0.00,0.00,0.00,0.00,0.00,0.00,0.00
0.00,0.00,0.00,0.00,0.00,0.00,0.00,0.00
0.00,0.00,0.00,0.00,0.00,0.00,0.00,0.00
1.00,0.00,0.00,0.00,0.00,0.00,0.00,0.00
0.00,0.00,0.00,0.00,0.00,0.00,0.00,0.00
0.00,0.00,0.00,0.00,0.00,0.00,0.00,0.00
0.00,0.00,0.00,1.00,1.00,0.00,0.00,0.00
0.00,0.00,0.00,0.00,0.00,0.00,0.00,0.00
0.00,1.00,0.00,0.00,0.00,0.00,0.00,0.00
0.00,0.00,0.00,2.00,0.00,0.00,1.00,0.00
15.00,25.00,1.00,0.00,0.00,0.00,2.00,0.00
14.00,17.00,2.00,1.00,0.00,0.00,1.00,0.00
10.00,16.00,4.00,0.00,1.00,0.00,1.00,0.00
15.00,23.00,2.00,0.00,0.00,0.00,2.00,0.00
17.00,12.00,2.00,1.00,1.00,0.00,1.00,0.00
16.00,25.00,1.00,1.00,0.00,0.00,2.00,0.00
17.00,13.00,2.00,1.00,0.00,0.00,1.00,0.00
11.00,15.00,1.00,1.00,0.00,0.00,1.00,0.00
9.00,12.00,1.00,1.00,0.00,0.00,1.00,0.00
14.00,15.00,0.00,1.00,0.00,0.00,1.00,0.00
10.00,6.00,0.00,1.00,1.00,0.00,0.00,0.00
14.00,13.00,0.00,1.00,0.00,0.00,1.00,0.00
9.00,4.00,0.00,1.00,0.00,0.00,0.00,0.00
14.00,14.00,0.00,0.00,0.00,0.00,1.00,0.00
9.00,8.00,0.00,2.00,0.00,0.00,0.00,0.00
17.00,19.00,1.00,0.00,0.00,0.00,1.00,0.00
14.00,7.00,1.00,1.00,0.00,0.00,1.00,0.00
22.00,22.00,1.00,0.00,0.00,0.00,1.00,0.00
15.00,16.00,0.00,0.00,0.00,0.00,1.00,0.00
19.00,17.00,0.00,1.00,0.00,0.00,1.00,0.00
9.00,13.00,1.00,2.00,1.00,0.00,1.00,0.00
9.00,17.00,0.00,2.00,0.00,0.00,1.00,0.00
21.00,36.00,1.00,1.00,0.00,0.00,3.00,0.00
18.00,29.00,4.00,1.00,0.00,0.00,2.00,0.00
9.00,16.00,7.00,0.00,0.00,0.00,1.00,0.00
9.00,23.00,8.00,0.00,0.00,0.00,2.00,0.00
9.00,17.00,2.00,0.00,0.00,0.00,1.00,0.00
4.00,10.00,2.00,0.00,0.00,0.00,1.00,0.00
5.00,16.00,1.00,0.00,0.00,0.00,1.00,0.00
11.00,8.00,2.00,0.00,0.00,0.00,0.00,0.00
8.00,12.00,1.00,0.00,0.00,0.00,1.00,0.00
14.00,10.00,2.00,1.00,0.00,0.00,1.00,0.00
11.00,17.00,0.00,0.00,0.00,0.00,1.00,0.00
9.00,24.00,5.00,0.00,0.00,0.00,2.00,0.00
6.00,14.00,5.00,0.00,0.00,0.00,1.00,0.00
4.00,8.00,6.00,0.00,0.00,0.00,1.00,0.00
5.00,16.00,11.00,0.00,0.00,0.00,2.00,0.00
3.00,9.00,4.00,0.00,0.00,0.00,1.00,0.00
1.00,3.00,3.00,0.00,0.00,0.00,0.00,0.00
3.00,5.00,3.00,1.00,0.00,0.00,0.00,0.00
2.00,2.00,3.00,0.00,0.00,0.00,0.00,0.00
0.00,2.00,1.00,0.00,1.00,0.00,0.00,0.00
1.00,3.00,1.00,0.00,0.00,0.00,0.00,0.00
2.00,2.00,0.00,0.00,0.00,0.00,0.00,0.00
2.00,5.00,1.00,0.00,0.00,0.00,0.00,0.00
5.00,8.00,1.00,0.00,0.00,0.00,0.00,0.00
4.00,4.00,0.00,0.00,0.00,0.00,0.00,0.00
4.00,3.00,1.00,0.00,1.00,0.00,0.00,0.00
9.00,10.00,1.00,0.00,0.00,0.00,0.00,0.00
4.00,3.00,1.00,1.00,1.00,0.00,0.00,0.00
20.00,34.00,20.00,1.00,1.00,0.00,3.00,0.00
14.00,28.00,33.00,3.00,4.00,0.00,5.00,0.00
23.00,77.00,40.00,2.00,2.00,0.00,8.00,0.00
29.00,71.00,18.00,2.00,2.00,0.00,7.00,0.00
31.00,69.00,25.00,2.00,2.00,0.00,6.00,0.00
19.00,58.00,32.00,2.00,1.00,0.00,8.00,0.00
12.00,34.00,12.00,0.00,0.00,0.00,3.00,0.00
12.00,23.00,12.00,1.00,1.00,0.00,2.00,0.00
11.00,20.00,13.00,1.00,1.00,0.00,2.00,0.00
4.00,12.00,12.00,1.00,0.00,0.00,1.00,0.00
4.00,3.00,3.00,0.00,0.00,0.00,0.00,0.00
1.00,7.00,2.00,0.00,0.00,0.00,1.00,0.00
2.00,3.00,3.00,0.00,0.00,0.00,0.00,0.00
2.00,3.00,4.00,0.00,0.00,0.00,0.00,0.00
3.00,8.00,7.00,0.00,0.00,0.00,1.00,0.00
3.00,4.00,2.00,2.00,1.00,0.00,0.00,0.00
4.00,4.00,2.00,0.00,0.00,0.00,0.00,0.00
4.00,2.00,0.00,0.00,0.00,0.00,0.00,0.00
2.00,1.00,0.00,0.00,0.00,0.00,0.00,0.00
3.00,2.00,0.00,0.00,0.00,0.00,0.00,0.00
2.00,0.00,0.00,0.00,0.00,0.00,0.00,0.00
1.00,1.00,0.00,0.00,0.00,0.00,0.00,0.00
2.00,2.00,0.00,0.00,0.00,0.00,0.00,0.00
2.00,1.00,0.00,0.00,0.00,0.00,0.00,0.00
1.00,3.00,0.00,0.00,1.00,0.00,0.00,0.00
1.00,0.00,0.00,0.00,1.00,0.00,0.00,0.00
1.00,1.00,0.00,0.00,0.00,0.00,0.00,0.00
0.00,0.00,0.00,0.00,0.00,0.00,0.00,0.00
0.00,0.00,0.00,0.00,0.00,0.00,0.00,0.00
1.00,0.00,0.00,0.00,0.00,0.00,0.00,0.00
0.00,0.00,0.00,0.00,0.00,0.00,0.00,0.00
2.00,4.00,2.00,1.00,1.00,0.00,1.00,0.00
2.00,3.00,0.00,0.00,0.00,0.00,0.00,0.00
14.00,24.00,2.00,1.00,0.00,0.00,2.00,0.00
13.00,15.00,3.00,2.00,0.00,0.00,1.00,0.00
7.00,15.00,1.00,2.00,1.00,0.00,1.00,0.00
10.00,19.00,4.00,4.00,1.00,0.00,2.00,0.00
11.00,17.00,6.00,4.00,0.00,0.00,2.00,0.00
5.00,11.00,2.00,2.00,0.00,0.00,1.00,0.00
10.00,25.00,11.00,4.00,0.00,0.00,3.00,0.00
8.00,14.00,5.00,4.00,0.00,0.00,2.00,0.00
6.00,26.00,11.00,4.00,0.00,0.00,3.00,0.00
5.00,12.00,5.00,2.00,0.00,0.00,1.00,0.00
6.00,18.00,11.00,4.00,0.00,0.00,2.00,0.00
4.00,5.00,6.00,1.00,0.00,0.00,1.00,0.00
4.00,14.00,10.00,2.00,0.00,0.00,2.00,0.00
3.00,8.00,2.00,1.00,0.00,0.00,1.00,0.00
4.00,13.00,7.00,0.00,0.00,0.00,2.00,0.00
2.00,8.00,3.00,1.00,0.00,0.00,1.00,0.00
3.00,10.00,3.00,1.00,0.00,0.00,1.00,0.00
79.00,38.00,8.00,4.00,3.00,0.00,5.00,0.00
128.00,97.00,5.00,4.00,3.00,0.00,12.00,0.00
102.00,92.00,8.00,5.00,7.00,0.00,8.00,0.00
58.00,65.00,5.00,12.00,7.00,0.00,8.00,0.00
14.00,12.00,3.00,5.00,5.00,0.00,3.00,0.00
23.00,12.00,4.00,2.00,2.00,0.00,2.00,0.00
115.00,69.00,6.00,7.00,12.00,0.00,8.00,0.00
128.00,46.00,9.00,8.00,13.00,0.00,10.00,0.00
41.00,45.00,5.00,3.00,8.00,0.00,5.00,0.00
22.00,32.00,12.00,1.00,3.00,0.00,3.00,0.00
11.00,6.00,3.00,0.00,1.00,0.00,1.00,0.00
11.00,4.00,1.00,0.00,1.00,0.00,3.00,0.00
4.00,4.00,0.00,1.00,1.00,0.00,3.00,0.00
13.00,16.00,1.00,1.00,1.00,0.00,2.00,0.00
24.00,35.00,3.00,5.00,3.00,0.00,3.00,0.00
32.00,35.00,6.00,6.00,3.00,0.00,3.00,0.00
25.00,20.00,2.00,1.00,0.00,0.00,2.00,0.00
3.00,0.00,0.00,0.00,0.00,0.00,0.00,0.00
2.00,1.00,0.00,0.00,0.00,0.00,0.00,0.00
1.00,1.00,0.00,0.00,0.00,0.00,0.00,0.00
4.00,3.00,0.00,1.00,0.00,0.00,1.00,0.00
28.00,22.00,2.00,4.00,2.00,0.00,2.00,0.00
61.00,36.00,1.00,5.00,3.00,0.00,4.00,0.00
17.00,22.00,1.00,4.00,2.00,0.00,2.00,0.00
33.00,35.00,1.00,7.00,1.00,0.00,3.00,0.00
38.00,33.00,0.00,8.00,1.00,0.00,3.00,0.00
17.00,13.00,1.00,2.00,0.00,0.00,1.00,0.00
9.00,13.00,0.00,1.00,0.00,0.00,1.00,0.00
10.00,9.00,0.00,1.00,0.00,0.00,0.00,0.00
10.00,12.00,0.00,1.00,0.00,0.00,1.00,0.00
14.00,19.00,0.00,1.00,0.00,0.00,1.00,0.00
1.00,2.00,0.00,0.00,0.00,0.00,0.00,0.00
0.00,1.00,0.00,0.00,0.00,0.00,0.00,0.00
0.00,1.00,0.00,0.00,0.00,0.00,0.00,0.00
1.00,1.00,0.00,0.00,0.00,0.00,0.00,0.00
0.00,0.00,0.00,0.00,1.00,0.00,0.00,0.00
1.00,0.00,0.00,0.00,0.00,0.00,0.00,0.00
0.00,0.00,0.00,0.00,0.00,0.00,0.00,0.00
0.00,0.00,0.00,1.00,0.00,0.00,0.00,0.00
0.00,0.00,0.00,0.00,0.00,0.00,0.00,0.00
0.00,0.00,0.00,0.00,0.00,0.00,0.00,0.00
1.00,1.00,0.00,0.00,1.00,0.00,0.00,0.00
1.00,0.00,0.00,0.00,0.00,0.00,0.00,0.00
0.00,0.00,0.00,0.00,1.00,0.00,0.00,0.00
0.00,0.00,0.00,0.00,0.00,0.00,0.00,0.00
0.00,0.00,0.00,0.00,0.00,0.00,0.00,0.00
1.00,0.00,0.00,0.00,0.00,0.00,0.00,0.00
1.00,1.00,0.00,0.00,0.00,0.00,0.00,0.00
0.00,0.00,0.00,0.00,1.00,0.00,0.00,0.00
0.00,0.00,0.00,1.00,0.00,0.00,0.00,0.00
23.00,17.00,9.00,4.00,0.00,0.00,1.00,0.00
26.00,18.00,5.00,2.00,0.00,0.00,1.00,0.00
16.00,15.00,2.00,2.00,1.00,0.00,1.00,0.00
13.00,8.00,2.00,0.00,0.00,0.00,0.00,0.00
3.00,4.00,2.00,0.00,1.00,0.00,0.00,0.00
7.00,5.00,1.00,0.00,0.00,0.00,0.00,0.00
17.00,10.00,5.00,1.00,0.00,0.00,1.00,0.00
31.00,5.00,4.00,1.00,0.00,0.00,1.00,0.00
7.00,7.00,2.00,1.00,0.00,0.00,0.00,0.00
8.00,6.00,1.00,0.00,0.00,0.00,0.00,0.00
1.00,1.00,0.00,0.00,0.00,0.00,0.00,0.00
1.00,1.00,0.00,0.00,0.00,0.00,0.00,0.00
2.00,0.00,0.00,0.00,0.00,0.00,0.00,0.00
0.00,0.00,0.00,0.00,0.00,0.00,0.00,0.00
2.00,1.00,0.00,1.00,0.00,0.00,0.00,0.00
1.00,0.00,0.00,0.00,0.00,0.00,0.00,0.00
0.00,0.00,0.00,0.00,0.00,0.00,0.00,0.00
0.00,0.00,0.00,0.00,0.00,0.00,0.00,0.00
2.00,0.00,0.00,0.00,0.00,0.00,0.00,0.00
0.00,0.00,0.00,0.00,0.00,0.00,0.00,0.00
0.00,0.00,0.00,0.00,0.00,0.00,0.00,0.00
1.00,0.00,0.00,0.00,0.00,0.00,0.00,0.00
0.00,0.00,0.00,0.00,0.00,0.00,0.00,0.00
0.00,0.00,0.00,0.00,0.00,0.00,0.00,0.00
0.00,0.00,0.00,0.00,0.00,0.00,0.00,0.00
0.00,0.00,0.00,0.00,0.00,0.00,0.00,0.00
0.00,0.00,0.00,0.00,0.00,0.00,0.00,0.00
0.00,0.00,0.00,0.00,0.00,0.00,0.00,0.00
0.00,0.00,0.00,0.00,0.00,0.00,0.00,0.00
0.00,0.00,0.00,0.00,0.00,0.00,0.00,0.00
0.00,0.00,0.00,0.00,0.00,0.00,0.00,0.00
1.00,0.00,0.00,0.00,0.00,0.00,0.00,0.00
1.00,0.00,0.00,0.00,0.00,0.00,0.00,0.00
1.00,0.00,0.00,0.00,0.00,0.00,0.00,0.00
1.00,0.00,0.00,0.00,0.00,0.00,0.00,0.00
1.00,0.00,0.00,0.00,0.00,0.00,0.00,0.00
0.00,0.00,0.00,0.00,0.00,0.00,0.00,0.00
0.00,0.00,0.00,0.00,0.00,0.00,0.00,0.00
0.00,0.00,0.00,0.00,0.00,0.00,0.00,0.00
0.00,0.00,0.00,0.00,0.00,0.00,0.00,0.00
0.00,0.00,0.00,0.00,0.00,0.00,0.00,0.00
1.00,0.00,0.00,0.00,0.00,0.00,0.00,0.00
1.00,0.00,0.00,0.00,0.00,0.00,0.00,0.00
0.00,0.00,0.00,0.00,0.00,0.00,0.00,0.00
1.00,0.00,0.00,0.00,0.00,0.00,0.00,0.00
1.00,0.00,0.00,0.00,0.00,0.00,0.00,0.00
1.00,0.00,0.00,0.00,0.00,0.00,0.00,0.00
0.00,0.00,0.00,0.00,0.00,0.00,0.00,0.00
0.00,0.00,0.00,0.00,0.00,0.00,0.00,0.00
0.00,0.00,0.00,0.00,0.00,0.00,0.00,0.00
26.00,30.00,8.00,1.00,1.00,0.00,2.00,0.00
41.00,71.00,28.00,5.00,3.00,0.00,6.00,0.00
18.00,50.00,14.00,12.00,7.00,0.00,5.00,0.00
25.00,41.00,9.00,14.00,4.00,0.00,4.00,0.00
22.00,43.00,4.00,3.00,1.00,0.00,3.00,0.00
25.00,32.00,3.00,1.00,1.00,0.00,2.00,0.00
9.00,6.00,2.00,2.00,1.00,0.00,1.00,0.00
33.00,11.00,1.00,2.00,3.00,0.00,3.00,0.00
32.00,12.00,1.00,1.00,3.00,0.00,2.00,0.00
20.00,5.00,0.00,0.00,1.00,0.00,1.00,0.00
3.00,1.00,0.00,1.00,1.00,0.00,1.00,0.00
5.00,2.00,0.00,1.00,1.00,0.00,2.00,0.00
3.00,0.00,0.00,1.00,2.00,0.00,2.00,0.00
1.00,1.00,0.00,1.00,2.00,0.00,3.00,0.00
1.00,0.00,0.00,3.00,2.00,0.00,1.00,0.00
3.00,2.00,0.00,3.00,1.00,0.00,1.00,0.00
11.00,10.00,1.00,3.00,2.00,0.00,2.00,0.00
12.00,17.00,0.00,2.00,3.00,0.00,2.00,0.00
13.00,24.00,0.00,3.00,2.00,0.00,2.00,0.00
17.00,28.00,1.00,1.00,1.00,0.00,2.00,0.00
19.00,25.00,1.00,1.00,1.00,0.00,2.00,0.00
18.00,22.00,0.00,2.00,0.00,0.00,1.00,0.00
14.00,15.00,0.00,0.00,0.00,0.00,1.00,0.00
8.00,7.00,0.00,0.00,1.00,0.00,0.00,0.00
28.00,36.00,4.00,1.00,1.00,0.00,3.00,0.00
42.00,55.00,7.00,1.00,0.00,0.00,4.00,0.00
15.00,15.00,10.00,1.00,1.00,0.00,2.00,0.00
17.00,11.00,8.00,1.00,0.00,0.00,1.00,0.00
13.00,3.00,2.00,2.00,1.00,0.00,1.00,0.00
12.00,2.00,0.00,1.00,1.00,0.00,0.00,0.00
14.00,5.00,0.00,1.00,1.00,0.00,0.00,0.00
4.00,2.00,0.00,0.00,0.00,0.00,0.00,0.00
18.00,9.00,1.00,0.00,1.00,0.00,1.00,0.00
15.00,11.00,4.00,0.00,0.00,0.00,1.00,0.00
13.00,13.00,14.00,0.00,1.00,0.00,2.00,0.00
12.00,17.00,7.00,1.00,1.00,0.00,1.00,0.00
13.00,29.00,16.00,1.00,1.00,0.00,3.00,0.00
30.00,42.00,21.00,3.00,2.00,0.00,4.00,0.00
31.00,33.00,5.00,5.00,4.00,0.00,4.00,0.00
42.00,20.00,7.00,11.00,4.00,0.00,4.00,0.00
31.00,13.00,2.00,7.00,2.00,0.00,3.00,0.00
9.00,9.00,1.00,2.00,1.00,0.00,2.00,0.00
2.00,4.00,0.00,1.00,1.00,0.00,2.00,0.00
2.00,1.00,0.00,0.00,1.00,0.00,3.00,0.00
0.00,1.00,0.00,0.00,1.00,0.00,2.00,0.00
5.00,3.00,0.00,1.00,0.00,0.00,0.00,0.00
15.00,8.00,0.00,1.00,1.00,0.00,0.00,0.00
10.00,14.00,1.00,1.00,1.00,0.00,1.00,0.00
9.00,13.00,0.00,1.00,1.00,0.00,1.00,0.00
12.00,11.00,0.00,1.00,1.00,0.00,1.00,0.00
23.00,14.00,1.00,2.00,1.00,0.00,1.00,0.00
28.00,19.00,1.00,3.00,3.00,0.00,3.00,0.00
23.00,2.00,1.00,3.00,5.00,0.00,3.00,0.00
24.00,4.00,0.00,1.00,2.00,0.00,2.00,0.00
26.00,4.00,0.00,2.00,2.00,0.00,1.00,0.00
34.00,13.00,0.00,2.00,2.00,0.00,2.00,0.00
30.00,16.00,2.00,3.00,1.00,0.00,2.00,0.00
18.00,17.00,5.00,1.00,2.00,0.00,2.00,0.00
22.00,18.00,5.00,2.00,5.00,0.00,4.00,0.00
18.00,26.00,5.00,1.00,3.00,0.00,2.00,0.00
9.00,23.00,8.00,3.00,2.00,0.00,2.00,0.00
14.00,16.00,7.00,1.00,3.00,0.00,2.00,0.00
13.00,15.00,9.00,3.00,2.00,0.00,2.00,0.00
6.00,10.00,3.00,5.00,5.00,0.00,5.00,0.00
10.00,16.00,3.00,6.00,7.00,0.00,7.00,0.00
19.00,12.00,6.00,4.00,2.00,0.00,2.00,0.00
9.00,8.00,3.00,4.00,5.00,0.00,4.00,0.00
5.00,10.00,1.00,2.00,1.00,0.00,1.00,0.00
5.00,6.00,0.00,1.00,1.00,0.00,1.00,0.00
3.00,5.00,0.00,0.00,1.00,0.00,0.00,0.00
11.00,9.00,1.00,4.00,0.00,0.00,1.00,0.00
38.00,42.00,1.00,4.00,1.00,0.00,3.00,0.00
67.00,89.00,2.00,6.00,1.00,0.00,7.00,0.00
30.00,38.00,3.00,5.00,1.00,0.00,3.00,0.00
17.00,20.00,2.00,3.00,1.00,0.00,2.00,0.00
3.00,4.00,2.00,3.00,0.00,0.00,1.00,0.00
6.00,4.00,1.00,1.00,1.00,0.00,1.00,0.00
3.00,5.00,0.00,0.00,0.00,0.00,0.00,0.00
2.00,1.00,0.00,0.00,1.00,0.00,0.00,0.00
2.00,2.00,0.00,1.00,1.00,0.00,0.00,0.00
1.00,1.00,0.00,1.00,0.00,0.00,1.00,0.00
6.00,12.00,2.00,1.00,0.00,0.00,1.00,0.00
6.00,11.00,5.00,0.00,0.00,0.00,1.00,0.00
2.00,7.00,2.00,0.00,0.00,0.00,0.00,0.00
7.00,7.00,1.00,0.00,0.00,0.00,0.00,0.00
6.00,10.00,11.00,0.00,0.00,0.00,2.00,0.00
8.00,26.00,23.00,1.00,1.00,0.00,3.00,0.00
8.00,25.00,16.00,3.00,1.00,0.00,3.00,0.00
5.00,17.00,5.00,3.00,0.00,0.00,2.00,0.00
5.00,10.00,6.00,8.00,1.00,0.00,3.00,0.00
12.00,8.00,6.00,6.00,1.00,0.00,2.00,0.00
10.00,9.00,3.00,4.00,1.00,0.00,1.00,0.00
2.00,7.00,2.00,3.00,0.00,0.00,1.00,0.00
7.00,8.00,0.00,1.00,0.00,0.00,0.00,0.00
4.00,3.00,0.00,1.00,0.00,0.00,0.00,0.00
0.00,1.00,0.00,0.00,0.00,0.00,0.00,0.00
1.00,0.00,0.00,0.00,0.00,0.00,1.00,0.00
1.00,1.00,0.00,0.00,0.00,0.00,0.00,0.00
2.00,1.00,0.00,0.00,1.00,0.00,0.00,0.00
6.00,3.00,0.00,0.00,1.00,0.00,0.00,0.00
23.00,25.00,5.00,3.00,1.00,0.00,2.00,0.00
7.00,21.00,2.00,5.00,0.00,0.00,2.00,0.00
18.00,43.00,7.00,5.00,1.00,0.00,4.00,0.00
18.00,25.00,8.00,4.00,0.00,0.00,3.00,0.00
2.00,29.00,2.00,3.00,0.00,0.00,3.00,0.00
15.00,43.00,8.00,3.00,1.00,0.00,5.00,0.00
6.00,44.00,8.00,4.00,0.00,0.00,5.00,0.00
8.00,42.00,13.00,3.00,1.00,0.00,5.00,0.00
7.00,17.00,7.00,3.00,0.00,0.00,2.00,0.00
5.00,29.00,13.00,1.00,0.00,0.00,3.00,0.00
4.00,8.00,6.00,2.00,0.00,0.00,1.00,0.00
3.00,11.00,5.00,1.00,0.00,0.00,1.00,0.00
1.00,3.00,0.00,0.00,0.00,0.00,0.00,0.00
1.00,3.00,1.00,0.00,0.00,0.00,0.00,0.00
0.00,1.00,0.00,0.00,0.00,0.00,0.00,0.00
0.00,0.00,0.00,0.00,0.00,0.00,0.00,0.00
0.00,0.00,0.00,0.00,0.00,0.00,0.00,0.00
0.00,0.00,0.00,0.00,0.00,0.00,0.00,0.00
1.00,0.00,0.00,0.00,0.00,0.00,0.00,0.00
0.00,0.00,0.00,0.00,0.00,0.00,0.00,0.00
1.00,0.00,0.00,0.00,0.00,0.00,0.00,0.00
0.00,0.00,0.00,0.00,0.00,0.00,0.00,0.00
1.00,0.00,0.00,0.00,0.00,0.00,0.00,0.00
1.00,0.00,0.00,0.00,0.00,0.00,0.00,0.00
0.00,0.00,0.00,0.00,0.00,0.00,0.00,0.00
1.00,0.00,0.00,0.00,0.00,0.00,0.00,0.00
0.00,0.00,0.00,0.00,0.00,0.00,0.00,0.00
1.00,0.00,0.00,0.00,0.00,0.00,0.00,0.00
0.00,0.00,0.00,0.00,0.00,0.00,0.00,0.00
2.00,1.00,0.00,0.00,0.00,0.00,0.00,0.00
10.00,2.00,0.00,0.00,0.00,0.00,0.00,0.00
22.00,9.00,1.00,0.00,0.00,0.00,1.00,0.00
34.00,18.00,5.00,3.00,1.00,0.00,2.00,0.00
25.00,5.00,4.00,0.00,1.00,0.00,1.00,0.00
22.00,8.00,1.00,0.00,0.00,0.00,1.00,0.00
10.00,7.00,2.00,0.00,0.00,0.00,0.00,0.00
12.00,5.00,1.00,0.00,0.00,0.00,0.00,0.00
6.00,3.00,1.00,0.00,0.00,0.00,0.00,0.00
6.00,3.00,1.00,0.00,1.00,0.00,0.00,0.00
6.00,7.00,1.00,0.00,0.00,0.00,0.00,0.00
4.00,5.00,1.00,0.00,0.00,0.00,0.00,0.00
5.00,3.00,1.00,0.00,0.00,0.00,0.00,0.00
2.00,1.00,0.00,0.00,0.00,0.00,0.00,0.00
2.00,1.00,0.00,0.00,0.00,0.00,0.00,0.00
1.00,1.00,0.00,0.00,0.00,0.00,0.00,0.00
1.00,0.00,0.00,0.00,0.00,0.00,0.00,0.00
0.00,1.00,0.00,0.00,0.00,0.00,0.00,0.00
8.00,4.00,1.00,0.00,0.00,0.00,0.00,0.00
4.00,3.00,1.00,0.00,0.00,0.00,0.00,0.00
7.00,5.00,0.00,0.00,0.00,0.00,0.00,0.00
9.00,17.00,5.00,13.00,0.00,0.00,4.00,0.00
7.00,9.00,2.00,9.00,0.00,0.00,3.00,0.00
2.00,4.00,2.00,4.00,0.00,0.00,2.00,0.00
4.00,6.00,0.00,4.00,0.00,0.00,1.00,0.00
35.00,64.00,0.00,4.00,1.00,0.00,5.00,0.00
28.00,56.00,0.00,9.00,2.00,0.00,5.00,0.00
12.00,30.00,0.00,6.00,3.00,0.00,3.00,0.00
10.00,22.00,1.00,4.00,6.00,0.00,4.00,0.00
9.00,10.00,1.00,4.00,4.00,0.00,3.00,0.00
10.00,24.00,1.00,3.00,4.00,0.00,3.00,0.00
13.00,41.00,2.00,3.00,1.00,0.00,3.00,0.00
26.00,48.00,5.00,1.00,1.00,0.00,4.00,0.00
30.00,44.00,3.00,1.00,0.00,0.00,3.00,0.00
29.00,33.00,3.00,1.00,0.00,0.00,2.00,0.00
7.00,10.00,3.00,2.00,0.00,0.00,1.00,0.00
10.00,3.00,1.00,1.00,0.00,0.00,0.00,0.00
4.00,2.00,0.00,0.00,0.00,0.00,0.00,0.00
2.00,3.00,0.00,0.00,1.00,1.00,8.00,0.00
1.00,1.00,0.00,1.00,2.00,1.00,6.00,0.00
2.00,1.00,0.00,1.00,1.00,0.00,2.00,0.00
3.00,2.00,1.00,2.00,2.00,0.00,2.00,0.00
10.00,6.00,7.00,2.00,1.00,0.00,1.00,0.00
17.00,22.00,16.00,9.00,1.00,0.00,3.00,0.00
19.00,8.00,10.00,5.00,3.00,0.00,2.00,0.00
15.00,7.00,7.00,3.00,1.00,0.00,1.00,0.00
10.00,8.00,2.00,1.00,1.00,0.00,1.00,0.00
14.00,8.00,2.00,1.00,0.00,0.00,1.00,0.00
11.00,5.00,1.00,1.00,1.00,0.00,0.00,0.00
15.00,4.00,1.00,2.00,0.00,0.00,1.00,0.00
23.00,14.00,2.00,1.00,0.00,0.00,1.00,0.00
25.00,15.00,11.00,0.00,1.00,0.00,2.00,0.00
12.00,20.00,9.00,0.00,0.00,0.00,1.00,0.00
16.00,25.00,11.00,1.00,0.00,0.00,2.00,0.00
9.00,13.00,3.00,0.00,0.00,0.00,1.00,0.00
5.00,3.00,3.00,1.00,1.00,0.00,0.00,0.00
2.00,1.00,1.00,1.00,0.00,0.00,0.00,0.00
2.00,1.00,1.00,0.00,0.00,0.00,0.00,0.00
1.00,2.00,0.00,0.00,0.00,0.00,1.00,0.00
5.00,12.00,2.00,0.00,0.00,0.00,1.00,0.00
8.00,11.00,6.00,1.00,0.00,0.00,1.00,0.00
5.00,13.00,13.00,1.00,1.00,0.00,3.00,0.00
8.00,17.00,12.00,3.00,1.00,0.00,2.00,0.00
9.00,10.00,5.00,2.00,1.00,0.00,1.00,0.00
4.00,9.00,5.00,1.00,1.00,0.00,1.00,0.00
6.00,8.00,3.00,0.00,1.00,0.00,0.00,0.00
12.00,10.00,2.00,0.00,0.00,0.00,0.00,0.00
2.00,3.00,1.00,0.00,0.00,0.00,0.00,0.00
1.00,3.00,1.00,1.00,0.00,0.00,0.00,0.00
1.00,1.00,1.00,0.00,0.00,0.00,0.00,0.00
7.00,7.00,7.00,0.00,0.00,0.00,1.00,0.00
21.00,30.00,11.00,0.00,0.00,0.00,2.00,0.00
28.00,48.00,10.00,0.00,0.00,0.00,4.00,0.00
55.00,64.00,24.00,0.00,0.00,0.00,5.00,0.00
33.00,58.00,8.00,0.00,0.00,0.00,5.00,0.00
49.00,66.00,16.00,0.00,0.00,0.00,6.00,0.00
62.00,71.00,26.00,0.00,0.00,0.00,6.00,0.00
66.00,74.00,39.00,0.00,0.00,0.00,6.00,0.00
63.00,69.00,31.00,0.00,0.00,0.00,6.00,0.00
53.00,56.00,13.00,1.00,0.00,0.00,4.00,0.00
50.00,52.00,5.00,1.00,0.00,0.00,4.00,0.00
51.00,36.00,3.00,2.00,0.00,0.00,3.00,0.00
35.00,17.00,1.00,1.00,4.00,0.00,4.00,0.00
1.00,1.00,0.00,1.00,4.00,0.00,5.00,0.00
2.00,1.00,1.00,4.00,11.00,0.00,12.00,0.00
0.00,3.00,2.00,4.00,4.00,0.00,4.00,0.00
46.00,51.00,7.00,7.00,1.00,0.00,4.00,0.00
43.00,73.00,19.00,17.00,2.00,0.00,8.00,0.00
35.00,64.00,30.00,9.00,1.00,0.00,8.00,0.00
13.00,73.00,18.00,2.00,0.00,0.00,9.00,0.00
20.00,109.00,34.00,3.00,1.00,0.00,14.00,0.00
23.00,88.00,20.00,3.00,1.00,0.00,11.00,0.00
4.00,41.00,5.00,3.00,0.00,0.00,4.00,0.00
44.00,54.00,6.00,4.00,0.00,0.00,4.00,0.00
14.00,20.00,1.00,1.00,0.00,0.00,1.00,0.00
7.00,4.00,0.00,1.00,0.00,0.00,0.00,0.00
20.00,7.00,1.00,1.00,2.00,0.00,1.00,0.00
14.00,5.00,1.00,1.00,3.00,0.00,2.00,0.00
44.00,12.00,0.00,2.00,1.00,0.00,3.00,0.00
79.00,44.00,2.00,2.00,1.00,0.00,5.00,0.00
62.00,65.00,6.00,4.00,1.00,0.00,5.00,0.00
46.00,46.00,8.00,1.00,1.00,0.00,4.00,0.00
40.00,47.00,8.00,1.00,2.00,0.00,5.00,0.00
42.00,47.00,8.00,3.00,1.00,0.00,4.00,0.00
39.00,33.00,7.00,2.00,1.00,0.00,3.00,0.00
30.00,11.00,2.00,1.00,0.00,0.00,1.00,0.00
19.00,15.00,1.00,1.00,0.00,0.00,1.00,0.00
20.00,14.00,1.00,0.00,0.00,0.00,1.00,0.00
23.00,23.00,1.00,1.00,0.00,0.00,2.00,0.00
19.00,17.00,2.00,1.00,0.00,0.00,1.00,0.00
16.00,9.00,1.00,1.00,0.00,0.00,0.00,0.00
4.00,3.00,0.00,0.00,0.00,0.00,0.00,0.00
8.00,6.00,1.00,2.00,1.00,0.00,1.00,0.00
61.00,58.00,1.00,1.00,0.00,0.00,5.00,0.00
51.00,89.00,9.00,5.00,1.00,0.00,8.00,0.00
25.00,51.00,6.00,11.00,1.00,0.00,4.00,0.00
48.00,75.00,7.00,7.00,1.00,0.00,6.00,0.00
50.00,58.00,7.00,5.00,1.00,0.00,5.00,0.00
33.00,27.00,5.00,6.00,0.00,0.00,3.00,0.00
18.00,28.00,2.00,5.00,0.00,0.00,3.00,0.00
32.00,48.00,4.00,2.00,0.00,0.00,4.00,0.00
28.00,38.00,7.00,0.00,0.00,0.00,3.00,0.00
17.00,52.00,11.00,0.00,1.00,0.00,5.00,0.00
24.00,69.00,7.00,3.00,0.00,0.00,7.00,0.00
36.00,64.00,6.00,9.00,0.00,0.00,7.00,0.00
38.00,38.00,5.00,3.00,0.00,0.00,4.00,0.00
16.00,32.00,2.00,2.00,0.00,0.00,2.00,0.00
37.00,44.00,1.00,1.00,0.00,0.00,3.00,0.00
35.00,31.00,2.00,1.00,0.00,0.00,2.00,0.00
40.00,41.00,0.00,1.00,0.00,0.00,3.00,0.00
52.00,46.00,2.00,1.00,1.00,0.00,4.00,0.00
26.00,31.00,1.00,1.00,0.00,0.00,2.00,0.00
55.00,37.00,1.00,0.00,0.00,0.00,4.00,0.00
52.00,32.00,1.00,1.00,1.00,0.00,3.00,0.00
57.00,21.00,2.00,1.00,0.00,0.00,3.00,0.00
44.00,14.00,1.00,2.00,0.00,0.00,2.00,0.00
55.00,28.00,0.00,1.00,0.00,0.00,4.00,0.00
57.00,28.00,1.00,2.00,2.00,0.00,3.00,0.00
42.00,11.00,2.00,3.00,1.00,0.00,2.00,0.00
44.00,23.00,1.00,2.00,1.00,0.00,3.00,0.00
44.00,24.00,1.00,2.00,1.00,0.00,2.00,0.00
30.00,18.00,1.00,2.00,0.00,0.00,1.00,0.00
33.00,18.00,1.00,2.00,0.00,0.00,2.00,0.00
4.00,0.00,0.00,0.00,0.00,0.00,0.00,0.00
1.00,0.00,0.00,1.00,0.00,0.00,0.00,0.00
1.00,0.00,0.00,0.00,0.00,0.00,0.00,0.00
1.00,0.00,0.00,0.00,0.00,0.00,0.00,0.00
1.00,0.00,0.00,1.00,0.00,0.00,0.00,0.00
8.00,4.00,1.00,2.00,0.00,0.00,0.00,0.00
9.00,11.00,2.00,1.00,0.00,0.00,1.00,0.00
50.00,54.00,2.00,1.00,0.00,0.00,4.00,0.00
49.00,54.00,3.00,1.00,0.00,0.00,5.00,0.00
35.00,68.00,2.00,0.00,0.00,0.00,6.00,0.00
27.00,70.00,7.00,0.00,1.00,0.00,6.00,0.00
51.00,72.00,9.00,1.00,1.00,0.00,6.00,0.00
49.00,57.00,7.00,1.00,1.00,0.00,5.00,0.00
47.00,48.00,8.00,1.00,0.00,0.00,4.00,0.00
36.00,33.00,8.00,1.00,1.00,0.00,3.00,0.00
11.00,35.00,8.00,1.00,1.00,0.00,4.00,0.00
32.00,55.00,9.00,1.00,1.00,0.00,6.00,0.00
29.00,35.00,10.00,1.00,1.00,0.00,4.00,0.00
6.00,25.00,7.00,0.00,1.00,0.00,2.00,0.00
24.00,50.00,9.00,1.00,0.00,0.00,5.00,0.00
23.00,18.00,10.00,0.00,1.00,0.00,2.00,0.00
5.00,28.00,5.00,1.00,0.00,0.00,3.00,0.00
19.00,38.00,8.00,1.00,1.00,0.00,4.00,0.00
24.00,21.00,10.00,1.00,1.00,0.00,2.00,0.00
4.00,27.00,5.00,1.00,0.00,0.00,3.00,0.00
24.00,30.00,11.00,1.00,1.00,0.00,3.00,0.00
11.00,16.00,5.00,1.00,0.00,0.00,2.00,0.00
14.00,37.00,7.00,1.00,0.00,0.00,4.00,0.00
15.00,20.00,11.00,1.00,0.00,0.00,2.00,0.00
4.00,36.00,6.00,0.00,1.00,0.00,4.00,0.00
13.00,38.00,11.00,0.00,2.00,0.00,4.00,0.00
15.00,33.00,10.00,1.00,2.00,0.00,4.00,0.00
2.00,36.00,4.00,1.00,1.00,0.00,4.00,0.00
17.00,35.00,10.00,0.00,1.00,0.00,4.00,0.00
32.00,23.00,5.00,3.00,1.00,0.00,3.00,0.00
44.00,47.00,10.00,2.00,2.00,0.00,5.00,0.00
14.00,41.00,13.00,3.00,3.00,0.00,4.00,0.00
28.00,37.00,6.00,3.00,1.00,0.00,3.00,0.00
34.00,24.00,7.00,4.00,1.00,0.00,3.00,0.00
25.00,24.00,7.00,6.00,0.00,0.00,2.00,0.00
14.00,34.00,6.00,1.00,1.00,0.00,4.00,0.00
12.00,22.00,8.00,1.00,0.00,0.00,2.00,0.00
5.00,17.00,7.00,1.00,3.00,0.00,5.00,0.00
8.00,29.00,6.00,1.00,2.00,0.00,5.00,0.00
9.00,14.00,8.00,0.00,3.00,0.00,5.00,0.00
7.00,24.00,5.00,0.00,0.00,0.00,3.00,0.00
45.00,28.00,9.00,2.00,3.00,0.00,3.00,0.00
50.00,22.00,6.00,6.00,3.00,0.00,3.00,0.00
60.00,20.00,4.00,7.00,7.00,0.00,6.00,0.00
43.00,16.00,4.00,6.00,5.00,0.00,4.00,0.00
59.00,15.00,7.00,5.00,6.00,0.00,5.00,0.00
48.00,15.00,2.00,3.00,9.00,0.00,7.00,0.00
42.00,11.00,1.00,3.00,4.00,0.00,3.00,0.00
28.00,9.00,2.00,3.00,2.00,0.00,2.00,0.00
9.00,9.00,2.00,1.00,2.00,0.00,2.00,0.00
6.00,8.00,3.00,0.00,0.00,0.00,1.00,0.00
10.00,2.00,0.00,1.00,0.00,0.00,0.00,0.00
62.00,23.00,2.00,7.00,4.00,0.00,4.00,0.00
29.00,32.00,2.00,9.00,4.00,0.00,4.00,0.00
25.00,15.00,3.00,9.00,4.00,0.00,6.00,0.00
25.00,32.00,10.00,5.00,3.00,0.00,3.00,0.00
27.00,32.00,15.00,2.00,3.00,0.00,3.00,0.00
22.00,23.00,10.00,3.00,2.00,0.00,2.00,0.00
14.00,21.00,7.00,1.00,2.00,0.00,2.00,0.00
16.00,19.00,12.00,3.00,2.00,0.00,3.00,0.00
15.00,13.00,8.00,2.00,2.00,0.00,2.00,0.00
12.00,20.00,5.00,4.00,1.00,0.00,3.00,0.00
11.00,20.00,3.00,1.00,0.00,0.00,2.00,0.00
11.00,8.00,1.00,1.00,1.00,0.00,1.00,0.00
9.00,3.00,1.00,1.00,0.00,0.00,1.00,0.00
9.00,5.00,1.00,1.00,1.00,0.00,2.00,0.00
13.00,9.00,1.00,1.00,1.00,0.00,1.00,0.00
17.00,18.00,1.00,1.00,0.00,0.00,1.00,0.00
18.00,23.00,2.00,2.00,0.00,0.00,2.00,0.00
15.00,17.00,2.00,1.00,0.00,0.00,1.00,0.00
7.00,7.00,1.00,1.00,0.00,0.00,1.00,0.00
11.00,2.00,1.00,1.00,0.00,0.00,0.00,0.00
13.00,3.00,0.00,0.00,0.00,0.00,0.00,0.00
7.00,22.00,19.00,4.00,0.00,0.00,3.00,0.00
9.00,14.00,16.00,2.00,0.00,0.00,2.00,0.00
6.00,10.00,16.00,1.00,0.00,0.00,2.00,0.00
12.00,29.00,29.00,3.00,0.00,0.00,4.00,0.00
10.00,12.00,9.00,1.00,0.00,0.00,1.00,0.00
7.00,25.00,19.00,2.00,0.00,0.00,3.00,0.00
17.00,28.00,22.00,2.00,0.00,0.00,4.00,0.00
15.00,13.00,14.00,2.00,0.00,0.00,2.00,0.00
7.00,25.00,15.00,1.00,0.00,0.00,3.00,0.00
9.00,38.00,19.00,2.00,0.00,0.00,5.00,0.00
10.00,37.00,19.00,3.00,0.00,0.00,4.00,0.00
8.00,22.00,8.00,2.00,0.00,0.00,2.00,0.00
5.00,6.00,2.00,0.00,0.00,0.00,0.00,0.00
2.00,2.00,1.00,1.00,0.00,0.00,0.00,0.00
2.00,1.00,0.00,0.00,1.00,0.00,0.00,0.00
1.00,1.00,0.00,1.00,1.00,0.00,1.00,0.00
1.00,0.00,0.00,2.00,2.00,0.00,2.00,0.00
0.00,0.00,0.00,1.00,3.00,0.00,3.00,0.00
1.00,1.00,0.00,2.00,3.00,0.00,4.00,0.00
0.00,1.00,1.00,1.00,1.00,0.00,1.00,0.00
22.00,41.00,8.00,5.00,2.00,0.00,4.00,0.00
11.00,39.00,10.00,5.00,1.00,0.00,4.00,0.00
13.00,30.00,7.00,3.00,1.00,0.00,3.00,0.00
17.00,16.00,2.00,1.00,0.00,0.00,1.00,0.00
19.00,17.00,2.00,1.00,0.00,0.00,1.00,0.00
19.00,16.00,2.00,0.00,0.00,0.00,1.00,0.00
20.00,16.00,1.00,0.00,0.00,0.00,1.00,0.00
21.00,15.00,2.00,0.00,0.00,0.00,1.00,0.00
15.00,9.00,1.00,0.00,0.00,0.00,1.00,0.00
8.00,5.00,0.00,0.00,1.00,0.00,0.00,0.00
31.00,21.00,1.00,0.00,0.00,0.00,2.00,0.00
51.00,33.00,8.00,0.00,0.00,0.00,3.00,0.00
48.00,29.00,9.00,1.00,0.00,0.00,3.00,0.00
49.00,27.00,9.00,0.00,0.00,0.00,3.00,0.00
51.00,21.00,3.00,0.00,0.00,0.00,4.00,0.00
51.00,23.00,2.00,1.00,0.00,0.00,3.00,0.00
14.00,8.00,1.00,0.00,0.00,0.00,0.00,0.00
1.00,1.00,0.00,1.00,0.00,0.00,1.00,0.00
2.00,0.00,0.00,1.00,1.00,0.00,1.00,0.00
2.00,1.00,0.00,2.00,1.00,0.00,1.00,0.00
2.00,2.00,0.00,1.00,1.00,0.00,1.00,0.00
23.00,5.00,1.00,1.00,0.00,0.00,1.00,0.00
38.00,32.00,2.00,3.00,0.00,0.00,3.00,0.00
34.00,35.00,1.00,1.00,0.00,0.00,3.00,0.00
19.00,32.00,0.00,1.00,0.00,0.00,2.00,0.00
35.00,33.00,4.00,1.00,0.00,0.00,2.00,0.00
24.00,41.00,2.00,1.00,0.00,0.00,3.00,0.00
43.00,30.00,0.00,2.00,0.00,0.00,3.00,0.00
34.00,15.00,1.00,1.00,1.00,0.00,2.00,0.00
2.00,2.00,0.00,0.00,1.00,0.00,0.00,0.00
12.00,20.00,8.00,0.00,0.00,0.00,2.00,0.00
15.00,9.00,6.00,0.00,0.00,0.00,1.00,0.00
7.00,13.00,6.00,0.00,1.00,0.00,1.00,0.00
12.00,18.00,9.00,1.00,0.00,0.00,2.00,0.00
13.00,10.00,6.00,0.00,0.00,0.00,1.00,0.00
4.00,14.00,5.00,0.00,0.00,0.00,1.00,0.00
12.00,15.00,7.00,0.00,0.00,0.00,2.00,0.00
12.00,6.00,4.00,0.00,0.00,0.00,0.00,0.00
4.00,11.00,2.00,0.00,0.00,0.00,1.00,0.00
7.00,9.00,5.00,0.00,0.00,0.00,1.00,0.00
5.00,3.00,2.00,0.00,0.00,0.00,0.00,0.00
3.00,1.00,0.00,0.00,0.00,0.00,0.00,0.00
1.00,1.00,0.00,1.00,0.00,0.00,0.00,0.00
1.00,0.00,0.00,0.00,0.00,0.00,0.00,0.00
0.00,0.00,0.00,0.00,0.00,0.00,0.00,0.00
0.00,0.00,0.00,0.00,0.00,0.00,0.00,0.00
0.00,1.00,0.00,0.00,0.00,0.00,0.00,0.00
0.00,0.00,0.00,0.00,0.00,0.00,0.00,0.00
0.00,0.00,0.00,0.00,0.00,0.00,0.00,0.00
1.00,0.00,0.00,0.00,0.00,0.00,0.00,0.00
0.00,0.00,0.00,0.00,0.00,0.00,0.00,0.00
0.00,0.00,0.00,0.00,0.00,0.00,0.00,0.00
0.00,0.00,0.00,0.00,0.00,0.00,0.00,0.00
0.00,0.00,0.00,0.00,0.00,0.00,0.00,0.00
31.00,11.00,5.00,3.00,1.00,0.00,2.00,0.00
8.00,5.00,1.00,3.00,1.00,0.00,1.00,0.00
4.00,1.00,1.00,1.00,1.00,0.00,0.00,0.00
3.00,1.00,0.00,1.00,0.00,0.00,0.00,0.00
1.00,1.00,0.00,0.00,0.00,0.00,0.00,0.00
1.00,0.00,0.00,1.00,0.00,0.00,0.00,0.00
0.00,0.00,0.00,0.00,0.00,0.00,0.00,0.00
0.00,0.00,0.00,1.00,0.00,0.00,0.00,0.00
0.00,0.00,0.00,0.00,0.00,0.00,0.00,0.00
0.00,0.00,0.00,0.00,0.00,0.00,0.00,0.00
0.00,0.00,0.00,0.00,0.00,0.00,0.00,0.00
1.00,0.00,0.00,0.00,0.00,0.00,0.00,0.00
0.00,0.00,0.00,0.00,0.00,0.00,0.00,0.00
0.00,0.00,0.00,0.00,0.00,0.00,0.00,0.00
0.00,0.00,0.00,0.00,0.00,0.00,0.00,0.00
0.00,0.00,0.00,1.00,0.00,0.00,0.00,0.00
1.00,0.00,0.00,0.00,0.00,0.00,0.00,0.00
6.00,5.00,0.00,0.00,0.00,0.00,0.00,0.00
6.00,8.00,0.00,0.00,0.00,0.00,0.00,0.00
10.00,10.00,1.00,1.00,2.00,0.00,1.00,0.00
21.00,15.00,1.00,5.00,2.00,0.00,3.00,0.00
42.00,24.00,1.00,5.00,5.00,0.00,4.00,0.00
49.00,13.00,7.00,3.00,2.00,0.00,3.00,0.00
56.00,23.00,10.00,4.00,3.00,0.00,4.00,0.00
53.00,24.00,11.00,1.00,2.00,0.00,4.00,0.00
20.00,5.00,5.00,2.00,0.00,0.00,1.00,0.00
47.00,128.00,79.00,77.00,7.00,1.00,25.00,0.00
54.00,128.00,34.00,21.00,8.00,1.00,16.00,0.00
69.00,55.00,16.00,11.00,5.00,0.00,6.00,0.00
51.00,34.00,5.00,8.00,2.00,0.00,3.00,0.00
15.00,12.00,1.00,1.00,1.00,0.00,1.00,0.00
4.00,5.00,2.00,2.00,0.00,0.00,0.00,0.00
41.00,20.00,3.00,3.00,1.00,0.00,3.00,0.00
37.00,17.00,2.00,5.00,1.00,0.00,2.00,0.00
40.00,30.00,3.00,10.00,4.00,0.00,6.00,0.00
42.00,56.00,2.00,7.00,7.00,0.00,5.00,0.00
46.00,102.00,2.00,9.00,5.00,0.00,9.00,0.00
57.00,64.00,2.00,9.00,5.00,0.00,6.00,0.00
40.00,40.00,2.00,10.00,2.00,0.00,6.00,0.00
34.00,37.00,8.00,10.00,2.00,0.00,4.00,0.00
14.00,33.00,5.00,6.00,2.00,0.00,4.00,0.00
18.00,31.00,3.00,3.00,2.00,0.00,2.00,0.00
36.00,55.00,2.00,2.00,0.00,0.00,4.00,0.00
4.00,4.00,1.00,2.00,0.00,0.00,0.00,0.00
7.00,2.00,0.00,0.00,0.00,0.00,0.00,0.00
4.00,3.00,2.00,3.00,0.00,0.00,1.00,0.00
0.00,2.00,1.00,1.00,0.00,0.00,0.00,0.00
0.00,1.00,1.00,1.00,0.00,0.00,0.00,0.00
1.00,2.00,1.00,1.00,0.00,0.00,0.00,0.00
0.00,0.00,1.00,1.00,0.00,0.00,0.00,0.00
3.00,5.00,0.00,1.00,0.00,0.00,0.00,0.00
12.00,14.00,2.00,1.00,0.00,0.00,1.00,0.00
17.00,27.00,4.00,2.00,0.00,0.00,2.00,0.00
11.00,41.00,1.00,2.00,0.00,0.00,3.00,0.00
35.00,56.00,1.00,2.00,1.00,0.00,5.00,0.00
35.00,58.00,1.00,3.00,0.00,0.00,5.00,0.00
15.00,46.00,0.00,2.00,0.00,0.00,4.00,0.00
28.00,47.00,0.00,3.00,1.00,0.00,4.00,0.00
39.00,54.00,0.00,3.00,0.00,0.00,4.00,0.00
29.00,55.00,1.00,4.00,0.00,0.00,5.00,0.00
14.00,24.00,1.00,3.00,1.00,0.00,2.00,0.00
12.00,15.00,3.00,2.00,1.00,0.00,1.00,0.00
8.00,15.00,4.00,2.00,0.00,0.00,1.00,0.00
7.00,22.00,4.00,2.00,0.00,0.00,2.00,0.00
5.00,10.00,3.00,1.00,0.00,0.00,1.00,0.00
10.00,9.00,8.00,4.00,0.00,0.00,1.00,0.00
4.00,4.00,4.00,4.00,0.00,0.00,1.00,0.00
2.00,3.00,3.00,1.00,0.00,0.00,0.00,0.00
1.00,2.00,0.00,0.00,0.00,0.00,0.00,0.00
0.00,1.00,1.00,0.00,0.00,0.00,0.00,0.00
1.00,0.00,0.00,1.00,0.00,0.00,0.00,0.00
0.00,0.00,0.00,0.00,0.00,0.00,0.00,0.00
0.00,0.00,0.00,1.00,0.00,0.00,0.00,0.00
0.00,0.00,0.00,0.00,0.00,0.00,0.00,0.00
0.00,0.00,0.00,0.00,0.00,0.00,0.00,0.00
0.00,0.00,0.00,0.00,1.00,0.00,0.00,0.00
27.00,28.00,4.00,2.00,1.00,0.00,2.00,0.00
28.00,64.00,11.00,5.00,2.00,0.00,7.00,0.00
22.00,45.00,13.00,5.00,1.00,0.00,5.00,0.00
21.00,32.00,7.00,5.00,0.00,0.00,3.00,0.00
16.00,27.00,4.00,2.00,1.00,0.00,2.00,0.00
15.00,17.00,2.00,1.00,0.00,0.00,1.00,0.00
12.00,10.00,1.00,0.00,0.00,0.00,1.00,0.00
11.00,7.00,1.00,0.00,0.00,0.00,0.00,0.00
5.00,3.00,0.00,0.00,0.00,0.00,1.00,0.00
13.00,11.00,1.00,0.00,1.00,0.00,2.00,0.00
19.00,39.00,7.00,2.00,1.00,0.00,4.00,0.00
13.00,56.00,12.00,2.00,1.00,0.00,6.00,0.00
14.00,51.00,13.00,0.00,0.00,0.00,5.00,0.00
16.00,34.00,8.00,0.00,0.00,0.00,3.00,0.00
15.00,9.00,4.00,1.00,1.00,0.00,1.00,0.00
4.00,3.00,0.00,1.00,0.00,0.00,0.00,0.00
0.00,1.00,0.00,0.00,0.00,0.00,0.00,0.00
0.00,0.00,0.00,1.00,1.00,0.00,0.00,0.00
0.00,0.00,0.00,1.00,1.00,0.00,0.00,0.00
0.00,0.00,0.00,0.00,0.00,0.00,0.00,0.00
22.00,21.00,8.00,0.00,0.00,0.00,2.00,0.00
55.00,73.00,19.00,0.00,1.00,0.00,6.00,0.00
42.00,50.00,9.00,1.00,0.00,0.00,4.00,0.00
46.00,36.00,7.00,1.00,0.00,0.00,3.00,0.00
43.00,32.00,5.00,1.00,0.00,0.00,3.00,0.00
33.00,51.00,10.00,1.00,0.00,0.00,6.00,0.00
24.00,59.00,9.00,2.00,0.00,0.00,7.00,0.00
22.00,62.00,19.00,1.00,0.00,0.00,7.00,0.00
21.00,67.00,26.00,2.00,1.00,0.00,8.00,0.00
22.00,77.00,36.00,1.00,0.00,0.00,9.00,0.00
33.00,95.00,44.00,1.00,1.00,0.00,12.00,0.00
40.00,84.00,39.00,0.00,0.00,0.00,10.00,0.00
30.00,54.00,25.00,1.00,0.00,0.00,6.00,0.00
19.00,34.00,18.00,1.00,0.00,0.00,4.00,0.00
7.00,61.00,17.00,1.00,0.00,0.00,8.00,0.00
14.00,85.00,26.00,1.00,0.00,0.00,11.00,0.00
20.00,37.00,28.00,0.00,0.00,0.00,4.00,0.00
8.00,44.00,12.00,0.00,0.00,0.00,5.00,0.00
14.00,22.00,16.00,0.00,0.00,0.00,3.00,0.00
5.00,25.00,7.00,1.00,0.00,0.00,3.00,0.00
9.00,13.00,12.00,0.00,0.00,0.00,2.00,0.00
5.00,17.00,10.00,0.00,0.00,0.00,2.00,0.00
4.00,5.00,2.00,0.00,0.00,0.00,0.00,0.00
1.00,2.00,0.00,0.00,0.00,0.00,0.00,0.00
1.00,0.00,0.00,0.00,0.00,0.00,0.00,0.00
1.00,0.00,0.00,0.00,0.00,0.00,0.00,0.00
1.00,0.00,0.00,0.00,0.00,0.00,0.00,0.00
0.00,0.00,1.00,0.00,0.00,0.00,0.00,0.00
0.00,1.00,1.00,0.00,0.00,0.00,0.00,0.00
1.00,0.00,0.00,1.00,0.00,0.00,0.00,0.00
13.00,29.00,20.00,9.00,0.00,0.00,5.00,0.00
23.00,52.00,11.00,11.00,3.00,0.00,7.00,0.00
29.00,17.00,9.00,12.00,3.00,0.00,3.00,0.00
22.00,12.00,3.00,6.00,0.00,0.00,2.00,0.00
16.00,8.00,2.00,2.00,0.00,0.00,1.00,0.00
11.00,5.00,2.00,2.00,0.00,0.00,4.00,0.00
27.00,12.00,4.00,4.00,0.00,0.00,2.00,0.00
52.00,36.00,14.00,10.00,1.00,0.00,4.00,0.00
23.00,17.00,10.00,9.00,1.00,0.00,3.00,0.00
10.00,7.00,2.00,1.00,0.00,0.00,0.00,0.00
4.00,2.00,1.00,0.00,0.00,0.00,0.00,0.00
3.00,0.00,1.00,1.00,0.00,0.00,0.00,0.00
1.00,0.00,0.00,1.00,0.00,0.00,0.00,0.00
12.00,8.00,4.00,0.00,0.00,0.00,0.00,0.00
25.00,30.00,6.00,1.00,0.00,0.00,2.00,0.00
21.00,54.00,5.00,1.00,0.00,0.00,4.00,0.00
24.00,59.00,6.00,1.00,1.00,0.00,5.00,0.00
26.00,40.00,14.00,1.00,1.00,0.00,4.00,0.00
17.00,19.00,15.00,1.00,1.00,0.00,3.00,0.00
10.00,12.00,5.00,0.00,1.00,0.00,1.00,0.00
4.00,5.00,2.00,0.00,0.00,0.00,1.00,0.00
1.00,2.00,1.00,0.00,0.00,0.00,2.00,0.00
1.00,1.00,0.00,0.00,1.00,0.00,2.00,0.00
8.00,15.00,1.00,1.00,1.00,0.00,1.00,0.00
17.00,18.00,5.00,5.00,1.00,0.00,1.00,0.00
8.00,3.00,1.00,0.00,0.00,0.00,0.00,0.00
3.00,3.00,1.00,0.00,0.00,0.00,0.00,0.00
1.00,10.00,2.00,0.00,0.00,0.00,1.00,0.00
1.00,7.00,9.00,0.00,0.00,0.00,1.00,0.00
1.00,3.00,1.00,0.00,1.00,0.00,0.00,0.00
1.00,2.00,1.00,0.00,0.00,0.00,0.00,0.00
2.00,1.00,1.00,0.00,0.00,0.00,0.00,0.00
12.00,13.00,14.00,0.00,0.00,0.00,2.00,0.00
12.00,11.00,10.00,1.00,0.00,0.00,2.00,0.00
14.00,11.00,5.00,1.00,0.00,0.00,1.00,0.00
11.00,9.00,2.00,0.00,0.00,0.00,0.00,0.00
8.00,7.00,1.00,1.00,0.00,0.00,0.00,0.00
6.00,7.00,1.00,1.00,0.00,0.00,0.00,0.00
3.00,3.00,0.00,1.00,0.00,0.00,0.00,0.00
3.00,3.00,0.00,0.00,0.00,0.00,0.00,0.00
4.00,3.00,0.00,0.00,0.00,0.00,0.00,0.00
7.00,9.00,0.00,1.00,0.00,0.00,0.00,0.00
26.00,37.00,2.00,3.00,1.00,0.00,3.00,0.00
18.00,24.00,8.00,7.00,2.00,0.00,4.00,0.00
8.00,10.00,13.00,6.00,1.00,0.00,4.00,0.00
1.00,11.00,11.00,2.00,1.00,0.00,1.00,0.00
1.00,4.00,3.00,2.00,0.00,0.00,0.00,0.00
1.00,1.00,1.00,0.00,0.00,0.00,0.00,0.00
1.00,1.00,2.00,0.00,0.00,0.00,0.00,0.00
0.00,1.00,3.00,1.00,0.00,0.00,0.00,0.00
11.00,24.00,4.00,1.00,0.00,0.00,3.00,0.00
11.00,14.00,3.00,0.00,0.00,0.00,1.00,0.00
9.00,20.00,4.00,1.00,0.00,0.00,2.00,0.00
19.00,23.00,10.00,1.00,0.00,0.00,3.00,0.00
7.00,12.00,2.00,1.00,0.00,0.00,1.00,0.00
18.00,20.00,6.00,2.00,0.00,0.00,2.00,0.00
18.00,13.00,5.00,1.00,0.00,0.00,1.00,0.00
13.00,17.00,2.00,0.00,0.00,0.00,2.00,0.00
10.00,23.00,7.00,1.00,0.00,0.00,2.00,0.00
12.00,22.00,5.00,0.00,1.00,0.00,2.00,0.00
8.00,11.00,4.00,0.00,0.00,0.00,1.00,0.00
5.00,7.00,4.00,0.00,0.00,0.00,1.00,0.00
3.00,3.00,0.00,0.00,0.00,0.00,0.00,0.00
0.00,0.00,0.00,0.00,0.00,0.00,0.00,0.00
0.00,0.00,0.00,1.00,0.00,0.00,0.00,0.00
0.00,0.00,0.00,0.00,0.00,0.00,0.00,0.00
0.00,0.00,0.00,0.00,0.00,0.00,0.00,0.00
0.00,0.00,0.00,0.00,0.00,0.00,0.00,0.00
0.00,0.00,0.00,0.00,0.00,0.00,0.00,0.00
0.00,0.00,0.00,0.00,0.00,0.00,0.00,0.00
1.00,1.00,0.00,4.00,0.00,0.00,2.00,0.00
5.00,5.00,4.00,4.00,0.00,0.00,1.00,0.00
13.00,11.00,7.00,8.00,0.00,0.00,2.00,0.00
17.00,17.00,5.00,6.00,1.00,0.00,2.00,0.00
12.00,19.00,4.00,3.00,0.00,0.00,1.00,0.00
19.00,19.00,2.00,1.00,1.00,0.00,1.00,0.00
17.00,20.00,1.00,2.00,0.00,0.00,1.00,0.00
16.00,35.00,5.00,3.00,0.00,0.00,3.00,0.00
16.00,38.00,6.00,9.00,1.00,0.00,3.00,0.00
22.00,31.00,2.00,1.00,0.00,0.00,2.00,0.00
5.00,7.00,1.00,0.00,0.00,0.00,0.00,0.00
2.00,1.00,0.00,0.00,0.00,0.00,0.00,0.00
1.00,1.00,0.00,0.00,0.00,0.00,0.00,0.00
2.00,0.00,0.00,0.00,0.00,0.00,0.00,0.00
6.00,6.00,2.00,0.00,0.00,0.00,0.00,0.00
12.00,9.00,5.00,0.00,1.00,0.00,1.00,0.00
14.00,10.00,7.00,2.00,1.00,0.00,1.00,0.00
18.00,19.00,10.00,0.00,0.00,0.00,2.00,0.00
16.00,19.00,12.00,0.00,0.00,0.00,2.00,0.00
11.00,12.00,6.00,0.00,0.00,0.00,1.00,0.00
7.00,9.00,4.00,0.00,0.00,0.00,1.00,0.00
4.00,9.00,1.00,0.00,0.00,0.00,0.00,0.00
1.00,2.00,0.00,0.00,0.00,0.00,1.00,0.00
0.00,1.00,0.00,0.00,0.00,1.00,5.00,0.00
1.00,0.00,0.00,0.00,0.00,0.00,5.00,0.00
1.00,0.00,0.00,1.00,1.00,0.00,1.00,0.00
1.00,1.00,1.00,0.00,0.00,0.00,0.00,0.00
0.00,0.00,0.00,0.00,0.00,0.00,0.00,0.00
0.00,0.00,0.00,0.00,0.00,0.00,0.00,0.00
0.00,0.00,0.00,0.00,0.00,0.00,0.00,0.00
25.00,34.00,1.00,4.00,1.00,0.00,2.00,0.00
17.00,14.00,3.00,6.00,1.00,0.00,4.00,0.00
13.00,22.00,7.00,4.00,0.00,0.00,3.00,0.00
11.00,22.00,10.00,7.00,1.00,0.00,2.00,0.00
7.00,13.00,19.00,9.00,1.00,0.00,3.00,0.00
2.00,10.00,17.00,6.00,0.00,0.00,2.00,0.00
1.00,2.00,2.00,1.00,0.00,0.00,0.00,0.00
2.00,2.00,5.00,1.00,0.00,0.00,1.00,0.00
1.00,1.00,3.00,0.00,0.00,0.00,0.00,0.00
1.00,1.00,1.00,0.00,0.00,0.00,0.00,0.00
4.00,4.00,1.00,0.00,0.00,0.00,0.00,0.00
7.00,10.00,0.00,0.00,0.00,0.00,0.00,0.00
14.00,13.00,1.00,1.00,0.00,0.00,1.00,0.00
12.00,43.00,8.00,5.00,0.00,0.00,5.00,0.00
13.00,63.00,11.00,2.00,0.00,0.00,8.00,0.00
16.00,63.00,15.00,5.00,1.00,0.00,8.00,0.00
21.00,56.00,16.00,6.00,0.00,0.00,7.00,0.00
18.00,51.00,15.00,8.00,1.00,0.00,6.00,0.00
19.00,50.00,13.00,3.00,0.00,0.00,5.00,0.00
20.00,43.00,9.00,1.00,1.00,0.00,4.00,0.00
31.00,30.00,11.00,1.00,0.00,0.00,3.00,0.00
27.00,15.00,6.00,1.00,0.00,0.00,1.00,0.00
10.00,18.00,3.00,2.00,0.00,0.00,2.00,0.00
21.00,19.00,5.00,2.00,1.00,0.00,2.00,0.00
12.00,9.00,3.00,2.00,0.00,0.00,1.00,0.00
7.00,10.00,1.00,0.00,0.00,0.00,0.00,0.00
3.00,3.00,1.00,0.00,0.00,0.00,0.00,0.00
4.00,1.00,0.00,1.00,0.00,0.00,0.00,0.00
10.00,8.00,3.00,1.00,0.00,0.00,0.00,0.00
3.00,8.00,2.00,2.00,0.00,0.00,0.00,0.00
11.00,9.00,1.00,0.00,0.00,0.00,0.00,0.00
6.00,5.00,0.00,1.00,0.00,0.00,0.00,0.00
10.00,4.00,0.00,0.00,0.00,0.00,0.00,0.00
6.00,6.00,0.00,0.00,0.00,0.00,0.00,0.00
4.00,2.00,0.00,0.00,0.00,0.00,0.00,0.00
3.00,3.00,0.00,0.00,0.00,0.00,0.00,0.00
4.00,3.00,0.00,0.00,0.00,0.00,0.00,0.00
1.00,3.00,1.00,0.00,0.00,0.00,0.00,0.00
2.00,3.00,1.00,0.00,0.00,0.00,0.00,0.00
1.00,1.00,1.00,0.00,0.00,0.00,0.00,0.00
2.00,2.00,1.00,0.00,0.00,0.00,0.00,0.00
1.00,0.00,0.00,0.00,0.00,0.00,0.00,0.00
1.00,0.00,0.00,0.00,0.00,0.00,0.00,0.00
1.00,0.00,0.00,0.00,0.00,0.00,0.00,0.00
1.00,0.00,0.00,0.00,0.00,0.00,0.00,0.00
0.00,0.00,0.00,0.00,0.00,0.00,0.00,0.00
0.00,0.00,0.00,0.00,0.00,0.00,0.00,0.00
1.00,0.00,0.00,0.00,0.00,0.00,0.00,0.00
0.00,0.00,0.00,0.00,0.00,0.00,0.00,0.00
0.00,0.00,0.00,0.00,0.00,0.00,0.00,0.00
16.00,16.00,17.00,0.00,0.00,0.00,3.00,0.00
38.00,50.00,63.00,2.00,3.00,0.00,11.00,0.00
17.00,52.00,70.00,2.00,4.00,0.00,12.00,0.00
29.00,56.00,23.00,4.00,4.00,0.00,6.00,0.00
49.00,81.00,32.00,8.00,4.00,0.00,8.00,0.00
26.00,21.00,4.00,4.00,1.00,0.00,2.00,0.00
8.00,7.00,3.00,1.00,1.00,0.00,6.00,0.00
6.00,7.00,3.00,1.00,1.00,0.00,5.00,0.00
2.00,3.00,1.00,3.00,1.00,0.00,5.00,0.00
0.00,1.00,1.00,1.00,1.00,0.00,2.00,0.00
1.00,1.00,0.00,2.00,0.00,0.00,2.00,0.00
4.00,4.00,0.00,2.00,1.00,0.00,1.00,0.00
9.00,8.00,0.00,2.00,0.00,0.00,1.00,0.00
21.00,15.00,1.00,3.00,0.00,0.00,2.00,0.00
14.00,12.00,1.00,2.00,0.00,0.00,1.00,0.00
18.00,11.00,0.00,4.00,0.00,0.00,2.00,0.00
8.00,10.00,0.00,1.00,1.00,0.00,1.00,0.00
8.00,10.00,1.00,1.00,1.00,0.00,1.00,0.00
7.00,5.00,2.00,2.00,0.00,0.00,1.00,0.00
3.00,7.00,1.00,2.00,0.00,0.00,1.00,0.00
15.00,20.00,2.00,3.00,0.00,0.00,1.00,0.00
12.00,17.00,0.00,3.00,0.00,0.00,2.00,0.00
9.00,11.00,0.00,1.00,0.00,0.00,1.00,0.00
9.00,5.00,0.00,1.00,0.00,0.00,0.00,0.00
24.00,16.00,0.00,2.00,0.00,0.00,1.00,0.00
31.00,23.00,1.00,2.00,0.00,0.00,2.00,0.00
21.00,15.00,0.00,1.00,1.00,0.00,1.00,0.00
6.00,4.00,0.00,0.00,0.00,0.00,1.00,0.00
2.00,0.00,0.00,0.00,0.00,0.00,1.00,0.00
2.00,2.00,0.00,0.00,1.00,0.00,2.00,0.00
5.00,2.00,0.00,0.00,0.00,0.00,1.00,0.00
3.00,2.00,0.00,0.00,0.00,0.00,0.00,0.00
1.00,1.00,0.00,0.00,0.00,0.00,0.00,0.00
1.00,0.00,0.00,0.00,0.00,0.00,0.00,0.00
1.00,1.00,1.00,0.00,0.00,0.00,0.00,0.00
1.00,0.00,0.00,0.00,0.00,0.00,1.00,0.00
0.00,1.00,1.00,0.00,0.00,0.00,0.00,0.00
0.00,0.00,1.00,0.00,0.00,0.00,0.00,0.00
1.00,0.00,2.00,0.00,0.00,0.00,0.00,0.00
0.00,1.00,1.00,0.00,0.00,0.00,0.00,0.00
4.00,4.00,3.00,0.00,0.00,0.00,0.00,0.00
7.00,7.00,13.00,1.00,1.00,0.00,2.00,0.00
9.00,14.00,13.00,1.00,0.00,0.00,2.00,0.00
6.00,15.00,12.00,1.00,0.00,0.00,2.00,0.00
6.00,11.00,4.00,1.00,0.00,0.00,1.00,0.00
7.00,11.00,4.00,2.00,0.00,0.00,1.00,0.00
15.00,15.00,1.00,1.00,0.00,0.00,1.00,0.00
4.00,6.00,0.00,0.00,0.00,0.00,0.00,0.00
1.00,0.00,0.00,0.00,0.00,0.00,1.00,0.00
0.00,0.00,0.00,0.00,0.00,0.00,1.00,0.00
11.00,31.00,6.00,0.00,1.00,0.00,2.00,0.00
22.00,34.00,3.00,1.00,1.00,0.00,3.00,0.00
11.00,17.00,4.00,1.00,0.00,0.00,1.00,0.00
4.00,12.00,1.00,0.00,0.00,0.00,1.00,0.00
0.00,2.00,1.00,0.00,0.00,0.00,1.00,0.00
1.00,0.00,1.00,0.00,1.00,0.00,1.00,0.00
9.00,6.00,2.00,0.00,1.00,0.00,1.00,0.00
47.00,27.00,8.00,3.00,3.00,0.00,3.00,0.00
57.00,43.00,18.00,6.00,6.00,0.00,5.00,0.00
66.00,46.00,15.00,5.00,4.00,0.00,5.00,0.00
70.00,45.00,20.00,7.00,2.00,0.00,5.00,0.00
55.00,33.00,11.00,10.00,2.00,0.00,4.00,0.00
55.00,32.00,5.00,6.00,2.00,0.00,4.00,0.00
57.00,50.00,4.00,2.00,1.00,0.00,4.00,0.00
50.00,48.00,13.00,2.00,2.00,0.00,4.00,0.00
27.00,23.00,8.00,1.00,0.00,0.00,2.00,0.00
4.00,4.00,1.00,1.00,0.00,0.00,0.00,0.00
2.00,2.00,0.00,0.00,0.00,0.00,0.00,0.00
2.00,1.00,0.00,0.00,0.00,0.00,0.00,0.00
3.00,2.00,0.00,0.00,0.00,0.00,0.00,0.00
4.00,3.00,2.00,1.00,0.00,0.00,0.00,0.00
3.00,15.00,11.00,1.00,0.00,0.00,2.00,0.00
15.00,61.00,16.00,1.00,0.00,0.00,5.00,0.00
22.00,65.00,28.00,9.00,1.00,0.00,8.00,0.00
47.00,97.00,46.00,12.00,4.00,0.00,13.00,0.00
38.00,94.00,42.00,38.00,4.00,0.00,13.00,0.00
34.00,128.00,39.00,19.00,3.00,0.00,19.00,0.00
61.00,128.00,21.00,31.00,4.00,0.00,15.00,0.00
57.00,40.00,24.00,16.00,2.00,0.00,7.00,0.00
14.00,26.00,7.00,8.00,2.00,0.00,2.00,0.00
9.00,18.00,4.00,1.00,1.00,0.00,1.00,0.00
4.00,14.00,21.00,4.00,1.00,0.00,5.00,0.00
15.00,18.00,4.00,2.00,1.00,0.00,2.00,0.00
23.00,33.00,10.00,5.00,1.00,0.00,3.00,0.00
35.00,41.00,32.00,11.00,3.00,0.00,5.00,0.00
17.00,57.00,43.00,10.00,2.00,0.00,8.00,0.00
28.00,72.00,46.00,21.00,2.00,0.00,9.00,0.00
23.00,75.00,40.00,22.00,2.00,0.00,9.00,0.00
27.00,48.00,39.00,11.00,1.00,0.00,6.00,0.00
26.00,41.00,19.00,13.00,1.00,1.00,5.00,0.00
28.00,39.00,11.00,8.00,0.00,0.00,4.00,0.00
29.00,35.00,10.00,4.00,1.00,0.00,4.00,0.00
39.00,31.00,2.00,3.00,1.00,0.00,3.00,0.00
32.00,34.00,6.00,3.00,1.00,0.00,4.00,0.00
20.00,33.00,8.00,2.00,2.00,0.00,3.00,0.00
42.00,14.00,1.00,3.00,2.00,0.00,2.00,0.00
50.00,31.00,6.00,1.00,1.00,0.00,2.00,0.00
19.00,15.00,3.00,2.00,0.00,0.00,1.00,0.00
14.00,24.00,2.00,1.00,1.00,0.00,2.00,0.00
11.00,13.00,3.00,0.00,0.00,1.00,1.00,0.00
13.00,15.00,11.00,1.00,1.00,0.00,1.00,0.00
5.00,20.00,9.00,1.00,1.00,0.00,2.00,0.00
14.00,32.00,5.00,3.00,2.00,0.00,3.00,0.00
27.00,37.00,9.00,6.00,4.00,0.00,4.00,0.00
47.00,39.00,3.00,9.00,7.00,0.00,6.00,0.00
9.00,6.00,1.00,1.00,1.00,0.00,1.00,0.00
2.00,5.00,1.00,1.00,2.00,1.00,3.00,0.00
3.00,4.00,0.00,1.00,2.00,1.00,4.00,0.00
2.00,4.00,0.00,0.00,2.00,0.00,2.00,0.00
2.00,1.00,1.00,1.00,1.00,0.00,2.00,0.00
4.00,4.00,0.00,0.00,0.00,0.00,1.00,0.00
11.00,6.00,0.00,1.00,0.00,0.00,1.00,0.00
12.00,5.00,0.00,1.00,1.00,0.00,0.00,0.00
8.00,4.00,0.00,1.00,1.00,0.00,0.00,0.00
6.00,7.00,0.00,2.00,0.00,0.00,1.00,0.00
7.00,1.00,0.00,0.00,0.00,0.00,0.00,0.00
2.00,1.00,0.00,0.00,0.00,0.00,0.00,0.00
5.00,6.00,0.00,0.00,0.00,0.00,0.00,0.00
3.00,2.00,0.00,0.00,0.00,0.00,0.00,0.00
6.00,3.00,0.00,0.00,0.00,0.00,0.00,0.00
5.00,2.00,0.00,0.00,0.00,0.00,0.00,0.00
5.00,4.00,1.00,0.00,0.00,0.00,0.00,0.00
7.00,4.00,1.00,0.00,0.00,0.00,0.00,0.00
2.00,1.00,0.00,0.00,0.00,0.00,0.00,0.00
2.00,1.00,0.00,0.00,0.00,0.00,0.00,0.00
2.00,1.00,0.00,1.00,0.00,0.00,0.00,0.00
1.00,1.00,0.00,1.00,1.00,0.00,2.00,0.00
1.00,1.00,0.00,2.00,1.00,0.00,1.00,0.00
30.00,47.00,3.00,9.00,3.00,0.00,5.00,0.00
17.00,32.00,5.00,28.00,3.00,0.00,12.00,0.00
10.00,24.00,24.00,24.00,2.00,0.00,8.00,0.00
1.00,6.00,16.00,13.00,1.00,0.00,4.00,0.00
2.00,6.00,10.00,3.00,0.00,0.00,1.00,0.00
3.00,12.00,16.00,8.00,1.00,0.00,3.00,0.00
3.00,12.00,4.00,4.00,1.00,0.00,1.00,0.00
6.00,11.00,3.00,4.00,0.00,0.00,1.00,0.00
2.00,6.00,3.00,0.00,0.00,0.00,0.00,0.00
2.00,1.00,1.00,0.00,0.00,0.00,0.00,0.00
0.00,1.00,0.00,0.00,0.00,0.00,0.00,0.00
1.00,1.00,0.00,0.00,0.00,0.00,0.00,0.00
0.00,1.00,0.00,0.00,0.00,0.00,0.00,0.00
5.00,5.00,0.00,0.00,1.00,0.00,0.00,0.00
2.00,10.00,3.00,0.00,0.00,0.00,1.00,0.00
1.00,7.00,2.00,1.00,0.00,0.00,0.00,0.00
1.00,3.00,2.00,0.00,0.00,0.00,0.00,0.00
1.00,3.00,1.00,0.00,0.00,0.00,0.00,0.00
1.00,3.00,1.00,0.00,0.00,0.00,0.00,0.00
1.00,1.00,1.00,0.00,0.00,0.00,0.00,0.00
1.00,0.00,0.00,0.00,0.00,0.00,0.00,0.00
1.00,0.00,0.00,0.00,0.00,0.00,0.00,0.00
30.00,24.00,2.00,2.00,3.00,0.00,2.00,0.00
10.00,6.00,1.00,1.00,2.00,0.00,2.00,0.00
5.00,1.00,0.00,0.00,1.00,0.00,5.00,0.00
2.00,1.00,0.00,5.00,1.00,1.00,4.00,0.00
8.00,8.00,1.00,1.00,0.00,0.00,1.00,0.00
22.00,24.00,4.00,0.00,0.00,0.00,2.00,0.00
18.00,20.00,6.00,0.00,0.00,0.00,1.00,0.00
8.00,6.00,6.00,0.00,0.00,0.00,1.00,0.00
2.00,3.00,1.00,0.00,0.00,0.00,0.00,0.00
1.00,2.00,1.00,0.00,0.00,0.00,0.00,0.00
1.00,0.00,0.00,0.00,0.00,0.00,0.00,0.00
0.00,0.00,0.00,0.00,0.00,0.00,0.00,0.00
8.00,24.00,4.00,0.00,0.00,0.00,2.00,0.00
0.00,6.00,3.00,0.00,0.00,0.00,0.00,0.00
1.00,3.00,0.00,1.00,0.00,0.00,0.00,0.00
1.00,1.00,1.00,0.00,0.00,0.00,0.00,0.00
4.00,8.00,6.00,0.00,0.00,0.00,1.00,0.00
7.00,16.00,10.00,1.00,0.00,0.00,2.00,0.00
4.00,10.00,10.00,0.00,0.00,0.00,2.00,0.00
2.00,4.00,2.00,1.00,0.00,0.00,0.00,0.00
7.00,5.00,1.00,1.00,0.00,0.00,0.00,0.00
8.00,3.00,1.00,0.00,0.00,0.00,0.00,0.00
3.00,2.00,0.00,1.00,0.00,0.00,1.00,0.00
5.00,1.00,0.00,1.00,0.00,0.00,0.00,0.00
6.00,2.00,0.00,0.00,0.00,0.00,0.00,0.00
3.00,1.00,0.00,1.00,0.00,0.00,0.00,0.00
9.00,3.00,0.00,2.00,0.00,0.00,1.00,0.00
18.00,14.00,0.00,5.00,1.00,0.00,3.00,0.00
9.00,12.00,2.00,5.00,2.00,0.00,2.00,0.00
2.00,7.00,2.00,3.00,0.00,0.00,1.00,0.00
2.00,5.00,1.00,1.00,0.00,0.00,0.00,0.00
2.00,2.00,2.00,2.00,0.00,0.00,0.00,0.00
1.00,1.00,1.00,0.00,0.00,0.00,0.00,0.00
0.00,0.00,0.00,0.00,1.00,0.00,0.00,0.00
0.00,0.00,1.00,0.00,0.00,0.00,0.00,0.00
1.00,0.00,0.00,0.00,0.00,0.00,0.00,0.00
0.00,0.00,1.00,0.00,0.00,0.00,0.00,0.00
0.00,0.00,0.00,0.00,0.00,0.00,0.00,0.00
0.00,0.00,0.00,0.00,0.00,0.00,0.00,0.00
0.00,0.00,0.00,0.00,0.00,0.00,0.00,0.00
0.00,0.00,0.00,0.00,0.00,0.00,0.00,0.00
1.00,0.00,0.00,0.00,0.00,0.00,0.00,0.00
0.00,0.00,0.00,0.00,0.00,0.00,0.00,0.00
0.00,0.00,0.00,0.00,0.00,0.00,0.00,0.00
0.00,0.00,0.00,0.00,0.00,0.00,0.00,0.00
0.00,0.00,0.00,0.00,0.00,0.00,0.00,0.00
0.00,0.00,0.00,1.00,0.00,0.00,0.00,0.00
0.00,0.00,0.00,0.00,0.00,0.00,0.00,0.00
0.00,0.00,0.00,0.00,0.00,0.00,0.00,0.00
0.00,0.00,0.00,0.00,0.00,0.00,0.00,0.00
10.00,21.00,1.00,5.00,3.00,0.00,2.00,0.00
24.00,13.00,1.00,4.00,2.00,0.00,2.00,0.00
21.00,11.00,1.00,3.00,2.00,0.00,2.00,0.00
25.00,10.00,1.00,2.00,1.00,0.00,1.00,0.00
21.00,9.00,0.00,1.00,1.00,0.00,1.00,0.00
11.00,8.00,0.00,1.00,1.00,0.00,1.00,0.00
10.00,5.00,1.00,1.00,0.00,0.00,0.00,0.00
6.00,3.00,0.00,0.00,1.00,0.00,0.00,0.00
6.00,4.00,0.00,0.00,0.00,0.00,0.00,0.00
4.00,6.00,0.00,0.00,0.00,0.00,0.00,0.00
8.00,7.00,0.00,0.00,0.00,0.00,0.00,0.00
13.00,5.00,1.00,1.00,0.00,0.00,0.00,0.00
14.00,3.00,0.00,1.00,0.00,0.00,0.00,0.00
12.00,3.00,1.00,1.00,1.00,0.00,0.00,0.00
5.00,1.00,0.00,0.00,0.00,0.00,0.00,0.00
3.00,1.00,0.00,0.00,0.00,0.00,0.00,0.00
0.00,0.00,0.00,0.00,0.00,0.00,0.00,0.00
0.00,0.00,0.00,0.00,0.00,0.00,0.00,0.00
0.00,0.00,0.00,0.00,0.00,0.00,0.00,0.00
0.00,0.00,0.00,0.00,0.00,0.00,0.00,0.00
0.00,0.00,0.00,0.00,1.00,0.00,0.00,0.00
1.00,0.00,0.00,0.00,0.00,0.00,0.00,0.00
0.00,0.00,0.00,0.00,0.00,0.00,0.00,0.00
1.00,0.00,0.00,1.00,1.00,0.00,0.00,0.00
1.00,0.00,0.00,0.00,1.00,0.00,0.00,0.00
0.00,0.00,0.00,0.00,0.00,0.00,0.00,0.00
0.00,0.00,0.00,0.00,0.00,0.00,0.00,0.00
1.00,0.00,0.00,0.00,0.00,0.00,0.00,0.00
1.00,0.00,0.00,0.00,0.00,0.00,0.00,0.00
0.00,0.00,0.00,0.00,0.00,0.00,0.00,0.00
0.00,0.00,0.00,0.00,0.00,0.00,0.00,0.00
13.00,12.00,1.00,1.00,0.00,0.00,1.00,0.00
34.00,27.00,6.00,2.00,0.00,0.00,2.00,0.00
19.00,44.00,4.00,4.00,0.00,0.00,4.00,0.00
14.00,19.00,1.00,2.00,0.00,0.00,1.00,0.00
0.00,8.00,0.00,3.00,3.00,0.00,3.00,0.00
3.00,4.00,0.00,2.00,3.00,1.00,9.00,0.00
1.00,0.00,0.00,2.00,2.00,1.00,4.00,0.00
1.00,1.00,0.00,4.00,2.00,1.00,3.00,0.00
38.00,28.00,11.00,8.00,1.00,0.00,3.00,0.00
34.00,30.00,33.00,31.00,5.00,0.00,13.00,0.00
27.00,47.00,41.00,38.00,9.00,0.00,12.00,0.00
26.00,30.00,27.00,21.00,8.00,0.00,8.00,0.00
26.00,14.00,18.00,6.00,1.00,0.00,5.00,0.00
22.00,17.00,16.00,6.00,2.00,0.00,2.00,0.00
25.00,19.00,12.00,6.00,3.00,0.00,3.00,0.00
29.00,25.00,26.00,14.00,5.00,0.00,7.00,0.00
33.00,28.00,15.00,35.00,6.00,0.00,12.00,0.00
42.00,29.00,6.00,12.00,5.00,0.00,6.00,0.00
43.00,24.00,4.00,24.00,4.00,0.00,15.00,0.00
29.00,16.00,6.00,7.00,2.00,0.00,2.00,0.00
28.00,14.00,5.00,4.00,0.00,0.00,2.00,0.00
29.00,11.00,5.00,2.00,0.00,0.00,2.00,0.00
30.00,12.00,5.00,1.00,1.00,0.00,2.00,0.00
39.00,27.00,8.00,9.00,1.00,0.00,3.00,0.00
50.00,35.00,10.00,19.00,3.00,0.00,6.00,0.00
42.00,28.00,14.00,16.00,3.00,0.00,5.00,0.00
40.00,42.00,15.00,2.00,4.00,0.00,4.00,0.00
15.00,16.00,2.00,0.00,0.00,0.00,1.00,0.00
2.00,11.00,3.00,0.00,0.00,0.00,1.00,0.00
1.00,4.00,2.00,0.00,0.00,0.00,0.00,0.00
2.00,1.00,1.00,0.00,0.00,0.00,0.00,0.00
2.00,1.00,0.00,0.00,0.00,0.00,0.00,0.00
2.00,1.00,0.00,0.00,1.00,0.00,0.00,0.00
32.00,24.00,7.00,0.00,1.00,0.00,2.00,0.00
31.00,19.00,5.00,1.00,0.00,0.00,2.00,0.00
27.00,29.00,8.00,3.00,2.00,0.00,3.00,0.00
18.00,41.00,7.00,2.00,3.00,0.00,4.00,0.00
11.00,42.00,8.00,0.00,1.00,0.00,4.00,0.00
13.00,45.00,13.00,0.00,2.00,0.00,5.00,0.00
17.00,25.00,22.00,1.00,1.00,0.00,4.00,0.00
14.00,22.00,11.00,1.00,1.00,0.00,2.00,0.00
9.00,9.00,5.00,0.00,1.00,0.00,1.00,0.00
3.00,5.00,3.00,0.00,1.00,0.00,1.00,0.00
2.00,3.00,2.00,0.00,1.00,0.00,1.00,0.00
1.00,0.00,1.00,0.00,2.00,0.00,2.00,0.00
5.00,3.00,0.00,1.00,0.00,0.00,0.00,0.00
13.00,11.00,0.00,2.00,0.00,0.00,1.00,0.00
12.00,15.00,1.00,4.00,2.00,0.00,2.00,0.00
15.00,15.00,0.00,5.00,1.00,0.00,3.00,0.00
19.00,19.00,0.00,2.00,1.00,0.00,1.00,0.00
8.00,3.00,0.00,1.00,0.00,0.00,0.00,0.00
5.00,2.00,0.00,0.00,0.00,0.00,0.00,0.00
7.00,6.00,1.00,2.00,0.00,0.00,1.00,0.00
25.00,25.00,2.00,3.00,0.00,0.00,2.00,0.00
26.00,20.00,3.00,2.00,1.00,0.00,2.00,0.00
25.00,18.00,7.00,1.00,1.00,0.00,2.00,0.00
17.00,15.00,7.00,0.00,0.00,0.00,1.00,0.00
14.00,15.00,3.00,1.00,0.00,0.00,1.00,0.00
13.00,14.00,2.00,1.00,1.00,0.00,1.00,0.00
14.00,9.00,1.00,2.00,0.00,0.00,1.00,0.00
10.00,5.00,0.00,3.00,0.00,0.00,1.00,0.00
16.00,3.00,0.00,2.00,0.00,0.00,1.00,0.00
7.00,5.00,0.00,1.00,0.00,0.00,0.00,0.00
5.00,1.00,0.00,0.00,0.00,0.00,0.00,0.00
5.00,1.00,0.00,0.00,0.00,0.00,0.00,0.00
4.00,1.00,0.00,0.00,0.00,0.00,0.00,0.00
2.00,0.00,0.00,0.00,0.00,0.00,0.00,0.00
2.00,1.00,0.00,0.00,0.00,0.00,0.00,0.00
5.00,1.00,0.00,0.00,0.00,0.00,0.00,0.00
15.00,20.00,7.00,5.00,0.00,0.00,2.00,0.00
14.00,10.00,4.00,4.00,0.00,0.00,1.00,0.00
14.00,25.00,5.00,2.00,0.00,0.00,2.00,0.00
18.00,17.00,8.00,5.00,0.00,0.00,2.00,0.00
14.00,15.00,8.00,5.00,0.00,0.00,2.00,0.00
9.00,26.00,7.00,3.00,0.00,0.00,2.00,0.00
22.00,32.00,18.00,10.00,0.00,0.00,3.00,0.00
10.00,20.00,12.00,3.00,1.00,0.00,2.00,0.00
11.00,27.00,9.00,3.00,0.00,0.00,3.00,0.00
23.00,23.00,8.00,3.00,1.00,0.00,2.00,0.00
13.00,17.00,6.00,3.00,0.00,0.00,2.00,0.00
6.00,10.00,3.00,4.00,1.00,0.00,1.00,0.00
11.00,15.00,6.00,4.00,1.00,0.00,2.00,0.00
12.00,9.00,4.00,2.00,0.00,0.00,1.00,0.00
5.00,6.00,3.00,2.00,0.00,0.00,0.00,0.00
11.00,11.00,2.00,1.00,0.00,0.00,1.00,0.00
5.00,1.00,1.00,0.00,0.00,0.00,0.00,0.00
2.00,7.00,1.00,1.00,0.00,0.00,0.00,0.00
5.00,6.00,1.00,0.00,1.00,0.00,0.00,0.00
5.00,1.00,0.00,0.00,0.00,0.00,0.00,0.00
6.00,3.00,1.00,0.00,0.00,0.00,0.00,0.00
2.00,1.00,0.00,0.00,0.00,0.00,0.00,0.00
0.00,1.00,0.00,0.00,0.00,0.00,0.00,0.00
0.00,0.00,0.00,0.00,0.00,0.00,0.00,0.00
0.00,0.00,0.00,0.00,0.00,0.00,0.00,0.00
1.00,0.00,0.00,0.00,0.00,0.00,0.00,0.00
1.00,1.00,0.00,0.00,0.00,0.00,0.00,0.00
1.00,2.00,0.00,1.00,0.00,0.00,0.00,0.00
0.00,0.00,0.00,0.00,0.00,0.00,0.00,0.00
0.00,0.00,0.00,0.00,0.00,0.00,0.00,0.00
1.00,0.00,0.00,1.00,1.00,0.00,0.00,0.00
0.00,0.00,0.00,0.00,0.00,0.00,0.00,0.00
0.00,0.00,0.00,0.00,0.00,0.00,0.00,0.00
0.00,0.00,0.00,0.00,0.00,0.00,0.00,0.00
0.00,0.00,0.00,0.00,0.00,0.00,0.00,0.00
0.00,0.00,0.00,0.00,0.00,0.00,0.00,0.00
1.00,0.00,0.00,0.00,0.00,0.00,0.00,0.00
0.00,0.00,0.00,0.00,0.00,0.00,0.00,0.00
0.00,0.00,0.00,0.00,0.00,0.00,0.00,0.00
1.00,0.00,0.00,0.00,0.00,0.00,0.00,0.00
0.00,0.00,0.00,0.00,0.00,0.00,0.00,0.00
1.00,0.00,0.00,0.00,0.00,0.00,0.00,0.00
0.00,0.00,0.00,0.00,0.00,0.00,0.00,0.00
0.00,0.00,0.00,0.00,0.00,0.00,0.00,0.00
0.00,0.00,0.00,0.00,0.00,0.00,0.00,0.00
0.00,0.00,0.00,0.00,0.00,0.00,0.00,0.00
0.00,0.00,0.00,0.00,0.00,0.00,0.00,0.00
0.00,0.00,0.00,0.00,0.00,0.00,0.00,0.00
0.00,0.00,0.00,0.00,0.00,0.00,0.00,0.00
0.00,0.00,0.00,0.00,0.00,0.00,0.00,0.00
43.00,24.00,1.00,6.00,1.00,0.00,3.00,0.00
52.00,48.00,1.00,11.00,2.00,0.00,4.00,0.00
50.00,54.00,1.00,11.00,3.00,0.00,4.00,0.00
44.00,45.00,1.00,10.00,4.00,0.00,6.00,0.00
43.00,47.00,3.00,13.00,3.00,0.00,5.00,0.00
44.00,35.00,4.00,17.00,3.00,0.00,7.00,0.00
41.00,34.00,3.00,18.00,4.00,0.00,9.00,0.00
42.00,30.00,2.00,15.00,2.00,0.00,9.00,0.00
41.00,24.00,2.00,11.00,2.00,0.00,7.00,0.00
41.00,19.00,1.00,8.00,2.00,0.00,4.00,0.00
43.00,18.00,1.00,3.00,2.00,0.00,3.00,0.00
36.00,23.00,1.00,2.00,1.00,0.00,2.00,0.00
8.00,7.00,0.00,0.00,1.00,0.00,0.00,0.00
6.00,3.00,0.00,0.00,0.00,0.00,0.00,0.00
3.00,1.00,0.00,0.00,0.00,0.00,0.00,0.00
2.00,2.00,0.00,0.00,0.00,0.00,0.00,0.00
0.00,0.00,0.00,0.00,0.00,0.00,0.00,0.00
1.00,1.00,0.00,0.00,0.00,0.00,0.00,0.00
1.00,0.00,0.00,1.00,0.00,1.00,1.00,0.00
9.00,10.00,5.00,0.00,0.00,0.00,1.00,0.00
16.00,40.00,18.00,21.00,1.00,0.00,6.00,0.00
21.00,42.00,14.00,22.00,3.00,0.00,7.00,0.00
10.00,17.00,7.00,10.00,0.00,0.00,3.00,0.00
11.00,15.00,2.00,5.00,0.00,0.00,1.00,0.00
18.00,22.00,5.00,13.00,2.00,0.00,4.00,0.00
18.00,25.00,18.00,27.00,3.00,0.00,9.00,0.00
14.00,28.00,10.00,11.00,1.00,0.00,3.00,0.00
5.00,9.00,3.00,4.00,0.00,0.00,1.00,0.00
4.00,6.00,1.00,0.00,0.00,0.00,0.00,0.00
2.00,2.00,0.00,0.00,0.00,0.00,0.00,0.00
2.00,4.00,2.00,3.00,1.00,0.00,1.00,0.00
0.00,2.00,4.00,3.00,1.00,0.00,1.00,0.00
2.00,1.00,3.00,11.00,2.00,0.00,5.00,0.00
15.00,15.00,17.00,9.00,1.00,0.00,3.00,0.00
20.00,76.00,93.00,64.00,8.00,0.00,25.00,0.00
22.00,56.00,43.00,58.00,12.00,0.00,23.00,0.00
21.00,128.00,35.00,63.00,20.00,1.00,25.00,0.00
32.00,128.00,19.00,44.00,7.00,1.00,18.00,0.00
59.00,68.00,15.00,21.00,5.00,1.00,9.00,0.00
22.00,16.00,5.00,4.00,1.00,1.00,2.00,0.00
11.00,15.00,2.00,2.00,1.00,1.00,2.00,0.00
16.00,30.00,4.00,5.00,1.00,0.00,2.00,0.00
28.00,40.00,6.00,7.00,1.00,0.00,3.00,0.00
28.00,17.00,3.00,6.00,2.00,0.00,2.00,0.00
36.00,12.00,4.00,4.00,1.00,0.00,2.00,0.00
23.00,15.00,2.00,9.00,2.00,0.00,4.00,0.00
23.00,15.00,1.00,8.00,1.00,0.00,4.00,0.00
33.00,24.00,0.00,11.00,2.00,0.00,6.00,0.00
32.00,7.00,2.00,10.00,2.00,0.00,5.00,0.00
37.00,8.00,1.00,7.00,2.00,0.00,3.00,0.00
15.00,17.00,2.00,3.00,2.00,0.00,1.00,0.00
23.00,33.00,8.00,4.00,4.00,0.00,4.00,0.00
29.00,46.00,14.00,1.00,2.00,0.00,5.00,0.00
21.00,28.00,15.00,1.00,1.00,0.00,2.00,0.00
21.00,22.00,23.00,1.00,1.00,0.00,4.00,0.00
20.00,21.00,7.00,0.00,0.00,0.00,2.00,0.00
20.00,10.00,11.00,2.00,1.00,0.00,2.00,0.00
16.00,8.00,9.00,1.00,0.00,0.00,1.00,0.00
11.00,11.00,2.00,1.00,0.00,0.00,1.00,0.00
7.00,8.00,3.00,1.00,0.00,0.00,0.00,0.00
4.00,7.00,1.00,3.00,0.00,0.00,1.00,0.00
7.00,6.00,3.00,2.00,0.00,0.00,1.00,0.00
15.00,2.00,0.00,4.00,1.00,0.00,2.00,0.00
12.00,4.00,0.00,4.00,0.00,0.00,2.00,0.00
5.00,5.00,1.00,2.00,0.00,0.00,1.00,0.00
1.00,3.00,1.00,2.00,0.00,0.00,1.00,0.00
4.00,4.00,0.00,1.00,1.00,0.00,1.00,0.00
4.00,1.00,0.00,0.00,0.00,0.00,0.00,0.00
3.00,1.00,0.00,1.00,0.00,0.00,1.00,0.00
2.00,1.00,0.00,1.00,0.00,0.00,0.00,0.00
4.00,2.00,0.00,0.00,0.00,0.00,0.00,0.00
5.00,2.00,0.00,1.00,1.00,0.00,0.00,0.00
3.00,2.00,0.00,0.00,1.00,0.00,0.00,0.00
3.00,2.00,0.00,0.00,1.00,0.00,0.00,0.00
2.00,0.00,0.00,0.00,0.00,0.00,0.00,0.00
1.00,0.00,0.00,0.00,0.00,0.00,0.00,0.00
0.00,0.00,0.00,0.00,0.00,0.00,0.00,0.00
0.00,0.00,0.00,1.00,1.00,0.00,0.00,0.00
0.00,1.00,0.00,0.00,1.00,0.00,0.00,0.00
3.00,2.00,0.00,1.00,1.00,0.00,0.00,0.00
10.00,10.00,0.00,1.00,0.00,0.00,0.00,0.00
8.00,11.00,1.00,3.00,1.00,0.00,1.00,0.00
4.00,5.00,0.00,3.00,1.00,0.00,1.00,0.00
1.00,4.00,0.00,1.00,0.00,0.00,0.00,0.00
1.00,2.00,0.00,1.00,0.00,0.00,0.00,0.00
0.00,1.00,0.00,0.00,0.00,0.00,0.00,0.00
1.00,1.00,0.00,0.00,0.00,0.00,0.00,0.00
0.00,0.00,0.00,0.00,0.00,0.00,0.00,0.00
1.00,1.00,0.00,0.00,0.00,0.00,0.00,0.00
2.00,2.00,0.00,1.00,0.00,0.00,0.00,0.00
2.00,0.00,0.00,1.00,1.00,0.00,0.00,0.00
1.00,0.00,0.00,0.00,0.00,0.00,0.00,0.00
0.00,1.00,0.00,0.00,0.00,0.00,0.00,0.00
0.00,0.00,0.00,0.00,0.00,0.00,0.00,0.00
0.00,0.00,0.00,0.00,0.00,0.00,0.00,0.00
1.00,1.00,0.00,1.00,0.00,0.00,0.00,0.00
2.00,1.00,0.00,0.00,0.00,0.00,0.00,0.00
1.00,1.00,0.00,0.00,0.00,0.00,0.00,0.00
2.00,1.00,0.00,0.00,1.00,0.00,0.00,0.00
1.00,0.00,0.00,0.00,1.00,0.00,0.00,0.00
14.00,21.00,13.00,4.00,0.00,0.00,2.00,0.00
24.00,26.00,11.00,6.00,1.00,0.00,3.00,0.00
18.00,11.00,5.00,2.00,1.00,0.00,1.00,0.00
4.00,3.00,1.00,0.00,0.00,0.00,1.00,0.00
2.00,0.00,0.00,0.00,0.00,0.00,0.00,0.00
0.00,0.00,0.00,0.00,0.00,0.00,0.00,0.00
0.00,0.00,0.00,0.00,0.00,0.00,0.00,0.00
0.00,0.00,0.00,0.00,0.00,0.00,1.00,0.00
1.00,0.00,0.00,0.00,1.00,0.00,3.00,0.00
0.00,0.00,0.00,0.00,1.00,0.00,3.00,0.00
0.00,0.00,1.00,2.00,2.00,1.00,8.00,0.00
0.00,0.00,0.00,1.00,0.00,1.00,6.00,0.00
0.00,0.00,1.00,1.00,3.00,1.00,4.00,0.00
16.00,7.00,0.00,1.00,1.00,0.00,2.00,0.00
73.00,42.00,2.00,3.00,1.00,0.00,5.00,0.00
128.00,78.00,11.00,6.00,2.00,0.00,9.00,0.00
108.00,61.00,9.00,3.00,2.00,0.00,7.00,0.00
77.00,54.00,15.00,3.00,3.00,0.00,5.00,0.00
64.00,39.00,18.00,2.00,2.00,0.00,4.00,0.00
62.00,37.00,13.00,2.00,4.00,0.00,4.00,0.00
57.00,33.00,15.00,4.00,6.00,0.00,4.00,0.00
45.00,33.00,11.00,2.00,4.00,0.00,4.00,0.00
39.00,47.00,8.00,4.00,7.00,0.00,6.00,0.00
38.00,24.00,6.00,2.00,4.00,0.00,3.00,0.00
8.00,14.00,2.00,0.00,1.00,0.00,3.00,0.00
3.00,4.00,1.00,3.00,4.00,0.00,7.00,0.00
3.00,4.00,1.00,1.00,2.00,2.00,8.00,0.00
2.00,1.00,1.00,2.00,1.00,0.00,3.00,0.00
15.00,11.00,1.00,0.00,1.00,0.00,2.00,0.00
62.00,32.00,4.00,4.00,4.00,0.00,4.00,0.00
69.00,23.00,3.00,5.00,4.00,0.00,5.00,0.00
21.00,7.00,2.00,2.00,1.00,0.00,1.00,0.00
12.00,8.00,2.00,1.00,1.00,0.00,2.00,0.00
11.00,7.00,2.00,2.00,0.00,0.00,1.00,0.00
38.00,22.00,4.00,8.00,1.00,0.00,2.00,0.00
56.00,78.00,9.00,25.00,3.00,0.00,8.00,0.00
28.00,49.00,25.00,26.00,8.00,0.00,8.00,0.00
24.00,98.00,18.00,29.00,7.00,0.00,12.00,0.00
46.00,105.00,17.00,21.00,4.00,0.00,12.00,0.00
38.00,63.00,9.00,14.00,3.00,0.00,5.00,0.00
18.00,23.00,2.00,3.00,1.00,0.00,2.00,0.00
0.00,9.00,1.00,1.00,2.00,0.00,4.00,0.00
2.00,9.00,1.00,1.00,1.00,1.00,2.00,0.00
23.00,17.00,2.00,4.00,2.00,0.00,1.00,0.00
20.00,29.00,4.00,6.00,5.00,0.00,4.00,0.00
4.00,4.00,0.00,0.00,0.00,0.00,0.00,0.00
12.00,24.00,2.00,1.00,1.00,0.00,2.00,0.00
39.00,42.00,5.00,2.00,3.00,0.00,3.00,0.00
55.00,88.00,9.00,1.00,3.00,0.00,8.00,0.00
42.00,96.00,10.00,3.00,6.00,0.00,8.00,0.00
36.00,61.00,6.00,5.00,2.00,0.00,5.00,0.00
18.00,34.00,6.00,4.00,3.00,0.00,3.00,0.00
30.00,39.00,5.00,3.00,1.00,0.00,3.00,0.00
39.00,40.00,4.00,3.00,1.00,0.00,3.00,0.00
28.00,28.00,2.00,3.00,1.00,0.00,2.00,0.00
21.00,24.00,3.00,3.00,1.00,0.00,2.00,0.00
24.00,20.00,1.00,3.00,1.00,0.00,2.00,0.00
21.00,19.00,1.00,3.00,1.00,0.00,2.00,0.00
19.00,14.00,3.00,7.00,4.00,0.00,5.00,0.00
26.00,18.00,5.00,10.00,5.00,0.00,7.00,0.00
26.00,27.00,12.00,7.00,3.00,0.00,3.00,0.00
16.00,35.00,39.00,15.00,3.00,0.00,6.00,0.00
15.00,16.00,21.00,14.00,2.00,0.00,5.00,0.00
10.00,27.00,26.00,13.00,3.00,0.00,6.00,0.00
17.00,55.00,19.00,17.00,2.00,0.00,7.00,0.00
23.00,39.00,5.00,9.00,0.00,0.00,3.00,0.00
7.00,9.00,0.00,1.00,1.00,0.00,0.00,0.00
4.00,2.00,1.00,2.00,0.00,0.00,0.00,0.00
7.00,8.00,2.00,1.00,0.00,0.00,0.00,0.00
2.00,3.00,2.00,2.00,0.00,0.00,1.00,0.00
0.00,0.00,0.00,0.00,0.00,0.00,2.00,0.00
1.00,0.00,0.00,0.00,0.00,0.00,2.00,0.00
0.00,1.00,0.00,0.00,0.00,1.00,4.00,0.00
0.00,0.00,0.00,0.00,0.00,0.00,4.00,0.00
0.00,0.00,0.00,1.00,0.00,0.00,2.00,0.00
7.00,6.00,3.00,0.00,0.00,0.00,0.00,0.00
11.00,10.00,2.00,1.00,0.00,0.00,0.00,0.00
5.00,4.00,1.00,0.00,0.00,0.00,0.00,0.00
9.00,5.00,2.00,1.00,0.00,0.00,0.00,0.00
5.00,3.00,1.00,0.00,0.00,0.00,0.00,0.00
8.00,10.00,10.00,1.00,0.00,0.00,1.00,0.00
5.00,3.00,6.00,1.00,0.00,0.00,1.00,0.00
6.00,6.00,6.00,2.00,0.00,0.00,1.00,0.00
4.00,3.00,4.00,2.00,0.00,0.00,0.00,0.00
2.00,2.00,3.00,0.00,0.00,0.00,0.00,0.00
4.00,3.00,2.00,1.00,0.00,0.00,0.00,0.00
4.00,1.00,0.00,0.00,0.00,0.00,0.00,0.00
4.00,1.00,0.00,0.00,0.00,0.00,0.00,0.00
8.00,6.00,3.00,1.00,0.00,0.00,0.00,0.00
7.00,6.00,2.00,1.00,0.00,0.00,0.00,0.00
8.00,5.00,0.00,0.00,0.00,0.00,0.00,0.00
11.00,9.00,0.00,0.00,0.00,0.00,0.00,0.00
4.00,4.00,0.00,1.00,0.00,0.00,0.00,0.00
1.00,0.00,0.00,1.00,0.00,0.00,1.00,0.00
0.00,0.00,0.00,2.00,1.00,0.00,3.00,0.00
0.00,0.00,0.00,1.00,0.00,0.00,4.00,0.00
1.00,0.00,0.00,1.00,1.00,0.00,3.00,0.00
0.00,0.00,0.00,3.00,1.00,0.00,5.00,0.00
0.00,0.00,0.00,6.00,3.00,0.00,4.00,0.00
0.00,1.00,0.00,1.00,1.00,0.00,1.00,0.00
26.00,27.00,2.00,3.00,2.00,0.00,2.00,0.00
22.00,39.00,8.00,2.00,4.00,0.00,4.00,0.00
21.00,58.00,20.00,2.00,4.00,0.00,7.00,0.00
22.00,57.00,14.00,4.00,4.00,0.00,7.00,0.00
24.00,51.00,13.00,4.00,4.00,0.00,6.00,0.00
20.00,27.00,7.00,3.00,3.00,0.00,3.00,0.00
13.00,13.00,7.00,2.00,0.00,0.00,1.00,0.00
7.00,13.00,2.00,1.00,0.00,0.00,1.00,0.00
14.00,18.00,5.00,2.00,1.00,0.00,1.00,0.00
11.00,21.00,5.00,2.00,1.00,0.00,2.00,0.00
5.00,6.00,3.00,0.00,0.00,0.00,0.00,0.00
7.00,6.00,7.00,0.00,0.00,0.00,1.00,0.00
3.00,2.00,3.00,0.00,0.00,0.00,0.00,0.00
1.00,0.00,1.00,0.00,0.00,0.00,0.00,0.00
1.00,1.00,3.00,1.00,1.00,0.00,0.00,0.00
2.00,5.00,4.00,1.00,0.00,0.00,0.00,0.00
5.00,7.00,7.00,1.00,0.00,0.00,1.00,0.00
5.00,9.00,10.00,0.00,0.00,0.00,1.00,0.00
1.00,3.00,2.00,0.00,0.00,0.00,0.00,0.00
0.00,1.00,1.00,0.00,0.00,0.00,0.00,0.00
1.00,1.00,0.00,0.00,0.00,0.00,0.00,0.00
1.00,0.00,0.00,0.00,0.00,0.00,0.00,0.00
1.00,2.00,0.00,0.00,0.00,0.00,0.00,0.00
8.00,6.00,0.00,0.00,0.00,0.00,0.00,0.00
8.00,5.00,0.00,0.00,1.00,0.00,0.00,0.00
0.00,0.00,0.00,0.00,0.00,0.00,0.00,0.00
3.00,1.00,0.00,0.00,0.00,0.00,0.00,0.00
2.00,3.00,0.00,0.00,0.00,0.00,0.00,0.00
1.00,0.00,0.00,0.00,0.00,0.00,0.00,0.00
0.00,0.00,0.00,0.00,0.00,0.00,0.00,0.00
1.00,0.00,0.00,0.00,0.00,0.00,0.00,0.00
0.00,0.00,0.00,0.00,0.00,0.00,0.00,0.00
1.00,0.00,0.00,0.00,0.00,0.00,0.00,0.00
1.00,0.00,0.00,0.00,0.00,0.00,0.00,0.00
1.00,0.00,0.00,0.00,0.00,0.00,0.00,0.00
0.00,0.00,0.00,1.00,0.00,0.00,0.00,0.00
0.00,0.00,0.00,0.00,0.00,0.00,0.00,0.00
0.00,0.00,0.00,0.00,0.00,0.00,0.00,0.00
0.00,0.00,0.00,0.00,0.00,0.00,0.00,0.00
0.00,0.00,0.00,0.00,0.00,0.00,0.00,0.00
0.00,0.00,0.00,0.00,0.00,0.00,0.00,0.00
1.00,0.00,0.00,0.00,0.00,0.00,0.00,0.00
0.00,0.00,0.00,0.00,0.00,0.00,0.00,0.00
0.00,0.00,0.00,0.00,0.00,0.00,0.00,0.00
0.00,0.00,0.00,0.00,0.00,0.00,0.00,0.00
0.00,0.00,0.00,0.00,0.00,0.00,0.00,0.00
0.00,0.00,0.00,0.00,0.00,0.00,0.00,0.00
0.00,0.00,0.00,0.00,0.00,0.00,0.00,0.00
0.00,0.00,0.00,0.00,0.00,0.00,0.00,0.00
0.00,0.00,0.00,0.00,0.00,0.00,0.00,0.00
26.00,25.00,1.00,8.00,3.00,0.00,4.00,0.00
30.00,39.00,1.00,8.00,1.00,0.00,4.00,0.00
28.00,47.00,2.00,8.00,1.00,0.00,4.00,0.00
34.00,52.00,4.00,2.00,2.00,0.00,4.00,0.00
37.00,81.00,8.00,2.00,2.00,0.00,7.00,0.00
39.00,28.00,9.00,2.00,2.00,0.00,3.00,0.00
66.00,38.00,9.00,3.00,3.00,0.00,4.00,0.00
64.00,38.00,12.00,3.00,3.00,0.00,4.00,0.00
62.00,45.00,14.00,1.00,2.00,0.00,4.00,0.00
64.00,50.00,11.00,4.00,1.00,0.00,4.00,0.00
60.00,49.00,12.00,3.00,2.00,0.00,5.00,0.00
53.00,46.00,12.00,5.00,2.00,0.00,4.00,0.00
56.00,48.00,15.00,5.00,2.00,0.00,4.00,0.00
47.00,42.00,15.00,3.00,2.00,0.00,4.00,0.00
49.00,47.00,8.00,3.00,2.00,0.00,4.00,0.00
43.00,48.00,6.00,5.00,2.00,0.00,5.00,0.00
44.00,52.00,5.00,7.00,3.00,0.00,5.00,0.00
43.00,45.00,6.00,7.00,4.00,0.00,4.00,0.00
36.00,28.00,4.00,6.00,2.00,0.00,4.00,0.00
45.00,34.00,4.00,8.00,3.00,0.00,5.00,0.00
42.00,31.00,5.00,7.00,3.00,0.00,3.00,0.00
31.00,21.00,6.00,5.00,6.00,0.00,4.00,0.00
21.00,10.00,7.00,3.00,3.00,0.00,3.00,0.00
24.00,17.00,5.00,5.00,6.00,0.00,4.00,0.00
25.00,20.00,4.00,9.00,4.00,0.00,4.00,0.00
15.00,17.00,6.00,10.00,5.00,0.00,5.00,0.00
20.00,28.00,5.00,11.00,5.00,0.00,6.00,0.00
20.00,33.00,10.00,14.00,5.00,0.00,5.00,0.00
20.00,41.00,32.00,13.00,5.00,0.00,7.00,0.00
12.00,34.00,37.00,19.00,8.00,0.00,11.00,0.00
13.00,35.00,16.00,15.00,2.00,0.00,9.00,0.00
14.00,29.00,35.00,23.00,3.00,0.00,8.00,0.00
12.00,26.00,20.00,16.00,2.00,0.00,5.00,0.00
18.00,24.00,3.00,11.00,2.00,0.00,3.00,0.00
8.00,9.00,1.00,3.00,0.00,0.00,1.00,0.00
2.00,5.00,0.00,1.00,1.00,0.00,0.00,0.00
2.00,2.00,0.00,1.00,0.00,0.00,1.00,0.00
1.00,0.00,0.00,1.00,0.00,1.00,3.00,0.00
1.00,1.00,0.00,0.00,1.00,1.00,3.00,0.00
1.00,1.00,0.00,0.00,0.00,0.00,1.00,0.00
7.00,3.00,1.00,0.00,1.00,0.00,1.00,0.00
21.00,10.00,2.00,0.00,2.00,0.00,1.00,0.00
18.00,7.00,3.00,1.00,1.00,0.00,1.00,0.00
4.00,4.00,1.00,0.00,1.00,0.00,1.00,0.00
2.00,0.00,0.00,2.00,2.00,0.00,1.00,0.00
0.00,1.00,1.00,1.00,2.00,1.00,3.00,0.00
1.00,1.00,1.00,0.00,1.00,0.00,2.00,0.00
0.00,0.00,0.00,0.00,2.00,1.00,3.00,0.00
6.00,5.00,0.00,0.00,1.00,0.00,1.00,0.00
14.00,8.00,1.00,0.00,1.00,0.00,1.00,0.00
10.00,33.00,14.00,4.00,2.00,0.00,4.00,0.00
13.00,45.00,18.00,11.00,3.00,0.00,6.00,0.00
13.00,35.00,24.00,5.00,2.00,0.00,5.00,0.00
14.00,35.00,30.00,7.00,1.00,0.00,5.00,0.00
14.00,35.00,30.00,4.00,0.00,0.00,5.00,0.00
15.00,39.00,31.00,4.00,1.00,0.00,5.00,0.00
15.00,44.00,33.00,3.00,1.00,0.00,6.00,0.00
14.00,45.00,30.00,2.00,0.00,0.00,6.00,0.00
15.00,51.00,34.00,2.00,1.00,0.00,7.00,0.00
13.00,50.00,33.00,6.00,1.00,0.00,7.00,0.00
12.00,51.00,33.00,7.00,1.00,0.00,7.00,0.00
15.00,45.00,18.00,4.00,1.00,0.00,6.00,0.00
16.00,46.00,37.00,6.00,1.00,0.00,6.00,0.00
11.00,49.00,38.00,4.00,2.00,0.00,6.00,0.00
10.00,44.00,34.00,5.00,2.00,0.00,6.00,0.00
12.00,37.00,27.00,6.00,2.00,0.00,5.00,0.00
14.00,34.00,26.00,4.00,1.00,0.00,4.00,0.00
13.00,32.00,27.00,2.00,3.00,0.00,4.00,0.00
14.00,35.00,31.00,3.00,2.00,0.00,5.00,0.00
15.00,40.00,34.00,2.00,2.00,0.00,5.00,0.00
14.00,50.00,36.00,3.00,3.00,0.00,7.00,0.00
9.00,55.00,37.00,3.00,2.00,0.00,8.00,0.00
7.00,36.00,28.00,4.00,2.00,0.00,4.00,0.00
12.00,33.00,25.00,3.00,1.00,0.00,4.00,0.00
10.00,34.00,32.00,5.00,1.00,0.00,5.00,0.00
9.00,30.00,27.00,4.00,1.00,0.00,4.00,0.00
9.00,38.00,20.00,4.00,0.00,0.00,5.00,0.00
10.00,43.00,16.00,1.00,1.00,0.00,5.00,0.00
9.00,30.00,13.00,5.00,1.00,0.00,4.00,0.00
4.00,14.00,1.00,3.00,1.00,0.00,1.00,0.00
5.00,20.00,2.00,3.00,0.00,0.00,2.00,0.00
2.00,2.00,9.00,4.00,2.00,0.00,2.00,0.00
7.00,3.00,6.00,8.00,2.00,0.00,3.00,0.00
26.00,127.00,120.00,105.00,8.00,0.00,33.00,0.00
24.00,128.00,122.00,111.00,20.00,0.00,37.00,0.00
30.00,128.00,57.00,37.00,20.00,0.00,26.00,0.00
44.00,128.00,46.00,30.00,15.00,0.00,18.00,0.00
76.00,94.00,27.00,34.00,10.00,0.00,10.00,0.00
85.00,72.00,10.00,8.00,7.00,0.00,7.00,0.00
49.00,32.00,9.00,7.00,2.00,0.00,3.00,0.00
42.00,39.00,4.00,5.00,1.00,0.00,3.00,0.00
42.00,43.00,4.00,6.00,3.00,0.00,4.00,0.00
55.00,51.00,2.00,4.00,4.00,0.00,4.00,0.00
34.00,27.00,3.00,3.00,3.00,0.00,3.00,0.00
31.00,21.00,2.00,2.00,2.00,0.00,2.00,0.00
38.00,27.00,3.00,3.00,3.00,0.00,3.00,0.00
34.00,23.00,3.00,4.00,4.00,0.00,4.00,0.00
14.00,7.00,1.00,2.00,1.00,0.00,1.00,0.00
4.00,3.00,1.00,0.00,0.00,0.00,0.00,0.00
17.00,8.00,1.00,1.00,0.00,0.00,1.00,0.00
61.00,33.00,1.00,4.00,9.00,0.00,7.00,0.00
76.00,71.00,3.00,8.00,11.00,0.00,8.00,0.00
47.00,71.00,4.00,7.00,7.00,0.00,7.00,0.00
44.00,128.00,6.00,13.00,8.00,0.00,17.00,0.00
32.00,111.00,13.00,7.00,6.00,0.00,13.00,0.00
17.00,60.00,46.00,8.00,3.00,0.00,7.00,0.00
9.00,57.00,26.00,8.00,3.00,0.00,8.00,0.00
11.00,39.00,22.00,15.00,2.00,0.00,5.00,0.00
9.00,16.00,26.00,19.00,2.00,0.00,6.00,0.00
11.00,36.00,46.00,23.00,2.00,0.00,8.00,0.00
9.00,24.00,25.00,13.00,1.00,0.00,4.00,0.00
8.00,38.00,18.00,6.00,2.00,0.00,5.00,0.00
21.00,52.00,24.00,2.00,2.00,0.00,6.00,0.00
14.00,27.00,18.00,1.00,0.00,0.00,4.00,0.00
5.00,2.00,5.00,0.00,0.00,0.00,1.00,0.00
3.00,2.00,2.00,0.00,0.00,0.00,0.00,0.00
8.00,3.00,1.00,1.00,0.00,0.00,0.00,0.00
24.00,13.00,1.00,1.00,0.00,0.00,1.00,0.00
26.00,14.00,1.00,2.00,0.00,0.00,1.00,0.00
43.00,15.00,2.00,2.00,1.00,0.00,2.00,0.00
34.00,39.00,1.00,2.00,1.00,0.00,3.00,0.00
56.00,40.00,1.00,2.00,1.00,0.00,4.00,0.00
29.00,39.00,1.00,2.00,1.00,0.00,3.00,0.00
17.00,15.00,1.00,2.00,1.00,0.00,1.00,0.00
19.00,16.00,2.00,1.00,1.00,0.00,1.00,0.00
17.00,7.00,1.00,2.00,1.00,0.00,1.00,0.00
7.00,3.00,1.00,1.00,1.00,0.00,1.00,0.00
5.00,2.00,0.00,0.00,0.00,0.00,0.00,0.00
2.00,2.00,0.00,0.00,1.00,0.00,0.00,0.00
5.00,1.00,0.00,1.00,2.00,0.00,1.00,0.00
4.00,3.00,1.00,1.00,2.00,0.00,1.00,0.00
5.00,2.00,0.00,1.00,1.00,0.00,1.00,0.00
20.00,30.00,5.00,2.00,1.00,0.00,2.00,0.00
32.00,39.00,6.00,7.00,3.00,0.00,3.00,0.00
35.00,83.00,17.00,10.00,3.00,0.00,9.00,0.00
29.00,47.00,30.00,6.00,2.00,0.00,6.00,0.00
14.00,96.00,60.00,11.00,3.00,0.00,12.00,0.00
19.00,55.00,59.00,14.00,3.00,0.00,9.00,0.00
23.00,83.00,45.00,14.00,1.00,0.00,10.00,0.00
30.00,35.00,34.00,11.00,3.00,0.00,8.00,0.00
41.00,37.00,45.00,6.00,1.00,0.00,8.00,0.00
16.00,48.00,37.00,6.00,1.00,0.00,6.00,0.00
14.00,45.00,27.00,5.00,1.00,0.00,6.00,0.00
15.00,48.00,38.00,6.00,1.00,0.00,7.00,0.00
29.00,62.00,50.00,6.00,1.00,0.00,9.00,0.00
19.00,54.00,38.00,4.00,1.00,0.00,8.00,0.00
15.00,44.00,27.00,5.00,1.00,0.00,6.00,0.00
19.00,43.00,20.00,4.00,1.00,0.00,5.00,0.00
17.00,60.00,34.00,4.00,1.00,0.00,7.00,0.00
14.00,63.00,39.00,4.00,1.00,0.00,8.00,0.00
16.00,56.00,5.00,8.00,1.00,0.00,6.00,0.00
17.00,87.00,9.00,11.00,1.00,0.00,9.00,0.00
18.00,93.00,10.00,11.00,2.00,0.00,10.00,0.00
14.00,73.00,9.00,12.00,1.00,0.00,7.00,0.00
19.00,70.00,8.00,8.00,1.00,0.00,7.00,0.00
17.00,70.00,8.00,6.00,2.00,0.00,7.00,0.00
15.00,78.00,10.00,6.00,3.00,0.00,8.00,0.00
16.00,79.00,10.00,7.00,1.00,0.00,8.00,0.00
20.00,80.00,12.00,11.00,1.00,0.00,8.00,0.00
25.00,79.00,13.00,9.00,1.00,0.00,8.00,0.00
20.00,78.00,10.00,7.00,1.00,0.00,8.00,0.00
18.00,81.00,8.00,7.00,0.00,0.00,8.00,0.00
20.00,79.00,8.00,6.00,0.00,0.00,8.00,0.00
34.00,63.00,5.00,4.00,0.00,0.00,6.00,0.00
43.00,52.00,5.00,4.00,0.00,0.00,4.00,0.00
29.00,21.00,3.00,1.00,1.00,0.00,2.00,0.00
2.00,2.00,0.00,2.00,2.00,0.00,2.00,0.00
2.00,2.00,1.00,2.00,8.00,0.00,8.00,0.00
0.00,0.00,0.00,4.00,12.00,0.00,13.00,0.00
0.00,1.00,0.00,10.00,6.00,0.00,6.00,0.00
0.00,1.00,0.00,6.00,17.00,0.00,17.00,0.00
1.00,1.00,0.00,1.00,5.00,0.00,6.00,0.00
6.00,3.00,0.00,1.00,1.00,0.00,1.00,0.00
23.00,13.00,1.00,3.00,1.00,0.00,1.00,0.00
31.00,19.00,2.00,3.00,0.00,0.00,2.00,0.00
33.00,29.00,3.00,3.00,0.00,0.00,2.00,0.00
34.00,36.00,3.00,4.00,0.00,0.00,3.00,0.00
38.00,43.00,3.00,4.00,1.00,0.00,3.00,0.00
39.00,45.00,3.00,3.00,0.00,0.00,4.00,0.00
32.00,36.00,3.00,4.00,0.00,0.00,3.00,0.00
40.00,46.00,3.00,3.00,0.00,0.00,4.00,0.00
42.00,52.00,3.00,3.00,0.00,0.00,4.00,0.00
50.00,61.00,4.00,3.00,0.00,0.00,5.00,0.00
56.00,70.00,3.00,3.00,0.00,0.00,6.00,0.00
62.00,72.00,5.00,5.00,0.00,0.00,6.00,0.00
60.00,66.00,6.00,3.00,1.00,0.00,6.00,0.00
55.00,61.00,7.00,3.00,1.00,0.00,6.00,0.00
48.00,63.00,8.00,3.00,1.00,0.00,6.00,0.00
42.00,57.00,5.00,2.00,1.00,0.00,5.00,0.00
40.00,48.00,3.00,2.00,2.00,0.00,5.00,0.00
45.00,68.00,2.00,4.00,1.00,0.00,6.00,0.00
55.00,84.00,3.00,4.00,1.00,0.00,7.00,0.00
57.00,89.00,4.00,5.00,2.00,0.00,8.00,0.00
60.00,99.00,4.00,5.00,1.00,0.00,9.00,0.00
60.00,101.00,4.00,4.00,1.00,0.00,9.00,0.00
65.00,98.00,6.00,4.00,2.00,0.00,9.00,0.00
44.00,73.00,7.00,4.00,1.00,0.00,7.00,0.00
27.00,61.00,4.00,4.00,1.00,0.00,5.00,0.00
35.00,70.00,2.00,5.00,1.00,0.00,6.00,0.00
56.00,71.00,6.00,4.00,1.00,0.00,6.00,0.00
18.00,35.00,10.00,4.00,0.00,0.00,4.00,0.00
23.00,49.00,19.00,8.00,1.00,0.00,6.00,0.00
27.00,49.00,19.00,7.00,1.00,0.00,6.00,0.00
25.00,50.00,13.00,3.00,1.00,0.00,6.00,0.00
20.00,52.00,11.00,1.00,1.00,0.00,6.00,0.00
17.00,66.00,11.00,1.00,0.00,0.00,8.00,0.00
18.00,70.00,16.00,1.00,1.00,0.00,8.00,0.00
28.00,59.00,22.00,0.00,0.00,0.00,7.00,0.00
33.00,35.00,20.00,1.00,0.00,0.00,4.00,0.00
30.00,31.00,9.00,0.00,0.00,0.00,2.00,0.00
29.00,27.00,4.00,0.00,0.00,0.00,2.00,0.00
24.00,25.00,3.00,0.00,0.00,0.00,2.00,0.00
23.00,41.00,7.00,0.00,0.00,0.00,3.00,0.00
34.00,41.00,19.00,0.00,0.00,0.00,4.00,0.00
21.00,35.00,14.00,0.00,0.00,0.00,4.00,0.00
16.00,62.00,24.00,0.00,0.00,0.00,7.00,0.00
30.00,59.00,23.00,0.00,0.00,0.00,6.00,0.00
19.00,21.00,6.00,0.00,0.00,0.00,2.00,0.00
6.00,1.00,1.00,0.00,0.00,0.00,0.00,0.00
1.00,0.00,0.00,0.00,0.00,0.00,0.00,0.00
0.00,1.00,0.00,0.00,0.00,0.00,0.00,0.00
0.00,0.00,0.00,0.00,0.00,0.00,0.00,0.00
4.00,3.00,1.00,0.00,1.00,0.00,0.00,0.00
15.00,45.00,11.00,1.00,0.00,0.00,5.00,0.00
17.00,74.00,24.00,1.00,0.00,0.00,9.00,0.00
26.00,55.00,40.00,1.00,0.00,0.00,8.00,0.00
20.00,30.00,24.00,1.00,0.00,0.00,5.00,0.00
9.00,46.00,22.00,1.00,1.00,0.00,6.00,0.00
20.00,64.00,38.00,1.00,1.00,0.00,8.00,0.00
11.00,37.00,12.00,0.00,0.00,0.00,4.00,0.00
16.00,70.00,30.00,1.00,1.00,0.00,9.00,0.00
24.00,54.00,21.00,1.00,0.00,0.00,7.00,0.00
16.00,24.00,4.00,1.00,0.00,0.00,3.00,0.00
6.00,24.00,3.00,1.00,0.00,0.00,2.00,0.00
21.00,17.00,2.00,0.00,0.00,0.00,1.00,0.00
8.00,2.00,0.00,1.00,1.00,0.00,1.00,0.00
2.00,0.00,0.00,0.00,6.00,0.00,9.00,0.00
1.00,1.00,0.00,0.00,3.00,0.00,4.00,0.00
0.00,2.00,0.00,0.00,1.00,0.00,2.00,0.00
1.00,3.00,1.00,1.00,1.00,0.00,2.00,0.00
1.00,1.00,1.00,0.00,0.00,0.00,1.00,0.00
1.00,2.00,1.00,0.00,0.00,0.00,0.00,0.00
1.00,0.00,2.00,0.00,0.00,0.00,0.00,0.00
16.00,18.00,7.00,2.00,1.00,0.00,1.00,0.00
14.00,11.00,9.00,0.00,0.00,0.00,1.00,0.00
3.00,22.00,9.00,3.00,0.00,0.00,2.00,0.00
22.00,23.00,8.00,4.00,1.00,0.00,2.00,0.00
12.00,9.00,3.00,6.00,1.00,0.00,2.00,0.00
16.00,29.00,5.00,5.00,1.00,0.00,3.00,0.00
23.00,17.00,5.00,5.00,0.00,0.00,1.00,0.00
26.00,14.00,1.00,0.00,0.00,0.00,1.00,0.00
26.00,13.00,1.00,0.00,0.00,0.00,1.00,0.00
26.00,13.00,1.00,0.00,0.00,0.00,1.00,0.00
29.00,16.00,1.00,0.00,0.00,0.00,2.00,0.00
25.00,16.00,1.00,0.00,0.00,0.00,1.00,0.00
23.00,16.00,1.00,0.00,0.00,0.00,1.00,0.00
21.00,17.00,1.00,0.00,0.00,0.00,1.00,0.00
20.00,16.00,1.00,0.00,0.00,0.00,1.00,0.00
17.00,14.00,1.00,0.00,0.00,0.00,1.00,0.00
15.00,10.00,1.00,0.00,0.00,0.00,1.00,0.00
12.00,8.00,1.00,0.00,0.00,0.00,1.00,0.00
11.00,5.00,1.00,0.00,0.00,0.00,0.00,0.00
7.00,7.00,0.00,0.00,0.00,0.00,0.00,0.00
5.00,5.00,1.00,0.00,0.00,0.00,0.00,0.00
9.00,2.00,0.00,0.00,0.00,0.00,0.00,0.00
9.00,4.00,1.00,0.00,0.00,0.00,0.00,0.00
11.00,4.00,1.00,0.00,0.00,0.00,0.00,0.00
5.00,3.00,0.00,0.00,0.00,0.00,0.00,0.00
3.00,0.00,0.00,0.00,0.00,0.00,0.00,0.00
3.00,1.00,0.00,0.00,0.00,0.00,0.00,0.00
1.00,1.00,0.00,0.00,0.00,0.00,0.00,0.00
2.00,0.00,0.00,0.00,1.00,0.00,0.00,0.00
0.00,0.00,0.00,0.00,0.00,0.00,0.00,0.00
0.00,0.00,0.00,1.00,0.00,0.00,0.00,0.00
0.00,0.00,0.00,1.00,1.00,0.00,0.00,0.00
0.00,0.00,0.00,0.00,0.00,0.00,0.00,0.00
2.00,7.00,3.00,0.00,1.00,0.00,1.00,0.00
1.00,0.00,0.00,0.00,0.00,0.00,0.00,0.00
1.00,1.00,1.00,0.00,0.00,0.00,1.00,0.00
0.00,0.00,0.00,0.00,0.00,0.00,0.00,0.00
1.00,2.00,0.00,0.00,0.00,0.00,0.00,0.00
1.00,2.00,0.00,0.00,0.00,0.00,0.00,0.00
0.00,1.00,0.00,0.00,0.00,0.00,0.00,0.00
0.00,0.00,0.00,0.00,0.00,0.00,0.00,0.00
0.00,0.00,0.00,0.00,0.00,0.00,0.00,0.00
0.00,0.00,0.00,0.00,0.00,0.00,0.00,0.00
0.00,0.00,0.00,0.00,0.00,0.00,0.00,0.00
0.00,0.00,0.00,0.00,0.00,0.00,0.00,0.00
0.00,0.00,0.00,0.00,0.00,0.00,0.00,0.00
1.00,0.00,0.00,0.00,0.00,0.00,0.00,0.00
1.00,0.00,0.00,0.00,0.00,0.00,0.00,0.00
1.00,0.00,0.00,0.00,0.00,0.00,0.00,0.00
0.00,0.00,0.00,0.00,0.00,0.00,0.00,0.00
0.00,0.00,0.00,0.00,0.00,0.00,0.00,0.00
0.00,0.00,0.00,0.00,0.00,0.00,0.00,0.00
1.00,0.00,0.00,0.00,0.00,0.00,0.00,0.00
0.00,0.00,0.00,0.00,0.00,0.00,0.00,0.00
0.00,0.00,0.00,0.00,0.00,0.00,0.00,0.00
1.00,0.00,0.00,0.00,0.00,0.00,0.00,0.00
0.00,0.00,0.00,0.00,0.00,0.00,0.00,0.00
9.00,23.00,6.00,7.00,0.00,0.00,3.00,0.00
15.00,35.00,8.00,7.00,0.00,0.00,4.00,0.00
16.00,20.00,4.00,3.00,0.00,0.00,2.00,0.00
10.00,23.00,3.00,5.00,0.00,0.00,2.00,0.00
21.00,21.00,6.00,3.00,0.00,0.00,2.00,0.00
18.00,10.00,4.00,3.00,0.00,0.00,1.00,0.00
9.00,16.00,1.00,5.00,0.00,0.00,1.00,0.00
21.00,28.00,7.00,7.00,0.00,0.00,3.00,0.00
23.00,20.00,7.00,4.00,0.00,0.00,2.00,0.00
12.00,29.00,1.00,6.00,0.00,0.00,3.00,0.00
22.00,39.00,6.00,9.00,0.00,0.00,4.00,0.00
31.00,28.00,7.00,5.00,0.00,0.00,3.00,0.00
27.00,25.00,5.00,8.00,0.00,0.00,3.00,0.00
25.00,24.00,5.00,6.00,1.00,0.00,3.00,0.00
25.00,28.00,6.00,4.00,0.00,0.00,2.00,0.00
28.00,33.00,7.00,3.00,0.00,0.00,3.00,0.00
26.00,31.00,7.00,6.00,1.00,0.00,3.00,0.00
25.00,28.00,5.00,6.00,0.00,0.00,2.00,0.00
21.00,25.00,4.00,7.00,1.00,0.00,2.00,0.00
22.00,25.00,4.00,8.00,0.00,0.00,2.00,0.00
16.00,28.00,3.00,8.00,0.00,0.00,2.00,0.00
16.00,28.00,3.00,8.00,0.00,0.00,2.00,0.00
15.00,26.00,3.00,7.00,0.00,0.00,2.00,0.00
20.00,27.00,3.00,7.00,0.00,0.00,2.00,0.00
21.00,26.00,3.00,6.00,1.00,0.00,2.00,0.00
20.00,25.00,3.00,7.00,0.00,0.00,2.00,0.00
22.00,24.00,4.00,6.00,0.00,0.00,2.00,0.00
21.00,23.00,3.00,6.00,0.00,0.00,2.00,0.00
21.00,20.00,3.00,5.00,0.00,0.00,2.00,0.00
20.00,18.00,2.00,4.00,0.00,0.00,2.00,0.00
22.00,17.00,2.00,4.00,0.00,0.00,1.00,0.00
21.00,14.00,2.00,3.00,0.00,0.00,1.00,0.00
20.00,10.00,1.00,2.00,0.00,0.00,1.00,0.00
22.00,11.00,1.00,1.00,0.00,0.00,1.00,0.00
18.00,13.00,1.00,0.00,0.00,0.00,1.00,0.00
19.00,15.00,1.00,0.00,1.00,0.00,1.00,0.00
18.00,14.00,1.00,0.00,0.00,0.00,1.00,0.00
17.00,12.00,1.00,0.00,0.00,0.00,1.00,0.00
7.00,3.00,0.00,0.00,0.00,0.00,0.00,0.00
1.00,1.00,0.00,0.00,0.00,0.00,0.00,0.00
1.00,0.00,0.00,0.00,0.00,0.00,0.00,0.00
1.00,1.00,0.00,0.00,0.00,0.00,0.00,0.00
13.00,7.00,0.00,2.00,0.00,0.00,1.00,0.00
34.00,11.00,2.00,2.00,1.00,0.00,2.00,0.00
50.00,33.00,1.00,3.00,3.00,0.00,3.00,0.00
43.00,46.00,3.00,2.00,1.00,0.00,4.00,0.00
24.00,21.00,4.00,2.00,0.00,0.00,2.00,0.00
11.00,44.00,3.00,2.00,1.00,0.00,4.00,0.00
18.00,33.00,7.00,1.00,1.00,0.00,4.00,0.00
13.00,30.00,2.00,3.00,0.00,0.00,3.00,0.00
11.00,38.00,4.00,3.00,1.00,0.00,4.00,0.00
18.00,30.00,6.00,2.00,0.00,0.00,3.00,0.00
12.00,33.00,2.00,2.00,1.00,0.00,3.00,0.00
15.00,23.00,2.00,3.00,1.00,0.00,2.00,0.00
23.00,43.00,2.00,2.00,1.00,0.00,4.00,0.00
22.00,22.00,4.00,2.00,0.00,0.00,2.00,0.00
27.00,40.00,1.00,1.00,0.00,0.00,3.00,0.00
51.00,48.00,2.00,1.00,0.00,0.00,4.00,0.00
40.00,11.00,1.00,2.00,1.00,0.00,2.00,0.00
38.00,12.00,0.00,1.00,0.00,0.00,2.00,0.00
18.00,6.00,0.00,0.00,1.00,0.00,1.00,0.00
2.00,1.00,0.00,1.00,2.00,0.00,1.00,0.00
1.00,0.00,0.00,4.00,4.00,0.00,3.00,0.00
2.00,1.00,0.00,5.00,2.00,0.00,3.00,0.00
1.00,0.00,1.00,9.00,3.00,0.00,6.00,0.00
1.00,1.00,1.00,3.00,3.00,0.00,2.00,0.00
1.00,3.00,1.00,10.00,5.00,0.00,6.00,0.00
0.00,2.00,0.00,4.00,3.00,0.00,2.00,0.00
1.00,1.00,1.00,6.00,3.00,0.00,4.00,0.00
4.00,2.00,0.00,1.00,2.00,0.00,2.00,0.00
44.00,29.00,0.00,1.00,2.00,0.00,3.00,0.00
31.00,29.00,1.00,1.00,1.00,0.00,2.00,0.00
44.00,33.00,0.00,3.00,1.00,0.00,3.00,0.00
49.00,31.00,0.00,4.00,1.00,0.00,3.00,0.00
60.00,32.00,0.00,3.00,1.00,0.00,4.00,0.00
66.00,34.00,0.00,3.00,2.00,0.00,4.00,0.00
71.00,38.00,1.00,4.00,1.00,0.00,5.00,0.00
59.00,25.00,2.00,4.00,1.00,0.00,4.00,0.00
32.00,13.00,2.00,3.00,1.00,0.00,2.00,0.00
28.00,25.00,0.00,3.00,0.00,0.00,2.00,0.00
48.00,45.00,1.00,1.00,0.00,0.00,3.00,0.00
33.00,45.00,2.00,1.00,0.00,0.00,4.00,0.00
24.00,44.00,0.00,1.00,1.00,0.00,3.00,0.00
39.00,47.00,2.00,2.00,1.00,0.00,4.00,0.00
16.00,16.00,2.00,1.00,0.00,0.00,1.00,0.00
21.00,29.00,2.00,1.00,0.00,0.00,2.00,0.00
11.00,18.00,2.00,2.00,0.00,0.00,1.00,0.00
16.00,33.00,1.00,1.00,1.00,0.00,3.00,0.00
11.00,23.00,1.00,1.00,2.00,0.00,2.00,0.00
14.00,25.00,3.00,2.00,3.00,0.00,2.00,0.00
8.00,16.00,1.00,2.00,1.00,0.00,1.00,0.00
10.00,31.00,3.00,1.00,1.00,0.00,3.00,0.00
12.00,24.00,4.00,2.00,1.00,0.00,3.00,0.00
6.00,35.00,4.00,1.00,1.00,0.00,4.00,0.00
14.00,30.00,16.00,1.00,0.00,0.00,4.00,0.00
6.00,23.00,7.00,2.00,1.00,0.00,3.00,0.00
10.00,20.00,16.00,1.00,1.00,0.00,2.00,0.00
6.00,27.00,19.00,2.00,0.00,0.00,3.00,0.00
10.00,13.00,15.00,1.00,1.00,0.00,2.00,0.00
4.00,19.00,16.00,2.00,1.00,0.00,2.00,0.00
8.00,37.00,7.00,0.00,0.00,0.00,4.00,0.00
9.00,48.00,16.00,0.00,0.00,0.00,6.00,0.00
17.00,33.00,13.00,0.00,0.00,0.00,4.00,0.00
7.00,37.00,6.00,0.00,0.00,0.00,4.00,0.00
16.00,40.00,15.00,0.00,0.00,0.00,5.00,0.00
7.00,27.00,3.00,0.00,0.00,0.00,3.00,0.00
14.00,34.00,12.00,0.00,0.00,0.00,4.00,0.00
7.00,16.00,2.00,0.00,0.00,0.00,2.00,0.00
12.00,18.00,6.00,0.00,0.00,0.00,2.00,0.00
4.00,4.00,2.00,0.00,0.00,0.00,0.00,0.00
3.00,3.00,1.00,0.00,0.00,0.00,0.00,0.00
1.00,1.00,0.00,0.00,0.00,0.00,0.00,0.00
1.00,0.00,0.00,0.00,0.00,0.00,0.00,0.00
0.00,0.00,0.00,0.00,0.00,0.00,0.00,0.00
1.00,0.00,0.00,0.00,0.00,0.00,0.00,0.00
1.00,1.00,0.00,0.00,0.00,0.00,0.00,0.00
0.00,1.00,1.00,0.00,0.00,0.00,0.00,0.00
1.00,1.00,1.00,0.00,0.00,0.00,0.00,0.00
1.00,1.00,1.00,0.00,0.00,0.00,0.00,0.00
1.00,1.00,0.00,0.00,1.00,0.00,0.00,0.00
2.00,1.00,1.00,0.00,0.00,0.00,0.00,0.00
1.00,0.00,0.00,0.00,0.00,0.00,0.00,0.00
2.00,1.00,1.00,0.00,0.00,0.00,0.00,0.00
0.00,1.00,0.00,1.00,0.00,0.00,0.00,0.00
1.00,1.00,1.00,1.00,0.00,0.00,0.00,0.00
0.00,2.00,0.00,1.00,0.00,0.00,0.00,0.00
0.00,1.00,1.00,0.00,0.00,0.00,0.00,0.00
0.00,0.00,0.00,0.00,0.00,0.00,0.00,0.00
1.00,0.00,0.00,1.00,0.00,0.00,0.00,0.00
1.00,1.00,0.00,0.00,0.00,0.00,0.00,0.00
0.00,1.00,0.00,0.00,0.00,0.00,0.00,0.00
1.00,1.00,0.00,0.00,0.00,0.00,0.00,0.00
0.00,1.00,0.00,0.00,0.00,0.00,0.00,0.00
1.00,0.00,0.00,0.00,0.00,0.00,0.00,0.00
2.00,0.00,0.00,0.00,0.00,0.00,0.00,0.00
0.00,0.00,0.00,0.00,0.00,0.00,0.00,0.00
1.00,0.00,0.00,0.00,0.00,0.00,0.00,0.00
1.00,0.00,0.00,0.00,0.00,0.00,0.00,0.00
1.00,0.00,0.00,0.00,0.00,0.00,0.00,0.00
0.00,0.00,0.00,0.00,0.00,0.00,0.00,0.00
1.00,0.00,0.00,0.00,0.00,0.00,0.00,0.00
1.00,0.00,0.00,0.00,0.00,0.00,0.00,0.00
1.00,0.00,0.00,0.00,0.00,0.00,0.00,0.00
1.00,3.00,1.00,0.00,0.00,0.00,0.00,0.00
7.00,15.00,7.00,1.00,0.00,0.00,2.00,0.00
9.00,37.00,20.00,1.00,0.00,0.00,5.00,0.00
18.00,28.00,18.00,1.00,0.00,0.00,3.00,0.00
12.00,25.00,6.00,1.00,0.00,0.00,3.00,0.00
10.00,36.00,7.00,2.00,1.00,0.00,4.00,0.00
19.00,29.00,7.00,1.00,1.00,0.00,3.00,0.00
8.00,44.00,14.00,0.00,0.00,0.00,5.00,0.00
17.00,28.00,18.00,0.00,0.00,0.00,4.00,0.00
6.00,23.00,6.00,0.00,0.00,0.00,3.00,0.00
17.00,26.00,16.00,0.00,0.00,0.00,3.00,0.00
6.00,24.00,4.00,0.00,0.00,0.00,3.00,0.00
16.00,25.00,17.00,1.00,0.00,0.00,3.00,0.00
6.00,18.00,8.00,0.00,0.00,0.00,2.00,0.00
15.00,19.00,13.00,0.00,0.00,0.00,2.00,0.00
6.00,19.00,6.00,0.00,0.00,0.00,2.00,0.00
14.00,22.00,13.00,0.00,0.00,0.00,2.00,0.00
5.00,16.00,6.00,0.00,1.00,0.00,2.00,0.00
14.00,23.00,13.00,0.00,0.00,0.00,3.00,0.00
6.00,12.00,6.00,0.00,0.00,0.00,1.00,0.00
11.00,22.00,13.00,0.00,0.00,0.00,2.00,0.00
5.00,12.00,5.00,0.00,0.00,0.00,1.00,0.00
9.00,14.00,12.00,0.00,0.00,0.00,2.00,0.00
5.00,17.00,4.00,0.00,0.00,0.00,2.00,0.00
9.00,11.00,8.00,0.00,0.00,0.00,1.00,0.00
8.00,23.00,7.00,0.00,0.00,0.00,3.00,0.00
8.00,7.00,10.00,1.00,0.00,0.00,1.00,0.00
10.00,23.00,9.00,0.00,0.00,0.00,3.00,0.00
7.00,11.00,3.00,0.00,0.00,0.00,1.00,0.00
9.00,15.00,13.00,0.00,0.00,0.00,2.00,0.00
6.00,14.00,3.00,0.00,0.00,0.00,2.00,0.00
11.00,11.00,9.00,0.00,1.00,0.00,1.00,0.00
7.00,21.00,8.00,0.00,0.00,0.00,2.00,0.00
6.00,4.00,4.00,0.00,1.00,0.00,0.00,0.00
8.00,12.00,7.00,0.00,0.00,0.00,1.00,0.00
4.00,7.00,2.00,0.00,0.00,0.00,1.00,0.00
6.00,4.00,3.00,0.00,0.00,0.00,0.00,0.00
3.00,5.00,1.00,0.00,0.00,0.00,0.00,0.00
2.00,1.00,0.00,0.00,0.00,0.00,0.00,0.00
3.00,5.00,2.00,0.00,0.00,0.00,0.00,0.00
1.00,6.00,1.00,0.00,0.00,0.00,0.00,0.00
3.00,2.00,0.00,0.00,0.00,0.00,0.00,0.00
1.00,2.00,0.00,0.00,0.00,0.00,0.00,0.00
2.00,1.00,0.00,1.00,1.00,0.00,0.00,0.00
0.00,0.00,0.00,0.00,0.00,0.00,0.00,0.00
1.00,0.00,0.00,0.00,0.00,0.00,0.00,0.00
1.00,0.00,0.00,0.00,0.00,0.00,0.00,0.00
1.00,1.00,0.00,0.00,0.00,0.00,0.00,0.00
0.00,0.00,0.00,0.00,0.00,0.00,0.00,0.00
1.00,0.00,0.00,0.00,0.00,0.00,0.00,0.00
1.00,0.00,0.00,0.00,0.00,0.00,0.00,0.00
0.00,0.00,0.00,0.00,0.00,0.00,0.00,0.00
0.00,0.00,0.00,0.00,0.00,0.00,0.00,0.00
0.00,0.00,0.00,0.00,0.00,0.00,0.00,0.00
0.00,1.00,0.00,0.00,0.00,0.00,0.00,0.00
1.00,0.00,0.00,0.00,0.00,0.00,0.00,0.00
0.00,0.00,0.00,0.00,0.00,0.00,0.00,0.00
18.00,24.00,3.00,1.00,0.00,0.00,2.00,0.00
6.00,13.00,0.00,0.00,0.00,0.00,1.00,0.00
5.00,2.00,0.00,0.00,0.00,0.00,0.00,0.00
1.00,0.00,0.00,0.00,0.00,0.00,0.00,0.00
1.00,0.00,0.00,0.00,0.00,0.00,0.00,0.00
1.00,0.00,0.00,0.00,0.00,0.00,0.00,0.00
2.00,3.00,2.00,1.00,3.00,0.00,3.00,0.00
3.00,1.00,0.00,1.00,1.00,0.00,1.00,0.00
32.00,14.00,0.00,1.00,0.00,0.00,2.00,0.00
30.00,13.00,2.00,1.00,0.00,0.00,1.00,0.00
25.00,23.00,0.00,0.00,0.00,0.00,1.00,0.00
35.00,38.00,1.00,0.00,0.00,0.00,3.00,0.00
26.00,19.00,2.00,0.00,0.00,0.00,2.00,0.00
10.00,17.00,1.00,0.00,0.00,0.00,1.00,0.00
18.00,19.00,1.00,0.00,0.00,0.00,1.00,0.00
19.00,10.00,1.00,0.00,0.00,0.00,1.00,0.00
12.00,18.00,0.00,0.00,0.00,0.00,1.00,0.00
24.00,8.00,1.00,0.00,0.00,0.00,1.00,0.00
15.00,3.00,1.00,1.00,0.00,0.00,0.00,0.00
11.00,8.00,0.00,0.00,0.00,0.00,0.00,0.00
16.00,11.00,0.00,0.00,1.00,0.00,1.00,0.00
29.00,24.00,5.00,1.00,0.00,0.00,2.00,0.00
17.00,22.00,5.00,1.00,0.00,0.00,2.00,0.00
12.00,29.00,7.00,1.00,0.00,0.00,3.00,0.00
21.00,18.00,6.00,0.00,0.00,0.00,2.00,0.00
9.00,12.00,3.00,0.00,0.00,0.00,1.00,0.00
16.00,18.00,4.00,0.00,0.00,0.00,2.00,0.00
10.00,10.00,3.00,0.00,0.00,0.00,1.00,0.00
10.00,18.00,4.00,0.00,0.00,0.00,1.00,0.00
14.00,12.00,2.00,1.00,0.00,0.00,1.00,0.00
8.00,12.00,0.00,2.00,0.00,0.00,1.00,0.00
16.00,7.00,1.00,1.00,0.00,0.00,0.00,0.00
7.00,6.00,0.00,0.00,0.00,0.00,0.00,0.00
16.00,11.00,2.00,2.00,0.00,0.00,1.00,0.00
9.00,4.00,1.00,1.00,0.00,0.00,0.00,0.00
8.00,5.00,0.00,0.00,0.00,0.00,0.00,0.00
7.00,4.00,0.00,0.00,1.00,0.00,0.00,0.00
8.00,4.00,0.00,0.00,0.00,0.00,0.00,0.00
10.00,6.00,0.00,0.00,0.00,0.00,0.00,0.00
9.00,4.00,0.00,0.00,1.00,0.00,0.00,0.00
13.00,15.00,1.00,0.00,0.00,0.00,1.00,0.00
8.00,11.00,1.00,0.00,0.00,0.00,1.00,0.00
15.00,21.00,1.00,0.00,0.00,0.00,1.00,0.00
9.00,8.00,1.00,1.00,0.00,0.00,0.00,0.00
12.00,14.00,3.00,0.00,0.00,0.00,1.00,0.00
7.00,15.00,1.00,1.00,0.00,0.00,1.00,0.00
10.00,8.00,2.00,0.00,0.00,0.00,0.00,0.00
11.00,14.00,1.00,0.00,0.00,0.00,1.00,0.00
7.00,1.00,0.00,0.00,0.00,0.00,0.00,0.00
13.00,6.00,0.00,0.00,0.00,0.00,0.00,0.00
47.00,62.00,7.00,1.00,2.00,0.00,7.00,0.00
75.00,109.00,7.00,1.00,2.00,0.00,14.00,0.00
128.00,128.00,4.00,2.00,4.00,0.00,17.00,0.00
128.00,128.00,19.00,1.00,9.00,0.00,18.00,0.00
128.00,128.00,90.00,1.00,14.00,0.00,20.00,0.00
128.00,128.00,119.00,2.00,30.00,0.00,30.00,0.00
128.00,128.00,128.00,10.00,38.00,0.00,82.00,0.00
47.00,128.00,119.00,11.00,60.00,1.00,58.00,0.00
52.00,81.00,61.00,82.00,31.00,0.00,28.00,0.00
51.00,40.00,25.00,28.00,8.00,0.00,17.00,0.00
33.00,14.00,4.00,4.00,1.00,0.00,2.00,0.00
20.00,15.00,4.00,2.00,0.00,0.00,1.00,0.00
37.00,32.00,4.00,32.00,5.00,0.00,15.00,0.00
27.00,51.00,8.00,24.00,7.00,0.00,11.00,0.00
20.00,103.00,14.00,37.00,13.00,0.00,13.00,0.00
27.00,118.00,30.00,15.00,12.00,0.00,15.00,0.00
38.00,87.00,30.00,12.00,12.00,0.00,12.00,0.00
47.00,37.00,27.00,2.00,5.00,0.00,7.00,0.00
3.00,7.00,4.00,1.00,1.00,0.00,1.00,0.00
2.00,3.00,2.00,0.00,0.00,0.00,0.00,0.00
1.00,3.00,1.00,0.00,0.00,0.00,0.00,0.00
1.00,1.00,0.00,0.00,0.00,0.00,0.00,0.00
62.00,61.00,12.00,4.00,2.00,0.00,5.00,0.00
46.00,74.00,23.00,17.00,6.00,0.00,11.00,0.00
32.00,92.00,90.00,12.00,17.00,0.00,23.00,0.00
32.00,65.00,73.00,31.00,30.00,0.00,22.00,0.00
27.00,75.00,115.00,119.00,12.00,0.00,37.00,0.00
43.00,65.00,74.00,85.00,9.00,0.00,27.00,0.00
38.00,49.00,12.00,16.00,4.00,0.00,5.00,0.00
26.00,12.00,4.00,4.00,1.00,0.00,2.00,0.00
8.00,6.00,3.00,1.00,1.00,1.00,8.00,0.00
5.00,4.00,2.00,1.00,2.00,2.00,10.00,0.00
3.00,2.00,4.00,6.00,1.00,0.00,2.00,0.00
33.00,19.00,3.00,4.00,1.00,0.00,2.00,0.00
69.00,40.00,4.00,5.00,2.00,0.00,5.00,0.00
124.00,53.00,8.00,12.00,4.00,0.00,9.00,0.00
92.00,34.00,4.00,18.00,7.00,0.00,7.00,0.00
84.00,8.00,2.00,16.00,8.00,0.00,9.00,0.00
75.00,25.00,1.00,21.00,8.00,0.00,10.00,0.00
35.00,16.00,1.00,12.00,7.00,0.00,6.00,0.00
24.00,13.00,1.00,4.00,11.00,0.00,8.00,0.00
15.00,12.00,1.00,2.00,6.00,0.00,4.00,0.00
19.00,11.00,1.00,2.00,4.00,0.00,2.00,0.00
16.00,6.00,0.00,1.00,1.00,0.00,1.00,0.00
11.00,4.00,0.00,1.00,1.00,0.00,0.00,0.00
15.00,7.00,0.00,1.00,1.00,0.00,1.00,0.00
3.00,1.00,0.00,0.00,1.00,0.00,1.00,0.00
3.00,2.00,0.00,1.00,0.00,0.00,1.00,0.00
3.00,1.00,0.00,1.00,0.00,0.00,0.00,0.00
4.00,3.00,0.00,1.00,0.00,0.00,0.00,0.00
26.00,15.00,0.00,0.00,0.00,0.00,1.00,0.00
18.00,11.00,0.00,0.00,0.00,0.00,1.00,0.00
21.00,11.00,0.00,0.00,1.00,0.00,1.00,0.00
18.00,15.00,0.00,1.00,1.00,0.00,1.00,0.00
7.00,2.00,0.00,0.00,0.00,0.00,0.00,0.00
2.00,1.00,0.00,0.00,0.00,0.00,0.00,0.00
1.00,1.00,0.00,0.00,0.00,0.00,0.00,0.00
1.00,1.00,0.00,0.00,0.00,0.00,1.00,0.00
1.00,0.00,0.00,0.00,0.00,0.00,0.00,0.00
1.00,0.00,0.00,0.00,0.00,0.00,0.00,0.00
0.00,0.00,0.00,0.00,0.00,0.00,0.00,0.00
0.00,0.00,0.00,0.00,0.00,0.00,0.00,0.00
0.00,1.00,0.00,1.00,0.00,0.00,0.00,0.00
0.00,1.00,0.00,0.00,0.00,0.00,0.00,0.00
2.00,2.00,1.00,0.00,0.00,0.00,0.00,0.00
1.00,1.00,0.00,1.00,0.00,0.00,0.00,0.00
0.00,0.00,0.00,1.00,0.00,0.00,0.00,0.00
0.00,0.00,0.00,0.00,0.00,0.00,0.00,0.00
0.00,0.00,0.00,1.00,0.00,0.00,0.00,0.00
0.00,0.00,0.00,0.00,0.00,0.00,0.00,0.00
0.00,0.00,0.00,0.00,0.00,0.00,0.00,0.00
0.00,0.00,0.00,1.00,0.00,0.00,0.00,0.00
0.00,0.00,0.00,1.00,0.00,0.00,0.00,0.00
0.00,0.00,0.00,1.00,0.00,0.00,0.00,0.00
0.00,0.00,0.00,0.00,0.00,0.00,0.00,0.00
0.00,0.00,0.00,0.00,0.00,0.00,0.00,0.00
0.00,0.00,0.00,1.00,0.00,0.00,0.00,0.00
0.00,0.00,0.00,1.00,1.00,0.00,0.00,0.00
0.00,0.00,0.00,0.00,1.00,0.00,0.00,0.00
0.00,0.00,0.00,0.00,1.00,0.00,0.00,0.00
1.00,0.00,0.00,0.00,1.00,0.00,0.00,0.00
0.00,0.00,0.00,0.00,0.00,0.00,0.00,0.00
0.00,0.00,0.00,0.00,0.00,0.00,0.00,0.00
1.00,0.00,0.00,0.00,1.00,0.00,0.00,0.00
0.00,0.00,0.00,0.00,0.00,0.00,0.00,0.00
0.00,0.00,0.00,0.00,1.00,0.00,0.00,0.00
0.00,0.00,0.00,0.00,0.00,0.00,0.00,0.00
0.00,0.00,0.00,0.00,0.00,0.00,0.00,0.00
0.00,0.00,0.00,0.00,1.00,0.00,0.00,0.00
0.00,0.00,0.00,0.00,1.00,0.00,0.00,0.00
0.00,0.00,0.00,0.00,1.00,0.00,0.00,0.00
1.00,0.00,0.00,0.00,0.00,0.00,0.00,0.00
0.00,0.00,0.00,0.00,0.00,0.00,0.00,0.00
0.00,0.00,0.00,0.00,0.00,0.00,0.00,0.00
0.00,0.00,0.00,0.00,1.00,0.00,0.00,0.00
1.00,0.00,0.00,0.00,0.00,0.00,0.00,0.00
0.00,0.00,0.00,0.00,0.00,0.00,0.00,0.00
1.00,0.00,0.00,0.00,1.00,0.00,0.00,0.00
0.00,0.00,0.00,0.00,0.00,0.00,0.00,0.00
1.00,0.00,0.00,0.00,0.00,0.00,0.00,0.00
26.00,15.00,3.00,3.00,0.00,0.00,2.00,0.00
30.00,18.00,4.00,2.00,1.00,0.00,2.00,0.00
23.00,10.00,4.00,1.00,1.00,0.00,2.00,0.00
18.00,7.00,2.00,1.00,1.00,0.00,2.00,0.00
21.00,10.00,3.00,1.00,3.00,0.00,3.00,0.00
17.00,9.00,3.00,1.00,3.00,0.00,3.00,0.00
14.00,8.00,2.00,2.00,1.00,0.00,3.00,0.00
13.00,8.00,1.00,3.00,0.00,0.00,1.00,0.00
17.00,10.00,1.00,2.00,1.00,0.00,2.00,0.00
14.00,6.00,1.00,2.00,1.00,0.00,2.00,0.00
7.00,2.00,0.00,1.00,0.00,0.00,3.00,0.00
7.00,2.00,0.00,1.00,1.00,0.00,0.00,0.00
2.00,1.00,0.00,1.00,1.00,0.00,1.00,0.00
1.00,1.00,0.00,0.00,0.00,0.00,0.00,0.00
1.00,1.00,1.00,1.00,1.00,0.00,1.00,0.00
58.00,49.00,10.00,12.00,1.00,0.00,5.00,0.00
53.00,128.00,20.00,26.00,3.00,0.00,15.00,0.00
30.00,54.00,32.00,21.00,4.00,0.00,7.00,0.00
24.00,102.00,42.00,37.00,3.00,0.00,13.00,0.00
23.00,128.00,49.00,24.00,6.00,0.00,17.00,0.00
31.00,127.00,47.00,26.00,7.00,0.00,16.00,0.00
23.00,82.00,27.00,22.00,5.00,0.00,10.00,0.00
21.00,45.00,37.00,27.00,6.00,0.00,10.00,0.00
29.00,54.00,44.00,36.00,6.00,0.00,12.00,0.00
36.00,82.00,46.00,33.00,5.00,0.00,12.00,0.00
24.00,92.00,25.00,20.00,3.00,0.00,13.00,0.00
17.00,90.00,14.00,21.00,3.00,0.00,13.00,0.00
17.00,84.00,33.00,13.00,3.00,0.00,12.00,0.00
17.00,56.00,12.00,10.00,4.00,0.00,7.00,0.00
12.00,36.00,15.00,8.00,3.00,0.00,5.00,0.00
3.00,19.00,4.00,5.00,1.00,0.00,2.00,0.00
7.00,8.00,3.00,3.00,1.00,0.00,1.00,0.00
8.00,11.00,5.00,5.00,0.00,0.00,2.00,0.00
8.00,7.00,2.00,3.00,1.00,0.00,1.00,0.00
1.00,1.00,0.00,0.00,0.00,0.00,0.00,0.00
1.00,0.00,0.00,0.00,0.00,0.00,0.00,0.00
0.00,1.00,0.00,0.00,0.00,0.00,0.00,0.00
1.00,1.00,0.00,0.00,0.00,0.00,0.00,0.00
1.00,1.00,0.00,0.00,0.00,0.00,0.00,0.00
1.00,1.00,0.00,0.00,0.00,0.00,0.00,0.00
1.00,0.00,0.00,0.00,0.00,0.00,0.00,0.00
0.00,1.00,0.00,0.00,0.00,0.00,0.00,0.00
0.00,1.00,0.00,1.00,0.00,0.00,0.00,0.00
0.00,0.00,0.00,0.00,0.00,0.00,0.00,0.00
0.00,0.00,0.00,0.00,0.00,0.00,0.00,0.00
2.00,2.00,0.00,0.00,0.00,0.00,0.00,0.00
1.00,0.00,0.00,0.00,0.00,0.00,0.00,0.00
1.00,1.00,0.00,1.00,0.00,0.00,0.00,0.00
0.00,0.00,0.00,0.00,0.00,0.00,0.00,0.00
0.00,0.00,0.00,0.00,0.00,0.00,0.00,0.00
36.00,18.00,2.00,2.00,1.00,0.00,2.00,0.00
30.00,18.00,1.00,3.00,0.00,0.00,2.00,0.00
25.00,17.00,1.00,2.00,0.00,0.00,1.00,0.00
24.00,10.00,1.00,1.00,0.00,0.00,1.00,0.00
10.00,3.00,0.00,0.00,0.00,0.00,0.00,0.00
7.00,2.00,1.00,0.00,0.00,0.00,0.00,0.00
5.00,1.00,0.00,1.00,1.00,0.00,3.00,0.00
23.00,4.00,0.00,5.00,5.00,0.00,3.00,0.00
79.00,33.00,2.00,14.00,7.00,0.00,9.00,0.00
54.00,46.00,3.00,15.00,5.00,0.00,6.00,0.00
55.00,59.00,6.00,24.00,6.00,0.00,10.00,0.00
21.00,20.00,13.00,14.00,4.00,0.00,6.00,0.00
13.00,28.00,17.00,10.00,4.00,0.00,3.00,0.00
14.00,21.00,16.00,7.00,2.00,0.00,3.00,0.00
11.00,17.00,20.00,8.00,1.00,0.00,3.00,0.00
7.00,17.00,13.00,10.00,1.00,0.00,3.00,0.00
8.00,18.00,15.00,6.00,0.00,0.00,2.00,0.00
16.00,19.00,19.00,3.00,1.00,0.00,3.00,0.00
19.00,19.00,14.00,3.00,1.00,0.00,3.00,0.00
22.00,11.00,12.00,4.00,2.00,0.00,3.00,0.00
19.00,2.00,6.00,4.00,2.00,0.00,2.00,0.00
21.00,12.00,4.00,2.00,2.00,0.00,2.00,0.00
20.00,11.00,1.00,4.00,1.00,0.00,2.00,0.00
16.00,7.00,1.00,6.00,1.00,0.00,3.00,0.00
13.00,3.00,1.00,3.00,2.00,0.00,2.00,0.00
10.00,4.00,1.00,3.00,3.00,0.00,2.00,0.00
13.00,8.00,0.00,2.00,2.00,0.00,2.00,0.00
15.00,9.00,1.00,2.00,1.00,0.00,1.00,0.00
4.00,5.00,0.00,0.00,1.00,0.00,1.00,0.00
11.00,5.00,1.00,1.00,1.00,0.00,1.00,0.00
6.00,1.00,0.00,0.00,0.00,0.00,0.00,0.00
2.00,0.00,0.00,0.00,1.00,0.00,0.00,0.00
3.00,0.00,0.00,1.00,0.00,0.00,0.00,0.00
1.00,0.00,0.00,1.00,1.00,0.00,0.00,0.00
2.00,1.00,0.00,1.00,1.00,0.00,0.00,0.00
6.00,4.00,0.00,0.00,0.00,0.00,0.00,0.00
5.00,2.00,0.00,1.00,1.00,0.00,1.00,0.00
5.00,2.00,0.00,0.00,0.00,0.00,0.00,0.00
3.00,1.00,0.00,0.00,1.00,0.00,0.00,0.00
1.00,0.00,0.00,1.00,0.00,0.00,0.00,0.00
2.00,1.00,0.00,0.00,0.00,0.00,0.00,0.00
0.00,0.00,0.00,1.00,1.00,0.00,0.00,0.00
3.00,8.00,0.00,1.00,1.00,0.00,0.00,0.00
17.00,13.00,1.00,1.00,1.00,0.00,1.00,0.00
12.00,5.00,1.00,1.00,1.00,0.00,1.00,0.00
23.00,22.00,3.00,5.00,1.00,0.00,2.00,0.00
14.00,5.00,2.00,1.00,0.00,0.00,1.00,0.00
2.00,3.00,1.00,1.00,0.00,0.00,0.00,0.00
1.00,1.00,0.00,1.00,1.00,0.00,1.00,0.00
1.00,2.00,0.00,1.00,1.00,0.00,1.00,0.00
24.00,23.00,6.00,0.00,0.00,0.00,2.00,0.00
23.00,33.00,8.00,0.00,0.00,0.00,3.00,0.00
7.00,14.00,12.00,1.00,0.00,0.00,2.00,0.00
20.00,17.00,19.00,1.00,0.00,0.00,4.00,0.00
8.00,8.00,6.00,3.00,0.00,0.00,1.00,0.00
10.00,9.00,3.00,2.00,0.00,0.00,0.00,0.00
5.00,2.00,2.00,1.00,1.00,0.00,0.00,0.00
1.00,1.00,0.00,1.00,1.00,0.00,1.00,0.00
0.00,0.00,0.00,1.00,1.00,0.00,1.00,0.00
1.00,1.00,0.00,1.00,1.00,0.00,1.00,0.00
7.00,7.00,0.00,1.00,0.00,0.00,0.00,0.00
4.00,4.00,0.00,1.00,0.00,0.00,0.00,0.00
11.00,12.00,2.00,6.00,2.00,0.00,2.00,0.00
3.00,9.00,0.00,3.00,0.00,0.00,1.00,0.00
2.00,3.00,3.00,3.00,0.00,0.00,1.00,0.00
2.00,4.00,3.00,2.00,0.00,0.00,1.00,0.00
1.00,1.00,0.00,1.00,0.00,0.00,0.00,0.00
1.00,1.00,0.00,1.00,0.00,0.00,0.00,0.00
2.00,0.00,0.00,1.00,0.00,0.00,0.00,0.00
0.00,0.00,1.00,1.00,1.00,0.00,0.00,0.00
0.00,0.00,1.00,0.00,0.00,0.00,0.00,0.00
1.00,1.00,0.00,0.00,0.00,0.00,0.00,0.00
0.00,0.00,0.00,0.00,1.00,0.00,0.00,0.00
1.00,0.00,0.00,0.00,0.00,0.00,0.00,0.00
1.00,0.00,0.00,0.00,0.00,0.00,0.00,0.00
0.00,0.00,0.00,0.00,0.00,0.00,0.00,0.00
0.00,0.00,0.00,0.00,0.00,0.00,0.00,0.00
1.00,0.00,0.00,0.00,0.00,0.00,0.00,0.00
0.00,0.00,0.00,0.00,0.00,0.00,0.00,0.00
1.00,0.00,0.00,0.00,0.00,0.00,0.00,0.00
1.00,0.00,0.00,0.00,0.00,0.00,0.00,0.00
2.00,1.00,0.00,0.00,0.00,0.00,0.00,0.00
1.00,1.00,0.00,0.00,0.00,0.00,0.00,0.00
8.00,26.00,11.00,4.00,0.00,0.00,3.00,0.00
15.00,22.00,12.00,4.00,0.00,0.00,3.00,0.00
6.00,14.00,4.00,1.00,0.00,0.00,1.00,0.00
7.00,24.00,5.00,4.00,0.00,0.00,3.00,0.00
11.00,22.00,9.00,3.00,0.00,0.00,2.00,0.00
7.00,29.00,6.00,2.00,0.00,0.00,3.00,0.00
13.00,23.00,10.00,2.00,1.00,0.00,2.00,0.00
6.00,26.00,3.00,1.00,0.00,0.00,3.00,0.00
10.00,17.00,4.00,1.00,1.00,0.00,1.00,0.00
5.00,15.00,3.00,0.00,1.00,0.00,1.00,0.00
5.00,6.00,0.00,1.00,0.00,0.00,0.00,0.00
3.00,7.00,2.00,1.00,0.00,0.00,0.00,0.00
2.00,1.00,0.00,1.00,1.00,0.00,1.00,0.00
2.00,0.00,1.00,1.00,1.00,0.00,0.00,0.00
2.00,2.00,0.00,1.00,1.00,0.00,0.00,0.00
1.00,1.00,0.00,0.00,0.00,0.00,0.00,0.00
0.00,0.00,0.00,1.00,0.00,0.00,0.00,0.00
8.00,19.00,19.00,0.00,0.00,0.00,3.00,0.00
10.00,20.00,16.00,1.00,0.00,0.00,3.00,0.00
7.00,27.00,20.00,0.00,0.00,0.00,4.00,0.00
10.00,17.00,6.00,1.00,0.00,0.00,2.00,0.00
14.00,28.00,9.00,2.00,0.00,0.00,3.00,0.00
6.00,5.00,1.00,1.00,1.00,0.00,0.00,0.00
9.00,7.00,2.00,1.00,1.00,0.00,0.00,0.00
2.00,3.00,1.00,0.00,1.00,0.00,1.00,0.00
0.00,1.00,1.00,1.00,1.00,0.00,2.00,0.00
1.00,2.00,0.00,1.00,1.00,0.00,1.00,0.00
24.00,24.00,4.00,1.00,0.00,0.00,2.00,0.00
15.00,19.00,6.00,3.00,0.00,0.00,2.00,0.00
9.00,29.00,7.00,4.00,1.00,0.00,3.00,0.00
18.00,31.00,15.00,5.00,0.00,0.00,4.00,0.00
9.00,22.00,2.00,7.00,0.00,0.00,2.00,0.00
13.00,34.00,12.00,3.00,1.00,0.00,4.00,0.00
12.00,15.00,5.00,1.00,0.00,0.00,1.00,0.00
10.00,20.00,5.00,3.00,0.00,0.00,2.00,0.00
7.00,6.00,1.00,1.00,1.00,0.00,0.00,0.00
6.00,7.00,2.00,1.00,1.00,0.00,0.00,0.00
2.00,2.00,1.00,0.00,0.00,0.00,0.00,0.00
0.00,0.00,0.00,0.00,1.00,0.00,1.00,0.00
1.00,0.00,0.00,1.00,4.00,0.00,4.00,0.00
0.00,0.00,0.00,1.00,2.00,0.00,2.00,0.00
0.00,0.00,0.00,0.00,1.00,0.00,1.00,0.00
2.00,1.00,0.00,0.00,1.00,0.00,0.00,0.00
6.00,3.00,1.00,0.00,0.00,0.00,0.00,0.00
5.00,13.00,1.00,0.00,1.00,0.00,1.00,0.00
23.00,21.00,14.00,9.00,1.00,0.00,3.00,0.00
20.00,35.00,27.00,26.00,3.00,0.00,9.00,0.00
26.00,37.00,19.00,28.00,2.00,0.00,11.00,0.00
21.00,17.00,2.00,2.00,1.00,0.00,1.00,0.00
14.00,10.00,1.00,1.00,1.00,0.00,1.00,0.00
16.00,17.00,2.00,2.00,0.00,0.00,1.00,0.00
20.00,18.00,1.00,4.00,1.00,0.00,2.00,0.00
4.00,4.00,0.00,1.00,0.00,0.00,1.00,0.00
3.00,2.00,0.00,2.00,1.00,0.00,2.00,0.00
1.00,1.00,0.00,1.00,2.00,2.00,6.00,0.00
1.00,0.00,0.00,3.00,4.00,2.00,11.00,0.00
1.00,0.00,0.00,1.00,3.00,1.00,6.00,0.00
1.00,0.00,0.00,1.00,4.00,1.00,9.00,0.00
1.00,0.00,0.00,1.00,2.00,1.00,6.00,0.00
15.00,9.00,1.00,1.00,2.00,1.00,4.00,0.00
23.00,19.00,3.00,2.00,1.00,0.00,1.00,0.00
31.00,20.00,3.00,2.00,2.00,0.00,2.00,0.00
34.00,22.00,2.00,2.00,1.00,0.00,2.00,0.00
6.00,7.00,3.00,1.00,2.00,0.00,5.00,0.00
0.00,1.00,1.00,0.00,4.00,1.00,7.00,0.00
3.00,3.00,0.00,0.00,4.00,0.00,9.00,0.00
3.00,2.00,0.00,0.00,3.00,2.00,6.00,0.00
1.00,14.00,19.00,9.00,4.00,1.00,5.00,0.00
1.00,15.00,10.00,11.00,4.00,1.00,6.00,0.00
3.00,12.00,8.00,7.00,6.00,1.00,7.00,0.00
1.00,3.00,9.00,11.00,4.00,0.00,5.00,0.00
2.00,3.00,8.00,3.00,2.00,0.00,3.00,0.00
2.00,4.00,4.00,3.00,1.00,0.00,1.00,0.00
1.00,1.00,3.00,2.00,0.00,0.00,0.00,0.00
1.00,0.00,0.00,0.00,0.00,0.00,0.00,0.00
1.00,0.00,0.00,0.00,0.00,0.00,0.00,0.00
0.00,0.00,0.00,0.00,0.00,0.00,0.00,0.00
0.00,0.00,0.00,0.00,0.00,0.00,0.00,0.00
4.00,5.00,3.00,1.00,1.00,0.00,0.00,0.00
6.00,8.00,4.00,2.00,1.00,0.00,1.00,0.00
12.00,15.00,11.00,4.00,1.00,0.00,2.00,0.00
21.00,30.00,10.00,2.00,1.00,0.00,2.00,0.00
17.00,35.00,16.00,2.00,1.00,0.00,3.00,0.00
18.00,42.00,12.00,3.00,1.00,0.00,4.00,0.00
36.00,60.00,24.00,8.00,2.00,0.00,5.00,0.00
36.00,73.00,10.00,4.00,2.00,0.00,6.00,0.00
18.00,63.00,5.00,5.00,1.00,0.00,5.00,0.00
46.00,64.00,2.00,10.00,2.00,0.00,5.00,0.00
27.00,44.00,2.00,23.00,1.00,0.00,9.00,0.00
79.00,46.00,2.00,29.00,4.00,0.00,11.00,0.00
109.00,63.00,2.00,15.00,1.00,0.00,8.00,0.00
45.00,20.00,1.00,3.00,0.00,0.00,3.00,0.00
11.00,4.00,1.00,7.00,1.00,0.00,3.00,0.00
11.00,4.00,0.00,6.00,1.00,0.00,3.00,0.00
5.00,4.00,0.00,4.00,1.00,0.00,1.00,0.00
19.00,8.00,1.00,8.00,0.00,0.00,5.00,0.00
63.00,41.00,2.00,26.00,4.00,0.00,10.00,0.00
62.00,20.00,3.00,20.00,3.00,0.00,8.00,0.00
44.00,42.00,3.00,21.00,6.00,0.00,8.00,0.00
84.00,113.00,3.00,23.00,5.00,0.00,9.00,0.00
34.00,38.00,3.00,19.00,4.00,0.00,7.00,0.00
21.00,43.00,7.00,6.00,2.00,0.00,3.00,0.00
9.00,2.00,1.00,1.00,0.00,0.00,0.00,0.00
11.00,2.00,1.00,0.00,0.00,0.00,0.00,0.00
3.00,1.00,0.00,0.00,0.00,0.00,0.00,0.00
4.00,1.00,0.00,1.00,1.00,0.00,0.00,0.00
4.00,1.00,0.00,0.00,0.00,0.00,0.00,0.00
1.00,0.00,0.00,0.00,0.00,0.00,0.00,0.00
1.00,0.00,0.00,0.00,0.00,0.00,0.00,0.00
0.00,0.00,0.00,0.00,0.00,0.00,0.00,0.00
1.00,0.00,0.00,0.00,0.00,0.00,0.00,0.00
1.00,0.00,0.00,0.00,0.00,0.00,0.00,0.00
7.00,3.00,0.00,2.00,0.00,0.00,0.00,0.00
19.00,5.00,0.00,4.00,0.00,0.00,1.00,0.00
42.00,18.00,0.00,7.00,1.00,0.00,3.00,0.00
67.00,40.00,1.00,6.00,1.00,0.00,5.00,0.00
83.00,59.00,2.00,11.00,2.00,0.00,6.00,0.00
22.00,15.00,0.00,3.00,2.00,0.00,1.00,0.00
18.00,10.00,0.00,3.00,1.00,0.00,1.00,0.00
29.00,13.00,1.00,7.00,2.00,0.00,2.00,0.00
49.00,25.00,1.00,16.00,2.00,0.00,6.00,0.00
48.00,28.00,1.00,18.00,4.00,0.00,7.00,0.00
35.00,21.00,1.00,20.00,3.00,0.00,8.00,0.00
14.00,11.00,1.00,14.00,2.00,0.00,5.00,0.00
19.00,12.00,1.00,17.00,2.00,0.00,6.00,0.00
31.00,25.00,1.00,18.00,6.00,0.00,7.00,0.00
42.00,61.00,2.00,27.00,9.00,0.00,11.00,0.00
57.00,34.00,5.00,37.00,9.00,0.00,15.00,0.00
35.00,14.00,4.00,28.00,5.00,0.00,15.00,0.00
22.00,21.00,1.00,12.00,3.00,0.00,6.00,0.00
14.00,13.00,1.00,1.00,0.00,0.00,1.00,0.00
12.00,10.00,1.00,1.00,0.00,0.00,0.00,0.00
16.00,8.00,0.00,1.00,1.00,0.00,1.00,0.00
12.00,6.00,1.00,1.00,0.00,0.00,0.00,0.00
3.00,8.00,1.00,2.00,0.00,0.00,1.00,0.00
20.00,29.00,3.00,18.00,3.00,0.00,7.00,0.00
14.00,29.00,4.00,24.00,2.00,0.00,9.00,0.00
17.00,25.00,5.00,16.00,2.00,0.00,6.00,0.00
7.00,10.00,1.00,6.00,0.00,0.00,2.00,0.00
12.00,16.00,1.00,2.00,0.00,0.00,1.00,0.00
2.00,1.00,0.00,1.00,0.00,0.00,0.00,0.00
1.00,1.00,0.00,0.00,0.00,0.00,0.00,0.00
10.00,8.00,1.00,2.00,0.00,0.00,1.00,0.00
22.00,16.00,1.00,4.00,0.00,0.00,1.00,0.00
31.00,26.00,3.00,6.00,1.00,0.00,2.00,0.00
18.00,12.00,1.00,1.00,0.00,0.00,1.00,0.00
4.00,4.00,0.00,0.00,0.00,0.00,0.00,0.00
1.00,0.00,0.00,0.00,0.00,0.00,0.00,0.00
1.00,0.00,0.00,0.00,0.00,0.00,0.00,0.00
2.00,3.00,1.00,1.00,0.00,0.00,0.00,0.00
2.00,1.00,0.00,0.00,0.00,0.00,0.00,0.00
14.00,16.00,8.00,10.00,1.00,0.00,3.00,0.00
10.00,7.00,1.00,3.00,0.00,0.00,1.00,0.00
11.00,13.00,9.00,4.00,0.00,0.00,2.00,0.00
19.00,21.00,14.00,6.00,2.00,0.00,4.00,0.00
20.00,31.00,24.00,20.00,4.00,0.00,7.00,0.00
17.00,34.00,15.00,19.00,3.00,0.00,7.00,0.00
13.00,42.00,11.00,27.00,2.00,0.00,10.00,0.00
30.00,40.00,8.00,32.00,2.00,0.00,12.00,0.00
16.00,23.00,1.00,7.00,0.00,0.00,3.00,0.00
5.00,5.00,0.00,1.00,0.00,0.00,0.00,0.00
1.00,3.00,1.00,1.00,0.00,0.00,0.00,0.00
1.00,3.00,10.00,18.00,0.00,0.00,5.00,0.00
3.00,4.00,3.00,1.00,1.00,0.00,0.00,0.00
1.00,2.00,1.00,1.00,1.00,0.00,1.00,0.00
0.00,2.00,2.00,1.00,1.00,0.00,1.00,0.00
2.00,2.00,2.00,0.00,0.00,0.00,0.00,0.00
20.00,21.00,2.00,0.00,0.00,0.00,1.00,0.00
38.00,36.00,11.00,0.00,0.00,0.00,3.00,0.00
34.00,42.00,18.00,0.00,0.00,0.00,3.00,0.00
19.00,35.00,11.00,0.00,0.00,0.00,3.00,0.00
18.00,30.00,7.00,2.00,0.00,0.00,2.00,0.00
8.00,33.00,4.00,4.00,0.00,0.00,3.00,0.00
30.00,23.00,1.00,3.00,1.00,0.00,2.00,0.00
8.00,2.00,0.00,0.00,0.00,0.00,0.00,0.00
5.00,0.00,0.00,0.00,0.00,0.00,0.00,0.00
3.00,1.00,0.00,0.00,0.00,0.00,0.00,0.00
1.00,1.00,0.00,1.00,1.00,0.00,0.00,0.00
0.00,1.00,0.00,1.00,0.00,0.00,0.00,0.00
1.00,0.00,0.00,0.00,0.00,0.00,0.00,0.00
0.00,0.00,0.00,1.00,0.00,0.00,0.00,0.00
0.00,0.00,0.00,0.00,0.00,0.00,0.00,0.00
0.00,0.00,0.00,0.00,0.00,0.00,0.00,0.00
0.00,0.00,0.00,0.00,0.00,0.00,0.00,0.00
0.00,0.00,0.00,0.00,0.00,0.00,0.00,0.00
0.00,0.00,0.00,0.00,0.00,0.00,0.00,0.00
0.00,0.00,0.00,0.00,0.00,0.00,0.00,0.00
0.00,0.00,0.00,0.00,0.00,0.00,0.00,0.00
0.00,0.00,0.00,0.00,0.00,0.00,0.00,0.00
0.00,0.00,0.00,0.00,0.00,0.00,0.00,0.00
0.00,0.00,0.00,0.00,0.00,0.00,0.00,0.00
1.00,0.00,0.00,0.00,0.00,0.00,0.00,0.00
5.00,3.00,1.00,0.00,0.00,0.00,0.00,0.00
0.00,0.00,0.00,0.00,0.00,0.00,0.00,0.00
0.00,0.00,0.00,0.00,0.00,0.00,0.00,0.00
22.00,28.00,4.00,0.00,0.00,0.00,2.00,0.00
17.00,24.00,6.00,1.00,1.00,0.00,2.00,0.00
15.00,26.00,5.00,0.00,0.00,0.00,2.00,0.00
19.00,38.00,10.00,0.00,1.00,0.00,3.00,0.00
31.00,39.00,6.00,7.00,1.00,0.00,3.00,0.00
14.00,34.00,1.00,5.00,0.00,0.00,3.00,0.00
11.00,1.00,0.00,1.00,0.00,0.00,0.00,0.00
7.00,3.00,0.00,0.00,0.00,0.00,0.00,0.00
1.00,1.00,0.00,0.00,0.00,0.00,0.00,0.00
1.00,1.00,1.00,0.00,1.00,0.00,1.00,0.00
1.00,1.00,0.00,1.00,4.00,0.00,6.00,0.00
3.00,1.00,0.00,1.00,3.00,0.00,4.00,0.00
21.00,19.00,1.00,3.00,2.00,0.00,3.00,0.00
29.00,27.00,1.00,3.00,1.00,0.00,2.00,0.00
30.00,27.00,1.00,2.00,1.00,0.00,2.00,0.00
19.00,12.00,2.00,1.00,3.00,0.00,3.00,0.00
8.00,3.00,1.00,1.00,2.00,0.00,3.00,0.00
1.00,2.00,0.00,2.00,3.00,0.00,6.00,0.00
5.00,1.00,1.00,1.00,10.00,0.00,13.00,0.00
18.00,24.00,1.00,1.00,2.00,0.00,3.00,0.00
33.00,59.00,6.00,8.00,5.00,0.00,5.00,0.00
25.00,60.00,7.00,7.00,4.00,0.00,5.00,0.00
39.00,58.00,4.00,4.00,2.00,0.00,5.00,0.00
28.00,62.00,2.00,4.00,2.00,0.00,5.00,0.00
24.00,55.00,3.00,5.00,1.00,0.00,5.00,0.00
30.00,46.00,3.00,4.00,1.00,0.00,4.00,0.00
22.00,46.00,3.00,2.00,1.00,0.00,4.00,0.00
22.00,47.00,3.00,2.00,1.00,0.00,4.00,0.00
15.00,38.00,2.00,4.00,1.00,0.00,3.00,0.00
14.00,17.00,3.00,3.00,0.00,0.00,1.00,0.00
16.00,13.00,1.00,1.00,0.00,0.00,1.00,0.00
7.00,3.00,0.00,1.00,1.00,0.00,0.00,0.00
5.00,2.00,1.00,0.00,0.00,0.00,0.00,0.00
6.00,5.00,1.00,0.00,0.00,0.00,0.00,0.00
2.00,1.00,1.00,1.00,1.00,0.00,0.00,0.00
1.00,0.00,0.00,0.00,0.00,0.00,0.00,0.00
0.00,0.00,0.00,0.00,0.00,0.00,0.00,0.00
1.00,0.00,0.00,0.00,0.00,0.00,0.00,0.00
0.00,0.00,0.00,0.00,1.00,0.00,0.00,0.00
1.00,0.00,0.00,0.00,0.00,0.00,0.00,0.00
0.00,1.00,0.00,0.00,0.00,0.00,0.00,0.00
0.00,0.00,0.00,0.00,1.00,0.00,0.00,0.00
0.00,0.00,0.00,0.00,0.00,0.00,0.00,0.00
0.00,0.00,0.00,0.00,0.00,0.00,0.00,0.00
1.00,0.00,0.00,0.00,1.00,0.00,0.00,0.00
38.00,27.00,8.00,0.00,0.00,0.00,3.00,0.00
37.00,26.00,13.00,0.00,1.00,0.00,2.00,0.00
35.00,52.00,14.00,1.00,1.00,0.00,5.00,0.00
47.00,65.00,17.00,1.00,0.00,0.00,6.00,0.00
69.00,74.00,9.00,6.00,1.00,0.00,6.00,0.00
60.00,47.00,4.00,4.00,1.00,0.00,4.00,0.00
19.00,4.00,1.00,2.00,1.00,0.00,1.00,0.00
4.00,1.00,0.00,0.00,1.00,0.00,0.00,0.00
0.00,1.00,0.00,0.00,0.00,0.00,0.00,0.00
1.00,0.00,0.00,0.00,0.00,0.00,1.00,0.00
1.00,0.00,0.00,0.00,1.00,0.00,2.00,0.00
14.00,9.00,1.00,0.00,0.00,0.00,1.00,0.00
27.00,25.00,1.00,1.00,0.00,0.00,2.00,0.00
32.00,51.00,1.00,2.00,1.00,0.00,5.00,0.00
68.00,57.00,9.00,4.00,2.00,0.00,6.00,0.00
87.00,50.00,15.00,15.00,1.00,1.00,6.00,0.00
88.00,52.00,10.00,11.00,2.00,0.00,6.00,0.00
72.00,41.00,9.00,13.00,4.00,0.00,5.00,0.00
56.00,39.00,7.00,4.00,3.00,0.00,4.00,0.00
34.00,53.00,7.00,7.00,1.00,0.00,5.00,0.00
28.00,58.00,5.00,3.00,1.00,0.00,5.00,0.00
30.00,49.00,6.00,4.00,1.00,0.00,4.00,0.00
41.00,56.00,5.00,2.00,0.00,0.00,5.00,0.00
28.00,53.00,4.00,2.00,1.00,0.00,5.00,0.00
28.00,56.00,3.00,2.00,1.00,0.00,5.00,0.00
30.00,54.00,2.00,3.00,0.00,0.00,5.00,0.00
35.00,56.00,2.00,5.00,1.00,0.00,5.00,0.00
36.00,20.00,6.00,0.00,0.00,0.00,2.00,0.00
25.00,16.00,6.00,0.00,0.00,0.00,1.00,0.00
52.00,33.00,9.00,0.00,1.00,0.00,3.00,0.00
38.00,27.00,5.00,1.00,1.00,0.00,2.00,0.00
26.00,24.00,1.00,0.00,0.00,0.00,2.00,0.00
28.00,18.00,1.00,1.00,0.00,0.00,1.00,0.00
5.00,4.00,0.00,0.00,0.00,0.00,0.00,0.00
2.00,2.00,0.00,0.00,1.00,0.00,1.00,0.00
11.00,6.00,0.00,1.00,2.00,0.00,2.00,0.00
62.00,61.00,2.00,1.00,1.00,0.00,5.00,0.00
50.00,98.00,3.00,3.00,1.00,0.00,9.00,0.00
23.00,79.00,7.00,7.00,1.00,0.00,9.00,0.00
32.00,128.00,26.00,17.00,1.00,0.00,16.00,0.00
39.00,128.00,38.00,25.00,1.00,0.00,24.00,0.00
27.00,128.00,20.00,11.00,1.00,0.00,23.00,0.00
21.00,117.00,17.00,5.00,1.00,0.00,14.00,0.00
15.00,57.00,12.00,6.00,1.00,0.00,6.00,0.00
7.00,68.00,6.00,5.00,0.00,0.00,8.00,0.00
2.00,43.00,4.00,2.00,0.00,0.00,5.00,0.00
0.00,2.00,0.00,0.00,0.00,0.00,0.00,0.00
0.00,2.00,0.00,0.00,0.00,0.00,0.00,0.00
2.00,3.00,4.00,1.00,0.00,0.00,0.00,0.00
7.00,8.00,5.00,3.00,0.00,0.00,1.00,0.00
1.00,3.00,6.00,10.00,2.00,0.00,3.00,0.00
3.00,5.00,10.00,5.00,0.00,0.00,2.00,0.00
10.00,11.00,13.00,6.00,1.00,0.00,2.00,0.00
12.00,48.00,21.00,9.00,1.00,0.00,6.00,0.00
17.00,47.00,21.00,6.00,1.00,0.00,6.00,0.00
21.00,28.00,7.00,5.00,0.00,0.00,3.00,0.00
13.00,24.00,4.00,5.00,0.00,0.00,2.00,0.00
17.00,13.00,3.00,0.00,0.00,0.00,1.00,0.00
19.00,18.00,4.00,1.00,0.00,0.00,1.00,0.00
14.00,16.00,3.00,0.00,0.00,0.00,1.00,0.00
23.00,43.00,6.00,1.00,0.00,0.00,4.00,0.00
37.00,74.00,12.00,4.00,1.00,0.00,7.00,0.00
22.00,117.00,15.00,9.00,1.00,0.00,15.00,0.00
23.00,128.00,30.00,11.00,1.00,0.00,18.00,0.00
24.00,124.00,34.00,8.00,0.00,0.00,14.00,0.00
19.00,92.00,21.00,3.00,2.00,0.00,10.00,0.00
11.00,87.00,13.00,4.00,0.00,0.00,10.00,0.00
19.00,97.00,21.00,4.00,1.00,0.00,11.00,0.00
19.00,88.00,30.00,7.00,1.00,0.00,10.00,0.00
12.00,86.00,11.00,12.00,1.00,0.00,9.00,0.00
18.00,76.00,13.00,12.00,1.00,0.00,8.00,0.00
18.00,30.00,11.00,7.00,1.00,0.00,3.00,0.00
13.00,8.00,1.00,1.00,1.00,0.00,1.00,0.00
2.00,2.00,0.00,2.00,5.00,0.00,5.00,0.00
1.00,1.00,1.00,8.00,3.00,0.00,3.00,0.00
0.00,1.00,1.00,3.00,3.00,0.00,3.00,0.00
6.00,4.00,1.00,1.00,2.00,0.00,2.00,0.00
19.00,13.00,1.00,3.00,3.00,0.00,3.00,0.00
30.00,33.00,3.00,2.00,1.00,0.00,2.00,0.00
27.00,48.00,3.00,1.00,0.00,0.00,4.00,0.00
20.00,52.00,3.00,1.00,0.00,0.00,4.00,0.00
30.00,51.00,4.00,1.00,0.00,0.00,4.00,0.00
33.00,47.00,5.00,1.00,0.00,0.00,4.00,0.00
17.00,39.00,4.00,1.00,1.00,0.00,3.00,0.00
22.00,33.00,5.00,1.00,0.00,0.00,2.00,0.00
27.00,34.00,4.00,1.00,0.00,0.00,3.00,0.00
22.00,34.00,2.00,1.00,0.00,0.00,3.00,0.00
19.00,36.00,2.00,1.00,1.00,0.00,3.00,0.00
18.00,40.00,3.00,2.00,1.00,0.00,3.00,0.00
40.00,54.00,8.00,1.00,1.00,0.00,4.00,0.00
37.00,51.00,11.00,5.00,1.00,0.00,4.00,0.00
22.00,58.00,10.00,9.00,1.00,0.00,6.00,0.00
18.00,63.00,9.00,13.00,1.00,0.00,7.00,0.00
20.00,78.00,15.00,21.00,2.00,0.00,9.00,0.00
21.00,73.00,18.00,9.00,2.00,0.00,8.00,0.00
25.00,40.00,23.00,12.00,1.00,0.00,5.00,0.00
20.00,48.00,19.00,11.00,2.00,0.00,5.00,0.00
20.00,41.00,8.00,8.00,2.00,0.00,3.00,0.00
20.00,50.00,9.00,7.00,3.00,0.00,5.00,0.00
23.00,55.00,10.00,9.00,3.00,0.00,5.00,0.00
29.00,60.00,11.00,10.00,2.00,0.00,6.00,0.00
35.00,54.00,15.00,6.00,2.00,0.00,5.00,0.00
44.00,35.00,17.00,12.00,1.00,0.00,3.00,0.00
38.00,22.00,9.00,4.00,1.00,0.00,3.00,0.00
21.00,39.00,6.00,4.00,1.00,0.00,4.00,0.00
20.00,41.00,6.00,2.00,1.00,0.00,4.00,0.00
27.00,50.00,6.00,6.00,1.00,0.00,4.00,0.00
36.00,61.00,5.00,3.00,1.00,0.00,5.00,0.00
37.00,51.00,6.00,1.00,1.00,0.00,4.00,0.00
41.00,34.00,5.00,1.00,2.00,0.00,3.00,0.00
34.00,40.00,2.00,1.00,2.00,0.00,3.00,0.00
37.00,44.00,2.00,2.00,1.00,0.00,3.00,0.00
40.00,38.00,3.00,1.00,1.00,0.00,3.00,0.00
46.00,21.00,5.00,1.00,1.00,0.00,2.00,0.00
44.00,15.00,2.00,0.00,0.00,0.00,3.00,0.00
45.00,11.00,2.00,0.00,0.00,0.00,3.00,0.00
32.00,11.00,1.00,0.00,0.00,0.00,2.00,0.00
24.00,13.00,1.00,0.00,0.00,0.00,1.00,0.00
20.00,9.00,0.00,0.00,0.00,0.00,1.00,0.00
14.00,7.00,0.00,1.00,0.00,0.00,0.00,0.00
8.00,2.00,0.00,1.00,0.00,0.00,0.00,0.00
3.00,1.00,0.00,0.00,0.00,0.00,0.00,0.00
0.00,0.00,0.00,0.00,0.00,0.00,0.00,0.00
1.00,0.00,0.00,0.00,0.00,0.00,0.00,0.00
1.00,0.00,0.00,0.00,1.00,0.00,0.00,0.00
0.00,0.00,0.00,0.00,0.00,0.00,0.00,0.00
0.00,0.00,0.00,0.00,0.00,0.00,0.00,0.00
26.00,28.00,1.00,4.00,0.00,0.00,2.00,0.00
48.00,66.00,7.00,7.00,1.00,0.00,6.00,0.00
24.00,45.00,5.00,3.00,2.00,0.00,4.00,0.00
25.00,32.00,7.00,1.00,0.00,0.00,2.00,0.00
4.00,1.00,0.00,0.00,0.00,0.00,0.00,0.00
1.00,1.00,0.00,1.00,0.00,0.00,0.00,0.00
1.00,0.00,0.00,0.00,0.00,0.00,0.00,0.00
0.00,0.00,0.00,0.00,0.00,0.00,0.00,0.00
0.00,0.00,0.00,0.00,0.00,0.00,0.00,0.00
4.00,13.00,12.00,23.00,1.00,0.00,7.00,0.00
4.00,4.00,3.00,4.00,0.00,0.00,1.00,0.00
3.00,4.00,1.00,3.00,0.00,0.00,1.00,0.00
2.00,3.00,1.00,2.00,1.00,0.00,2.00,0.00
1.00,2.00,2.00,3.00,2.00,0.00,2.00,0.00
1.00,4.00,2.00,6.00,1.00,0.00,3.00,0.00
2.00,5.00,3.00,10.00,1.00,0.00,3.00,0.00
2.00,1.00,2.00,4.00,0.00,0.00,1.00,0.00
7.00,16.00,17.00,8.00,0.00,0.00,2.00,0.00
14.00,50.00,35.00,19.00,1.00,0.00,7.00,0.00
15.00,54.00,42.00,17.00,0.00,0.00,8.00,0.00
14.00,56.00,39.00,17.00,0.00,0.00,8.00,0.00
17.00,74.00,52.00,20.00,1.00,0.00,11.00,0.00
24.00,84.00,45.00,12.00,1.00,0.00,11.00,0.00
26.00,90.00,38.00,11.00,1.00,0.00,11.00,0.00
30.00,80.00,30.00,8.00,0.00,0.00,10.00,0.00
30.00,62.00,22.00,7.00,1.00,0.00,8.00,0.00
22.00,34.00,15.00,10.00,0.00,0.00,4.00,0.00
9.00,6.00,3.00,4.00,0.00,0.00,1.00,0.00
1.00,4.00,3.00,1.00,0.00,0.00,0.00,0.00
0.00,2.00,7.00,0.00,1.00,0.00,1.00,0.00
1.00,0.00,2.00,0.00,0.00,0.00,0.00,0.00
0.00,1.00,1.00,0.00,0.00,0.00,0.00,0.00
29.00,33.00,8.00,1.00,1.00,0.00,3.00,0.00
36.00,44.00,16.00,1.00,1.00,0.00,5.00,0.00
24.00,33.00,10.00,1.00,1.00,0.00,3.00,0.00
23.00,56.00,14.00,1.00,1.00,0.00,6.00,0.00
35.00,46.00,12.00,1.00,1.00,0.00,4.00,0.00
23.00,46.00,7.00,1.00,0.00,0.00,4.00,0.00
23.00,13.00,1.00,0.00,0.00,0.00,1.00,0.00
7.00,4.00,0.00,0.00,0.00,0.00,0.00,0.00
6.00,1.00,0.00,0.00,0.00,0.00,0.00,0.00
1.00,0.00,0.00,0.00,0.00,0.00,0.00,0.00
1.00,0.00,0.00,0.00,0.00,0.00,0.00,0.00
1.00,6.00,0.00,0.00,0.00,0.00,0.00,0.00
4.00,7.00,5.00,0.00,0.00,0.00,1.00,0.00
6.00,12.00,8.00,0.00,0.00,0.00,1.00,0.00
31.00,27.00,8.00,0.00,0.00,0.00,2.00,0.00
33.00,42.00,13.00,0.00,0.00,0.00,4.00,0.00
19.00,38.00,11.00,0.00,0.00,0.00,3.00,0.00
21.00,49.00,14.00,0.00,0.00,0.00,5.00,0.00
28.00,42.00,21.00,4.00,0.00,0.00,5.00,0.00
29.00,44.00,19.00,5.00,0.00,0.00,5.00,0.00
27.00,34.00,10.00,3.00,0.00,0.00,4.00,0.00
19.00,44.00,5.00,3.00,0.00,0.00,5.00,0.00
13.00,53.00,10.00,3.00,0.00,0.00,6.00,0.00
19.00,50.00,21.00,4.00,0.00,0.00,6.00,0.00
22.00,41.00,20.00,3.00,0.00,0.00,5.00,0.00
21.00,31.00,16.00,2.00,0.00,0.00,3.00,0.00
16.00,29.00,8.00,1.00,0.00,0.00,3.00,0.00
10.00,12.00,12.00,2.00,0.00,0.00,2.00,0.00
2.00,6.00,4.00,1.00,0.00,0.00,1.00,0.00
3.00,3.00,2.00,0.00,0.00,0.00,0.00,0.00
1.00,2.00,3.00,1.00,0.00,0.00,0.00,0.00
2.00,4.00,4.00,2.00,1.00,0.00,1.00,0.00
9.00,27.00,24.00,6.00,1.00,0.00,4.00,0.00
5.00,14.00,14.00,4.00,0.00,0.00,2.00,0.00
10.00,14.00,15.00,4.00,0.00,0.00,2.00,0.00
7.00,22.00,10.00,2.00,0.00,0.00,3.00,0.00
9.00,16.00,19.00,3.00,0.00,0.00,3.00,0.00
5.00,20.00,14.00,3.00,0.00,0.00,2.00,0.00
14.00,42.00,28.00,8.00,0.00,0.00,6.00,0.00
11.00,18.00,11.00,3.00,0.00,0.00,2.00,0.00
10.00,30.00,23.00,8.00,1.00,0.00,4.00,0.00
3.00,8.00,8.00,2.00,0.00,0.00,1.00,0.00
2.00,6.00,4.00,1.00,0.00,0.00,1.00,0.00
1.00,0.00,2.00,1.00,0.00,0.00,0.00,0.00
1.00,2.00,3.00,0.00,1.00,0.00,0.00,0.00
5.00,9.00,9.00,0.00,0.00,0.00,2.00,0.00
9.00,24.00,21.00,0.00,1.00,0.00,3.00,0.00
6.00,32.00,22.00,0.00,0.00,0.00,4.00,0.00
8.00,15.00,13.00,0.00,0.00,0.00,2.00,0.00
8.00,26.00,17.00,1.00,0.00,0.00,3.00,0.00
8.00,12.00,6.00,0.00,0.00,0.00,1.00,0.00
10.00,18.00,16.00,0.00,1.00,0.00,2.00,0.00
4.00,12.00,6.00,0.00,1.00,0.00,1.00,0.00
7.00,8.00,5.00,0.00,0.00,0.00,1.00,0.00
9.00,14.00,5.00,0.00,0.00,0.00,1.00,0.00
5.00,8.00,0.00,0.00,0.00,0.00,0.00,0.00
2.00,1.00,1.00,0.00,0.00,0.00,0.00,0.00
2.00,0.00,0.00,0.00,1.00,0.00,0.00,0.00
4.00,5.00,1.00,0.00,0.00,0.00,0.00,0.00
13.00,14.00,4.00,0.00,0.00,0.00,1.00,0.00
8.00,28.00,6.00,0.00,0.00,0.00,3.00,0.00
5.00,19.00,4.00,0.00,0.00,0.00,2.00,0.00
8.00,18.00,14.00,0.00,0.00,0.00,2.00,0.00
3.00,20.00,13.00,0.00,0.00,0.00,3.00,0.00
3.00,11.00,3.00,0.00,0.00,0.00,1.00,0.00
4.00,13.00,6.00,1.00,0.00,0.00,1.00,0.00
2.00,9.00,3.00,0.00,0.00,0.00,1.00,0.00
3.00,5.00,3.00,0.00,0.00,0.00,0.00,0.00
1.00,22.00,17.00,1.00,0.00,0.00,3.00,0.00
4.00,14.00,5.00,2.00,0.00,0.00,2.00,0.00
6.00,16.00,12.00,3.00,1.00,0.00,2.00,0.00
14.00,6.00,9.00,5.00,1.00,0.00,1.00,0.00
18.00,17.00,11.00,2.00,1.00,0.00,2.00,0.00
16.00,19.00,9.00,4.00,0.00,0.00,1.00,0.00
8.00,14.00,9.00,3.00,1.00,0.00,2.00,0.00
14.00,34.00,9.00,5.00,1.00,0.00,4.00,0.00
19.00,13.00,11.00,4.00,1.00,0.00,2.00,0.00
22.00,12.00,12.00,2.00,0.00,0.00,2.00,0.00
26.00,22.00,10.00,2.00,0.00,0.00,2.00,0.00
7.00,9.00,10.00,4.00,0.00,0.00,1.00,0.00
14.00,15.00,5.00,5.00,0.00,0.00,1.00,0.00
6.00,16.00,5.00,1.00,0.00,0.00,2.00,0.00
5.00,9.00,8.00,2.00,0.00,0.00,1.00,0.00
5.00,7.00,2.00,1.00,0.00,0.00,0.00,0.00
5.00,5.00,2.00,2.00,0.00,0.00,0.00,0.00
6.00,5.00,2.00,1.00,0.00,0.00,0.00,0.00
7.00,4.00,1.00,0.00,0.00,0.00,0.00,0.00
7.00,5.00,1.00,0.00,0.00,0.00,0.00,0.00
3.00,1.00,0.00,0.00,0.00,0.00,0.00,0.00
3.00,1.00,0.00,0.00,0.00,0.00,0.00,0.00
3.00,1.00,0.00,0.00,0.00,0.00,0.00,0.00
6.00,3.00,0.00,0.00,0.00,0.00,0.00,0.00
12.00,4.00,0.00,0.00,1.00,0.00,0.00,0.00
16.00,5.00,0.00,1.00,0.00,0.00,1.00,0.00
15.00,4.00,0.00,1.00,1.00,0.00,0.00,0.00
19.00,2.00,0.00,2.00,0.00,0.00,1.00,0.00
14.00,4.00,0.00,2.00,0.00,0.00,1.00,0.00
8.00,4.00,1.00,2.00,1.00,0.00,1.00,0.00
7.00,5.00,0.00,2.00,0.00,0.00,1.00,0.00
8.00,2.00,0.00,2.00,0.00,0.00,1.00,0.00
8.00,2.00,0.00,1.00,0.00,0.00,1.00,0.00
3.00,2.00,0.00,1.00,0.00,0.00,0.00,0.00
4.00,0.00,0.00,0.00,0.00,0.00,0.00,0.00
2.00,0.00,0.00,0.00,0.00,0.00,0.00,0.00
1.00,0.00,0.00,0.00,0.00,0.00,0.00,0.00
1.00,0.00,0.00,0.00,0.00,0.00,0.00,0.00
1.00,0.00,0.00,0.00,0.00,0.00,0.00,0.00
1.00,1.00,0.00,0.00,0.00,0.00,0.00,0.00
2.00,0.00,0.00,0.00,0.00,0.00,0.00,0.00
0.00,0.00,0.00,1.00,1.00,0.00,0.00,0.00
1.00,0.00,0.00,0.00,0.00,0.00,0.00,0.00
1.00,0.00,0.00,0.00,0.00,0.00,0.00,0.00
0.00,0.00,0.00,0.00,0.00,0.00,0.00,0.00
1.00,0.00,0.00,1.00,1.00,0.00,1.00,0.00
3.00,1.00,0.00,1.00,0.00,0.00,1.00,0.00
36.00,9.00,1.00,2.00,0.00,0.00,2.00,0.00
56.00,13.00,3.00,1.00,0.00,0.00,3.00,0.00
56.00,7.00,3.00,2.00,0.00,0.00,3.00,0.00
48.00,58.00,8.00,4.00,1.00,0.00,5.00,0.00
89.00,98.00,4.00,7.00,2.00,0.00,8.00,0.00
40.00,20.00,1.00,3.00,2.00,0.00,2.00,0.00
27.00,5.00,0.00,1.00,3.00,0.00,2.00,0.00
26.00,3.00,1.00,2.00,3.00,0.00,2.00,0.00
36.00,14.00,1.00,5.00,4.00,0.00,3.00,0.00
39.00,59.00,2.00,8.00,4.00,0.00,5.00,0.00
71.00,96.00,4.00,10.00,3.00,0.00,8.00,0.00
38.00,50.00,3.00,3.00,0.00,0.00,4.00,0.00
9.00,14.00,0.00,0.00,1.00,0.00,1.00,0.00
6.00,5.00,1.00,1.00,1.00,0.00,2.00,0.00
6.00,4.00,0.00,1.00,1.00,0.00,2.00,0.00
3.00,3.00,0.00,2.00,1.00,1.00,6.00,0.00
3.00,3.00,0.00,1.00,4.00,1.00,6.00,0.00
3.00,1.00,0.00,1.00,1.00,1.00,5.00,0.00
4.00,2.00,0.00,1.00,2.00,1.00,7.00,0.00
5.00,2.00,0.00,3.00,1.00,0.00,3.00,0.00
6.00,3.00,0.00,3.00,0.00,0.00,2.00,0.00
36.00,15.00,2.00,1.00,0.00,0.00,2.00,0.00
89.00,47.00,12.00,1.00,1.00,0.00,6.00,0.00
73.00,79.00,20.00,1.00,0.00,0.00,8.00,0.00
40.00,70.00,22.00,0.00,0.00,0.00,7.00,0.00
13.00,18.00,2.00,1.00,1.00,0.00,1.00,0.00
5.00,10.00,4.00,0.00,0.00,0.00,1.00,0.00
8.00,11.00,1.00,1.00,0.00,0.00,1.00,0.00
12.00,12.00,2.00,0.00,0.00,0.00,1.00,0.00
31.00,31.00,24.00,1.00,0.00,0.00,4.00,0.00
36.00,88.00,48.00,5.00,1.00,0.00,12.00,0.00
22.00,91.00,86.00,13.00,3.00,0.00,15.00,0.00
17.00,63.00,116.00,13.00,5.00,0.00,18.00,0.00
18.00,80.00,40.00,15.00,3.00,0.00,11.00,0.00
19.00,113.00,75.00,11.00,3.00,0.00,16.00,0.00
18.00,80.00,99.00,10.00,2.00,0.00,16.00,0.00
21.00,61.00,35.00,7.00,1.00,0.00,8.00,0.00
17.00,33.00,21.00,2.00,1.00,0.00,5.00,0.00
10.00,24.00,10.00,2.00,0.00,0.00,2.00,0.00
5.00,18.00,6.00,0.00,1.00,0.00,2.00,0.00
3.00,13.00,5.00,0.00,0.00,0.00,1.00,0.00
4.00,9.00,3.00,1.00,0.00,0.00,1.00,0.00
0.00,14.00,7.00,1.00,0.00,0.00,2.00,0.00
1.00,0.00,0.00,0.00,0.00,0.00,0.00,0.00
1.00,1.00,0.00,1.00,0.00,0.00,0.00,0.00
0.00,1.00,0.00,0.00,1.00,0.00,0.00,0.00
1.00,0.00,0.00,0.00,0.00,0.00,0.00,0.00
1.00,0.00,0.00,0.00,0.00,0.00,0.00,0.00
0.00,0.00,0.00,0.00,0.00,0.00,0.00,0.00
0.00,0.00,0.00,0.00,0.00,0.00,0.00,0.00
0.00,0.00,0.00,0.00,1.00,0.00,0.00,0.00
6.00,5.00,2.00,0.00,0.00,0.00,0.00,0.00
5.00,12.00,2.00,0.00,0.00,0.00,1.00,0.00
43.00,39.00,2.00,1.00,0.00,0.00,3.00,0.00
28.00,41.00,4.00,2.00,0.00,0.00,4.00,0.00
18.00,49.00,4.00,1.00,0.00,0.00,4.00,0.00
36.00,53.00,6.00,0.00,0.00,0.00,4.00,0.00
41.00,44.00,7.00,0.00,0.00,0.00,3.00,0.00
24.00,24.00,6.00,2.00,0.00,0.00,2.00,0.00
21.00,35.00,8.00,2.00,0.00,0.00,3.00,0.00
36.00,41.00,11.00,4.00,1.00,0.00,3.00,0.00
34.00,42.00,10.00,6.00,2.00,0.00,3.00,0.00
39.00,36.00,13.00,9.00,1.00,0.00,5.00,0.00
52.00,81.00,20.00,15.00,3.00,0.00,9.00,0.00
41.00,53.00,14.00,7.00,2.00,0.00,5.00,0.00
35.00,59.00,14.00,6.00,2.00,0.00,7.00,0.00
56.00,72.00,17.00,13.00,1.00,0.00,8.00,0.00
59.00,80.00,32.00,16.00,2.00,0.00,8.00,0.00
53.00,73.00,33.00,7.00,2.00,0.00,8.00,0.00
36.00,53.00,41.00,8.00,2.00,0.00,7.00,0.00
17.00,66.00,23.00,7.00,2.00,0.00,8.00,0.00
54.00,53.00,32.00,7.00,1.00,0.00,5.00,0.00
52.00,58.00,54.00,8.00,0.00,0.00,9.00,0.00
19.00,56.00,50.00,6.00,1.00,0.00,8.00,0.00
34.00,47.00,37.00,10.00,0.00,0.00,6.00,0.00
39.00,45.00,29.00,9.00,1.00,0.00,6.00,0.00
30.00,64.00,13.00,7.00,1.00,0.00,8.00,0.00
91.00,35.00,12.00,3.00,1.00,0.00,6.00,0.00
59.00,102.00,28.00,3.00,1.00,0.00,11.00,0.00
90.00,112.00,25.00,10.00,5.00,0.00,12.00,0.00
106.00,85.00,11.00,3.00,2.00,0.00,8.00,0.00
87.00,41.00,6.00,2.00,1.00,0.00,6.00,0.00
61.00,40.00,3.00,3.00,1.00,0.00,4.00,0.00
38.00,68.00,3.00,1.00,0.00,0.00,6.00,0.00
30.00,17.00,5.00,3.00,2.00,0.00,2.00,0.00
54.00,77.00,4.00,9.00,1.00,0.00,6.00,0.00
52.00,80.00,4.00,2.00,0.00,0.00,7.00,0.00
32.00,7.00,4.00,2.00,0.00,0.00,1.00,0.00
15.00,63.00,7.00,6.00,1.00,0.00,5.00,0.00
28.00,128.00,51.00,23.00,7.00,0.00,21.00,0.00
22.00,96.00,49.00,22.00,4.00,0.00,13.00,0.00
17.00,25.00,70.00,19.00,4.00,0.00,12.00,0.00
33.00,54.00,41.00,17.00,2.00,0.00,8.00,0.00
27.00,51.00,29.00,7.00,0.00,0.00,7.00,0.00
19.00,15.00,9.00,2.00,0.00,0.00,1.00,0.00
21.00,11.00,2.00,2.00,0.00,0.00,1.00,0.00
24.00,24.00,5.00,2.00,0.00,0.00,2.00,0.00
25.00,39.00,5.00,5.00,1.00,0.00,3.00,0.00
44.00,54.00,8.00,4.00,1.00,0.00,6.00,0.00
42.00,39.00,5.00,3.00,2.00,0.00,4.00,0.00
26.00,36.00,5.00,2.00,1.00,0.00,3.00,0.00
2.00,16.00,3.00,0.00,0.00,0.00,1.00,0.00
10.00,16.00,5.00,0.00,0.00,0.00,1.00,0.00
6.00,22.00,20.00,4.00,0.00,0.00,3.00,0.00
7.00,10.00,18.00,1.00,0.00,0.00,3.00,0.00
2.00,3.00,5.00,0.00,0.00,0.00,0.00,0.00
3.00,3.00,4.00,0.00,0.00,0.00,0.00,0.00
3.00,2.00,3.00,0.00,0.00,0.00,0.00,0.00
1.00,2.00,1.00,0.00,0.00,0.00,0.00,0.00
0.00,1.00,0.00,0.00,0.00,0.00,0.00,0.00
1.00,0.00,1.00,1.00,0.00,0.00,0.00,0.00
0.00,0.00,0.00,0.00,0.00,0.00,0.00,0.00
0.00,0.00,0.00,0.00,0.00,0.00,0.00,0.00
0.00,0.00,0.00,0.00,0.00,0.00,0.00,0.00
0.00,1.00,1.00,1.00,0.00,0.00,0.00,0.00
1.00,1.00,0.00,0.00,0.00,0.00,0.00,0.00
1.00,1.00,0.00,0.00,1.00,0.00,0.00,0.00
0.00,0.00,1.00,0.00,0.00,0.00,0.00,0.00
0.00,0.00,0.00,0.00,0.00,0.00,0.00,0.00
1.00,0.00,0.00,0.00,0.00,0.00,0.00,0.00
0.00,0.00,0.00,0.00,0.00,0.00,0.00,0.00
0.00,0.00,0.00,0.00,0.00,0.00,0.00,0.00
0.00,0.00,0.00,1.00,0.00,0.00,0.00,0.00
0.00,0.00,0.00,1.00,1.00,0.00,0.00,0.00
0.00,0.00,0.00,0.00,0.00,0.00,0.00,0.00
1.00,0.00,0.00,1.00,1.00,0.00,0.00,0.00
0.00,0.00,0.00,0.00,0.00,0.00,0.00,0.00
0.00,0.00,0.00,0.00,0.00,0.00,0.00,0.00
0.00,0.00,0.00,0.00,1.00,0.00,0.00,0.00
0.00,0.00,0.00,0.00,0.00,0.00,0.00,0.00
0.00,0.00,0.00,0.00,0.00,0.00,0.00,0.00
0.00,0.00,0.00,0.00,0.00,0.00,0.00,0.00
1.00,0.00,0.00,0.00,0.00,0.00,0.00,0.00
0.00,1.00,0.00,0.00,0.00,0.00,0.00,0.00
0.00,1.00,0.00,0.00,0.00,0.00,0.00,0.00
1.00,0.00,0.00,0.00,0.00,0.00,0.00,0.00
0.00,0.00,0.00,0.00,0.00,0.00,0.00,0.00
1.00,0.00,0.00,0.00,0.00,0.00,0.00,0.00
1.00,1.00,0.00,0.00,0.00,0.00,0.00,0.00
0.00,0.00,0.00,0.00,0.00,0.00,0.00,0.00
0.00,0.00,0.00,0.00,1.00,0.00,0.00,0.00
0.00,0.00,0.00,0.00,0.00,0.00,0.00,0.00
0.00,0.00,0.00,0.00,0.00,0.00,0.00,0.00
1.00,0.00,0.00,0.00,1.00,0.00,0.00,0.00
0.00,0.00,0.00,0.00,0.00,0.00,0.00,0.00
1.00,0.00,0.00,0.00,0.00,0.00,0.00,0.00
0.00,0.00,0.00,1.00,1.00,0.00,0.00,0.00
0.00,0.00,0.00,0.00,0.00,0.00,0.00,0.00
0.00,0.00,0.00,0.00,0.00,0.00,0.00,0.00
1.00,0.00,0.00,0.00,0.00,0.00,0.00,0.00
0.00,0.00,0.00,1.00,0.00,0.00,0.00,0.00
1.00,0.00,0.00,1.00,1.00,0.00,0.00,0.00
1.00,0.00,0.00,0.00,0.00,0.00,0.00,0.00
15.00,19.00,7.00,0.00,0.00,0.00,2.00,0.00
19.00,18.00,7.00,0.00,0.00,0.00,2.00,0.00
22.00,22.00,8.00,1.00,0.00,0.00,2.00,0.00
17.00,27.00,14.00,0.00,0.00,0.00,2.00,0.00
17.00,27.00,17.00,0.00,0.00,0.00,3.00,0.00
17.00,30.00,20.00,1.00,0.00,0.00,3.00,0.00
16.00,35.00,19.00,1.00,0.00,0.00,3.00,0.00
16.00,40.00,17.00,1.00,0.00,0.00,4.00,0.00
12.00,42.00,11.00,1.00,1.00,0.00,5.00,0.00
13.00,33.00,7.00,2.00,0.00,0.00,3.00,0.00
16.00,29.00,10.00,6.00,1.00,0.00,3.00,0.00
21.00,25.00,11.00,5.00,0.00,0.00,2.00,0.00
13.00,21.00,4.00,3.00,1.00,0.00,2.00,0.00
3.00,2.00,1.00,1.00,1.00,0.00,0.00,0.00
2.00,1.00,0.00,0.00,1.00,0.00,1.00,0.00
1.00,1.00,0.00,1.00,1.00,0.00,1.00,0.00
2.00,1.00,0.00,0.00,0.00,0.00,0.00,0.00
13.00,13.00,1.00,1.00,1.00,0.00,1.00,0.00
25.00,20.00,2.00,0.00,0.00,0.00,1.00,0.00
26.00,19.00,3.00,1.00,1.00,0.00,1.00,0.00
23.00,17.00,3.00,0.00,1.00,0.00,1.00,0.00
20.00,13.00,3.00,1.00,2.00,0.00,1.00,0.00
16.00,8.00,1.00,1.00,0.00,0.00,1.00,0.00
14.00,8.00,1.00,1.00,0.00,0.00,1.00,0.00
12.00,10.00,1.00,0.00,0.00,0.00,1.00,0.00
15.00,12.00,1.00,1.00,0.00,0.00,1.00,0.00
14.00,11.00,1.00,1.00,0.00,0.00,1.00,0.00
18.00,12.00,1.00,0.00,0.00,0.00,1.00,0.00
21.00,13.00,2.00,0.00,0.00,0.00,1.00,0.00
23.00,14.00,2.00,0.00,0.00,0.00,1.00,0.00
23.00,13.00,3.00,0.00,0.00,0.00,1.00,0.00
21.00,11.00,2.00,0.00,0.00,0.00,1.00,0.00
18.00,8.00,2.00,0.00,0.00,0.00,1.00,0.00
14.00,6.00,0.00,0.00,0.00,0.00,1.00,0.00
10.00,4.00,0.00,0.00,0.00,0.00,0.00,0.00
6.00,3.00,0.00,0.00,0.00,0.00,0.00,0.00
17.00,22.00,3.00,1.00,0.00,0.00,2.00,0.00
17.00,43.00,19.00,8.00,0.00,0.00,5.00,0.00
12.00,47.00,25.00,7.00,0.00,0.00,6.00,0.00
9.00,38.00,24.00,6.00,0.00,0.00,5.00,0.00
9.00,31.00,20.00,5.00,0.00,0.00,4.00,0.00
8.00,32.00,24.00,3.00,0.00,0.00,4.00,0.00
10.00,37.00,28.00,3.00,0.00,0.00,5.00,0.00
11.00,39.00,30.00,3.00,1.00,0.00,5.00,0.00
13.00,43.00,34.00,3.00,0.00,0.00,6.00,0.00
16.00,44.00,34.00,3.00,0.00,0.00,6.00,0.00
19.00,39.00,28.00,5.00,1.00,0.00,5.00,0.00
19.00,28.00,19.00,3.00,0.00,0.00,4.00,0.00
18.00,26.00,14.00,2.00,0.00,0.00,3.00,0.00
7.00,29.00,19.00,2.00,0.00,0.00,4.00,0.00
12.00,23.00,3.00,2.00,0.00,0.00,2.00,0.00
4.00,4.00,2.00,2.00,0.00,0.00,0.00,0.00
9.00,18.00,9.00,4.00,0.00,0.00,2.00,0.00
3.00,10.00,3.00,2.00,0.00,0.00,1.00,0.00
9.00,16.00,8.00,0.00,0.00,0.00,2.00,0.00
5.00,10.00,3.00,0.00,0.00,0.00,1.00,0.00
7.00,11.00,7.00,0.00,0.00,0.00,1.00,0.00
3.00,10.00,6.00,0.00,0.00,0.00,1.00,0.00
5.00,8.00,3.00,1.00,0.00,0.00,1.00,0.00
6.00,13.00,7.00,0.00,0.00,0.00,1.00,0.00
4.00,3.00,2.00,0.00,0.00,0.00,0.00,0.00
8.00,11.00,5.00,0.00,0.00,0.00,1.00,0.00
5.00,9.00,3.00,0.00,0.00,0.00,1.00,0.00
5.00,6.00,3.00,0.00,0.00,0.00,1.00,0.00
6.00,10.00,6.00,0.00,0.00,0.00,1.00,0.00
4.00,7.00,3.00,0.00,0.00,0.00,1.00,0.00
4.00,6.00,3.00,0.00,0.00,0.00,0.00,0.00
4.00,7.00,4.00,0.00,0.00,0.00,1.00,0.00
2.00,6.00,4.00,0.00,0.00,0.00,0.00,0.00
5.00,8.00,6.00,0.00,0.00,0.00,1.00,0.00
3.00,6.00,4.00,0.00,0.00,0.00,0.00,0.00
4.00,6.00,2.00,0.00,0.00,0.00,0.00,0.00
5.00,8.00,4.00,0.00,0.00,0.00,1.00,0.00
3.00,6.00,4.00,0.00,0.00,0.00,0.00,0.00
6.00,7.00,4.00,0.00,0.00,0.00,1.00,0.00
4.00,6.00,3.00,0.00,0.00,0.00,0.00,0.00
3.00,6.00,5.00,0.00,0.00,0.00,0.00,0.00
6.00,10.00,5.00,0.00,0.00,0.00,1.00,0.00
4.00,6.00,5.00,0.00,0.00,0.00,0.00,0.00
4.00,8.00,4.00,0.00,0.00,0.00,1.00,0.00
4.00,8.00,5.00,0.00,0.00,0.00,1.00,0.00
4.00,8.00,6.00,0.00,0.00,0.00,1.00,0.00
5.00,6.00,4.00,0.00,0.00,0.00,0.00,0.00
2.00,7.00,3.00,0.00,0.00,0.00,0.00,0.00
4.00,3.00,5.00,0.00,0.00,0.00,0.00,0.00
5.00,8.00,5.00,0.00,0.00,0.00,1.00,0.00
3.00,5.00,3.00,0.00,0.00,0.00,0.00,0.00
4.00,6.00,3.00,0.00,0.00,0.00,0.00,0.00
2.00,8.00,5.00,0.00,0.00,0.00,1.00,0.00
3.00,5.00,4.00,0.00,0.00,0.00,0.00,0.00
4.00,7.00,4.00,0.00,0.00,0.00,1.00,0.00
2.00,7.00,2.00,0.00,0.00,0.00,1.00,0.00
3.00,7.00,4.00,0.00,0.00,0.00,0.00,0.00
4.00,6.00,4.00,0.00,0.00,0.00,0.00,0.00
1.00,7.00,5.00,0.00,0.00,0.00,0.00,0.00
4.00,6.00,4.00,0.00,0.00,0.00,0.00,0.00
3.00,5.00,4.00,0.00,0.00,0.00,0.00,0.00
4.00,5.00,3.00,0.00,0.00,0.00,0.00,0.00
3.00,8.00,4.00,0.00,0.00,0.00,1.00,0.00
3.00,6.00,4.00,0.00,0.00,0.00,0.00,0.00
35.00,11.00,3.00,1.00,1.00,0.00,2.00,0.00
52.00,19.00,3.00,1.00,1.00,0.00,3.00,0.00
74.00,48.00,9.00,1.00,0.00,0.00,5.00,0.00
37.00,61.00,10.00,1.00,0.00,0.00,5.00,0.00
28.00,83.00,10.00,1.00,1.00,0.00,7.00,0.00
8.00,34.00,17.00,2.00,2.00,0.00,4.00,0.00
9.00,49.00,29.00,1.00,2.00,0.00,6.00,0.00
24.00,94.00,14.00,2.00,1.00,0.00,9.00,0.00
58.00,117.00,8.00,13.00,4.00,0.00,10.00,0.00
42.00,21.00,4.00,2.00,0.00,0.00,3.00,0.00
32.00,17.00,1.00,1.00,0.00,0.00,2.00,0.00
32.00,9.00,2.00,1.00,0.00,0.00,1.00,0.00
15.00,16.00,1.00,3.00,1.00,0.00,2.00,0.00
13.00,3.00,0.00,2.00,1.00,0.00,1.00,0.00
2.00,2.00,0.00,1.00,0.00,0.00,2.00,0.00
1.00,0.00,0.00,1.00,2.00,1.00,6.00,0.00
4.00,5.00,3.00,3.00,3.00,2.00,5.00,0.00
2.00,3.00,4.00,6.00,3.00,0.00,2.00,0.00
0.00,2.00,7.00,2.00,3.00,0.00,2.00,0.00
3.00,3.00,4.00,3.00,2.00,0.00,2.00,0.00
11.00,9.00,7.00,7.00,5.00,0.00,5.00,0.00
20.00,55.00,54.00,3.00,2.00,0.00,10.00,0.00
16.00,66.00,56.00,9.00,4.00,0.00,11.00,0.00
38.00,118.00,73.00,3.00,2.00,0.00,14.00,0.00
28.00,37.00,20.00,1.00,1.00,0.00,3.00,0.00
3.00,28.00,20.00,1.00,0.00,0.00,4.00,0.00
6.00,25.00,23.00,0.00,1.00,0.00,3.00,0.00
7.00,57.00,6.00,0.00,2.00,0.00,5.00,0.00
44.00,128.00,38.00,2.00,3.00,0.00,13.00,0.00
75.00,128.00,40.00,13.00,8.00,0.00,14.00,0.00
79.00,99.00,15.00,18.00,11.00,0.00,12.00,0.00
17.00,11.00,7.00,8.00,1.00,0.00,2.00,0.00
9.00,10.00,3.00,1.00,2.00,2.00,6.00,0.00
2.00,1.00,2.00,1.00,4.00,2.00,8.00,0.00
1.00,2.00,1.00,2.00,4.00,3.00,10.00,0.00
1.00,2.00,0.00,1.00,4.00,2.00,7.00,0.00
0.00,1.00,0.00,2.00,3.00,1.00,7.00,0.00
0.00,1.00,0.00,2.00,4.00,2.00,8.00,0.00
0.00,1.00,1.00,1.00,4.00,1.00,7.00,0.00
0.00,0.00,0.00,1.00,5.00,1.00,9.00,0.00
1.00,0.00,0.00,1.00,3.00,2.00,8.00,0.00
0.00,0.00,0.00,1.00,2.00,1.00,4.00,0.00
15.00,11.00,2.00,2.00,4.00,1.00,3.00,0.00
31.00,31.00,4.00,7.00,6.00,0.00,4.00,0.00
23.00,43.00,3.00,8.00,7.00,0.00,5.00,0.00
30.00,67.00,2.00,10.00,8.00,0.00,6.00,0.00
49.00,83.00,9.00,17.00,15.00,0.00,11.00,0.00
25.00,104.00,21.00,27.00,15.00,0.00,13.00,0.00
20.00,120.00,66.00,41.00,16.00,0.00,16.00,0.00
20.00,49.00,66.00,32.00,13.00,0.00,12.00,0.00
24.00,7.00,0.00,5.00,3.00,0.00,3.00,0.00
43.00,6.00,0.00,8.00,1.00,0.00,4.00,0.00
29.00,26.00,1.00,5.00,1.00,0.00,2.00,0.00
69.00,47.00,2.00,3.00,1.00,0.00,5.00,0.00
65.00,54.00,9.00,1.00,0.00,0.00,4.00,0.00
41.00,69.00,10.00,1.00,1.00,0.00,6.00,0.00
41.00,62.00,11.00,1.00,1.00,0.00,5.00,0.00
22.00,24.00,10.00,1.00,0.00,0.00,2.00,0.00
34.00,38.00,4.00,2.00,1.00,0.00,3.00,0.00
25.00,16.00,3.00,2.00,1.00,0.00,2.00,0.00
16.00,10.00,1.00,0.00,0.00,0.00,1.00,0.00
20.00,17.00,2.00,0.00,0.00,0.00,1.00,0.00
37.00,40.00,3.00,2.00,1.00,0.00,3.00,0.00
42.00,42.00,3.00,2.00,1.00,0.00,3.00,0.00
27.00,30.00,1.00,1.00,0.00,0.00,2.00,0.00
19.00,13.00,1.00,2.00,0.00,0.00,1.00,0.00
5.00,3.00,0.00,0.00,0.00,0.00,0.00,0.00
0.00,0.00,0.00,0.00,0.00,0.00,0.00,0.00
0.00,0.00,0.00,3.00,0.00,0.00,1.00,0.00
5.00,2.00,0.00,1.00,1.00,0.00,0.00,0.00
14.00,20.00,0.00,2.00,0.00,0.00,1.00,0.00
35.00,33.00,0.00,5.00,1.00,0.00,2.00,0.00
17.00,9.00,0.00,2.00,0.00,0.00,1.00,0.00
10.00,8.00,0.00,0.00,0.00,0.00,0.00,0.00
6.00,3.00,0.00,1.00,0.00,0.00,0.00,0.00
25.00,36.00,2.00,6.00,1.00,0.00,3.00,0.00
21.00,18.00,6.00,7.00,1.00,0.00,2.00,0.00
13.00,10.00,3.00,0.00,0.00,0.00,1.00,0.00
2.00,3.00,0.00,0.00,0.00,0.00,0.00,0.00
1.00,0.00,0.00,0.00,0.00,0.00,0.00,0.00
1.00,0.00,0.00,0.00,0.00,0.00,0.00,0.00
1.00,0.00,0.00,0.00,0.00,0.00,0.00,0.00
10.00,9.00,2.00,0.00,0.00,0.00,0.00,0.00
10.00,10.00,1.00,1.00,1.00,0.00,1.00,0.00
9.00,6.00,1.00,0.00,0.00,0.00,0.00,0.00
10.00,3.00,0.00,1.00,1.00,0.00,0.00,0.00
7.00,3.00,0.00,0.00,0.00,0.00,0.00,0.00
7.00,6.00,1.00,1.00,0.00,0.00,0.00,0.00
10.00,7.00,1.00,1.00,0.00,0.00,0.00,0.00
5.00,3.00,1.00,1.00,0.00,0.00,0.00,0.00
5.00,5.00,0.00,0.00,0.00,0.00,0.00,0.00
0.00,1.00,0.00,0.00,0.00,0.00,0.00,0.00
1.00,0.00,0.00,0.00,0.00,0.00,0.00,0.00
2.00,1.00,0.00,0.00,0.00,0.00,0.00,0.00
8.00,6.00,0.00,1.00,0.00,0.00,0.00,0.00
16.00,17.00,3.00,3.00,1.00,0.00,1.00,0.00
14.00,11.00,1.00,2.00,0.00,0.00,1.00,0.00
3.00,3.00,0.00,1.00,0.00,0.00,0.00,0.00
1.00,0.00,0.00,0.00,0.00,0.00,0.00,0.00
0.00,0.00,0.00,0.00,0.00,0.00,0.00,0.00
17.00,33.00,10.00,3.00,2.00,0.00,3.00,0.00
10.00,37.00,4.00,3.00,0.00,0.00,4.00,0.00
9.00,17.00,2.00,1.00,0.00,0.00,1.00,0.00
21.00,14.00,2.00,0.00,0.00,0.00,1.00,0.00
30.00,8.00,2.00,0.00,0.00,0.00,1.00,0.00
24.00,10.00,1.00,0.00,0.00,0.00,1.00,0.00
11.00,15.00,1.00,0.00,0.00,0.00,1.00,0.00
20.00,12.00,4.00,1.00,1.00,0.00,1.00,0.00
42.00,38.00,4.00,0.00,1.00,0.00,3.00,0.00
38.00,32.00,4.00,2.00,2.00,0.00,3.00,0.00
32.00,38.00,4.00,2.00,0.00,0.00,3.00,0.00
19.00,28.00,3.00,0.00,0.00,0.00,2.00,0.00
25.00,18.00,2.00,0.00,0.00,0.00,1.00,0.00
23.00,17.00,3.00,0.00,0.00,0.00,1.00,0.00
20.00,22.00,4.00,1.00,0.00,0.00,2.00,0.00
23.00,22.00,3.00,1.00,0.00,0.00,1.00,0.00
19.00,19.00,1.00,1.00,0.00,0.00,1.00,0.00
17.00,16.00,3.00,1.00,0.00,0.00,1.00,0.00
22.00,43.00,1.00,3.00,0.00,0.00,4.00,0.00
15.00,34.00,1.00,4.00,1.00,0.00,3.00,0.00
14.00,37.00,2.00,3.00,1.00,0.00,3.00,0.00
31.00,36.00,5.00,2.00,1.00,0.00,3.00,0.00
32.00,16.00,4.00,3.00,0.00,0.00,1.00,0.00
10.00,26.00,2.00,3.00,0.00,0.00,2.00,0.00
21.00,35.00,7.00,1.00,0.00,0.00,3.00,0.00
17.00,17.00,4.00,0.00,0.00,0.00,1.00,0.00
13.00,28.00,4.00,0.00,0.00,0.00,2.00,0.00
18.00,21.00,2.00,1.00,0.00,0.00,2.00,0.00
7.00,18.00,1.00,1.00,0.00,0.00,1.00,0.00
9.00,13.00,2.00,1.00,0.00,0.00,1.00,0.00
3.00,2.00,0.00,1.00,0.00,0.00,0.00,0.00
0.00,1.00,1.00,2.00,2.00,0.00,1.00,0.00
1.00,1.00,0.00,3.00,1.00,0.00,1.00,0.00
0.00,0.00,0.00,3.00,2.00,0.00,2.00,0.00
0.00,0.00,0.00,3.00,1.00,0.00,1.00,0.00
0.00,0.00,0.00,4.00,1.00,0.00,2.00,0.00
0.00,1.00,1.00,1.00,1.00,0.00,1.00,0.00
1.00,0.00,0.00,2.00,1.00,0.00,1.00,0.00
0.00,1.00,0.00,2.00,0.00,0.00,1.00,0.00
3.00,15.00,2.00,1.00,0.00,0.00,1.00,0.00
15.00,20.00,4.00,1.00,0.00,0.00,2.00,0.00
7.00,18.00,3.00,0.00,0.00,0.00,2.00,0.00
9.00,6.00,3.00,1.00,0.00,0.00,1.00,0.00
8.00,17.00,5.00,1.00,0.00,0.00,2.00,0.00
5.00,7.00,0.00,0.00,0.00,0.00,1.00,0.00
6.00,6.00,1.00,1.00,0.00,0.00,0.00,0.00
6.00,9.00,2.00,0.00,0.00,0.00,1.00,0.00
4.00,3.00,0.00,0.00,1.00,0.00,0.00,0.00
2.00,1.00,0.00,0.00,0.00,0.00,0.00,0.00
2.00,1.00,0.00,1.00,1.00,0.00,0.00,0.00
27.00,12.00,0.00,0.00,1.00,0.00,2.00,0.00
18.00,6.00,0.00,0.00,1.00,0.00,1.00,0.00
12.00,4.00,0.00,0.00,0.00,0.00,0.00,0.00
6.00,3.00,0.00,0.00,0.00,0.00,0.00,0.00
3.00,0.00,0.00,0.00,0.00,0.00,0.00,0.00
4.00,2.00,0.00,0.00,0.00,0.00,0.00,0.00
0.00,0.00,0.00,0.00,1.00,0.00,0.00,0.00
1.00,1.00,0.00,1.00,0.00,0.00,0.00,0.00
0.00,0.00,0.00,0.00,0.00,0.00,0.00,0.00
0.00,0.00,0.00,1.00,1.00,0.00,0.00,0.00
1.00,0.00,0.00,1.00,1.00,0.00,0.00,0.00
0.00,0.00,0.00,0.00,0.00,0.00,0.00,0.00
8.00,5.00,0.00,0.00,0.00,0.00,0.00,0.00
24.00,6.00,5.00,4.00,0.00,0.00,1.00,0.00
40.00,38.00,42.00,41.00,6.00,0.00,13.00,0.00
12.00,35.00,37.00,28.00,6.00,0.00,11.00,0.00
3.00,3.00,6.00,6.00,2.00,0.00,2.00,0.00
13.00,12.00,7.00,9.00,6.00,0.00,4.00,0.00
5.00,4.00,10.00,12.00,5.00,0.00,5.00,0.00
6.00,2.00,10.00,20.00,6.00,0.00,8.00,0.00
6.00,9.00,6.00,19.00,3.00,0.00,7.00,0.00
9.00,38.00,23.00,5.00,1.00,0.00,5.00,0.00
12.00,26.00,35.00,23.00,2.00,0.00,8.00,0.00
9.00,24.00,32.00,10.00,3.00,0.00,5.00,0.00
3.00,3.00,8.00,3.00,0.00,0.00,1.00,0.00
0.00,3.00,9.00,2.00,2.00,0.00,2.00,0.00
1.00,0.00,3.00,1.00,2.00,0.00,2.00,0.00
0.00,1.00,1.00,2.00,2.00,0.00,1.00,0.00
0.00,0.00,2.00,0.00,1.00,1.00,3.00,0.00
1.00,2.00,5.00,1.00,2.00,0.00,1.00,0.00
1.00,1.00,7.00,0.00,1.00,0.00,1.00,0.00
1.00,1.00,2.00,1.00,1.00,0.00,1.00,0.00
0.00,2.00,3.00,0.00,0.00,0.00,0.00,0.00
1.00,1.00,0.00,0.00,0.00,0.00,0.00,0.00
0.00,0.00,1.00,0.00,0.00,0.00,0.00,0.00
1.00,0.00,0.00,0.00,0.00,0.00,0.00,0.00
0.00,0.00,0.00,0.00,0.00,0.00,0.00,0.00
0.00,0.00,0.00,0.00,0.00,0.00,0.00,0.00
0.00,0.00,0.00,0.00,0.00,0.00,0.00,0.00
0.00,0.00,0.00,0.00,0.00,0.00,0.00,0.00
0.00,0.00,0.00,0.00,0.00,0.00,0.00,0.00
0.00,0.00,0.00,1.00,1.00,0.00,0.00,0.00
0.00,0.00,0.00,0.00,0.00,0.00,0.00,0.00
3.00,2.00,0.00,1.00,1.00,0.00,0.00,0.00
5.00,3.00,2.00,0.00,0.00,0.00,0.00,0.00
2.00,1.00,0.00,1.00,0.00,0.00,0.00,0.00
1.00,1.00,1.00,1.00,0.00,0.00,0.00,0.00
1.00,0.00,1.00,2.00,1.00,0.00,1.00,0.00
1.00,1.00,1.00,1.00,1.00,0.00,0.00,0.00
0.00,1.00,1.00,2.00,0.00,0.00,1.00,0.00
15.00,10.00,7.00,6.00,3.00,0.00,3.00,0.00
7.00,9.00,0.00,1.00,0.00,0.00,0.00,0.00
4.00,5.00,1.00,1.00,1.00,0.00,2.00,0.00
1.00,1.00,0.00,1.00,3.00,0.00,2.00,0.00
2.00,2.00,0.00,1.00,5.00,0.00,4.00,0.00
22.00,15.00,3.00,4.00,3.00,0.00,2.00,0.00
25.00,12.00,5.00,5.00,2.00,0.00,3.00,0.00
13.00,6.00,3.00,1.00,1.00,0.00,0.00,0.00
21.00,10.00,1.00,2.00,2.00,0.00,1.00,0.00
20.00,7.00,1.00,1.00,1.00,0.00,1.00,0.00
16.00,8.00,1.00,1.00,2.00,0.00,2.00,0.00
17.00,6.00,1.00,8.00,2.00,0.00,4.00,0.00
20.00,10.00,2.00,6.00,1.00,0.00,3.00,0.00
21.00,6.00,2.00,6.00,2.00,0.00,3.00,0.00
20.00,11.00,7.00,3.00,0.00,0.00,2.00,0.00
16.00,14.00,4.00,2.00,1.00,0.00,1.00,0.00
20.00,11.00,1.00,2.00,1.00,0.00,1.00,0.00
19.00,25.00,3.00,2.00,1.00,0.00,2.00,0.00
18.00,27.00,26.00,2.00,1.00,0.00,4.00,0.00
25.00,23.00,16.00,2.00,2.00,0.00,3.00,0.00
9.00,20.00,8.00,2.00,2.00,0.00,2.00,0.00
6.00,13.00,6.00,1.00,1.00,0.00,1.00,0.00
5.00,7.00,4.00,1.00,1.00,0.00,1.00,0.00
8.00,5.00,2.00,1.00,0.00,0.00,1.00,0.00
5.00,2.00,1.00,2.00,1.00,0.00,1.00,0.00
8.00,3.00,1.00,2.00,0.00,0.00,1.00,0.00
27.00,40.00,5.00,2.00,1.00,0.00,3.00,0.00
37.00,64.00,7.00,2.00,1.00,0.00,6.00,0.00
32.00,39.00,9.00,1.00,0.00,0.00,3.00,0.00
12.00,11.00,2.00,0.00,1.00,0.00,1.00,0.00
5.00,6.00,0.00,0.00,0.00,0.00,0.00,0.00
3.00,2.00,0.00,0.00,1.00,0.00,0.00,0.00
15.00,10.00,2.00,0.00,1.00,0.00,1.00,0.00
30.00,33.00,3.00,2.00,1.00,0.00,2.00,0.00
10.00,4.00,1.00,1.00,1.00,0.00,0.00,0.00
4.00,6.00,0.00,0.00,0.00,0.00,2.00,0.00
1.00,1.00,0.00,1.00,1.00,0.00,2.00,0.00
0.00,0.00,0.00,1.00,1.00,0.00,1.00,0.00
0.00,1.00,0.00,0.00,1.00,0.00,3.00,0.00
1.00,0.00,0.00,1.00,1.00,0.00,2.00,0.00
0.00,0.00,0.00,1.00,0.00,0.00,1.00,0.00
14.00,23.00,2.00,2.00,1.00,0.00,2.00,0.00
33.00,38.00,4.00,3.00,2.00,0.00,3.00,0.00
36.00,29.00,1.00,2.00,1.00,0.00,2.00,0.00
16.00,12.00,1.00,2.00,1.00,0.00,1.00,0.00
4.00,1.00,0.00,1.00,1.00,0.00,0.00,0.00
4.00,1.00,0.00,0.00,0.00,0.00,0.00,0.00
3.00,0.00,0.00,1.00,0.00,0.00,0.00,0.00
1.00,1.00,0.00,0.00,0.00,0.00,0.00,0.00
0.00,0.00,0.00,0.00,0.00,0.00,0.00,0.00
10.00,16.00,16.00,0.00,0.00,0.00,2.00,0.00
10.00,20.00,13.00,0.00,1.00,0.00,2.00,0.00
9.00,16.00,6.00,1.00,1.00,0.00,2.00,0.00
7.00,9.00,6.00,1.00,2.00,0.00,1.00,0.00
13.00,10.00,2.00,1.00,0.00,0.00,1.00,0.00
19.00,13.00,5.00,1.00,1.00,0.00,1.00,0.00
17.00,21.00,8.00,2.00,1.00,0.00,2.00,0.00
27.00,27.00,10.00,1.00,2.00,0.00,2.00,0.00
18.00,14.00,6.00,1.00,3.00,0.00,2.00,0.00
7.00,5.00,1.00,0.00,0.00,0.00,1.00,0.00
2.00,2.00,1.00,0.00,1.00,0.00,2.00,0.00
2.00,1.00,1.00,1.00,2.00,0.00,3.00,0.00
1.00,2.00,1.00,0.00,2.00,0.00,4.00,0.00
0.00,1.00,0.00,0.00,2.00,0.00,3.00,0.00
17.00,18.00,3.00,1.00,1.00,0.00,2.00,0.00
48.00,46.00,6.00,3.00,5.00,0.00,3.00,0.00
73.00,55.00,8.00,5.00,3.00,0.00,5.00,0.00
67.00,48.00,6.00,6.00,2.00,0.00,5.00,0.00
41.00,33.00,6.00,1.00,4.00,0.00,3.00,0.00
32.00,28.00,5.00,2.00,1.00,0.00,2.00,0.00
28.00,26.00,4.00,2.00,2.00,0.00,2.00,0.00
24.00,24.00,5.00,1.00,2.00,0.00,2.00,0.00
33.00,32.00,6.00,3.00,2.00,0.00,2.00,0.00
34.00,32.00,13.00,4.00,2.00,0.00,3.00,0.00
38.00,32.00,10.00,3.00,3.00,0.00,3.00,0.00
39.00,29.00,9.00,8.00,2.00,0.00,3.00,0.00
36.00,24.00,10.00,10.00,2.00,0.00,3.00,0.00
29.00,20.00,6.00,4.00,1.00,0.00,2.00,0.00
13.00,14.00,4.00,4.00,1.00,0.00,2.00,0.00
5.00,11.00,0.00,1.00,0.00,0.00,0.00,0.00
2.00,2.00,0.00,1.00,1.00,0.00,0.00,0.00
8.00,9.00,0.00,1.00,0.00,0.00,1.00,0.00
19.00,19.00,1.00,2.00,2.00,0.00,1.00,0.00
21.00,34.00,1.00,1.00,1.00,0.00,3.00,0.00
14.00,39.00,3.00,1.00,1.00,0.00,3.00,0.00
2.00,8.00,2.00,0.00,0.00,0.00,0.00,0.00
4.00,6.00,0.00,0.00,0.00,0.00,0.00,0.00
2.00,2.00,0.00,0.00,0.00,0.00,0.00,0.00
1.00,1.00,0.00,0.00,0.00,0.00,0.00,0.00
1.00,1.00,0.00,0.00,0.00,0.00,0.00,0.00
1.00,1.00,0.00,0.00,0.00,0.00,0.00,0.00
2.00,1.00,0.00,0.00,0.00,0.00,0.00,0.00
3.00,2.00,0.00,1.00,1.00,0.00,0.00,0.00
10.00,2.00,1.00,0.00,0.00,0.00,0.00,0.00
6.00,5.00,1.00,0.00,0.00,0.00,0.00,0.00
12.00,8.00,2.00,0.00,0.00,0.00,0.00,0.00
17.00,8.00,4.00,1.00,1.00,0.00,1.00,0.00
12.00,7.00,3.00,0.00,1.00,0.00,0.00,0.00
6.00,4.00,1.00,2.00,1.00,0.00,1.00,0.00
5.00,3.00,1.00,0.00,0.00,0.00,0.00,0.00
23.00,16.00,0.00,4.00,3.00,0.00,2.00,0.00
35.00,25.00,0.00,7.00,2.00,0.00,3.00,0.00
13.00,7.00,1.00,1.00,0.00,0.00,1.00,0.00
7.00,2.00,0.00,0.00,0.00,0.00,0.00,0.00
5.00,4.00,1.00,1.00,0.00,0.00,0.00,0.00
34.00,18.00,9.00,1.00,1.00,0.00,2.00,0.00
93.00,30.00,8.00,2.00,3.00,0.00,5.00,0.00
128.00,55.00,19.00,5.00,7.00,0.00,11.00,0.00
128.00,93.00,11.00,25.00,6.00,0.00,17.00,0.00
128.00,88.00,5.00,19.00,11.00,0.00,16.00,0.00
14.00,10.00,2.00,4.00,1.00,1.00,3.00,0.00
3.00,4.00,0.00,1.00,0.00,0.00,0.00,0.00
6.00,4.00,0.00,1.00,0.00,0.00,0.00,0.00
2.00,1.00,0.00,0.00,0.00,1.00,4.00,0.00
1.00,1.00,0.00,1.00,2.00,2.00,9.00,0.00
1.00,0.00,0.00,0.00,1.00,2.00,12.00,0.00
5.00,4.00,0.00,1.00,2.00,1.00,13.00,0.00
30.00,8.00,0.00,5.00,5.00,1.00,5.00,0.00
96.00,31.00,1.00,17.00,13.00,1.00,11.00,0.00
37.00,22.00,2.00,3.00,3.00,0.00,3.00,0.00
17.00,8.00,2.00,1.00,1.00,0.00,1.00,0.00
23.00,20.00,6.00,3.00,4.00,0.00,3.00,0.00
24.00,21.00,11.00,5.00,3.00,0.00,3.00,0.00
32.00,69.00,8.00,13.00,2.00,0.00,6.00,0.00
32.00,24.00,2.00,5.00,0.00,0.00,2.00,0.00
9.00,7.00,0.00,1.00,0.00,0.00,0.00,0.00
2.00,1.00,0.00,0.00,0.00,0.00,0.00,0.00
1.00,1.00,0.00,0.00,0.00,0.00,0.00,0.00
1.00,0.00,0.00,1.00,0.00,0.00,0.00,0.00
0.00,1.00,0.00,0.00,0.00,0.00,3.00,0.00
1.00,1.00,1.00,1.00,2.00,2.00,10.00,0.00
2.00,2.00,1.00,1.00,1.00,2.00,10.00,0.00
1.00,0.00,0.00,1.00,2.00,2.00,8.00,0.00
4.00,2.00,0.00,1.00,2.00,2.00,6.00,0.00
11.00,5.00,0.00,1.00,1.00,1.00,5.00,0.00
6.00,6.00,1.00,2.00,1.00,0.00,2.00,0.00
18.00,12.00,0.00,9.00,4.00,0.00,5.00,0.00
21.00,17.00,0.00,8.00,2.00,0.00,4.00,0.00
14.00,8.00,0.00,10.00,1.00,0.00,5.00,0.00
2.00,2.00,0.00,1.00,1.00,0.00,0.00,0.00
1.00,1.00,0.00,0.00,0.00,0.00,0.00,0.00
2.00,0.00,0.00,0.00,0.00,0.00,0.00,0.00
7.00,12.00,6.00,10.00,1.00,0.00,4.00,0.00
10.00,18.00,2.00,3.00,0.00,0.00,1.00,0.00
1.00,3.00,1.00,2.00,1.00,0.00,1.00,0.00
1.00,7.00,1.00,2.00,1.00,0.00,1.00,0.00
16.00,11.00,1.00,4.00,2.00,0.00,2.00,0.00
58.00,74.00,7.00,17.00,9.00,0.00,9.00,0.00
61.00,73.00,5.00,14.00,24.00,0.00,20.00,0.00
67.00,27.00,3.00,18.00,32.00,0.00,27.00,0.00
8.00,24.00,18.00,9.00,1.00,0.00,3.00,0.00
2.00,5.00,3.00,1.00,1.00,0.00,0.00,0.00
0.00,1.00,1.00,1.00,1.00,0.00,0.00,0.00
1.00,1.00,1.00,0.00,1.00,0.00,0.00,0.00
0.00,0.00,0.00,0.00,0.00,0.00,0.00,0.00
0.00,0.00,0.00,0.00,1.00,1.00,3.00,0.00
0.00,0.00,0.00,0.00,1.00,2.00,11.00,0.00
0.00,1.00,0.00,0.00,0.00,1.00,6.00,0.00
12.00,5.00,0.00,1.00,0.00,0.00,1.00,0.00
16.00,15.00,0.00,4.00,3.00,0.00,2.00,0.00
19.00,26.00,0.00,12.00,2.00,0.00,6.00,0.00
21.00,27.00,0.00,13.00,1.00,0.00,7.00,0.00
5.00,3.00,0.00,2.00,0.00,0.00,1.00,0.00
1.00,2.00,0.00,1.00,0.00,0.00,0.00,0.00
6.00,4.00,0.00,2.00,0.00,0.00,1.00,0.00
32.00,46.00,2.00,7.00,1.00,0.00,4.00,0.00
66.00,118.00,5.00,31.00,12.00,0.00,15.00,0.00
33.00,110.00,5.00,42.00,14.00,0.00,18.00,0.00
43.00,78.00,6.00,39.00,8.00,0.00,17.00,0.00
26.00,42.00,9.00,55.00,5.00,0.00,22.00,0.00
30.00,45.00,8.00,19.00,3.00,0.00,8.00,0.00
22.00,37.00,3.00,19.00,2.00,0.00,6.00,0.00
18.00,24.00,4.00,11.00,1.00,0.00,3.00,0.00
23.00,20.00,1.00,10.00,1.00,0.00,3.00,0.00
25.00,25.00,1.00,11.00,1.00,0.00,4.00,0.00
41.00,77.00,2.00,24.00,4.00,0.00,9.00,0.00
51.00,96.00,5.00,20.00,3.00,0.00,8.00,0.00
20.00,23.00,10.00,14.00,1.00,0.00,5.00,0.00
13.00,12.00,5.00,5.00,0.00,0.00,2.00,0.00
5.00,6.00,4.00,4.00,1.00,0.00,1.00,0.00
0.00,2.00,3.00,4.00,0.00,0.00,1.00,0.00
0.00,1.00,1.00,4.00,0.00,0.00,1.00,0.00
1.00,1.00,0.00,2.00,1.00,0.00,1.00,0.00
0.00,1.00,6.00,4.00,0.00,0.00,1.00,0.00
16.00,19.00,2.00,11.00,0.00,0.00,4.00,0.00
48.00,61.00,1.00,19.00,1.00,0.00,7.00,0.00
27.00,12.00,1.00,11.00,1.00,0.00,5.00,0.00
25.00,18.00,1.00,3.00,1.00,0.00,2.00,0.00
12.00,5.00,0.00,1.00,0.00,0.00,1.00,0.00
5.00,1.00,0.00,0.00,1.00,1.00,2.00,0.00
3.00,1.00,0.00,1.00,2.00,1.00,4.00,0.00
1.00,0.00,0.00,1.00,3.00,1.00,6.00,0.00
30.00,65.00,5.00,16.00,3.00,0.00,6.00,0.00
18.00,48.00,12.00,12.00,4.00,0.00,6.00,0.00
18.00,29.00,16.00,4.00,3.00,0.00,4.00,0.00
9.00,53.00,34.00,4.00,2.00,0.00,7.00,0.00
13.00,42.00,25.00,6.00,4.00,0.00,6.00,0.00
8.00,52.00,9.00,3.00,3.00,0.00,6.00,0.00
14.00,22.00,5.00,15.00,3.00,0.00,5.00,0.00
15.00,26.00,1.00,16.00,2.00,0.00,6.00,0.00
0.00,1.00,51.00,2.00,1.00,0.00,13.00,0.00
0.00,0.00,33.00,2.00,1.00,0.00,8.00,0.00
0.00,0.00,6.00,4.00,1.00,0.00,2.00,0.00
1.00,0.00,2.00,1.00,0.00,0.00,0.00,0.00
1.00,0.00,1.00,0.00,0.00,0.00,0.00,0.00
1.00,1.00,6.00,1.00,0.00,0.00,1.00,0.00
1.00,0.00,4.00,0.00,1.00,0.00,1.00,0.00
1.00,1.00,7.00,1.00,1.00,0.00,1.00,0.00
1.00,0.00,15.00,4.00,1.00,0.00,3.00,0.00
0.00,0.00,20.00,4.00,1.00,0.00,5.00,0.00
1.00,1.00,14.00,9.00,1.00,0.00,5.00,0.00
0.00,0.00,14.00,3.00,0.00,0.00,3.00,0.00
0.00,0.00,8.00,3.00,0.00,0.00,2.00,0.00
1.00,0.00,7.00,3.00,0.00,0.00,2.00,0.00
0.00,1.00,7.00,1.00,1.00,0.00,1.00,0.00
0.00,0.00,7.00,2.00,1.00,0.00,1.00,0.00
1.00,0.00,5.00,1.00,0.00,0.00,1.00,0.00
0.00,0.00,3.00,0.00,0.00,0.00,0.00,0.00
0.00,0.00,1.00,0.00,0.00,0.00,0.00,0.00
0.00,0.00,0.00,0.00,0.00,0.00,0.00,0.00
1.00,0.00,0.00,0.00,0.00,0.00,0.00,0.00
2.00,1.00,0.00,1.00,0.00,0.00,0.00,0.00
1.00,1.00,0.00,0.00,0.00,0.00,0.00,0.00
5.00,4.00,0.00,0.00,0.00,0.00,0.00,0.00
11.00,11.00,1.00,1.00,0.00,0.00,1.00,0.00
16.00,23.00,1.00,4.00,0.00,0.00,2.00,0.00
27.00,30.00,1.00,6.00,0.00,0.00,2.00,0.00
30.00,23.00,1.00,7.00,0.00,0.00,2.00,0.00
30.00,24.00,1.00,10.00,0.00,0.00,4.00,0.00
28.00,20.00,1.00,6.00,0.00,0.00,2.00,0.00
6.00,4.00,0.00,1.00,1.00,2.00,6.00,0.00
4.00,1.00,0.00,1.00,2.00,2.00,7.00,0.00
2.00,0.00,0.00,1.00,6.00,1.00,11.00,0.00
2.00,2.00,0.00,2.00,7.00,2.00,11.00,0.00
1.00,0.00,0.00,2.00,2.00,1.00,3.00,0.00
29.00,19.00,1.00,4.00,2.00,0.00,2.00,0.00
48.00,14.00,0.00,9.00,7.00,0.00,6.00,0.00
36.00,16.00,1.00,7.00,5.00,0.00,4.00,0.00
40.00,23.00,1.00,7.00,4.00,0.00,4.00,0.00
42.00,32.00,2.00,11.00,3.00,0.00,6.00,0.00
23.00,38.00,2.00,21.00,5.00,0.00,8.00,0.00
33.00,32.00,3.00,25.00,6.00,0.00,10.00,0.00
46.00,40.00,4.00,29.00,6.00,0.00,11.00,0.00
39.00,40.00,5.00,23.00,8.00,0.00,8.00,0.00
39.00,40.00,3.00,8.00,4.00,0.00,4.00,0.00
30.00,31.00,5.00,10.00,0.00,0.00,3.00,0.00
5.00,4.00,1.00,1.00,2.00,0.00,3.00,0.00
2.00,1.00,0.00,0.00,1.00,0.00,2.00,0.00
1.00,1.00,0.00,1.00,0.00,0.00,1.00,0.00
3.00,4.00,1.00,0.00,1.00,0.00,0.00,0.00
19.00,22.00,4.00,5.00,1.00,0.00,2.00,0.00
16.00,16.00,1.00,3.00,0.00,0.00,2.00,0.00
1.00,3.00,0.00,0.00,1.00,1.00,2.00,0.00
1.00,1.00,0.00,0.00,2.00,0.00,3.00,0.00
1.00,2.00,1.00,0.00,2.00,0.00,4.00,0.00
0.00,0.00,0.00,0.00,4.00,1.00,6.00,0.00
1.00,1.00,0.00,1.00,1.00,0.00,2.00,0.00
3.00,1.00,0.00,0.00,1.00,0.00,1.00,0.00
8.00,6.00,2.00,0.00,1.00,0.00,1.00,0.00
15.00,15.00,2.00,0.00,1.00,0.00,1.00,0.00
18.00,20.00,4.00,1.00,1.00,0.00,1.00,0.00
17.00,22.00,5.00,0.00,1.00,0.00,2.00,0.00
12.00,26.00,4.00,1.00,1.00,0.00,2.00,0.00
20.00,29.00,3.00,1.00,1.00,0.00,2.00,0.00
22.00,30.00,4.00,1.00,1.00,0.00,2.00,0.00
14.00,21.00,4.00,1.00,0.00,0.00,2.00,0.00
12.00,18.00,2.00,2.00,1.00,0.00,1.00,0.00
8.00,10.00,2.00,1.00,0.00,0.00,0.00,0.00
13.00,8.00,1.00,0.00,0.00,0.00,0.00,0.00
7.00,6.00,0.00,0.00,0.00,0.00,0.00,0.00
9.00,7.00,0.00,1.00,0.00,0.00,0.00,0.00
14.00,8.00,0.00,1.00,0.00,0.00,0.00,0.00
4.00,5.00,0.00,0.00,1.00,0.00,0.00,0.00
7.00,5.00,0.00,0.00,0.00,0.00,0.00,0.00
5.00,2.00,0.00,0.00,0.00,0.00,0.00,0.00
9.00,5.00,0.00,1.00,1.00,0.00,0.00,0.00
7.00,6.00,1.00,1.00,1.00,0.00,0.00,0.00
4.00,2.00,1.00,1.00,0.00,0.00,0.00,0.00
19.00,11.00,2.00,1.00,0.00,0.00,1.00,0.00
17.00,13.00,2.00,1.00,1.00,0.00,1.00,0.00
22.00,4.00,2.00,0.00,0.00,0.00,1.00,0.00
27.00,14.00,2.00,0.00,0.00,0.00,2.00,0.00
17.00,10.00,0.00,1.00,1.00,0.00,1.00,0.00
1.00,2.00,1.00,1.00,0.00,0.00,0.00,0.00
3.00,2.00,1.00,1.00,0.00,0.00,0.00,0.00
2.00,1.00,0.00,0.00,0.00,0.00,0.00,0.00
3.00,1.00,0.00,1.00,0.00,0.00,0.00,0.00
1.00,0.00,0.00,0.00,0.00,0.00,0.00,0.00
7.00,1.00,0.00,0.00,0.00,0.00,0.00,0.00
4.00,1.00,0.00,0.00,0.00,0.00,0.00,0.00
12.00,2.00,0.00,1.00,1.00,0.00,1.00,0.00
2.00,1.00,0.00,0.00,0.00,0.00,0.00,0.00
15.00,3.00,0.00,1.00,1.00,0.00,1.00,0.00
14.00,3.00,1.00,3.00,1.00,0.00,1.00,0.00
17.00,11.00,1.00,3.00,2.00,0.00,2.00,0.00
11.00,4.00,1.00,2.00,1.00,0.00,1.00,0.00
15.00,15.00,3.00,2.00,2.00,0.00,1.00,0.00
9.00,11.00,5.00,2.00,2.00,0.00,1.00,0.00
9.00,6.00,4.00,4.00,2.00,0.00,1.00,0.00
3.00,2.00,1.00,1.00,0.00,0.00,0.00,0.00
10.00,20.00,10.00,1.00,0.00,0.00,2.00,0.00
3.00,13.00,5.00,1.00,0.00,0.00,1.00,0.00
3.00,3.00,1.00,1.00,0.00,0.00,0.00,0.00
2.00,5.00,1.00,1.00,0.00,0.00,0.00,0.00
1.00,1.00,2.00,1.00,0.00,0.00,0.00,0.00
1.00,1.00,1.00,1.00,0.00,0.00,0.00,0.00
1.00,2.00,0.00,0.00,0.00,0.00,0.00,0.00
0.00,1.00,1.00,0.00,0.00,0.00,0.00,0.00
1.00,1.00,2.00,0.00,0.00,0.00,0.00,0.00
1.00,1.00,1.00,0.00,0.00,0.00,0.00,0.00
2.00,1.00,1.00,2.00,0.00,0.00,0.00,0.00
0.00,1.00,1.00,1.00,1.00,0.00,0.00,0.00
1.00,3.00,1.00,1.00,0.00,0.00,0.00,0.00
0.00,1.00,1.00,1.00,0.00,0.00,0.00,0.00
1.00,1.00,0.00,1.00,0.00,0.00,0.00,0.00
0.00,1.00,0.00,1.00,0.00,0.00,0.00,0.00
0.00,1.00,0.00,0.00,0.00,0.00,0.00,0.00
1.00,0.00,0.00,0.00,0.00,0.00,0.00,0.00
1.00,1.00,0.00,0.00,0.00,0.00,0.00,0.00
1.00,1.00,0.00,0.00,0.00,0.00,0.00,0.00
0.00,0.00,0.00,0.00,0.00,0.00,0.00,0.00
1.00,3.00,2.00,1.00,0.00,0.00,1.00,0.00
0.00,4.00,1.00,1.00,0.00,0.00,0.00,0.00
0.00,0.00,2.00,0.00,0.00,0.00,0.00,0.00
1.00,0.00,1.00,1.00,0.00,0.00,0.00,0.00
0.00,1.00,1.00,0.00,0.00,0.00,0.00,0.00
0.00,2.00,1.00,0.00,0.00,0.00,0.00,0.00
1.00,0.00,0.00,0.00,0.00,0.00,0.00,0.00
1.00,0.00,0.00,0.00,0.00,0.00,0.00,0.00
0.00,1.00,0.00,0.00,0.00,0.00,0.00,0.00
1.00,1.00,0.00,0.00,0.00,0.00,0.00,0.00
1.00,2.00,0.00,1.00,0.00,0.00,0.00,0.00
3.00,2.00,0.00,0.00,0.00,0.00,0.00,0.00
6.00,5.00,0.00,0.00,0.00,0.00,0.00,0.00
4.00,1.00,0.00,0.00,0.00,0.00,0.00,0.00
3.00,2.00,0.00,1.00,0.00,0.00,0.00,0.00
3.00,0.00,0.00,1.00,0.00,0.00,0.00,0.00
1.00,0.00,0.00,1.00,0.00,0.00,0.00,0.00
1.00,0.00,0.00,0.00,0.00,0.00,0.00,0.00
2.00,0.00,0.00,1.00,1.00,0.00,1.00,0.00
14.00,9.00,1.00,1.00,1.00,0.00,1.00,0.00
8.00,16.00,1.00,1.00,0.00,0.00,1.00,0.00
4.00,13.00,1.00,1.00,0.00,0.00,1.00,0.00
2.00,8.00,0.00,0.00,0.00,0.00,1.00,0.00
3.00,6.00,1.00,1.00,0.00,0.00,0.00,0.00
1.00,3.00,0.00,0.00,0.00,0.00,0.00,0.00
3.00,4.00,1.00,0.00,0.00,0.00,0.00,0.00
4.00,3.00,0.00,0.00,0.00,0.00,0.00,0.00
1.00,0.00,0.00,0.00,0.00,0.00,0.00,0.00
0.00,0.00,0.00,0.00,0.00,0.00,0.00,0.00
28.00,25.00,5.00,5.00,4.00,0.00,3.00,0.00
128.00,48.00,12.00,46.00,51.00,2.00,35.00,0.00
128.00,54.00,13.00,53.00,90.00,3.00,62.00,0.00
128.00,58.00,8.00,87.00,46.00,6.00,49.00,0.00
128.00,75.00,22.00,128.00,56.00,4.00,79.00,0.00
128.00,68.00,43.00,74.00,16.00,1.00,34.00,0.00
113.00,108.00,64.00,14.00,19.00,0.00,16.00,0.00
50.00,128.00,35.00,15.00,16.00,2.00,19.00,0.00
102.00,128.00,118.00,9.00,5.00,1.00,24.00,0.00
128.00,128.00,54.00,6.00,6.00,0.00,19.00,0.00
43.00,17.00,29.00,0.00,1.00,0.00,5.00,0.00
19.00,10.00,5.00,1.00,0.00,0.00,1.00,0.00
5.00,5.00,2.00,8.00,0.00,0.00,2.00,0.00
7.00,9.00,6.00,9.00,4.00,0.00,4.00,0.00
4.00,5.00,3.00,4.00,1.00,0.00,2.00,0.00
11.00,9.00,2.00,7.00,1.00,0.00,3.00,0.00
23.00,24.00,7.00,9.00,5.00,0.00,4.00,0.00
34.00,78.00,24.00,45.00,8.00,0.00,21.00,0.00
31.00,98.00,23.00,36.00,15.00,0.00,15.00,0.00
17.00,128.00,12.00,41.00,15.00,0.00,19.00,0.00
16.00,83.00,9.00,29.00,9.00,0.00,13.00,0.00
14.00,75.00,6.00,23.00,6.00,0.00,10.00,0.00
1.00,38.00,4.00,16.00,3.00,0.00,7.00,0.00
7.00,18.00,3.00,5.00,1.00,0.00,2.00,0.00
3.00,15.00,4.00,4.00,0.00,0.00,2.00,0.00
2.00,3.00,2.00,2.00,0.00,0.00,1.00,0.00
0.00,2.00,0.00,0.00,0.00,0.00,0.00,0.00
1.00,1.00,0.00,1.00,0.00,0.00,0.00,0.00
1.00,0.00,0.00,0.00,0.00,0.00,0.00,0.00
0.00,0.00,0.00,0.00,0.00,0.00,0.00,0.00
0.00,0.00,0.00,0.00,0.00,0.00,0.00,0.00
0.00,0.00,0.00,0.00,0.00,0.00,0.00,0.00
0.00,0.00,0.00,0.00,0.00,0.00,0.00,0.00
0.00,1.00,0.00,0.00,0.00,0.00,0.00,0.00
0.00,0.00,0.00,0.00,0.00,0.00,0.00,0.00
0.00,0.00,0.00,0.00,0.00,0.00,0.00,0.00
1.00,0.00,0.00,0.00,0.00,0.00,0.00,0.00
0.00,0.00,0.00,0.00,0.00,0.00,0.00,0.00
1.00,0.00,0.00,0.00,0.00,0.00,0.00,0.00
0.00,0.00,0.00,0.00,0.00,0.00,0.00,0.00
0.00,0.00,0.00,0.00,0.00,0.00,0.00,0.00
0.00,0.00,0.00,0.00,0.00,0.00,0.00,0.00
1.00,0.00,0.00,0.00,0.00,0.00,0.00,0.00
0.00,0.00,0.00,0.00,0.00,0.00,0.00,0.00
0.00,0.00,0.00,0.00,0.00,0.00,0.00,0.00
1.00,0.00,0.00,0.00,0.00,0.00,0.00,0.00
0.00,0.00,0.00,0.00,0.00,0.00,0.00,0.00
0.00,0.00,0.00,0.00,0.00,0.00,0.00,0.00
0.00,0.00,0.00,0.00,0.00,0.00,0.00,0.00
0.00,0.00,0.00,0.00,0.00,0.00,0.00,0.00
22.00,20.00,1.00,0.00,0.00,0.00,1.00,0.00
17.00,11.00,0.00,1.00,0.00,0.00,1.00,0.00
6.00,10.00,1.00,1.00,1.00,0.00,0.00,0.00
5.00,4.00,0.00,2.00,1.00,0.00,1.00,0.00
19.00,12.00,0.00,1.00,0.00,0.00,1.00,0.00
38.00,22.00,2.00,2.00,1.00,0.00,2.00,0.00
45.00,23.00,2.00,2.00,0.00,0.00,3.00,0.00
16.00,3.00,0.00,0.00,0.00,0.00,1.00,0.00
4.00,0.00,0.00,0.00,0.00,0.00,0.00,0.00
15.00,8.00,4.00,1.00,0.00,0.00,1.00,0.00
8.00,3.00,1.00,1.00,1.00,0.00,0.00,0.00
3.00,2.00,0.00,0.00,0.00,0.00,0.00,0.00
1.00,1.00,0.00,0.00,0.00,0.00,1.00,0.00
9.00,6.00,0.00,0.00,0.00,0.00,0.00,0.00
23.00,27.00,2.00,1.00,0.00,0.00,2.00,0.00
15.00,29.00,0.00,2.00,0.00,0.00,2.00,0.00
30.00,38.00,1.00,1.00,1.00,0.00,3.00,0.00
18.00,22.00,2.00,1.00,1.00,0.00,1.00,0.00
10.00,13.00,0.00,0.00,0.00,0.00,1.00,0.00
5.00,2.00,0.00,0.00,0.00,0.00,0.00,0.00
0.00,0.00,0.00,0.00,0.00,0.00,0.00,0.00
0.00,0.00,0.00,0.00,0.00,0.00,0.00,0.00
0.00,0.00,0.00,0.00,0.00,0.00,0.00,0.00
0.00,0.00,0.00,0.00,0.00,0.00,0.00,0.00
1.00,0.00,0.00,0.00,0.00,0.00,0.00,0.00
5.00,9.00,3.00,7.00,1.00,0.00,2.00,0.00
1.00,2.00,1.00,1.00,0.00,0.00,0.00,0.00
4.00,14.00,1.00,0.00,0.00,0.00,1.00,0.00
3.00,4.00,1.00,0.00,0.00,0.00,0.00,0.00
1.00,3.00,0.00,0.00,0.00,0.00,0.00,0.00
1.00,10.00,4.00,1.00,0.00,0.00,1.00,0.00
0.00,0.00,0.00,0.00,0.00,0.00,0.00,0.00
0.00,0.00,0.00,0.00,0.00,0.00,0.00,0.00
0.00,0.00,0.00,0.00,0.00,0.00,0.00,0.00
0.00,0.00,0.00,0.00,0.00,0.00,0.00,0.00
0.00,0.00,0.00,0.00,0.00,0.00,0.00,0.00
0.00,0.00,0.00,0.00,0.00,0.00,0.00,0.00
0.00,0.00,0.00,0.00,0.00,0.00,0.00,0.00
0.00,0.00,0.00,0.00,0.00,0.00,0.00,0.00
0.00,0.00,0.00,0.00,0.00,0.00,0.00,0.00
0.00,0.00,0.00,0.00,0.00,0.00,0.00,0.00
1.00,0.00,0.00,0.00,0.00,0.00,0.00,0.00
0.00,0.00,0.00,0.00,0.00,0.00,0.00,0.00
0.00,0.00,0.00,0.00,0.00,0.00,0.00,0.00
0.00,0.00,0.00,0.00,0.00,0.00,0.00,0.00
0.00,0.00,0.00,0.00,0.00,0.00,0.00,0.00
0.00,0.00,0.00,0.00,0.00,0.00,0.00,0.00
0.00,0.00,0.00,0.00,0.00,0.00,0.00,0.00
0.00,0.00,0.00,0.00,0.00,0.00,0.00,0.00
1.00,0.00,0.00,0.00,0.00,0.00,0.00,0.00
20.00,20.00,2.00,1.00,1.00,0.00,1.00,0.00
24.00,19.00,1.00,0.00,0.00,0.00,1.00,0.00
21.00,11.00,1.00,0.00,0.00,0.00,1.00,0.00
18.00,8.00,0.00,0.00,0.00,0.00,1.00,0.00
20.00,15.00,0.00,0.00,0.00,0.00,1.00,0.00
26.00,27.00,1.00,1.00,0.00,0.00,2.00,0.00
27.00,28.00,1.00,0.00,0.00,0.00,2.00,0.00
21.00,22.00,1.00,0.00,0.00,0.00,2.00,0.00
11.00,14.00,0.00,0.00,0.00,0.00,1.00,0.00
17.00,19.00,0.00,0.00,0.00,0.00,1.00,0.00
24.00,28.00,1.00,1.00,1.00,0.00,2.00,0.00
25.00,26.00,2.00,0.00,0.00,0.00,2.00,0.00
17.00,17.00,1.00,0.00,1.00,0.00,1.00,0.00
15.00,13.00,1.00,0.00,1.00,0.00,1.00,0.00
15.00,13.00,0.00,1.00,0.00,0.00,1.00,0.00
23.00,24.00,1.00,1.00,1.00,0.00,2.00,0.00
24.00,21.00,2.00,0.00,0.00,0.00,1.00,0.00
14.00,13.00,1.00,0.00,0.00,0.00,1.00,0.00
11.00,12.00,0.00,0.00,0.00,0.00,1.00,0.00
22.00,20.00,1.00,0.00,0.00,0.00,1.00,0.00
20.00,17.00,1.00,1.00,1.00,0.00,1.00,0.00
9.00,10.00,0.00,0.00,0.00,0.00,1.00,0.00
17.00,17.00,0.00,1.00,0.00,0.00,1.00,0.00
24.00,20.00,2.00,1.00,1.00,0.00,1.00,0.00
14.00,14.00,0.00,0.00,0.00,0.00,1.00,0.00
9.00,11.00,0.00,0.00,0.00,0.00,1.00,0.00
15.00,17.00,0.00,0.00,0.00,0.00,1.00,0.00
24.00,23.00,1.00,0.00,0.00,0.00,2.00,0.00
14.00,11.00,1.00,1.00,1.00,0.00,1.00,0.00
9.00,11.00,1.00,1.00,0.00,0.00,1.00,0.00
19.00,16.00,1.00,0.00,0.00,0.00,1.00,0.00
13.00,8.00,1.00,0.00,0.00,0.00,0.00,0.00
6.00,10.00,1.00,1.00,1.00,0.00,1.00,0.00
17.00,15.00,2.00,0.00,0.00,0.00,1.00,0.00
12.00,6.00,1.00,0.00,0.00,0.00,0.00,0.00
7.00,12.00,0.00,0.00,0.00,0.00,1.00,0.00
15.00,12.00,2.00,0.00,0.00,0.00,1.00,0.00
8.00,7.00,1.00,0.00,0.00,0.00,0.00,0.00
6.00,9.00,1.00,1.00,1.00,0.00,0.00,0.00
14.00,11.00,2.00,0.00,0.00,0.00,1.00,0.00
8.00,6.00,1.00,1.00,0.00,0.00,0.00,0.00
9.00,11.00,1.00,1.00,1.00,0.00,1.00,0.00
13.00,8.00,1.00,0.00,0.00,0.00,0.00,0.00
3.00,7.00,0.00,0.00,0.00,0.00,0.00,0.00
10.00,10.00,2.00,0.00,0.00,0.00,1.00,0.00
7.00,7.00,1.00,0.00,0.00,0.00,0.00,0.00
10.00,12.00,1.00,0.00,0.00,0.00,1.00,0.00
11.00,8.00,1.00,1.00,0.00,0.00,0.00,0.00
6.00,10.00,0.00,1.00,0.00,0.00,1.00,0.00
10.00,11.00,1.00,0.00,0.00,0.00,1.00,0.00
17.00,24.00,1.00,1.00,1.00,0.00,2.00,0.00
14.00,11.00,0.00,1.00,1.00,0.00,1.00,0.00
16.00,9.00,1.00,0.00,0.00,0.00,1.00,0.00
20.00,7.00,1.00,0.00,1.00,0.00,1.00,0.00
21.00,11.00,3.00,0.00,1.00,0.00,1.00,0.00
16.00,20.00,6.00,1.00,0.00,0.00,2.00,0.00
12.00,29.00,7.00,2.00,0.00,0.00,3.00,0.00
13.00,26.00,7.00,0.00,0.00,0.00,3.00,0.00
11.00,13.00,4.00,1.00,0.00,0.00,1.00,0.00
11.00,4.00,1.00,0.00,0.00,0.00,0.00,0.00
7.00,1.00,0.00,0.00,0.00,0.00,0.00,0.00
2.00,0.00,0.00,0.00,0.00,0.00,0.00,0.00
1.00,0.00,0.00,0.00,0.00,0.00,0.00,0.00
1.00,0.00,0.00,0.00,0.00,0.00,0.00,0.00
10.00,2.00,2.00,0.00,0.00,0.00,0.00,0.00
20.00,4.00,2.00,1.00,0.00,0.00,1.00,0.00
7.00,4.00,0.00,0.00,0.00,0.00,0.00,0.00
4.00,2.00,1.00,0.00,0.00,0.00,0.00,0.00
3.00,1.00,1.00,0.00,0.00,0.00,0.00,0.00
1.00,0.00,0.00,0.00,0.00,0.00,0.00,0.00
1.00,0.00,0.00,0.00,1.00,0.00,0.00,0.00
0.00,1.00,0.00,0.00,0.00,0.00,0.00,0.00
0.00,0.00,0.00,0.00,0.00,0.00,0.00,0.00
0.00,0.00,0.00,0.00,0.00,0.00,0.00,0.00
1.00,0.00,0.00,0.00,0.00,0.00,0.00,0.00
0.00,0.00,0.00,0.00,1.00,0.00,0.00,0.00
1.00,0.00,0.00,0.00,0.00,0.00,0.00,0.00
0.00,0.00,0.00,0.00,0.00,0.00,0.00,0.00
0.00,0.00,0.00,0.00,0.00,0.00,0.00,0.00
0.00,0.00,0.00,0.00,1.00,0.00,0.00,0.00
0.00,0.00,0.00,1.00,0.00,0.00,0.00,0.00
0.00,0.00,0.00,0.00,0.00,0.00,0.00,0.00
1.00,0.00,0.00,0.00,0.00,0.00,0.00,0.00
1.00,0.00,0.00,0.00,0.00,0.00,0.00,0.00
1.00,0.00,0.00,0.00,0.00,0.00,0.00,0.00
1.00,0.00,0.00,0.00,0.00,0.00,0.00,0.00
0.00,0.00,0.00,0.00,0.00,0.00,0.00,0.00
1.00,0.00,0.00,0.00,0.00,0.00,0.00,0.00
0.00,1.00,0.00,0.00,0.00,0.00,0.00,0.00
0.00,0.00,0.00,0.00,0.00,0.00,0.00,0.00
0.00,1.00,0.00,0.00,0.00,0.00,0.00,0.00
0.00,1.00,0.00,0.00,0.00,0.00,0.00,0.00
0.00,1.00,0.00,0.00,0.00,0.00,0.00,0.00
0.00,0.00,0.00,0.00,0.00,0.00,0.00,0.00
1.00,0.00,0.00,0.00,0.00,0.00,0.00,0.00
0.00,1.00,0.00,0.00,0.00,0.00,0.00,0.00
1.00,1.00,0.00,0.00,0.00,0.00,0.00,0.00
0.00,1.00,0.00,0.00,0.00,0.00,0.00,0.00
0.00,0.00,0.00,0.00,0.00,0.00,0.00,0.00
0.00,1.00,0.00,1.00,0.00,0.00,0.00,0.00
15.00,24.00,5.00,2.00,1.00,0.00,3.00,0.00
13.00,16.00,5.00,3.00,0.00,0.00,2.00,0.00
7.00,16.00,4.00,2.00,0.00,0.00,1.00,0.00
8.00,21.00,5.00,1.00,0.00,0.00,3.00,0.00
5.00,20.00,2.00,3.00,0.00,0.00,2.00,0.00
15.00,16.00,4.00,1.00,1.00,0.00,2.00,0.00
51.00,17.00,3.00,3.00,2.00,0.00,3.00,0.00
39.00,25.00,3.00,3.00,1.00,0.00,2.00,0.00
15.00,29.00,3.00,1.00,0.00,0.00,3.00,0.00
20.00,26.00,2.00,0.00,0.00,0.00,2.00,0.00
15.00,16.00,3.00,0.00,0.00,0.00,1.00,0.00
14.00,9.00,3.00,0.00,0.00,0.00,1.00,0.00
13.00,9.00,1.00,1.00,0.00,0.00,1.00,0.00
18.00,11.00,1.00,3.00,2.00,0.00,1.00,0.00
67.00,32.00,1.00,8.00,6.00,0.00,5.00,0.00
78.00,28.00,1.00,15.00,6.00,0.00,7.00,0.00
28.00,47.00,3.00,11.00,3.00,0.00,5.00,0.00
16.00,16.00,2.00,19.00,2.00,0.00,9.00,0.00
8.00,13.00,3.00,9.00,0.00,0.00,4.00,0.00
16.00,21.00,2.00,11.00,1.00,0.00,5.00,0.00
5.00,7.00,2.00,15.00,2.00,0.00,7.00,0.00
3.00,6.00,2.00,8.00,2.00,0.00,4.00,0.00
6.00,4.00,1.00,5.00,1.00,0.00,2.00,0.00
22.00,27.00,1.00,17.00,7.00,0.00,8.00,0.00
22.00,8.00,2.00,16.00,2.00,0.00,7.00,0.00
73.00,36.00,2.00,14.00,3.00,0.00,6.00,0.00
35.00,28.00,3.00,6.00,4.00,0.00,3.00,0.00
54.00,26.00,14.00,6.00,5.00,0.00,3.00,0.00
30.00,26.00,8.00,9.00,5.00,0.00,6.00,0.00
11.00,44.00,17.00,3.00,3.00,0.00,4.00,0.00
21.00,34.00,14.00,2.00,1.00,0.00,3.00,0.00
7.00,26.00,4.00,2.00,2.00,0.00,2.00,0.00
18.00,37.00,6.00,4.00,1.00,0.00,4.00,0.00
28.00,17.00,5.00,5.00,3.00,0.00,3.00,0.00
41.00,15.00,3.00,1.00,1.00,0.00,2.00,0.00
47.00,29.00,4.00,3.00,2.00,0.00,3.00,0.00
28.00,13.00,1.00,3.00,2.00,0.00,2.00,0.00
46.00,19.00,4.00,4.00,3.00,0.00,3.00,0.00
33.00,30.00,6.00,7.00,2.00,0.00,3.00,0.00
40.00,76.00,4.00,7.00,1.00,0.00,7.00,0.00
25.00,55.00,4.00,3.00,1.00,0.00,5.00,0.00
21.00,45.00,3.00,2.00,1.00,0.00,4.00,0.00
34.00,39.00,2.00,1.00,0.00,0.00,3.00,0.00
15.00,18.00,3.00,3.00,1.00,0.00,1.00,0.00
25.00,17.00,5.00,4.00,0.00,0.00,1.00,0.00
17.00,10.00,2.00,2.00,1.00,0.00,1.00,0.00
12.00,19.00,2.00,1.00,0.00,0.00,1.00,0.00
12.00,49.00,3.00,2.00,0.00,0.00,5.00,0.00
10.00,52.00,1.00,3.00,1.00,0.00,5.00,0.00
7.00,42.00,2.00,1.00,0.00,0.00,4.00,0.00
14.00,21.00,5.00,0.00,0.00,0.00,2.00,0.00
7.00,12.00,2.00,0.00,0.00,0.00,1.00,0.00
9.00,22.00,4.00,0.00,0.00,0.00,2.00,0.00
9.00,15.00,3.00,0.00,0.00,0.00,1.00,0.00
7.00,20.00,1.00,1.00,0.00,0.00,2.00,0.00
6.00,5.00,0.00,0.00,0.00,0.00,0.00,0.00
7.00,4.00,0.00,0.00,0.00,0.00,0.00,0.00
17.00,6.00,1.00,0.00,0.00,0.00,0.00,0.00
14.00,2.00,0.00,0.00,0.00,0.00,0.00,0.00
11.00,4.00,0.00,0.00,1.00,0.00,0.00,0.00
6.00,6.00,1.00,0.00,0.00,0.00,0.00,0.00
9.00,11.00,2.00,1.00,1.00,0.00,1.00,0.00
18.00,19.00,4.00,1.00,0.00,0.00,1.00,0.00
14.00,26.00,2.00,2.00,1.00,0.00,2.00,0.00
21.00,35.00,3.00,3.00,1.00,0.00,3.00,0.00
20.00,39.00,3.00,2.00,1.00,0.00,3.00,0.00
21.00,34.00,3.00,3.00,0.00,0.00,3.00,0.00
12.00,13.00,1.00,0.00,0.00,0.00,1.00,0.00
4.00,4.00,0.00,1.00,0.00,0.00,0.00,0.00
1.00,1.00,0.00,0.00,0.00,0.00,0.00,0.00
0.00,0.00,0.00,0.00,0.00,0.00,0.00,0.00
3.00,1.00,0.00,1.00,0.00,0.00,0.00,0.00
12.00,8.00,0.00,0.00,0.00,0.00,0.00,0.00
22.00,12.00,1.00,0.00,0.00,0.00,1.00,0.00
19.00,24.00,2.00,0.00,0.00,0.00,2.00,0.00
13.00,33.00,5.00,0.00,0.00,0.00,3.00,0.00
13.00,22.00,3.00,0.00,0.00,0.00,2.00,0.00
15.00,6.00,3.00,0.00,0.00,0.00,1.00,0.00
21.00,10.00,2.00,0.00,0.00,0.00,1.00,0.00
21.00,9.00,2.00,1.00,1.00,0.00,1.00,0.00
18.00,6.00,2.00,1.00,0.00,0.00,1.00,0.00
16.00,5.00,1.00,1.00,1.00,0.00,1.00,0.00
16.00,5.00,2.00,0.00,0.00,0.00,1.00,0.00
17.00,2.00,2.00,2.00,1.00,0.00,1.00,0.00
7.00,3.00,2.00,0.00,0.00,0.00,0.00,0.00
13.00,13.00,5.00,0.00,0.00,0.00,1.00,0.00
9.00,9.00,8.00,0.00,0.00,0.00,1.00,0.00
6.00,16.00,7.00,0.00,0.00,0.00,1.00,0.00
11.00,11.00,8.00,0.00,0.00,0.00,1.00,0.00
3.00,14.00,9.00,1.00,0.00,0.00,1.00,0.00
13.00,17.00,10.00,0.00,0.00,0.00,2.00,0.00
15.00,15.00,9.00,0.00,0.00,0.00,1.00,0.00
9.00,21.00,9.00,0.00,0.00,0.00,2.00,0.00
11.00,24.00,13.00,0.00,0.00,0.00,2.00,0.00
8.00,23.00,13.00,0.00,0.00,0.00,2.00,0.00
12.00,21.00,8.00,0.00,0.00,0.00,2.00,0.00
15.00,27.00,10.00,0.00,1.00,0.00,2.00,0.00
21.00,36.00,15.00,0.00,0.00,0.00,3.00,0.00
19.00,37.00,18.00,0.00,0.00,0.00,3.00,0.00
27.00,34.00,15.00,0.00,0.00,0.00,3.00,0.00
24.00,37.00,3.00,3.00,1.00,0.00,3.00,0.00
16.00,29.00,2.00,1.00,0.00,0.00,2.00,0.00
5.00,2.00,1.00,0.00,0.00,0.00,0.00,0.00
4.00,1.00,0.00,0.00,0.00,0.00,0.00,0.00
2.00,0.00,0.00,0.00,0.00,0.00,0.00,0.00
1.00,0.00,0.00,0.00,0.00,0.00,0.00,0.00
6.00,1.00,0.00,2.00,0.00,0.00,1.00,0.00
1.00,0.00,0.00,2.00,0.00,0.00,1.00,0.00
17.00,13.00,1.00,1.00,1.00,0.00,1.00,0.00
13.00,12.00,0.00,1.00,0.00,0.00,1.00,0.00
16.00,14.00,1.00,1.00,0.00,0.00,1.00,0.00
9.00,12.00,1.00,1.00,0.00,0.00,1.00,0.00
10.00,17.00,1.00,0.00,0.00,0.00,1.00,0.00
5.00,6.00,0.00,0.00,0.00,0.00,0.00,0.00
6.00,11.00,2.00,0.00,0.00,0.00,1.00,0.00
4.00,4.00,1.00,2.00,0.00,0.00,0.00,0.00
4.00,8.00,2.00,2.00,0.00,0.00,0.00,0.00
2.00,4.00,0.00,2.00,0.00,0.00,0.00,0.00
4.00,3.00,1.00,1.00,0.00,0.00,0.00,0.00
3.00,8.00,1.00,0.00,0.00,0.00,1.00,0.00
3.00,3.00,0.00,0.00,0.00,0.00,0.00,0.00
3.00,3.00,1.00,0.00,0.00,0.00,0.00,0.00
3.00,6.00,1.00,0.00,0.00,0.00,0.00,0.00
2.00,3.00,1.00,0.00,0.00,0.00,0.00,0.00
5.00,2.00,0.00,0.00,0.00,0.00,0.00,0.00
5.00,5.00,0.00,0.00,0.00,0.00,0.00,0.00
1.00,2.00,0.00,0.00,0.00,0.00,0.00,0.00
2.00,5.00,0.00,0.00,0.00,0.00,0.00,0.00
1.00,3.00,0.00,0.00,0.00,0.00,0.00,0.00
3.00,3.00,0.00,0.00,0.00,0.00,0.00,0.00
5.00,7.00,0.00,1.00,0.00,0.00,0.00,0.00
1.00,3.00,0.00,0.00,0.00,0.00,0.00,0.00
6.00,7.00,1.00,1.00,0.00,0.00,0.00,0.00
4.00,2.00,0.00,0.00,0.00,0.00,0.00,0.00
2.00,1.00,0.00,0.00,1.00,0.00,1.00,0.00
1.00,0.00,0.00,1.00,1.00,0.00,0.00,0.00
0.00,0.00,0.00,1.00,2.00,0.00,1.00,0.00
1.00,0.00,0.00,1.00,2.00,0.00,1.00,0.00
1.00,0.00,0.00,1.00,0.00,0.00,0.00,0.00
8.00,6.00,0.00,0.00,0.00,0.00,0.00,0.00
5.00,2.00,0.00,0.00,0.00,0.00,0.00,0.00
8.00,5.00,0.00,0.00,0.00,0.00,0.00,0.00
3.00,0.00,0.00,0.00,0.00,0.00,0.00,0.00
1.00,1.00,0.00,1.00,1.00,0.00,1.00,0.00
2.00,0.00,0.00,1.00,1.00,0.00,0.00,0.00
2.00,1.00,0.00,0.00,0.00,0.00,0.00,0.00
4.00,4.00,0.00,0.00,0.00,0.00,0.00,0.00
3.00,1.00,0.00,0.00,1.00,0.00,0.00,0.00
5.00,5.00,0.00,0.00,0.00,0.00,0.00,0.00
3.00,1.00,0.00,0.00,0.00,0.00,0.00,0.00
9.00,21.00,14.00,7.00,2.00,0.00,4.00,0.00
5.00,8.00,2.00,1.00,0.00,0.00,1.00,0.00
12.00,24.00,6.00,11.00,2.00,0.00,5.00,0.00
27.00,29.00,2.00,9.00,3.00,0.00,4.00,0.00
33.00,39.00,3.00,11.00,3.00,0.00,5.00,0.00
25.00,35.00,4.00,7.00,2.00,0.00,3.00,0.00
13.00,10.00,2.00,9.00,2.00,0.00,4.00,0.00
5.00,4.00,3.00,1.00,0.00,0.00,0.00,0.00
1.00,1.00,0.00,0.00,0.00,0.00,0.00,0.00
0.00,1.00,1.00,0.00,0.00,0.00,0.00,0.00
1.00,0.00,0.00,0.00,0.00,0.00,0.00,0.00
5.00,3.00,1.00,0.00,0.00,0.00,0.00,0.00
1.00,0.00,0.00,0.00,0.00,0.00,0.00,0.00
1.00,1.00,0.00,0.00,0.00,0.00,0.00,0.00
1.00,1.00,0.00,0.00,0.00,0.00,0.00,0.00
0.00,1.00,0.00,0.00,0.00,0.00,1.00,0.00
1.00,0.00,0.00,0.00,0.00,0.00,0.00,0.00
6.00,10.00,1.00,0.00,0.00,0.00,1.00,0.00
8.00,11.00,9.00,0.00,0.00,0.00,1.00,0.00
10.00,26.00,12.00,1.00,1.00,0.00,3.00,0.00
11.00,14.00,12.00,0.00,0.00,0.00,2.00,0.00
18.00,13.00,9.00,0.00,0.00,0.00,1.00,0.00
6.00,2.00,1.00,0.00,0.00,0.00,0.00,0.00
3.00,1.00,0.00,0.00,0.00,0.00,0.00,0.00
1.00,0.00,0.00,0.00,0.00,0.00,0.00,0.00
10.00,7.00,2.00,1.00,1.00,0.00,0.00,0.00
25.00,13.00,3.00,2.00,1.00,0.00,1.00,0.00
5.00,3.00,1.00,0.00,0.00,0.00,0.00,0.00
2.00,2.00,1.00,0.00,0.00,0.00,0.00,0.00
27.00,104.00,17.00,7.00,9.00,0.00,12.00,0.00
10.00,111.00,44.00,6.00,7.00,0.00,16.00,0.00
12.00,114.00,56.00,10.00,8.00,0.00,17.00,0.00
9.00,50.00,37.00,2.00,4.00,0.00,7.00,0.00
5.00,11.00,12.00,0.00,1.00,0.00,2.00,0.00
8.00,18.00,17.00,1.00,1.00,0.00,3.00,0.00
5.00,9.00,4.00,0.00,0.00,0.00,1.00,0.00
4.00,6.00,4.00,0.00,0.00,0.00,0.00,0.00
4.00,6.00,0.00,0.00,0.00,0.00,0.00,0.00
4.00,3.00,0.00,0.00,0.00,0.00,0.00,0.00
0.00,0.00,0.00,0.00,0.00,0.00,0.00,0.00
0.00,1.00,0.00,0.00,0.00,0.00,0.00,0.00
0.00,0.00,2.00,0.00,0.00,0.00,0.00,0.00
0.00,0.00,0.00,0.00,0.00,0.00,0.00,0.00
0.00,0.00,0.00,0.00,0.00,0.00,0.00,0.00
1.00,0.00,0.00,0.00,0.00,0.00,0.00,0.00
0.00,0.00,0.00,0.00,0.00,0.00,0.00,0.00
0.00,0.00,0.00,0.00,0.00,0.00,0.00,0.00
0.00,0.00,0.00,0.00,0.00,0.00,0.00,0.00
1.00,0.00,0.00,0.00,0.00,0.00,0.00,0.00
0.00,0.00,0.00,0.00,0.00,0.00,0.00,0.00
6.00,20.00,14.00,0.00,0.00,0.00,2.00,0.00
7.00,18.00,11.00,1.00,0.00,0.00,2.00,0.00
6.00,16.00,11.00,1.00,0.00,0.00,2.00,0.00
4.00,18.00,10.00,1.00,0.00,0.00,2.00,0.00
4.00,15.00,9.00,1.00,0.00,0.00,2.00,0.00
3.00,13.00,9.00,1.00,1.00,0.00,1.00,0.00
3.00,13.00,6.00,0.00,0.00,0.00,1.00,0.00
5.00,10.00,4.00,0.00,0.00,0.00,1.00,0.00
6.00,11.00,5.00,0.00,0.00,0.00,1.00,0.00
6.00,12.00,7.00,1.00,1.00,0.00,1.00,0.00
3.00,13.00,7.00,0.00,0.00,0.00,1.00,0.00
4.00,10.00,4.00,0.00,0.00,0.00,1.00,0.00
5.00,6.00,3.00,0.00,0.00,0.00,0.00,0.00
6.00,4.00,1.00,0.00,0.00,0.00,0.00,0.00
9.00,8.00,1.00,0.00,0.00,0.00,0.00,0.00
10.00,8.00,2.00,0.00,0.00,0.00,0.00,0.00
5.00,5.00,0.00,0.00,0.00,0.00,0.00,0.00
8.00,10.00,0.00,0.00,0.00,0.00,0.00,0.00
3.00,3.00,0.00,0.00,0.00,0.00,0.00,0.00
5.00,6.00,0.00,0.00,0.00,0.00,0.00,0.00
4.00,4.00,0.00,0.00,0.00,0.00,0.00,0.00
4.00,1.00,0.00,0.00,0.00,0.00,0.00,0.00
5.00,4.00,0.00,0.00,0.00,0.00,0.00,0.00
2.00,2.00,1.00,0.00,0.00,0.00,0.00,0.00
3.00,3.00,0.00,1.00,0.00,0.00,0.00,0.00
1.00,2.00,1.00,0.00,0.00,0.00,0.00,0.00
3.00,3.00,2.00,1.00,0.00,0.00,0.00,0.00
1.00,0.00,1.00,0.00,0.00,0.00,0.00,0.00
2.00,1.00,1.00,1.00,0.00,0.00,0.00,0.00
1.00,0.00,0.00,0.00,0.00,0.00,0.00,0.00
0.00,0.00,0.00,0.00,0.00,0.00,0.00,0.00
0.00,0.00,0.00,0.00,0.00,0.00,0.00,0.00
0.00,1.00,1.00,0.00,0.00,0.00,0.00,0.00
1.00,0.00,0.00,0.00,0.00,0.00,0.00,0.00
0.00,0.00,0.00,0.00,0.00,0.00,0.00,0.00
0.00,1.00,1.00,0.00,0.00,0.00,0.00,0.00
1.00,0.00,1.00,0.00,0.00,0.00,0.00,0.00
0.00,1.00,1.00,0.00,0.00,0.00,0.00,0.00
0.00,0.00,0.00,0.00,0.00,0.00,0.00,0.00
1.00,0.00,0.00,0.00,0.00,0.00,0.00,0.00
0.00,0.00,0.00,0.00,0.00,0.00,0.00,0.00
0.00,0.00,0.00,0.00,0.00,0.00,0.00,0.00
0.00,1.00,0.00,0.00,0.00,0.00,0.00,0.00
0.00,0.00,0.00,0.00,0.00,0.00,0.00,0.00
1.00,0.00,1.00,0.00,0.00,0.00,0.00,0.00
0.00,0.00,0.00,0.00,0.00,0.00,0.00,0.00
0.00,0.00,0.00,0.00,0.00,0.00,0.00,0.00
0.00,0.00,0.00,0.00,0.00,0.00,0.00,0.00
1.00,0.00,0.00,0.00,0.00,0.00,0.00,0.00
1.00,0.00,0.00,0.00,0.00,0.00,0.00,0.00
15.00,26.00,13.00,1.00,1.00,0.00,3.00,0.00
20.00,29.00,12.00,0.00,1.00,0.00,3.00,0.00
9.00,26.00,8.00,0.00,0.00,0.00,3.00,0.00
9.00,31.00,15.00,0.00,1.00,0.00,3.00,0.00
16.00,29.00,15.00,1.00,1.00,0.00,3.00,0.00
13.00,18.00,15.00,1.00,0.00,0.00,3.00,0.00
8.00,17.00,19.00,0.00,1.00,0.00,4.00,0.00
14.00,24.00,17.00,0.00,1.00,0.00,3.00,0.00
10.00,12.00,8.00,0.00,1.00,0.00,1.00,0.00
13.00,22.00,15.00,0.00,2.00,0.00,3.00,0.00
11.00,10.00,12.00,1.00,1.00,0.00,2.00,0.00
7.00,7.00,9.00,0.00,0.00,0.00,1.00,0.00
1.00,2.00,1.00,0.00,0.00,0.00,0.00,0.00
0.00,1.00,1.00,0.00,0.00,0.00,0.00,0.00
0.00,2.00,2.00,0.00,0.00,0.00,0.00,0.00
2.00,2.00,0.00,0.00,0.00,0.00,0.00,0.00
14.00,31.00,19.00,0.00,1.00,0.00,4.00,0.00
14.00,17.00,16.00,0.00,1.00,0.00,3.00,0.00
25.00,26.00,20.00,0.00,1.00,0.00,3.00,0.00
27.00,20.00,7.00,0.00,0.00,0.00,2.00,0.00
19.00,11.00,5.00,0.00,0.00,0.00,1.00,0.00
3.00,3.00,1.00,0.00,0.00,0.00,0.00,0.00
1.00,1.00,1.00,1.00,0.00,0.00,0.00,0.00
0.00,1.00,0.00,1.00,0.00,0.00,0.00,0.00
1.00,0.00,0.00,0.00,0.00,0.00,0.00,0.00
1.00,1.00,0.00,0.00,0.00,0.00,0.00,0.00
0.00,0.00,0.00,0.00,0.00,0.00,0.00,0.00
0.00,0.00,0.00,0.00,0.00,0.00,0.00,0.00
11.00,36.00,9.00,0.00,0.00,0.00,4.00,0.00
5.00,5.00,2.00,0.00,0.00,0.00,0.00,0.00
12.00,6.00,5.00,0.00,0.00,0.00,0.00,0.00
8.00,3.00,2.00,0.00,0.00,0.00,0.00,0.00
15.00,7.00,1.00,0.00,0.00,0.00,1.00,0.00
89.00,69.00,24.00,1.00,1.00,0.00,7.00,0.00
110.00,31.00,20.00,0.00,3.00,0.00,8.00,0.00
67.00,61.00,18.00,1.00,2.00,0.00,5.00,0.00
38.00,59.00,14.00,1.00,2.00,0.00,5.00,0.00
17.00,12.00,5.00,1.00,0.00,0.00,1.00,0.00
32.00,18.00,3.00,0.00,0.00,0.00,2.00,0.00
12.00,5.00,0.00,0.00,0.00,0.00,0.00,0.00
0.00,0.00,0.00,0.00,0.00,0.00,0.00,0.00
1.00,1.00,0.00,0.00,0.00,0.00,0.00,0.00
1.00,0.00,0.00,0.00,0.00,0.00,0.00,0.00
1.00,0.00,0.00,0.00,0.00,0.00,0.00,0.00
0.00,0.00,0.00,0.00,0.00,0.00,0.00,0.00
0.00,0.00,0.00,0.00,0.00,0.00,0.00,0.00
1.00,0.00,0.00,0.00,0.00,0.00,0.00,0.00
1.00,0.00,0.00,0.00,0.00,0.00,0.00,0.00
0.00,0.00,0.00,0.00,0.00,0.00,0.00,0.00
0.00,0.00,0.00,0.00,0.00,0.00,0.00,0.00
19.00,13.00,5.00,2.00,2.00,0.00,2.00,0.00
6.00,4.00,15.00,3.00,3.00,0.00,3.00,0.00
6.00,5.00,14.00,2.00,1.00,0.00,3.00,0.00
20.00,13.00,11.00,2.00,2.00,0.00,2.00,0.00
28.00,45.00,13.00,1.00,2.00,0.00,4.00,0.00
25.00,30.00,4.00,2.00,1.00,0.00,2.00,0.00
32.00,36.00,5.00,1.00,1.00,0.00,3.00,0.00
39.00,26.00,8.00,1.00,1.00,0.00,2.00,0.00
9.00,2.00,3.00,1.00,0.00,0.00,0.00,0.00
0.00,1.00,4.00,1.00,0.00,0.00,0.00,0.00
3.00,2.00,2.00,1.00,0.00,0.00,0.00,0.00
18.00,15.00,7.00,2.00,0.00,0.00,1.00,0.00
10.00,9.00,3.00,1.00,0.00,0.00,1.00,0.00
8.00,19.00,4.00,2.00,1.00,0.00,2.00,0.00
4.00,6.00,3.00,1.00,0.00,0.00,0.00,0.00
4.00,4.00,2.00,1.00,0.00,0.00,0.00,0.00
3.00,3.00,3.00,1.00,1.00,0.00,0.00,0.00
1.00,1.00,5.00,0.00,0.00,0.00,1.00,0.00
1.00,1.00,2.00,0.00,0.00,0.00,0.00,0.00
0.00,1.00,1.00,0.00,0.00,0.00,0.00,0.00
1.00,1.00,2.00,0.00,0.00,0.00,0.00,0.00
0.00,1.00,0.00,0.00,0.00,0.00,0.00,0.00
0.00,0.00,1.00,0.00,0.00,0.00,0.00,0.00
0.00,0.00,0.00,0.00,0.00,0.00,0.00,0.00
0.00,0.00,0.00,0.00,0.00,0.00,0.00,0.00
0.00,0.00,0.00,0.00,0.00,0.00,0.00,0.00
0.00,0.00,0.00,0.00,0.00,0.00,0.00,0.00
0.00,0.00,0.00,0.00,0.00,0.00,0.00,0.00
0.00,0.00,0.00,0.00,0.00,0.00,0.00,0.00
0.00,0.00,0.00,0.00,0.00,0.00,0.00,0.00
0.00,0.00,0.00,0.00,0.00,0.00,0.00,0.00
0.00,0.00,0.00,0.00,0.00,0.00,0.00,0.00
1.00,0.00,0.00,0.00,0.00,0.00,0.00,0.00
0.00,0.00,0.00,0.00,0.00,0.00,0.00,0.00
0.00,0.00,0.00,0.00,0.00,0.00,0.00,0.00
0.00,0.00,0.00,0.00,0.00,0.00,0.00,0.00
0.00,0.00,0.00,0.00,0.00,0.00,0.00,0.00
0.00,0.00,0.00,0.00,0.00,0.00,0.00,0.00
1.00,0.00,0.00,0.00,0.00,0.00,0.00,0.00
1.00,0.00,0.00,0.00,0.00,0.00,0.00,0.00
0.00,0.00,0.00,0.00,0.00,0.00,0.00,0.00
0.00,0.00,0.00,0.00,0.00,0.00,0.00,0.00
0.00,0.00,0.00,0.00,0.00,0.00,0.00,0.00
0.00,0.00,0.00,0.00,0.00,0.00,0.00,0.00
0.00,0.00,0.00,0.00,0.00,0.00,0.00,0.00
1.00,0.00,0.00,0.00,0.00,0.00,0.00,0.00
0.00,0.00,0.00,0.00,0.00,0.00,0.00,0.00
0.00,0.00,0.00,0.00,0.00,0.00,0.00,0.00
1.00,0.00,0.00,0.00,0.00,0.00,0.00,0.00
0.00,0.00,0.00,0.00,0.00,0.00,0.00,0.00
13.00,23.00,6.00,0.00,1.00,0.00,2.00,0.00
20.00,41.00,7.00,0.00,1.00,0.00,4.00,0.00
51.00,89.00,21.00,4.00,7.00,0.00,9.00,0.00
91.00,128.00,66.00,13.00,22.00,0.00,17.00,0.00
96.00,128.00,72.00,13.00,17.00,1.00,18.00,0.00
61.00,128.00,62.00,24.00,30.00,2.00,22.00,0.00
43.00,101.00,64.00,13.00,17.00,1.00,13.00,0.00
53.00,111.00,78.00,9.00,22.00,1.00,17.00,0.00
43.00,128.00,82.00,15.00,26.00,1.00,20.00,0.00
33.00,128.00,66.00,15.00,12.00,1.00,18.00,0.00
44.00,128.00,76.00,22.00,22.00,1.00,25.00,0.00
52.00,128.00,38.00,13.00,18.00,0.00,24.00,0.00
42.00,128.00,77.00,15.00,14.00,0.00,16.00,0.00
46.00,95.00,62.00,6.00,11.00,0.00,12.00,0.00
61.00,60.00,49.00,3.00,13.00,0.00,10.00,0.00
51.00,65.00,56.00,3.00,12.00,0.00,11.00,0.00
36.00,76.00,42.00,1.00,8.00,0.00,8.00,0.00
26.00,87.00,26.00,5.00,8.00,0.00,9.00,0.00
26.00,36.00,8.00,5.00,4.00,0.00,4.00,0.00
20.00,18.00,8.00,3.00,4.00,0.00,3.00,0.00
18.00,77.00,12.00,2.00,3.00,0.00,9.00,0.00
22.00,117.00,10.00,6.00,4.00,0.00,14.00,0.00
23.00,121.00,26.00,16.00,4.00,0.00,15.00,0.00
41.00,64.00,28.00,24.00,4.00,0.00,8.00,0.00
19.00,64.00,23.00,16.00,3.00,0.00,7.00,0.00
33.00,128.00,24.00,20.00,5.00,0.00,17.00,0.00
45.00,105.00,38.00,31.00,12.00,0.00,14.00,0.00
62.00,102.00,44.00,13.00,16.00,0.00,12.00,0.00
91.00,106.00,39.00,19.00,12.00,0.00,11.00,0.00
97.00,124.00,38.00,7.00,10.00,0.00,14.00,0.00
89.00,128.00,39.00,11.00,6.00,0.00,17.00,0.00
79.00,128.00,37.00,9.00,8.00,0.00,20.00,0.00
88.00,128.00,25.00,7.00,5.00,0.00,21.00,0.00
97.00,128.00,31.00,6.00,6.00,0.00,18.00,0.00
62.00,85.00,17.00,8.00,7.00,0.00,8.00,0.00
33.00,128.00,23.00,7.00,9.00,0.00,16.00,0.00
24.00,128.00,28.00,10.00,9.00,0.00,23.00,0.00
26.00,128.00,31.00,10.00,7.00,0.00,19.00,0.00
29.00,117.00,14.00,22.00,7.00,0.00,12.00,0.00
42.00,128.00,17.00,40.00,8.00,0.00,14.00,0.00
51.00,128.00,24.00,54.00,8.00,1.00,18.00,0.00
32.00,121.00,18.00,41.00,6.00,2.00,14.00,0.00
25.00,67.00,4.00,18.00,3.00,0.00,7.00,0.00
14.00,39.00,3.00,6.00,2.00,0.00,4.00,0.00
20.00,19.00,4.00,4.00,2.00,0.00,2.00,0.00
15.00,17.00,4.00,7.00,1.00,0.00,2.00,0.00
20.00,32.00,3.00,9.00,1.00,0.00,3.00,0.00
12.00,13.00,3.00,6.00,2.00,0.00,2.00,0.00
14.00,24.00,2.00,2.00,1.00,0.00,2.00,0.00
18.00,6.00,2.00,3.00,1.00,0.00,1.00,0.00
16.00,20.00,4.00,3.00,1.00,0.00,1.00,0.00
28.00,45.00,6.00,6.00,2.00,0.00,4.00,0.00
41.00,80.00,11.00,17.00,6.00,0.00,7.00,0.00
55.00,117.00,14.00,30.00,15.00,1.00,11.00,0.00
68.00,128.00,15.00,33.00,16.00,1.00,12.00,0.00
70.00,128.00,13.00,28.00,14.00,1.00,12.00,0.00
62.00,128.00,13.00,22.00,15.00,2.00,12.00,0.00
64.00,128.00,13.00,16.00,11.00,0.00,13.00,0.00
59.00,128.00,17.00,16.00,11.00,0.00,14.00,0.00
69.00,128.00,19.00,22.00,12.00,0.00,14.00,0.00
67.00,128.00,18.00,20.00,13.00,1.00,14.00,0.00
71.00,128.00,18.00,18.00,17.00,1.00,14.00,0.00
69.00,128.00,20.00,22.00,23.00,1.00,17.00,0.00
76.00,128.00,22.00,20.00,24.00,1.00,18.00,0.00
75.00,128.00,24.00,22.00,25.00,1.00,19.00,0.00
74.00,128.00,25.00,36.00,19.00,1.00,20.00,0.00
76.00,128.00,26.00,36.00,17.00,1.00,20.00,0.00
66.00,128.00,22.00,24.00,19.00,0.00,15.00,0.00
63.00,128.00,25.00,39.00,13.00,0.00,22.00,0.00
50.00,128.00,35.00,34.00,12.00,1.00,19.00,0.00
50.00,128.00,31.00,32.00,10.00,0.00,18.00,0.00
48.00,128.00,27.00,25.00,9.00,1.00,15.00,0.00
57.00,128.00,25.00,22.00,13.00,1.00,15.00,0.00
56.00,128.00,24.00,23.00,9.00,1.00,15.00,0.00
42.00,128.00,30.00,27.00,16.00,0.00,16.00,0.00
36.00,128.00,40.00,24.00,29.00,0.00,22.00,0.00
49.00,128.00,76.00,61.00,29.00,0.00,36.00,0.00
63.00,128.00,116.00,83.00,30.00,1.00,49.00,0.00
98.00,128.00,109.00,40.00,36.00,1.00,27.00,0.00
128.00,128.00,64.00,61.00,15.00,1.00,35.00,0.00
128.00,128.00,60.00,34.00,7.00,1.00,30.00,0.00
119.00,112.00,59.00,29.00,9.00,0.00,16.00,0.00
128.00,76.00,19.00,8.00,8.00,0.00,10.00,0.00
114.00,41.00,28.00,6.00,7.00,0.00,8.00,0.00
28.00,27.00,8.00,14.00,4.00,0.00,4.00,0.00
12.00,8.00,2.00,1.00,1.00,0.00,1.00,0.00
3.00,3.00,3.00,1.00,0.00,0.00,1.00,0.00
6.00,6.00,3.00,1.00,0.00,0.00,1.00,0.00
2.00,5.00,3.00,2.00,1.00,0.00,1.00,0.00
52.00,48.00,5.00,7.00,2.00,0.00,4.00,0.00
56.00,69.00,8.00,21.00,5.00,0.00,10.00,0.00
47.00,102.00,9.00,8.00,3.00,0.00,10.00,0.00
84.00,128.00,5.00,9.00,0.00,0.00,16.00,0.00
50.00,128.00,5.00,6.00,0.00,0.00,12.00,0.00
60.00,67.00,8.00,9.00,0.00,0.00,6.00,0.00
34.00,60.00,8.00,10.00,1.00,0.00,5.00,0.00
41.00,86.00,3.00,7.00,1.00,0.00,8.00,0.00
22.00,39.00,3.00,1.00,0.00,0.00,3.00,0.00
7.00,4.00,3.00,0.00,0.00,0.00,0.00,0.00
3.00,2.00,1.00,0.00,0.00,0.00,0.00,0.00
15.00,26.00,3.00,3.00,0.00,0.00,2.00,0.00
15.00,13.00,3.00,2.00,0.00,0.00,1.00,0.00
15.00,9.00,3.00,3.00,0.00,0.00,1.00,0.00
24.00,24.00,4.00,5.00,0.00,0.00,2.00,0.00
28.00,49.00,8.00,6.00,1.00,0.00,4.00,0.00
21.00,85.00,4.00,5.00,1.00,0.00,8.00,0.00
77.00,108.00,3.00,6.00,1.00,0.00,9.00,0.00
37.00,26.00,2.00,5.00,2.00,0.00,2.00,0.00
7.00,32.00,5.00,1.00,0.00,0.00,4.00,0.00
14.00,39.00,24.00,2.00,0.00,0.00,5.00,0.00
10.00,24.00,18.00,3.00,0.00,0.00,3.00,0.00
3.00,27.00,13.00,3.00,0.00,0.00,4.00,0.00
16.00,29.00,22.00,1.00,0.00,0.00,4.00,0.00
10.00,24.00,14.00,2.00,0.00,0.00,3.00,0.00
7.00,40.00,9.00,1.00,0.00,0.00,5.00,0.00
22.00,22.00,3.00,1.00,0.00,0.00,2.00,0.00
53.00,29.00,2.00,5.00,1.00,0.00,4.00,0.00
64.00,42.00,1.00,6.00,1.00,0.00,4.00,0.00
47.00,22.00,1.00,6.00,1.00,0.00,3.00,0.00
79.00,68.00,5.00,2.00,0.00,0.00,6.00,0.00
22.00,70.00,7.00,4.00,0.00,0.00,8.00,0.00
10.00,75.00,8.00,7.00,1.00,0.00,10.00,0.00
12.00,90.00,22.00,16.00,1.00,0.00,12.00,0.00
14.00,80.00,18.00,10.00,1.00,0.00,10.00,0.00
16.00,81.00,10.00,6.00,1.00,0.00,10.00,0.00
34.00,62.00,8.00,3.00,1.00,0.00,6.00,0.00
17.00,21.00,2.00,1.00,0.00,0.00,1.00,0.00
12.00,5.00,1.00,0.00,0.00,0.00,0.00,0.00
5.00,3.00,0.00,1.00,1.00,0.00,0.00,0.00
3.00,0.00,0.00,0.00,0.00,0.00,0.00,0.00
9.00,6.00,0.00,0.00,0.00,0.00,0.00,0.00
6.00,10.00,0.00,0.00,0.00,0.00,0.00,0.00
17.00,20.00,2.00,0.00,0.00,0.00,1.00,0.00
7.00,17.00,1.00,0.00,0.00,0.00,1.00,0.00
14.00,24.00,2.00,0.00,0.00,0.00,2.00,0.00
4.00,9.00,2.00,0.00,0.00,0.00,0.00,0.00
4.00,2.00,0.00,0.00,1.00,0.00,0.00,0.00
5.00,3.00,1.00,0.00,0.00,0.00,0.00,0.00
3.00,1.00,0.00,0.00,0.00,0.00,0.00,0.00
11.00,15.00,2.00,0.00,1.00,0.00,2.00,0.00
3.00,2.00,1.00,1.00,0.00,0.00,0.00,0.00
7.00,5.00,2.00,1.00,0.00,0.00,0.00,0.00
1.00,7.00,1.00,2.00,0.00,0.00,1.00,0.00
5.00,5.00,2.00,1.00,0.00,0.00,1.00,0.00
16.00,19.00,2.00,2.00,1.00,0.00,1.00,0.00
12.00,25.00,2.00,3.00,0.00,0.00,2.00,0.00
26.00,11.00,3.00,1.00,0.00,0.00,1.00,0.00
9.00,14.00,2.00,1.00,0.00,0.00,1.00,0.00
20.00,11.00,2.00,1.00,0.00,0.00,1.00,0.00
9.00,14.00,21.00,10.00,1.00,0.00,4.00,0.00
27.00,17.00,1.00,5.00,2.00,0.00,2.00,0.00
27.00,18.00,1.00,1.00,0.00,0.00,2.00,0.00
18.00,12.00,0.00,1.00,1.00,0.00,1.00,0.00
19.00,6.00,0.00,1.00,0.00,0.00,1.00,0.00
19.00,11.00,0.00,0.00,0.00,0.00,1.00,0.00
4.00,3.00,0.00,0.00,0.00,0.00,0.00,0.00
0.00,1.00,0.00,0.00,0.00,0.00,0.00,0.00
0.00,0.00,0.00,0.00,0.00,0.00,0.00,0.00
2.00,2.00,1.00,0.00,0.00,0.00,0.00,0.00
1.00,1.00,1.00,1.00,0.00,0.00,0.00,0.00
0.00,2.00,1.00,0.00,0.00,0.00,1.00,0.00
0.00,1.00,0.00,1.00,1.00,0.00,0.00,0.00
0.00,0.00,1.00,0.00,0.00,0.00,0.00,0.00
0.00,0.00,1.00,1.00,0.00,0.00,0.00,0.00
9.00,7.00,0.00,1.00,0.00,0.00,0.00,0.00
2.00,2.00,1.00,1.00,1.00,0.00,1.00,0.00
6.00,5.00,2.00,3.00,4.00,0.00,3.00,0.00
15.00,7.00,2.00,2.00,5.00,0.00,3.00,0.00
24.00,12.00,1.00,1.00,5.00,0.00,4.00,0.00
30.00,14.00,2.00,1.00,4.00,0.00,3.00,0.00
38.00,14.00,3.00,1.00,4.00,0.00,3.00,0.00
41.00,10.00,4.00,1.00,5.00,0.00,4.00,0.00
46.00,13.00,4.00,1.00,4.00,0.00,3.00,0.00
34.00,9.00,4.00,2.00,4.00,0.00,3.00,0.00
30.00,8.00,5.00,3.00,7.00,0.00,5.00,0.00
36.00,14.00,4.00,2.00,6.00,0.00,4.00,0.00
39.00,7.00,5.00,2.00,4.00,0.00,3.00,0.00
47.00,15.00,4.00,2.00,3.00,0.00,3.00,0.00
66.00,22.00,2.00,2.00,5.00,0.00,4.00,0.00
61.00,16.00,2.00,2.00,5.00,0.00,4.00,0.00
101.00,68.00,6.00,1.00,4.00,0.00,7.00,0.00
95.00,70.00,12.00,10.00,17.00,0.00,12.00,0.00
69.00,87.00,20.00,14.00,13.00,1.00,10.00,0.00
66.00,128.00,24.00,21.00,10.00,1.00,17.00,0.00
71.00,128.00,26.00,29.00,7.00,1.00,25.00,0.00
70.00,128.00,27.00,56.00,6.00,2.00,30.00,0.00
74.00,128.00,38.00,47.00,6.00,1.00,32.00,0.00
78.00,128.00,55.00,29.00,7.00,1.00,34.00,0.00
87.00,128.00,60.00,27.00,10.00,1.00,24.00,0.00
78.00,102.00,35.00,13.00,4.00,0.00,11.00,0.00
65.00,77.00,49.00,8.00,3.00,0.00,11.00,0.00
20.00,19.00,18.00,5.00,5.00,0.00,5.00,0.00
14.00,35.00,21.00,12.00,4.00,0.00,4.00,0.00
4.00,17.00,11.00,5.00,3.00,0.00,3.00,0.00
1.00,3.00,3.00,3.00,1.00,0.00,1.00,0.00
0.00,4.00,1.00,1.00,0.00,0.00,0.00,0.00
0.00,1.00,0.00,1.00,0.00,0.00,0.00,0.00
1.00,2.00,0.00,0.00,0.00,0.00,0.00,0.00
0.00,0.00,0.00,0.00,0.00,0.00,0.00,0.00
1.00,0.00,0.00,0.00,0.00,0.00,0.00,0.00
26.00,40.00,5.00,7.00,1.00,0.00,4.00,0.00
63.00,128.00,13.00,6.00,3.00,0.00,15.00,0.00
100.00,87.00,21.00,9.00,2.00,0.00,8.00,0.00
106.00,63.00,18.00,33.00,7.00,1.00,11.00,0.00
72.00,56.00,22.00,16.00,10.00,1.00,10.00,0.00
19.00,49.00,20.00,36.00,16.00,2.00,16.00,0.00
25.00,15.00,11.00,24.00,7.00,1.00,8.00,0.00
27.00,27.00,16.00,28.00,14.00,0.00,14.00,0.00
31.00,27.00,21.00,21.00,13.00,0.00,14.00,0.00
30.00,51.00,27.00,36.00,7.00,1.00,12.00,0.00
21.00,41.00,8.00,9.00,3.00,0.00,4.00,0.00
23.00,23.00,6.00,12.00,2.00,0.00,4.00,0.00
4.00,4.00,5.00,4.00,0.00,0.00,1.00,0.00
1.00,1.00,1.00,1.00,1.00,0.00,0.00,0.00
0.00,1.00,0.00,0.00,0.00,0.00,0.00,0.00
1.00,1.00,0.00,0.00,0.00,0.00,0.00,0.00
1.00,0.00,0.00,0.00,0.00,0.00,0.00,0.00
0.00,0.00,0.00,0.00,0.00,0.00,0.00,0.00
1.00,0.00,0.00,0.00,0.00,0.00,0.00,0.00
1.00,0.00,0.00,1.00,1.00,0.00,0.00,0.00
1.00,0.00,0.00,0.00,0.00,0.00,0.00,0.00
1.00,0.00,0.00,0.00,0.00,0.00,0.00,0.00
0.00,0.00,0.00,1.00,0.00,0.00,0.00,0.00
1.00,0.00,0.00,0.00,0.00,0.00,0.00,0.00
0.00,0.00,0.00,0.00,0.00,0.00,0.00,0.00
0.00,0.00,0.00,0.00,0.00,0.00,0.00,0.00
1.00,1.00,0.00,0.00,0.00,0.00,0.00,0.00
0.00,0.00,0.00,0.00,0.00,0.00,0.00,0.00
0.00,1.00,0.00,1.00,0.00,0.00,0.00,0.00
0.00,0.00,0.00,0.00,0.00,0.00,0.00,0.00
0.00,0.00,0.00,0.00,0.00,0.00,0.00,0.00
0.00,0.00,0.00,0.00,0.00,0.00,0.00,0.00
1.00,0.00,0.00,0.00,0.00,0.00,0.00,0.00
2.00,1.00,0.00,0.00,0.00,0.00,0.00,0.00
0.00,0.00,0.00,0.00,0.00,0.00,0.00,0.00
1.00,0.00,0.00,0.00,0.00,0.00,0.00,0.00
0.00,0.00,0.00,0.00,0.00,0.00,0.00,0.00
0.00,0.00,0.00,0.00,0.00,0.00,0.00,0.00
0.00,0.00,0.00,0.00,0.00,0.00,0.00,0.00
0.00,0.00,0.00,0.00,0.00,0.00,0.00,0.00
0.00,0.00,0.00,0.00,0.00,0.00,0.00,0.00
0.00,0.00,0.00,0.00,0.00,0.00,0.00,0.00
0.00,0.00,0.00,0.00,0.00,0.00,0.00,0.00
1.00,0.00,0.00,0.00,0.00,0.00,0.00,0.00
0.00,0.00,0.00,0.00,0.00,0.00,0.00,0.00
0.00,0.00,0.00,0.00,0.00,0.00,0.00,0.00
0.00,0.00,0.00,0.00,0.00,0.00,0.00,0.00
0.00,0.00,0.00,0.00,0.00,0.00,0.00,0.00
0.00,0.00,0.00,0.00,0.00,0.00,0.00,0.00
0.00,0.00,0.00,0.00,0.00,0.00,0.00,0.00
48.00,36.00,7.00,3.00,3.00,1.00,3.00,0.00
48.00,128.00,41.00,14.00,16.00,0.00,21.00,0.00
33.00,128.00,116.00,22.00,14.00,0.00,29.00,0.00
20.00,126.00,128.00,35.00,19.00,1.00,41.00,0.00
14.00,90.00,128.00,12.00,26.00,0.00,50.00,0.00
4.00,82.00,128.00,29.00,25.00,0.00,24.00,0.00
7.00,72.00,53.00,15.00,22.00,0.00,16.00,0.00
48.00,91.00,31.00,7.00,10.00,0.00,11.00,0.00
74.00,86.00,33.00,3.00,3.00,0.00,10.00,0.00
110.00,76.00,11.00,11.00,1.00,0.00,8.00,0.00
23.00,46.00,9.00,6.00,2.00,0.00,4.00,0.00
46.00,41.00,3.00,5.00,2.00,0.00,3.00,0.00
30.00,34.00,2.00,6.00,3.00,0.00,3.00,0.00
29.00,34.00,2.00,4.00,1.00,0.00,3.00,0.00
10.00,11.00,3.00,1.00,0.00,0.00,0.00,0.00
11.00,8.00,1.00,1.00,0.00,0.00,0.00,0.00
12.00,10.00,0.00,0.00,0.00,0.00,0.00,0.00
11.00,12.00,2.00,1.00,0.00,0.00,1.00,0.00
40.00,44.00,1.00,8.00,2.00,0.00,3.00,0.00
37.00,69.00,4.00,6.00,2.00,0.00,6.00,0.00
66.00,83.00,3.00,12.00,2.00,0.00,7.00,0.00
75.00,80.00,2.00,9.00,4.00,0.00,6.00,0.00
66.00,63.00,1.00,7.00,4.00,0.00,5.00,0.00
40.00,34.00,1.00,5.00,4.00,0.00,3.00,0.00
23.00,19.00,1.00,2.00,2.00,0.00,1.00,0.00
11.00,6.00,0.00,1.00,1.00,0.00,0.00,0.00
8.00,6.00,0.00,0.00,0.00,0.00,0.00,0.00
2.00,1.00,0.00,0.00,0.00,0.00,0.00,0.00
1.00,1.00,0.00,0.00,0.00,0.00,0.00,0.00
0.00,0.00,0.00,0.00,0.00,0.00,0.00,0.00
12.00,6.00,0.00,1.00,1.00,0.00,1.00,0.00
20.00,9.00,0.00,1.00,3.00,0.00,2.00,0.00
17.00,9.00,0.00,1.00,1.00,0.00,1.00,0.00
27.00,14.00,0.00,1.00,1.00,0.00,2.00,0.00
21.00,11.00,0.00,1.00,1.00,0.00,1.00,0.00
19.00,11.00,0.00,1.00,1.00,0.00,1.00,0.00
17.00,8.00,0.00,0.00,1.00,0.00,1.00,0.00
15.00,8.00,0.00,1.00,1.00,0.00,1.00,0.00
6.00,8.00,1.00,2.00,2.00,0.00,1.00,0.00
8.00,13.00,0.00,3.00,3.00,0.00,3.00,0.00
14.00,7.00,1.00,3.00,10.00,0.00,8.00,0.00
17.00,8.00,1.00,9.00,13.00,1.00,10.00,0.00
22.00,14.00,1.00,8.00,23.00,1.00,19.00,0.00
33.00,42.00,2.00,45.00,22.00,1.00,22.00,0.00
112.00,128.00,8.00,31.00,20.00,1.00,21.00,0.00
83.00,128.00,18.00,31.00,18.00,0.00,19.00,0.00
14.00,128.00,59.00,35.00,6.00,0.00,23.00,0.00
33.00,128.00,105.00,42.00,5.00,0.00,18.00,0.00
20.00,68.00,43.00,23.00,5.00,0.00,8.00,0.00
53.00,70.00,42.00,20.00,4.00,0.00,11.00,0.00
20.00,28.00,1.00,2.00,1.00,0.00,2.00,0.00
29.00,26.00,2.00,9.00,0.00,0.00,3.00,0.00
25.00,18.00,3.00,3.00,0.00,0.00,1.00,0.00
8.00,14.00,3.00,3.00,0.00,0.00,1.00,0.00
8.00,19.00,1.00,3.00,0.00,0.00,1.00,0.00
19.00,15.00,1.00,0.00,0.00,0.00,1.00,0.00
8.00,12.00,1.00,1.00,0.00,0.00,1.00,0.00
11.00,10.00,1.00,0.00,0.00,0.00,0.00,0.00
9.00,6.00,1.00,0.00,0.00,0.00,0.00,0.00
11.00,7.00,1.00,0.00,0.00,0.00,0.00,0.00
10.00,10.00,1.00,0.00,0.00,0.00,0.00,0.00
9.00,6.00,0.00,0.00,0.00,0.00,0.00,0.00
6.00,4.00,0.00,0.00,0.00,0.00,0.00,0.00
2.00,2.00,0.00,0.00,0.00,0.00,0.00,0.00
2.00,1.00,0.00,0.00,1.00,0.00,0.00,0.00
4.00,2.00,0.00,0.00,0.00,0.00,0.00,0.00
5.00,2.00,0.00,0.00,0.00,0.00,0.00,0.00
3.00,2.00,0.00,0.00,1.00,0.00,0.00,0.00
7.00,4.00,0.00,0.00,0.00,0.00,0.00,0.00
11.00,4.00,0.00,0.00,0.00,0.00,0.00,0.00
10.00,4.00,0.00,0.00,0.00,0.00,0.00,0.00
10.00,6.00,0.00,0.00,0.00,0.00,0.00,0.00
8.00,7.00,0.00,0.00,0.00,0.00,0.00,0.00
11.00,9.00,0.00,0.00,0.00,0.00,0.00,0.00
1.00,2.00,0.00,0.00,0.00,0.00,0.00,0.00
1.00,1.00,0.00,0.00,0.00,0.00,0.00,0.00
1.00,2.00,1.00,0.00,0.00,0.00,0.00,0.00
1.00,1.00,0.00,0.00,0.00,0.00,0.00,0.00
1.00,0.00,1.00,0.00,0.00,0.00,0.00,0.00
1.00,1.00,1.00,0.00,0.00,0.00,0.00,0.00
2.00,2.00,1.00,0.00,0.00,0.00,0.00,0.00
2.00,2.00,0.00,0.00,0.00,0.00,0.00,0.00
1.00,2.00,1.00,0.00,0.00,0.00,0.00,0.00
2.00,1.00,1.00,0.00,0.00,0.00,0.00,0.00
3.00,4.00,0.00,0.00,0.00,0.00,0.00,0.00
2.00,1.00,0.00,0.00,0.00,0.00,0.00,0.00
1.00,0.00,0.00,0.00,0.00,0.00,0.00,0.00
1.00,0.00,0.00,0.00,0.00,0.00,0.00,0.00
1.00,1.00,2.00,1.00,0.00,0.00,0.00,0.00
0.00,2.00,1.00,0.00,0.00,0.00,0.00,0.00
8.00,13.00,1.00,1.00,0.00,0.00,1.00,0.00
25.00,13.00,1.00,3.00,1.00,0.00,1.00,0.00
32.00,20.00,3.00,3.00,2.00,0.00,2.00,0.00
13.00,14.00,6.00,5.00,3.00,0.00,3.00,0.00
25.00,27.00,2.00,6.00,4.00,0.00,4.00,0.00
29.00,42.00,3.00,7.00,2.00,0.00,4.00,0.00
6.00,14.00,1.00,1.00,0.00,0.00,1.00,0.00
0.00,1.00,0.00,1.00,1.00,0.00,2.00,0.00
1.00,1.00,0.00,1.00,2.00,0.00,2.00,0.00
1.00,0.00,0.00,0.00,2.00,0.00,1.00,0.00
36.00,25.00,21.00,0.00,1.00,0.00,3.00,0.00
50.00,30.00,3.00,0.00,2.00,0.00,3.00,0.00
15.00,8.00,0.00,0.00,0.00,0.00,1.00,0.00
6.00,2.00,0.00,0.00,0.00,0.00,0.00,0.00
5.00,4.00,3.00,1.00,0.00,0.00,0.00,0.00
25.00,47.00,7.00,6.00,4.00,0.00,4.00,0.00
24.00,37.00,14.00,5.00,6.00,0.00,6.00,0.00
13.00,29.00,18.00,4.00,9.00,0.00,8.00,0.00
21.00,35.00,29.00,5.00,7.00,0.00,7.00,0.00
19.00,23.00,27.00,4.00,7.00,0.00,7.00,0.00
15.00,22.00,25.00,3.00,6.00,0.00,6.00,0.00
14.00,25.00,37.00,2.00,3.00,0.00,9.00,0.00
13.00,27.00,20.00,2.00,3.00,0.00,5.00,0.00
19.00,23.00,10.00,2.00,2.00,0.00,2.00,0.00
17.00,16.00,9.00,1.00,4.00,0.00,4.00,0.00
8.00,9.00,2.00,0.00,0.00,0.00,0.00,0.00
3.00,3.00,0.00,1.00,1.00,0.00,0.00,0.00
2.00,2.00,1.00,0.00,1.00,0.00,1.00,0.00
8.00,14.00,2.00,0.00,1.00,0.00,1.00,0.00
26.00,37.00,9.00,5.00,5.00,0.00,3.00,0.00
27.00,34.00,7.00,1.00,1.00,0.00,2.00,0.00
13.00,15.00,1.00,0.00,1.00,0.00,1.00,0.00
2.00,3.00,0.00,0.00,0.00,0.00,2.00,0.00
1.00,2.00,0.00,0.00,1.00,0.00,3.00,0.00
1.00,0.00,0.00,1.00,1.00,1.00,7.00,0.00
0.00,0.00,0.00,0.00,2.00,1.00,6.00,0.00
1.00,1.00,0.00,1.00,1.00,1.00,6.00,0.00
1.00,0.00,0.00,0.00,1.00,1.00,5.00,0.00
0.00,0.00,0.00,0.00,1.00,0.00,4.00,0.00
0.00,0.00,0.00,1.00,0.00,0.00,2.00,0.00
8.00,7.00,1.00,1.00,0.00,0.00,1.00,0.00
20.00,10.00,1.00,5.00,1.00,0.00,3.00,0.00
29.00,14.00,2.00,3.00,2.00,0.00,2.00,0.00
18.00,20.00,1.00,6.00,2.00,0.00,4.00,0.00
10.00,29.00,2.00,5.00,2.00,0.00,3.00,0.00
15.00,35.00,6.00,3.00,3.00,0.00,4.00,0.00
11.00,23.00,8.00,10.00,4.00,0.00,4.00,0.00
7.00,13.00,5.00,6.00,2.00,0.00,4.00,0.00
2.00,3.00,1.00,1.00,0.00,0.00,0.00,0.00
8.00,6.00,1.00,1.00,0.00,0.00,0.00,0.00
9.00,5.00,1.00,0.00,0.00,0.00,0.00,0.00
4.00,3.00,0.00,0.00,0.00,0.00,0.00,0.00
5.00,2.00,0.00,0.00,0.00,0.00,0.00,0.00
8.00,2.00,1.00,1.00,1.00,0.00,1.00,0.00
2.00,2.00,0.00,1.00,0.00,0.00,0.00,0.00
5.00,2.00,0.00,0.00,0.00,0.00,0.00,0.00
3.00,0.00,0.00,0.00,0.00,0.00,0.00,0.00
3.00,1.00,0.00,1.00,0.00,0.00,0.00,0.00
2.00,0.00,0.00,1.00,0.00,0.00,0.00,0.00
6.00,4.00,0.00,0.00,0.00,0.00,0.00,0.00