29.00,12.00,1.00,0.00,0.00,0.00,2.00,0.00
21.00,17.00,0.00,0.00,0.00,0.00,1.00,0.00
35.00,32.00,1.00,0.00,0.00,0.00,2.00,0.00
26.00,29.00,2.00,0.00,0.00,0.00,2.00,0.00
19.00,15.00,4.00,0.00,0.00,0.00,1.00,0.00
10.00,7.00,3.00,0.00,0.00,0.00,0.00,0.00
10.00,9.00,3.00,0.00,0.00,0.00,0.00,0.00
16.00,16.00,1.00,0.00,0.00,0.00,1.00,0.00
21.00,9.00,2.00,0.00,0.00,0.00,1.00,0.00
21.00,9.00,1.00,0.00,0.00,0.00,1.00,0.00
19.00,9.00,1.00,0.00,0.00,0.00,1.00,0.00
17.00,17.00,2.00,0.00,0.00,0.00,1.00,0.00
13.00,20.00,10.00,0.00,0.00,0.00,2.00,0.00
13.00,23.00,17.00,1.00,0.00,0.00,3.00,0.00
11.00,22.00,26.00,0.00,0.00,0.00,5.00,0.00
10.00,24.00,18.00,0.00,0.00,0.00,4.00,0.00
8.00,27.00,18.00,0.00,0.00,0.00,3.00,0.00
13.00,25.00,16.00,0.00,0.00,0.00,3.00,0.00
14.00,21.00,11.00,0.00,1.00,0.00,3.00,0.00
14.00,12.00,7.00,1.00,1.00,0.00,1.00,0.00
15.00,7.00,3.00,2.00,0.00,0.00,1.00,0.00
3.00,2.00,0.00,0.00,0.00,0.00,0.00,0.00
0.00,2.00,0.00,0.00,0.00,0.00,0.00,0.00
1.00,1.00,3.00,4.00,0.00,0.00,1.00,0.00
2.00,1.00,7.00,7.00,1.00,0.00,2.00,0.00
10.00,2.00,3.00,1.00,0.00,0.00,0.00,0.00
39.00,13.00,4.00,0.00,0.00,0.00,2.00,0.00
26.00,37.00,7.00,0.00,0.00,0.00,3.00,0.00
32.00,38.00,7.00,0.00,0.00,0.00,3.00,0.00
26.00,19.00,8.00,0.00,0.00,0.00,1.00,0.00
20.00,10.00,5.00,0.00,0.00,0.00,1.00,0.00
15.00,21.00,1.00,0.00,0.00,0.00,2.00,0.00
26.00,7.00,2.00,0.00,0.00,0.00,1.00,0.00
25.00,7.00,2.00,0.00,0.00,0.00,1.00,0.00
16.00,7.00,2.00,0.00,0.00,0.00,1.00,0.00
18.00,7.00,3.00,1.00,0.00,0.00,1.00,0.00
22.00,21.00,3.00,1.00,0.00,0.00,1.00,0.00
26.00,23.00,17.00,2.00,0.00,0.00,4.00,0.00
23.00,27.00,11.00,2.00,0.00,0.00,3.00,0.00
23.00,29.00,14.00,1.00,0.00,0.00,3.00,0.00
18.00,27.00,15.00,1.00,1.00,0.00,3.00,0.00
12.00,25.00,10.00,1.00,0.00,0.00,3.00,0.00
15.00,25.00,11.00,1.00,1.00,0.00,3.00,0.00
12.00,24.00,12.00,1.00,1.00,0.00,3.00,0.00
11.00,22.00,11.00,1.00,1.00,0.00,2.00,0.00
9.00,15.00,7.00,0.00,0.00,0.00,2.00,0.00
8.00,9.00,5.00,0.00,0.00,0.00,1.00,0.00
7.00,4.00,1.00,0.00,0.00,0.00,0.00,0.00
1.00,2.00,1.00,0.00,0.00,0.00,0.00,0.00
0.00,0.00,1.00,0.00,0.00,0.00,0.00,0.00
34.00,8.00,1.00,0.00,0.00,0.00,1.00,0.00
28.00,5.00,0.00,0.00,0.00,0.00,1.00,0.00
28.00,16.00,0.00,0.00,0.00,0.00,2.00,0.00
25.00,21.00,0.00,0.00,0.00,0.00,1.00,0.00
26.00,19.00,3.00,0.00,0.00,0.00,1.00,0.00
23.00,13.00,4.00,0.00,0.00,0.00,1.00,0.00
18.00,11.00,5.00,0.00,0.00,0.00,1.00,0.00
20.00,11.00,1.00,0.00,0.00,0.00,1.00,0.00
15.00,8.00,2.00,0.00,0.00,0.00,0.00,0.00
11.00,7.00,3.00,0.00,0.00,0.00,0.00,0.00
11.00,7.00,3.00,0.00,0.00,0.00,0.00,0.00
11.00,10.00,3.00,0.00,0.00,0.00,0.00,0.00
20.00,22.00,15.00,1.00,0.00,0.00,3.00,0.00
17.00,27.00,21.00,1.00,0.00,0.00,4.00,0.00
14.00,27.00,25.00,1.00,0.00,0.00,5.00,0.00
10.00,27.00,21.00,0.00,0.00,0.00,4.00,0.00
11.00,26.00,14.00,0.00,0.00,0.00,3.00,0.00
15.00,24.00,14.00,0.00,0.00,0.00,3.00,0.00
15.00,21.00,12.00,0.00,0.00,0.00,3.00,0.00
14.00,18.00,10.00,0.00,1.00,0.00,2.00,0.00
12.00,13.00,12.00,0.00,0.00,0.00,3.00,0.00
13.00,12.00,4.00,1.00,0.00,0.00,1.00,0.00
8.00,2.00,1.00,0.00,0.00,0.00,0.00,0.00
3.00,1.00,0.00,0.00,0.00,0.00,0.00,0.00
1.00,0.00,0.00,0.00,0.00,0.00,0.00,0.00
4.00,2.00,2.00,0.00,0.00,0.00,0.00,0.00
0.00,0.00,6.00,3.00,0.00,0.00,1.00,0.00
1.00,0.00,6.00,1.00,0.00,0.00,1.00,0.00
14.00,8.00,1.00,0.00,0.00,0.00,0.00,0.00
38.00,29.00,2.00,0.00,0.00,0.00,2.00,0.00
18.00,37.00,7.00,0.00,0.00,0.00,3.00,0.00
16.00,29.00,9.00,0.00,0.00,0.00,2.00,0.00
18.00,23.00,11.00,0.00,0.00,0.00,2.00,0.00
24.00,20.00,11.00,0.00,0.00,0.00,2.00,0.00
18.00,14.00,2.00,0.00,0.00,0.00,1.00,0.00
10.00,4.00,1.00,0.00,0.00,0.00,0.00,0.00
16.00,5.00,2.00,0.00,0.00,0.00,0.00,0.00
20.00,8.00,2.00,0.00,0.00,0.00,1.00,0.00
16.00,7.00,1.00,0.00,0.00,0.00,0.00,0.00
11.00,9.00,9.00,0.00,0.00,0.00,1.00,0.00
13.00,19.00,16.00,0.00,0.00,0.00,3.00,0.00
10.00,21.00,14.00,0.00,0.00,0.00,3.00,0.00
11.00,21.00,17.00,0.00,0.00,0.00,3.00,0.00
9.00,20.00,16.00,0.00,0.00,0.00,3.00,0.00
10.00,20.00,14.00,0.00,0.00,0.00,3.00,0.00
8.00,19.00,15.00,0.00,0.00,0.00,3.00,0.00
10.00,15.00,12.00,0.00,0.00,0.00,2.00,0.00
8.00,13.00,8.00,0.00,0.00,0.00,1.00,0.00
5.00,8.00,5.00,0.00,0.00,0.00,1.00,0.00
6.00,4.00,3.00,0.00,0.00,0.00,0.00,0.00
33.00,24.00,1.00,0.00,0.00,0.00,2.00,0.00
31.00,24.00,1.00,0.00,0.00,0.00,2.00,0.00
19.00,26.00,2.00,0.00,0.00,0.00,2.00,0.00
14.00,21.00,6.00,0.00,0.00,0.00,2.00,0.00
18.00,21.00,9.00,0.00,0.00,0.00,1.00,0.00
20.00,23.00,7.00,0.00,0.00,0.00,2.00,0.00
21.00,26.00,3.00,0.00,0.00,0.00,2.00,0.00
20.00,5.00,1.00,0.00,0.00,0.00,1.00,0.00
16.00,8.00,2.00,0.00,0.00,0.00,1.00,0.00
11.00,8.00,2.00,0.00,0.00,0.00,0.00,0.00
11.00,7.00,3.00,0.00,0.00,0.00,0.00,0.00
11.00,14.00,2.00,0.00,0.00,0.00,1.00,0.00
9.00,16.00,20.00,1.00,0.00,0.00,4.00,0.00
9.00,21.00,25.00,1.00,0.00,0.00,5.00,0.00
9.00,26.00,31.00,1.00,0.00,0.00,7.00,0.00
8.00,23.00,26.00,1.00,0.00,0.00,5.00,0.00
7.00,25.00,26.00,1.00,0.00,0.00,6.00,0.00
7.00,26.00,23.00,0.00,0.00,0.00,5.00,0.00
12.00,23.00,25.00,1.00,0.00,0.00,5.00,0.00
13.00,25.00,21.00,0.00,0.00,0.00,4.00,0.00
10.00,16.00,22.00,1.00,0.00,0.00,4.00,0.00
9.00,16.00,10.00,1.00,0.00,0.00,2.00,0.00
8.00,7.00,2.00,1.00,0.00,0.00,0.00,0.00
3.00,1.00,0.00,0.00,0.00,0.00,0.00,0.00
2.00,0.00,0.00,0.00,0.00,0.00,0.00,0.00
1.00,0.00,0.00,0.00,0.00,0.00,0.00,0.00
1.00,1.00,9.00,6.00,1.00,0.00,2.00,0.00
2.00,0.00,4.00,3.00,0.00,0.00,1.00,0.00
22.00,13.00,2.00,0.00,0.00,0.00,1.00,0.00
51.00,43.00,5.00,0.00,0.00,0.00,3.00,0.00
36.00,45.00,6.00,0.00,0.00,0.00,4.00,0.00
17.00,32.00,5.00,0.00,0.00,0.00,3.00,0.00
21.00,26.00,6.00,0.00,0.00,0.00,2.00,0.00
24.00,23.00,13.00,0.00,0.00,0.00,2.00,0.00
24.00,20.00,5.00,0.00,0.00,0.00,1.00,0.00
12.00,3.00,1.00,0.00,0.00,0.00,0.00,0.00
13.00,5.00,1.00,0.00,0.00,0.00,0.00,0.00
12.00,8.00,1.00,0.00,0.00,0.00,0.00,0.00
12.00,8.00,1.00,0.00,0.00,0.00,0.00,0.00
12.00,19.00,7.00,0.00,0.00,0.00,1.00,0.00
9.00,19.00,21.00,0.00,1.00,0.00,4.00,0.00
15.00,22.00,11.00,1.00,1.00,0.00,3.00,0.00
15.00,26.00,15.00,2.00,0.00,0.00,3.00,0.00
16.00,25.00,17.00,2.00,0.00,0.00,3.00,0.00
14.00,25.00,16.00,1.00,0.00,0.00,3.00,0.00
14.00,22.00,14.00,1.00,1.00,0.00,3.00,0.00
13.00,18.00,13.00,0.00,1.00,0.00,2.00,0.00
11.00,16.00,12.00,0.00,0.00,0.00,2.00,0.00
11.00,13.00,10.00,0.00,0.00,0.00,2.00,0.00
10.00,10.00,9.00,0.00,0.00,0.00,2.00,0.00
25.00,20.00,1.00,0.00,0.00,0.00,1.00,0.00
14.00,15.00,1.00,0.00,0.00,0.00,1.00,0.00
30.00,27.00,1.00,0.00,0.00,0.00,2.00,0.00
25.00,23.00,3.00,0.00,0.00,0.00,2.00,0.00
15.00,15.00,3.00,0.00,0.00,0.00,1.00,0.00
12.00,16.00,4.00,0.00,0.00,0.00,1.00,0.00
20.00,19.00,6.00,0.00,0.00,0.00,1.00,0.00
24.00,19.00,11.00,0.00,0.00,0.00,2.00,0.00
24.00,20.00,9.00,0.00,0.00,0.00,1.00,0.00
24.00,17.00,8.00,0.00,0.00,0.00,1.00,0.00
19.00,17.00,2.00,0.00,0.00,0.00,1.00,0.00
14.00,8.00,1.00,0.00,0.00,0.00,0.00,0.00
9.00,6.00,1.00,0.00,0.00,0.00,0.00,0.00
8.00,6.00,2.00,0.00,0.00,0.00,0.00,0.00
15.00,9.00,3.00,0.00,0.00,0.00,0.00,0.00
14.00,11.00,4.00,0.00,0.00,0.00,1.00,0.00
19.00,23.00,24.00,1.00,0.00,0.00,5.00,0.00
16.00,27.00,34.00,2.00,1.00,0.00,7.00,0.00
14.00,29.00,32.00,2.00,1.00,0.00,7.00,0.00
12.00,26.00,30.00,1.00,1.00,0.00,6.00,0.00
10.00,22.00,28.00,1.00,1.00,0.00,6.00,0.00
9.00,19.00,28.00,1.00,1.00,0.00,6.00,0.00
6.00,18.00,25.00,1.00,0.00,0.00,5.00,0.00
7.00,17.00,19.00,0.00,1.00,0.00,4.00,0.00
11.00,16.00,18.00,0.00,1.00,0.00,4.00,0.00
11.00,10.00,11.00,1.00,1.00,0.00,2.00,0.00
15.00,10.00,7.00,1.00,0.00,0.00,2.00,0.00
13.00,6.00,2.00,1.00,0.00,0.00,0.00,0.00
7.00,3.00,0.00,0.00,0.00,0.00,0.00,0.00
2.00,1.00,0.00,0.00,0.00,0.00,0.00,0.00
2.00,2.00,2.00,0.00,0.00,0.00,0.00,0.00
2.00,1.00,4.00,1.00,0.00,0.00,1.00,0.00
2.00,2.00,4.00,1.00,0.00,0.00,1.00,0.00
5.00,2.00,1.00,0.00,0.00,0.00,0.00,0.00
23.00,22.00,3.00,0.00,0.00,0.00,2.00,0.00
40.00,42.00,5.00,0.00,0.00,0.00,3.00,0.00
25.00,23.00,3.00,0.00,0.00,0.00,2.00,0.00
7.00,16.00,9.00,0.00,0.00,0.00,1.00,0.00
17.00,19.00,7.00,0.00,0.00,0.00,1.00,0.00
20.00,15.00,1.00,0.00,0.00,0.00,1.00,0.00
10.00,1.00,1.00,0.00,0.00,0.00,0.00,0.00
12.00,5.00,1.00,0.00,0.00,0.00,1.00,0.00
19.00,8.00,1.00,0.00,0.00,0.00,1.00,0.00
25.00,9.00,2.00,0.00,0.00,0.00,1.00,0.00
23.00,9.00,2.00,1.00,0.00,0.00,1.00,0.00
24.00,16.00,12.00,1.00,1.00,0.00,2.00,0.00
22.00,17.00,10.00,0.00,0.00,0.00,2.00,0.00
17.00,19.00,11.00,0.00,0.00,0.00,2.00,0.00
13.00,20.00,10.00,0.00,1.00,0.00,2.00,0.00
13.00,19.00,11.00,0.00,0.00,0.00,2.00,0.00
37.00,21.00,0.00,0.00,0.00,0.00,2.00,0.00
29.00,16.00,1.00,0.00,0.00,0.00,1.00,0.00
18.00,30.00,1.00,0.00,0.00,0.00,2.00,0.00
34.00,39.00,2.00,0.00,0.00,0.00,3.00,0.00
33.00,31.00,6.00,0.00,0.00,0.00,2.00,0.00
21.00,20.00,7.00,0.00,0.00,0.00,1.00,0.00
13.00,7.00,8.00,0.00,0.00,0.00,1.00,0.00
18.00,12.00,12.00,0.00,0.00,0.00,2.00,0.00
24.00,17.00,14.00,0.00,0.00,0.00,2.00,0.00
23.00,18.00,12.00,1.00,0.00,0.00,2.00,0.00
19.00,12.00,3.00,0.00,0.00,0.00,1.00,0.00
16.00,8.00,1.00,0.00,0.00,0.00,1.00,0.00
17.00,8.00,1.00,0.00,0.00,0.00,0.00,0.00
14.00,8.00,2.00,0.00,0.00,0.00,0.00,0.00
16.00,9.00,3.00,1.00,0.00,0.00,0.00,0.00
19.00,27.00,12.00,1.00,0.00,0.00,2.00,0.00
15.00,27.00,29.00,2.00,1.00,0.00,6.00,0.00
16.00,31.00,31.00,3.00,1.00,0.00,7.00,0.00
14.00,30.00,30.00,3.00,1.00,0.00,6.00,0.00
11.00,27.00,29.00,1.00,1.00,0.00,6.00,0.00
9.00,23.00,27.00,2.00,1.00,0.00,6.00,0.00
9.00,21.00,22.00,1.00,1.00,0.00,4.00,0.00
6.00,17.00,19.00,0.00,1.00,0.00,4.00,0.00
6.00,13.00,14.00,0.00,1.00,0.00,3.00,0.00
10.00,10.00,8.00,1.00,0.00,0.00,1.00,0.00
13.00,6.00,4.00,0.00,0.00,0.00,1.00,0.00
14.00,6.00,0.00,0.00,0.00,0.00,0.00,0.00
5.00,1.00,0.00,0.00,0.00,0.00,0.00,0.00
1.00,0.00,0.00,0.00,0.00,0.00,0.00,0.00
2.00,0.00,1.00,0.00,0.00,0.00,0.00,0.00
1.00,1.00,2.00,3.00,1.00,0.00,1.00,0.00
1.00,1.00,3.00,2.00,0.00,0.00,0.00,0.00
28.00,18.00,4.00,0.00,0.00,0.00,2.00,0.00
42.00,41.00,4.00,1.00,0.00,0.00,3.00,0.00
24.00,27.00,7.00,0.00,0.00,0.00,2.00,0.00
12.00,15.00,8.00,0.00,0.00,0.00,1.00,0.00
7.00,16.00,8.00,0.00,0.00,0.00,1.00,0.00
20.00,20.00,3.00,0.00,0.00,0.00,1.00,0.00
12.00,8.00,1.00,0.00,0.00,0.00,0.00,0.00
12.00,3.00,1.00,0.00,0.00,0.00,0.00,0.00
19.00,7.00,2.00,0.00,0.00,0.00,1.00,0.00
22.00,9.00,2.00,0.00,0.00,0.00,1.00,0.00
22.00,12.00,3.00,0.00,0.00,0.00,1.00,0.00
16.00,18.00,15.00,1.00,1.00,0.00,3.00,0.00
19.00,20.00,15.00,1.00,1.00,0.00,3.00,0.00
17.00,20.00,12.00,1.00,1.00,0.00,3.00,0.00
19.00,23.00,13.00,0.00,1.00,0.00,3.00,0.00
19.00,19.00,11.00,1.00,1.00,0.00,2.00,0.00
14.00,18.00,8.00,0.00,1.00,0.00,2.00,0.00
15.00,16.00,8.00,0.00,1.00,0.00,2.00,0.00
28.00,22.00,0.00,0.00,0.00,0.00,2.00,0.00
26.00,20.00,1.00,0.00,0.00,0.00,1.00,0.00
12.00,24.00,0.00,0.00,0.00,0.00,2.00,0.00
21.00,23.00,1.00,0.00,0.00,0.00,2.00,0.00
18.00,15.00,2.00,0.00,0.00,0.00,1.00,0.00
9.00,7.00,2.00,0.00,0.00,0.00,0.00,0.00
9.00,10.00,4.00,0.00,0.00,0.00,1.00,0.00
20.00,15.00,1.00,0.00,0.00,0.00,1.00,0.00
16.00,6.00,1.00,0.00,0.00,0.00,1.00,0.00
15.00,6.00,1.00,0.00,0.00,0.00,0.00,0.00
11.00,5.00,0.00,0.00,0.00,0.00,0.00,0.00
14.00,17.00,2.00,0.00,0.00,0.00,1.00,0.00
16.00,14.00,21.00,0.00,0.00,0.00,4.00,0.00
15.00,18.00,27.00,1.00,0.00,0.00,5.00,0.00
16.00,20.00,28.00,1.00,1.00,0.00,6.00,0.00
15.00,21.00,30.00,1.00,0.00,0.00,6.00,0.00
15.00,23.00,29.00,0.00,0.00,0.00,6.00,0.00
12.00,24.00,22.00,0.00,1.00,0.00,5.00,0.00
12.00,23.00,20.00,0.00,1.00,0.00,4.00,0.00
10.00,19.00,18.00,0.00,1.00,0.00,4.00,0.00
9.00,15.00,17.00,1.00,1.00,0.00,3.00,0.00
10.00,18.00,8.00,0.00,0.00,0.00,2.00,0.00
12.00,11.00,2.00,0.00,0.00,0.00,1.00,0.00
2.00,1.00,0.00,0.00,0.00,0.00,0.00,0.00
1.00,1.00,0.00,0.00,0.00,0.00,0.00,0.00
1.00,1.00,6.00,3.00,0.00,0.00,1.00,0.00
1.00,2.00,2.00,1.00,0.00,0.00,0.00,0.00
1.00,0.00,1.00,1.00,0.00,0.00,0.00,0.00
16.00,12.00,1.00,0.00,0.00,0.00,1.00,0.00
30.00,19.00,3.00,0.00,0.00,0.00,2.00,0.00
50.00,44.00,6.00,0.00,0.00,0.00,3.00,0.00
27.00,44.00,6.00,0.00,0.00,0.00,4.00,0.00
11.00,29.00,7.00,0.00,0.00,0.00,2.00,0.00
19.00,25.00,6.00,0.00,0.00,0.00,2.00,0.00
24.00,22.00,7.00,0.00,0.00,0.00,2.00,0.00
13.00,17.00,3.00,0.00,0.00,0.00,1.00,0.00
13.00,3.00,1.00,0.00,0.00,0.00,0.00,0.00
20.00,6.00,1.00,0.00,0.00,0.00,1.00,0.00
22.00,11.00,2.00,0.00,0.00,0.00,1.00,0.00
26.00,13.00,2.00,0.00,0.00,0.00,1.00,0.00
22.00,28.00,15.00,0.00,1.00,0.00,3.00,0.00
23.00,22.00,13.00,0.00,1.00,0.00,2.00,0.00
23.00,24.00,14.00,0.00,0.00,0.00,3.00,0.00
19.00,24.00,14.00,1.00,1.00,0.00,3.00,0.00
17.00,24.00,12.00,0.00,0.00,0.00,3.00,0.00
15.00,20.00,9.00,0.00,1.00,0.00,2.00,0.00
12.00,18.00,7.00,0.00,0.00,0.00,2.00,0.00
10.00,16.00,6.00,0.00,0.00,0.00,2.00,0.00
9.00,11.00,7.00,0.00,0.00,0.00,1.00,0.00
6.00,6.00,6.00,0.00,0.00,0.00,1.00,0.00
19.00,19.00,7.00,0.00,0.00,0.00,2.00,0.00
17.00,19.00,22.00,1.00,1.00,0.00,4.00,0.00
15.00,22.00,18.00,2.00,0.00,0.00,3.00,0.00
13.00,24.00,26.00,1.00,1.00,0.00,5.00,0.00
9.00,20.00,27.00,1.00,1.00,0.00,6.00,0.00
8.00,16.00,24.00,1.00,1.00,0.00,5.00,0.00
11.00,16.00,23.00,0.00,1.00,0.00,5.00,0.00
11.00,13.00,23.00,1.00,1.00,0.00,5.00,0.00
13.00,11.00,15.00,0.00,1.00,0.00,3.00,0.00
11.00,13.00,6.00,0.00,0.00,0.00,1.00,0.00
12.00,8.00,3.00,1.00,0.00,0.00,0.00,0.00
6.00,2.00,0.00,0.00,0.00,0.00,0.00,0.00
3.00,0.00,0.00,0.00,0.00,0.00,0.00,0.00
2.00,0.00,0.00,0.00,0.00,0.00,0.00,0.00
3.00,0.00,4.00,1.00,0.00,0.00,1.00,0.00
3.00,1.00,2.00,2.00,0.00,0.00,1.00,0.00
20.00,12.00,1.00,0.00,0.00,0.00,1.00,0.00
46.00,40.00,5.00,0.00,0.00,0.00,3.00,0.00
27.00,40.00,6.00,0.00,0.00,0.00,3.00,0.00
10.00,26.00,6.00,0.00,0.00,0.00,2.00,0.00
19.00,24.00,10.00,0.00,0.00,0.00,2.00,0.00
21.00,17.00,6.00,0.00,0.00,0.00,1.00,0.00
7.00,14.00,5.00,0.00,0.00,0.00,1.00,0.00
22.00,17.00,1.00,0.00,0.00,0.00,1.00,0.00
21.00,5.00,1.00,0.00,0.00,0.00,1.00,0.00
17.00,2.00,0.00,0.00,0.00,0.00,0.00,0.00
13.00,5.00,1.00,0.00,0.00,0.00,1.00,0.00
20.00,9.00,1.00,0.00,0.00,0.00,1.00,0.00
21.00,17.00,10.00,1.00,0.00,0.00,2.00,0.00
29.00,16.00,14.00,1.00,0.00,0.00,3.00,0.00
25.00,13.00,18.00,1.00,0.00,0.00,4.00,0.00
21.00,16.00,15.00,1.00,1.00,0.00,3.00,0.00
14.00,17.00,17.00,1.00,1.00,0.00,3.00,0.00
14.00,19.00,18.00,0.00,1.00,0.00,4.00,0.00
13.00,17.00,13.00,1.00,1.00,0.00,3.00,0.00
11.00,18.00,10.00,0.00,1.00,0.00,2.00,0.00
12.00,14.00,9.00,0.00,0.00,0.00,1.00,0.00
14.00,9.00,9.00,0.00,0.00,0.00,1.00,0.00
5.00,6.00,2.00,0.00,0.00,0.00,0.00,0.00
4.00,3.00,1.00,0.00,0.00,0.00,0.00,0.00
3.00,2.00,0.00,0.00,0.00,0.00,0.00,0.00
1.00,0.00,0.00,0.00,0.00,0.00,0.00,0.00
2.00,0.00,0.00,0.00,0.00,0.00,0.00,0.00
2.00,0.00,0.00,0.00,0.00,0.00,0.00,0.00
2.00,0.00,0.00,0.00,0.00,0.00,0.00,0.00
2.00,0.00,0.00,0.00,0.00,0.00,0.00,0.00
2.00,0.00,0.00,0.00,0.00,0.00,0.00,0.00
1.00,1.00,0.00,0.00,0.00,0.00,0.00,0.00
0.00,0.00,0.00,0.00,0.00,0.00,0.00,0.00
2.00,0.00,0.00,0.00,0.00,0.00,0.00,0.00
19.00,22.00,1.00,0.00,0.00,0.00,1.00,0.00
27.00,23.00,2.00,0.00,0.00,0.00,2.00,0.00
22.00,17.00,3.00,0.00,0.00,0.00,1.00,0.00
6.00,13.00,3.00,0.00,0.00,0.00,1.00,0.00
13.00,15.00,4.00,0.00,0.00,0.00,1.00,0.00
26.00,15.00,6.00,0.00,0.00,0.00,1.00,0.00
22.00,12.00,5.00,0.00,0.00,0.00,1.00,0.00
10.00,9.00,3.00,0.00,0.00,0.00,0.00,0.00
13.00,6.00,1.00,0.00,0.00,0.00,0.00,0.00
15.00,8.00,1.00,0.00,0.00,0.00,1.00,0.00
16.00,7.00,1.00,0.00,0.00,0.00,1.00,0.00
13.00,9.00,1.00,0.00,0.00,0.00,0.00,0.00
12.00,12.00,11.00,0.00,1.00,0.00,2.00,0.00
10.00,16.00,10.00,0.00,0.00,0.00,2.00,0.00
10.00,16.00,10.00,0.00,0.00,0.00,2.00,0.00
8.00,16.00,13.00,0.00,0.00,0.00,3.00,0.00
12.00,15.00,15.00,0.00,0.00,0.00,3.00,0.00
10.00,13.00,14.00,1.00,0.00,0.00,3.00,0.00
11.00,10.00,15.00,0.00,1.00,0.00,3.00,0.00
11.00,10.00,7.00,0.00,1.00,0.00,1.00,0.00
13.00,10.00,3.00,0.00,0.00,0.00,1.00,0.00
7.00,2.00,0.00,0.00,0.00,0.00,0.00,0.00
4.00,1.00,0.00,0.00,0.00,0.00,0.00,0.00
2.00,0.00,0.00,0.00,0.00,0.00,0.00,0.00
1.00,1.00,0.00,0.00,0.00,0.00,0.00,0.00
2.00,0.00,4.00,1.00,0.00,0.00,1.00,0.00
2.00,1.00,3.00,0.00,0.00,0.00,0.00,0.00
10.00,6.00,1.00,0.00,0.00,0.00,0.00,0.00
24.00,23.00,2.00,0.00,0.00,0.00,2.00,0.00
21.00,35.00,3.00,0.00,0.00,0.00,3.00,0.00
34.00,38.00,6.00,0.00,0.00,0.00,3.00,0.00
19.00,13.00,6.00,0.00,0.00,0.00,1.00,0.00
13.00,10.00,6.00,0.00,0.00,0.00,1.00,0.00
9.00,17.00,5.00,0.00,0.00,0.00,1.00,0.00
17.00,8.00,1.00,0.00,0.00,0.00,1.00,0.00
13.00,3.00,1.00,0.00,0.00,0.00,0.00,0.00
12.00,5.00,1.00,0.00,0.00,0.00,0.00,0.00
19.00,8.00,2.00,0.00,0.00,0.00,1.00,0.00
23.00,10.00,2.00,0.00,0.00,0.00,1.00,0.00
22.00,17.00,9.00,1.00,0.00,0.00,2.00,0.00
27.00,16.00,13.00,1.00,1.00,0.00,3.00,0.00
23.00,16.00,15.00,1.00,0.00,0.00,3.00,0.00
18.00,20.00,16.00,0.00,1.00,0.00,3.00,0.00
16.00,21.00,17.00,0.00,0.00,0.00,3.00,0.00
16.00,18.00,11.00,0.00,0.00,0.00,2.00,0.00
16.00,16.00,11.00,1.00,1.00,0.00,2.00,0.00
18.00,14.00,10.00,0.00,0.00,0.00,2.00,0.00
13.00,12.00,11.00,0.00,0.00,0.00,2.00,0.00
9.00,10.00,9.00,0.00,0.00,0.00,1.00,0.00
5.00,6.00,5.00,0.00,0.00,0.00,1.00,0.00
17.00,19.00,3.00,0.00,0.00,0.00,1.00,0.00
20.00,15.00,1.00,0.00,0.00,0.00,1.00,0.00
16.00,6.00,1.00,0.00,0.00,0.00,1.00,0.00
14.00,10.00,1.00,0.00,0.00,0.00,1.00,0.00
10.00,17.00,3.00,0.00,0.00,0.00,1.00,0.00
10.00,15.00,7.00,0.00,0.00,0.00,1.00,0.00
12.00,20.00,11.00,0.00,0.00,0.00,2.00,0.00
9.00,22.00,15.00,0.00,0.00,0.00,3.00,0.00
11.00,25.00,17.00,0.00,0.00,0.00,3.00,0.00
8.00,23.00,19.00,0.00,0.00,0.00,4.00,0.00
9.00,22.00,22.00,0.00,1.00,0.00,4.00,0.00
8.00,22.00,27.00,0.00,1.00,0.00,5.00,0.00
7.00,17.00,31.00,0.00,0.00,0.00,7.00,0.00
8.00,11.00,17.00,0.00,0.00,0.00,3.00,0.00
8.00,11.00,10.00,1.00,0.00,0.00,2.00,0.00
5.00,5.00,2.00,1.00,0.00,0.00,0.00,0.00
6.00,1.00,0.00,0.00,0.00,0.00,0.00,0.00
3.00,1.00,0.00,0.00,0.00,0.00,0.00,0.00
1.00,0.00,0.00,0.00,0.00,0.00,0.00,0.00
1.00,1.00,3.00,2.00,0.00,0.00,1.00,0.00
1.00,1.00,4.00,1.00,0.00,0.00,1.00,0.00
13.00,10.00,1.00,0.00,0.00,0.00,1.00,0.00
35.00,27.00,4.00,0.00,0.00,0.00,2.00,0.00
40.00,43.00,7.00,0.00,0.00,0.00,3.00,0.00
23.00,32.00,4.00,0.00,0.00,0.00,2.00,0.00
17.00,24.00,6.00,0.00,0.00,0.00,2.00,0.00
20.00,17.00,8.00,0.00,0.00,0.00,1.00,0.00
14.00,10.00,5.00,0.00,0.00,0.00,1.00,0.00
13.00,13.00,0.00,0.00,0.00,0.00,1.00,0.00
22.00,8.00,2.00,0.00,0.00,0.00,1.00,0.00
18.00,3.00,2.00,0.00,0.00,0.00,1.00,0.00
13.00,4.00,1.00,0.00,0.00,0.00,1.00,0.00
16.00,7.00,1.00,0.00,0.00,0.00,1.00,0.00
11.00,18.00,8.00,0.00,0.00,0.00,1.00,0.00
16.00,20.00,22.00,0.00,1.00,0.00,4.00,0.00
16.00,22.00,28.00,1.00,1.00,0.00,6.00,0.00
15.00,20.00,22.00,0.00,0.00,0.00,5.00,0.00
16.00,23.00,21.00,1.00,0.00,0.00,4.00,0.00
17.00,21.00,18.00,1.00,1.00,0.00,4.00,0.00
20.00,21.00,13.00,0.00,0.00,0.00,3.00,0.00
18.00,16.00,10.00,0.00,1.00,0.00,2.00,0.00
13.00,12.00,6.00,0.00,0.00,0.00,1.00,0.00
10.00,8.00,4.00,0.00,0.00,0.00,1.00,0.00
8.00,6.00,6.00,0.00,0.00,0.00,1.00,0.00
4.00,3.00,3.00,0.00,0.00,0.00,0.00,0.00
2.00,0.00,0.00,0.00,0.00,0.00,0.00,0.00
2.00,0.00,0.00,0.00,0.00,0.00,0.00,0.00
1.00,0.00,0.00,0.00,0.00,0.00,0.00,0.00
1.00,1.00,0.00,0.00,0.00,0.00,0.00,0.00
1.00,0.00,0.00,0.00,0.00,0.00,0.00,0.00
31.00,31.00,1.00,0.00,0.00,0.00,2.00,0.00
28.00,36.00,1.00,0.00,0.00,0.00,3.00,0.00
18.00,26.00,2.00,0.00,0.00,0.00,2.00,0.00
11.00,19.00,2.00,0.00,0.00,0.00,2.00,0.00
15.00,19.00,6.00,0.00,0.00,0.00,1.00,0.00
19.00,23.00,8.00,0.00,0.00,0.00,2.00,0.00
24.00,25.00,3.00,0.00,0.00,0.00,2.00,0.00
24.00,6.00,2.00,0.00,0.00,0.00,1.00,0.00
13.00,6.00,1.00,0.00,0.00,0.00,0.00,0.00
9.00,5.00,2.00,0.00,0.00,0.00,0.00,0.00
10.00,5.00,1.00,0.00,0.00,0.00,0.00,0.00
12.00,7.00,3.00,0.00,0.00,0.00,0.00,0.00
15.00,17.00,10.00,0.00,0.00,0.00,2.00,0.00
14.00,24.00,23.00,0.00,1.00,0.00,5.00,0.00
13.00,21.00,23.00,0.00,1.00,0.00,5.00,0.00
10.00,16.00,21.00,0.00,0.00,0.00,4.00,0.00
9.00,13.00,18.00,0.00,0.00,0.00,4.00,0.00
10.00,14.00,13.00,0.00,0.00,0.00,2.00,0.00
10.00,13.00,4.00,0.00,0.00,0.00,1.00,0.00
11.00,10.00,9.00,0.00,0.00,0.00,2.00,0.00
9.00,9.00,6.00,0.00,0.00,0.00,1.00,0.00
12.00,11.00,2.00,1.00,0.00,0.00,1.00,0.00
10.00,2.00,0.00,0.00,0.00,0.00,0.00,0.00
2.00,0.00,0.00,0.00,0.00,0.00,0.00,0.00
1.00,1.00,0.00,0.00,0.00,0.00,0.00,0.00
1.00,1.00,3.00,0.00,0.00,0.00,0.00,0.00
1.00,1.00,4.00,3.00,0.00,0.00,1.00,0.00
2.00,3.00,4.00,1.00,0.00,0.00,1.00,0.00
8.00,3.00,1.00,0.00,0.00,0.00,0.00,0.00
20.00,30.00,5.00,0.00,0.00,0.00,2.00,0.00
22.00,12.00,5.00,0.00,0.00,0.00,1.00,0.00
11.00,12.00,2.00,0.00,0.00,0.00,1.00,0.00
17.00,19.00,2.00,0.00,0.00,0.00,1.00,0.00
21.00,6.00,0.00,0.00,0.00,0.00,1.00,0.00
11.00,2.00,1.00,0.00,0.00,0.00,0.00,0.00
17.00,7.00,2.00,0.00,0.00,0.00,1.00,0.00
15.00,7.00,1.00,0.00,0.00,0.00,1.00,0.00
20.00,9.00,2.00,0.00,0.00,0.00,1.00,0.00
16.00,25.00,6.00,0.00,0.00,0.00,2.00,0.00
18.00,26.00,13.00,1.00,1.00,0.00,3.00,0.00
20.00,29.00,11.00,0.00,1.00,0.00,3.00,0.00
20.00,29.00,15.00,1.00,1.00,0.00,3.00,0.00
21.00,28.00,15.00,1.00,1.00,0.00,3.00,0.00
19.00,25.00,15.00,0.00,0.00,0.00,3.00,0.00
20.00,21.00,12.00,0.00,0.00,0.00,2.00,0.00
17.00,16.00,6.00,0.00,0.00,0.00,2.00,0.00
8.00,8.00,5.00,0.00,0.00,0.00,1.00,0.00
5.00,3.00,1.00,0.00,0.00,0.00,0.00,0.00
2.00,1.00,1.00,0.00,0.00,0.00,0.00,0.00
3.00,1.00,1.00,0.00,0.00,0.00,0.00,0.00
27.00,13.00,0.00,0.00,0.00,0.00,1.00,0.00
11.00,17.00,1.00,0.00,0.00,0.00,1.00,0.00
39.00,34.00,1.00,0.00,0.00,0.00,3.00,0.00
20.00,22.00,3.00,0.00,0.00,0.00,1.00,0.00
15.00,26.00,2.00,0.00,0.00,0.00,2.00,0.00
32.00,27.00,3.00,0.00,0.00,0.00,2.00,0.00
23.00,22.00,4.00,0.00,0.00,0.00,2.00,0.00
13.00,15.00,6.00,0.00,0.00,0.00,1.00,0.00
22.00,21.00,11.00,0.00,0.00,0.00,2.00,0.00
27.00,26.00,13.00,0.00,0.00,0.00,2.00,0.00
24.00,24.00,10.00,0.00,0.00,0.00,2.00,0.00
21.00,21.00,4.00,0.00,0.00,0.00,1.00,0.00
19.00,5.00,1.00,0.00,0.00,0.00,1.00,0.00
16.00,7.00,1.00,0.00,0.00,0.00,0.00,0.00
11.00,6.00,1.00,0.00,0.00,0.00,0.00,0.00
12.00,7.00,2.00,0.00,0.00,0.00,0.00,0.00
10.00,8.00,2.00,0.00,0.00,0.00,0.00,0.00
18.00,17.00,14.00,1.00,0.00,0.00,3.00,0.00
16.00,22.00,29.00,1.00,1.00,0.00,6.00,0.00
15.00,26.00,36.00,1.00,0.00,0.00,8.00,0.00
15.00,27.00,34.00,1.00,1.00,0.00,7.00,0.00
13.00,28.00,33.00,1.00,1.00,0.00,7.00,0.00
13.00,26.00,32.00,1.00,1.00,0.00,7.00,0.00
11.00,25.00,33.00,0.00,1.00,0.00,7.00,0.00
7.00,20.00,31.00,0.00,1.00,0.00,7.00,0.00
11.00,18.00,25.00,1.00,1.00,0.00,5.00,0.00
15.00,16.00,14.00,1.00,1.00,0.00,3.00,0.00
14.00,13.00,3.00,1.00,0.00,0.00,1.00,0.00
11.00,4.00,1.00,0.00,0.00,0.00,0.00,0.00
2.00,1.00,0.00,0.00,0.00,0.00,0.00,0.00
1.00,0.00,0.00,0.00,0.00,0.00,0.00,0.00
1.00,0.00,0.00,0.00,0.00,0.00,0.00,0.00
2.00,1.00,2.00,0.00,0.00,0.00,0.00,0.00
1.00,0.00,6.00,4.00,0.00,0.00,1.00,0.00
2.00,0.00,5.00,3.00,0.00,0.00,1.00,0.00
8.00,4.00,2.00,1.00,0.00,0.00,0.00,0.00
31.00,17.00,3.00,0.00,0.00,0.00,2.00,0.00
34.00,26.00,3.00,0.00,0.00,0.00,2.00,0.00
17.00,32.00,2.00,0.00,0.00,0.00,2.00,0.00
32.00,30.00,5.00,0.00,0.00,0.00,2.00,0.00
20.00,16.00,4.00,0.00,0.00,0.00,1.00,0.00
8.00,18.00,6.00,0.00,0.00,0.00,1.00,0.00
22.00,22.00,5.00,0.00,0.00,0.00,2.00,0.00
18.00,16.00,1.00,0.00,0.00,0.00,1.00,0.00
10.00,7.00,1.00,0.00,0.00,0.00,0.00,0.00
19.00,7.00,2.00,0.00,0.00,0.00,1.00,0.00
23.00,8.00,2.00,0.00,0.00,0.00,1.00,0.00
25.00,9.00,2.00,0.00,0.00,0.00,1.00,0.00
23.00,25.00,5.00,1.00,0.00,0.00,2.00,0.00
22.00,16.00,11.00,1.00,0.00,0.00,2.00,0.00
22.00,17.00,1.00,0.00,0.00,0.00,1.00,0.00
22.00,19.00,1.00,0.00,0.00,0.00,1.00,0.00
17.00,22.00,0.00,0.00,0.00,0.00,1.00,0.00
21.00,12.00,2.00,0.00,0.00,0.00,1.00,0.00
6.00,10.00,2.00,0.00,0.00,0.00,1.00,0.00
13.00,16.00,4.00,0.00,0.00,0.00,1.00,0.00
19.00,12.00,3.00,0.00,0.00,0.00,1.00,0.00
10.00,7.00,2.00,0.00,0.00,0.00,1.00,0.00
12.00,13.00,5.00,0.00,0.00,0.00,1.00,0.00
22.00,20.00,2.00,0.00,0.00,0.00,1.00,0.00
15.00,4.00,1.00,0.00,0.00,0.00,0.00,0.00
16.00,7.00,1.00,0.00,0.00,0.00,1.00,0.00
12.00,6.00,1.00,0.00,0.00,0.00,0.00,0.00
17.00,26.00,4.00,0.00,0.00,0.00,2.00,0.00
10.00,23.00,17.00,0.00,0.00,0.00,3.00,0.00
13.00,28.00,21.00,0.00,0.00,0.00,4.00,0.00
11.00,27.00,24.00,0.00,0.00,0.00,5.00,0.00
12.00,30.00,29.00,1.00,1.00,0.00,6.00,0.00
11.00,29.00,33.00,1.00,0.00,0.00,7.00,0.00
14.00,29.00,35.00,1.00,1.00,0.00,7.00,0.00
15.00,29.00,36.00,1.00,1.00,0.00,8.00,0.00
15.00,28.00,35.00,1.00,1.00,0.00,8.00,0.00
17.00,24.00,29.00,1.00,0.00,0.00,6.00,0.00
16.00,23.00,14.00,2.00,0.00,0.00,3.00,0.00
13.00,11.00,2.00,2.00,0.00,0.00,1.00,0.00
12.00,2.00,1.00,0.00,0.00,0.00,0.00,0.00
2.00,1.00,0.00,0.00,0.00,0.00,0.00,0.00
2.00,0.00,0.00,0.00,0.00,0.00,0.00,0.00
1.00,0.00,2.00,1.00,0.00,0.00,0.00,0.00
1.00,1.00,2.00,2.00,0.00,0.00,1.00,0.00
8.00,5.00,1.00,0.00,0.00,0.00,0.00,0.00
26.00,42.00,6.00,0.00,0.00,0.00,3.00,0.00
46.00,57.00,10.00,0.00,0.00,0.00,5.00,0.00
34.00,30.00,8.00,0.00,0.00,0.00,2.00,0.00
24.00,17.00,9.00,0.00,0.00,0.00,1.00,0.00
11.00,11.00,8.00,0.00,0.00,0.00,1.00,0.00
15.00,23.00,9.00,0.00,0.00,0.00,2.00,0.00
23.00,17.00,1.00,0.00,0.00,0.00,1.00,0.00
10.00,3.00,1.00,0.00,0.00,0.00,0.00,0.00
17.00,7.00,1.00,0.00,0.00,0.00,1.00,0.00
25.00,10.00,2.00,0.00,0.00,0.00,1.00,0.00
27.00,10.00,3.00,0.00,0.00,0.00,1.00,0.00
29.00,28.00,10.00,1.00,0.00,0.00,2.00,0.00
28.00,23.00,23.00,1.00,0.00,0.00,5.00,0.00
25.00,21.00,21.00,1.00,0.00,0.00,4.00,0.00
18.00,23.00,15.00,1.00,0.00,0.00,3.00,0.00
13.00,26.00,19.00,0.00,1.00,0.00,4.00,0.00
11.00,25.00,18.00,0.00,0.00,0.00,4.00,0.00
11.00,23.00,17.00,1.00,0.00,0.00,4.00,0.00
14.00,20.00,18.00,0.00,0.00,0.00,4.00,0.00
27.00,16.00,0.00,0.00,0.00,0.00,2.00,0.00
24.00,13.00,1.00,0.00,0.00,0.00,1.00,0.00
30.00,27.00,1.00,0.00,0.00,0.00,2.00,0.00
9.00,19.00,1.00,0.00,0.00,0.00,1.00,0.00
18.00,17.00,2.00,0.00,0.00,0.00,1.00,0.00
20.00,9.00,3.00,0.00,0.00,0.00,1.00,0.00
7.00,8.00,3.00,0.00,0.00,0.00,1.00,0.00
12.00,12.00,9.00,0.00,0.00,0.00,1.00,0.00
19.00,17.00,10.00,0.00,0.00,0.00,2.00,0.00
19.00,20.00,4.00,0.00,0.00,0.00,1.00,0.00
14.00,8.00,2.00,0.00,0.00,0.00,1.00,0.00
12.00,6.00,1.00,0.00,0.00,0.00,0.00,0.00
11.00,6.00,2.00,0.00,0.00,0.00,0.00,0.00
9.00,6.00,1.00,0.00,0.00,0.00,0.00,0.00
19.00,15.00,4.00,0.00,0.00,0.00,1.00,0.00
13.00,23.00,15.00,0.00,0.00,0.00,3.00,0.00
13.00,29.00,23.00,0.00,0.00,0.00,5.00,0.00
15.00,36.00,25.00,1.00,0.00,0.00,5.00,0.00
13.00,34.00,24.00,1.00,1.00,0.00,5.00,0.00
8.00,26.00,22.00,1.00,0.00,0.00,5.00,0.00
8.00,26.00,22.00,1.00,1.00,0.00,4.00,0.00
9.00,20.00,21.00,1.00,1.00,0.00,4.00,0.00
10.00,13.00,10.00,1.00,0.00,0.00,2.00,0.00
10.00,13.00,2.00,0.00,0.00,0.00,1.00,0.00
5.00,3.00,0.00,0.00,0.00,0.00,0.00,0.00
8.00,1.00,0.00,0.00,0.00,0.00,0.00,0.00
1.00,0.00,0.00,0.00,0.00,0.00,0.00,0.00
0.00,1.00,2.00,0.00,0.00,0.00,0.00,0.00
1.00,1.00,9.00,5.00,0.00,0.00,2.00,0.00
1.00,1.00,2.00,1.00,0.00,0.00,0.00,0.00
1.00,1.00,1.00,0.00,0.00,0.00,0.00,0.00
33.00,27.00,3.00,0.00,0.00,0.00,2.00,0.00
15.00,29.00,3.00,0.00,0.00,0.00,2.00,0.00
20.00,26.00,6.00,0.00,0.00,0.00,2.00,0.00
19.00,15.00,7.00,0.00,0.00,0.00,1.00,0.00
13.00,11.00,7.00,0.00,0.00,0.00,1.00,0.00
13.00,22.00,2.00,0.00,0.00,0.00,2.00,0.00
16.00,7.00,2.00,0.00,0.00,0.00,0.00,0.00
17.00,5.00,1.00,0.00,0.00,0.00,1.00,0.00
16.00,7.00,2.00,0.00,0.00,0.00,1.00,0.00
12.00,8.00,2.00,0.00,0.00,0.00,0.00,0.00
17.00,23.00,7.00,1.00,0.00,0.00,2.00,0.00
18.00,22.00,12.00,1.00,0.00,0.00,3.00,0.00
16.00,20.00,14.00,1.00,0.00,0.00,3.00,0.00
15.00,18.00,12.00,0.00,0.00,0.00,3.00,0.00
13.00,17.00,12.00,0.00,0.00,0.00,3.00,0.00
11.00,18.00,13.00,0.00,0.00,0.00,3.00,0.00
9.00,19.00,12.00,0.00,1.00,0.00,2.00,0.00
10.00,20.00,10.00,0.00,0.00,0.00,2.00,0.00
10.00,18.00,9.00,0.00,0.00,0.00,2.00,0.00
32.00,30.00,2.00,0.00,0.00,0.00,2.00,0.00
14.00,28.00,3.00,0.00,0.00,0.00,2.00,0.00
15.00,24.00,2.00,0.00,0.00,0.00,2.00,0.00
22.00,16.00,4.00,0.00,0.00,0.00,1.00,0.00
5.00,12.00,4.00,0.00,0.00,0.00,1.00,0.00
13.00,16.00,7.00,0.00,0.00,0.00,1.00,0.00
16.00,16.00,3.00,0.00,0.00,0.00,1.00,0.00
16.00,12.00,3.00,0.00,0.00,0.00,1.00,0.00
9.00,8.00,1.00,0.00,0.00,0.00,0.00,0.00
13.00,6.00,2.00,0.00,0.00,0.00,0.00,0.00
13.00,6.00,1.00,0.00,0.00,0.00,0.00,0.00
9.00,4.00,1.00,0.00,0.00,0.00,0.00,0.00
9.00,15.00,1.00,0.00,0.00,0.00,1.00,0.00
9.00,12.00,8.00,0.00,0.00,0.00,1.00,0.00
8.00,22.00,10.00,0.00,0.00,0.00,3.00,0.00
9.00,24.00,14.00,0.00,0.00,0.00,3.00,0.00
8.00,27.00,16.00,0.00,0.00,0.00,3.00,0.00
10.00,25.00,19.00,1.00,0.00,0.00,4.00,0.00
10.00,25.00,20.00,1.00,0.00,0.00,4.00,0.00
13.00,24.00,18.00,0.00,1.00,0.00,4.00,0.00
17.00,24.00,18.00,0.00,2.00,0.00,4.00,0.00
12.00,19.00,12.00,1.00,1.00,0.00,2.00,0.00
10.00,16.00,4.00,0.00,0.00,0.00,1.00,0.00
7.00,5.00,0.00,0.00,0.00,0.00,0.00,0.00
6.00,2.00,0.00,0.00,0.00,0.00,0.00,0.00
1.00,0.00,0.00,0.00,0.00,0.00,0.00,0.00
0.00,1.00,2.00,1.00,0.00,0.00,0.00,0.00
2.00,1.00,3.00,2.00,0.00,0.00,1.00,0.00
1.00,2.00,1.00,1.00,0.00,0.00,0.00,0.00
23.00,16.00,1.00,0.00,0.00,0.00,1.00,0.00
23.00,27.00,3.00,0.00,0.00,0.00,2.00,0.00
8.00,23.00,3.00,0.00,0.00,0.00,2.00,0.00
15.00,19.00,6.00,0.00,0.00,0.00,1.00,0.00
18.00,11.00,7.00,0.00,0.00,0.00,1.00,0.00
5.00,12.00,11.00,0.00,0.00,0.00,2.00,0.00
16.00,17.00,10.00,0.00,0.00,0.00,2.00,0.00
19.00,13.00,4.00,0.00,0.00,0.00,1.00,0.00
6.00,1.00,1.00,0.00,0.00,0.00,0.00,0.00
16.00,8.00,1.00,0.00,0.00,0.00,1.00,0.00
22.00,11.00,3.00,1.00,0.00,0.00,1.00,0.00
25.00,10.00,3.00,0.00,0.00,0.00,1.00,0.00
19.00,15.00,2.00,1.00,0.00,0.00,1.00,0.00
18.00,22.00,14.00,2.00,0.00,0.00,3.00,0.00
20.00,28.00,21.00,2.00,1.00,0.00,5.00,0.00
13.00,27.00,19.00,1.00,1.00,0.00,4.00,0.00
16.00,25.00,17.00,1.00,1.00,0.00,4.00,0.00
17.00,24.00,14.00,1.00,1.00,0.00,3.00,0.00
17.00,22.00,11.00,1.00,1.00,0.00,2.00,0.00
17.00,19.00,9.00,1.00,1.00,0.00,2.00,0.00
14.00,18.00,8.00,0.00,1.00,0.00,2.00,0.00
23.00,16.00,1.00,0.00,0.00,0.00,1.00,0.00
30.00,39.00,1.00,0.00,0.00,0.00,3.00,0.00
38.00,40.00,2.00,0.00,0.00,0.00,3.00,0.00
22.00,28.00,3.00,0.00,0.00,0.00,2.00,0.00
10.00,25.00,5.00,0.00,0.00,0.00,2.00,0.00
24.00,25.00,5.00,0.00,0.00,0.00,2.00,0.00
24.00,24.00,7.00,0.00,0.00,0.00,2.00,0.00
16.00,13.00,10.00,0.00,0.00,0.00,2.00,0.00
12.00,11.00,6.00,0.00,0.00,0.00,1.00,0.00
12.00,11.00,1.00,0.00,0.00,0.00,1.00,0.00
18.00,11.00,2.00,0.00,0.00,0.00,1.00,0.00
15.00,10.00,1.00,0.00,0.00,0.00,1.00,0.00
14.00,11.00,2.00,0.00,0.00,0.00,1.00,0.00
13.00,22.00,6.00,0.00,0.00,0.00,2.00,0.00
8.00,24.00,27.00,1.00,0.00,0.00,6.00,0.00
8.00,25.00,21.00,1.00,1.00,0.00,4.00,0.00
7.00,21.00,18.00,1.00,1.00,0.00,4.00,0.00
7.00,20.00,22.00,1.00,1.00,0.00,4.00,0.00
8.00,21.00,21.00,1.00,0.00,0.00,4.00,0.00
10.00,21.00,20.00,0.00,0.00,0.00,4.00,0.00
14.00,18.00,16.00,1.00,0.00,0.00,3.00,0.00
13.00,13.00,9.00,1.00,0.00,0.00,2.00,0.00
11.00,7.00,2.00,2.00,0.00,0.00,0.00,0.00
4.00,2.00,0.00,0.00,0.00,0.00,0.00,0.00
1.00,1.00,0.00,0.00,0.00,0.00,0.00,0.00
2.00,1.00,1.00,0.00,0.00,0.00,0.00,0.00
1.00,1.00,6.00,3.00,0.00,0.00,1.00,0.00
1.00,1.00,4.00,1.00,0.00,0.00,1.00,0.00
6.00,3.00,1.00,0.00,0.00,0.00,0.00,0.00
28.00,32.00,3.00,0.00,0.00,0.00,2.00,0.00
42.00,37.00,6.00,0.00,0.00,0.00,3.00,0.00
10.00,24.00,7.00,0.00,0.00,0.00,2.00,0.00
27.00,31.00,10.00,0.00,0.00,0.00,2.00,0.00
14.00,13.00,5.00,0.00,0.00,0.00,1.00,0.00
9.00,15.00,9.00,0.00,0.00,0.00,1.00,0.00
23.00,15.00,3.00,0.00,0.00,0.00,1.00,0.00
17.00,6.00,2.00,0.00,0.00,0.00,0.00,0.00
13.00,3.00,2.00,0.00,0.00,0.00,1.00,0.00
14.00,6.00,2.00,0.00,0.00,0.00,1.00,0.00
10.00,17.00,3.00,1.00,0.00,0.00,1.00,0.00
16.00,21.00,14.00,1.00,0.00,0.00,3.00,0.00
21.00,25.00,18.00,1.00,0.00,0.00,4.00,0.00
20.00,27.00,22.00,1.00,0.00,0.00,5.00,0.00
20.00,28.00,22.00,1.00,0.00,0.00,5.00,0.00
21.00,27.00,19.00,1.00,0.00,0.00,4.00,0.00
19.00,23.00,18.00,1.00,0.00,0.00,4.00,0.00
16.00,24.00,14.00,0.00,0.00,0.00,3.00,0.00
16.00,18.00,11.00,1.00,0.00,0.00,2.00,0.00
12.00,16.00,11.00,0.00,0.00,0.00,2.00,0.00
11.00,12.00,6.00,0.00,0.00,0.00,1.00,0.00
30.00,26.00,0.00,0.00,0.00,0.00,2.00,0.00
37.00,47.00,1.00,0.00,0.00,0.00,4.00,0.00
8.00,29.00,2.00,0.00,0.00,0.00,2.00,0.00
21.00,27.00,5.00,0.00,0.00,0.00,2.00,0.00
29.00,29.00,7.00,0.00,0.00,0.00,2.00,0.00
22.00,21.00,13.00,0.00,0.00,0.00,3.00,0.00
14.00,17.00,10.00,0.00,0.00,0.00,2.00,0.00
9.00,16.00,3.00,0.00,0.00,0.00,1.00,0.00
14.00,8.00,1.00,0.00,0.00,0.00,1.00,0.00
11.00,8.00,1.00,0.00,0.00,0.00,0.00,0.00
10.00,8.00,2.00,0.00,0.00,0.00,0.00,0.00
11.00,10.00,3.00,0.00,0.00,0.00,0.00,0.00
8.00,23.00,4.00,0.00,0.00,0.00,2.00,0.00
9.00,26.00,26.00,0.00,1.00,0.00,5.00,0.00
10.00,30.00,26.00,0.00,1.00,0.00,5.00,0.00
11.00,30.00,26.00,0.00,1.00,0.00,5.00,0.00
8.00,29.00,25.00,0.00,0.00,0.00,5.00,0.00
9.00,27.00,26.00,1.00,1.00,0.00,5.00,0.00
11.00,26.00,26.00,0.00,0.00,0.00,5.00,0.00
10.00,23.00,24.00,1.00,1.00,0.00,5.00,0.00
18.00,18.00,20.00,1.00,1.00,0.00,4.00,0.00
18.00,21.00,9.00,1.00,0.00,0.00,2.00,0.00
17.00,17.00,5.00,3.00,0.00,0.00,1.00,0.00
13.00,5.00,1.00,0.00,0.00,0.00,0.00,0.00
2.00,0.00,0.00,0.00,0.00,0.00,0.00,0.00
2.00,0.00,0.00,0.00,0.00,0.00,0.00,0.00
0.00,0.00,2.00,0.00,0.00,0.00,0.00,0.00
0.00,1.00,8.00,5.00,1.00,0.00,2.00,0.00
2.00,1.00,5.00,0.00,0.00,0.00,1.00,0.00
29.00,17.00,3.00,0.00,0.00,0.00,2.00,0.00
31.00,41.00,7.00,0.00,0.00,0.00,3.00,0.00
28.00,29.00,6.00,0.00,0.00,0.00,2.00,0.00
24.00,16.00,6.00,0.00,0.00,0.00,1.00,0.00
8.00,12.00,8.00,0.00,0.00,0.00,1.00,0.00
20.00,21.00,9.00,0.00,0.00,0.00,1.00,0.00
23.00,15.00,2.00,0.00,0.00,0.00,1.00,0.00
10.00,4.00,1.00,0.00,0.00,0.00,0.00,0.00
19.00,8.00,2.00,0.00,0.00,0.00,1.00,0.00
26.00,10.00,2.00,0.00,0.00,0.00,1.00,0.00
23.00,34.00,8.00,0.00,0.00,0.00,3.00,0.00
24.00,23.00,26.00,1.00,0.00,0.00,5.00,0.00
26.00,24.00,24.00,2.00,0.00,0.00,5.00,0.00
28.00,22.00,19.00,2.00,0.00,0.00,4.00,0.00
21.00,18.00,17.00,1.00,0.00,0.00,3.00,0.00
14.00,21.00,18.00,0.00,0.00,0.00,4.00,0.00
10.00,23.00,20.00,1.00,1.00,0.00,4.00,0.00
14.00,22.00,19.00,0.00,0.00,0.00,4.00,0.00
18.00,17.00,16.00,1.00,0.00,0.00,3.00,0.00
18.00,14.00,12.00,1.00,0.00,0.00,2.00,0.00
15.00,9.00,6.00,0.00,0.00,0.00,1.00,0.00
40.00,25.00,0.00,0.00,0.00,0.00,3.00,0.00
31.00,30.00,1.00,0.00,0.00,0.00,2.00,0.00
19.00,47.00,3.00,0.00,0.00,0.00,4.00,0.00
18.00,39.00,3.00,0.00,0.00,0.00,3.00,0.00
21.00,32.00,3.00,0.00,0.00,0.00,2.00,0.00
22.00,22.00,5.00,0.00,0.00,0.00,2.00,0.00
23.00,18.00,9.00,0.00,0.00,0.00,2.00,0.00
19.00,12.00,9.00,0.00,0.00,0.00,1.00,0.00
10.00,15.00,2.00,0.00,0.00,0.00,1.00,0.00
13.00,7.00,1.00,0.00,0.00,0.00,0.00,0.00
10.00,7.00,2.00,0.00,0.00,0.00,0.00,0.00
10.00,10.00,2.00,0.00,0.00,0.00,0.00,0.00
16.00,20.00,4.00,1.00,0.00,0.00,1.00,0.00
18.00,26.00,19.00,1.00,0.00,0.00,4.00,0.00
11.00,30.00,34.00,1.00,0.00,0.00,7.00,0.00
8.00,31.00,29.00,1.00,0.00,0.00,6.00,0.00
7.00,28.00,26.00,1.00,1.00,0.00,6.00,0.00
6.00,27.00,23.00,0.00,0.00,0.00,5.00,0.00
9.00,26.00,15.00,1.00,0.00,0.00,3.00,0.00
14.00,24.00,14.00,1.00,0.00,0.00,3.00,0.00
16.00,18.00,13.00,1.00,0.00,0.00,3.00,0.00
15.00,15.00,7.00,1.00,0.00,0.00,1.00,0.00
8.00,6.00,0.00,0.00,0.00,0.00,0.00,0.00
3.00,2.00,0.00,0.00,0.00,0.00,0.00,0.00
3.00,1.00,0.00,0.00,0.00,0.00,0.00,0.00
2.00,1.00,2.00,1.00,0.00,0.00,0.00,0.00
2.00,0.00,3.00,2.00,1.00,0.00,1.00,0.00
2.00,0.00,1.00,1.00,0.00,0.00,0.00,0.00
31.00,19.00,3.00,0.00,0.00,0.00,2.00,0.00
21.00,40.00,4.00,0.00,0.00,0.00,3.00,0.00
27.00,25.00,4.00,0.00,0.00,0.00,2.00,0.00
18.00,15.00,5.00,0.00,0.00,0.00,1.00,0.00
8.00,16.00,9.00,0.00,0.00,0.00,1.00,0.00
19.00,20.00,4.00,0.00,0.00,0.00,1.00,0.00
18.00,14.00,2.00,0.00,0.00,0.00,1.00,0.00
17.00,4.00,1.00,0.00,0.00,0.00,1.00,0.00
15.00,7.00,2.00,0.00,0.00,0.00,1.00,0.00
16.00,9.00,2.00,0.00,0.00,0.00,1.00,0.00
18.00,20.00,2.00,1.00,0.00,0.00,1.00,0.00
14.00,22.00,13.00,0.00,0.00,0.00,3.00,0.00
16.00,26.00,16.00,1.00,0.00,0.00,3.00,0.00
15.00,26.00,13.00,1.00,0.00,0.00,3.00,0.00
17.00,27.00,14.00,1.00,0.00,0.00,3.00,0.00
18.00,26.00,11.00,1.00,0.00,0.00,3.00,0.00
15.00,25.00,10.00,0.00,0.00,0.00,3.00,0.00
16.00,24.00,8.00,0.00,0.00,0.00,3.00,0.00
13.00,20.00,6.00,1.00,0.00,0.00,2.00,0.00
16.00,18.00,7.00,0.00,0.00,0.00,2.00,0.00
12.00,10.00,5.00,0.00,0.00,0.00,1.00,0.00
5.00,6.00,3.00,0.00,0.00,0.00,0.00,0.00
29.00,29.00,1.00,0.00,0.00,0.00,2.00,0.00
22.00,32.00,2.00,0.00,0.00,0.00,3.00,0.00
15.00,37.00,1.00,0.00,0.00,0.00,3.00,0.00
27.00,39.00,4.00,0.00,0.00,0.00,3.00,0.00
24.00,28.00,8.00,0.00,0.00,0.00,2.00,0.00
21.00,20.00,5.00,0.00,0.00,0.00,1.00,0.00
20.00,15.00,7.00,0.00,0.00,0.00,1.00,0.00
19.00,14.00,5.00,0.00,0.00,0.00,1.00,0.00
11.00,5.00,1.00,0.00,0.00,0.00,0.00,0.00
11.00,7.00,3.00,1.00,0.00,0.00,0.00,0.00
10.00,8.00,2.00,0.00,0.00,0.00,0.00,0.00
10.00,8.00,3.00,0.00,0.00,0.00,0.00,0.00
12.00,16.00,7.00,0.00,0.00,0.00,1.00,0.00
10.00,19.00,27.00,1.00,0.00,0.00,6.00,0.00
10.00,19.00,21.00,1.00,0.00,0.00,4.00,0.00
10.00,21.00,15.00,1.00,0.00,0.00,3.00,0.00
10.00,18.00,18.00,1.00,0.00,0.00,4.00,0.00
10.00,16.00,18.00,0.00,0.00,0.00,3.00,0.00
12.00,18.00,20.00,0.00,0.00,0.00,4.00,0.00
13.00,19.00,18.00,1.00,0.00,0.00,4.00,0.00
14.00,17.00,20.00,1.00,0.00,0.00,4.00,0.00
15.00,17.00,9.00,1.00,0.00,0.00,2.00,0.00
15.00,14.00,4.00,1.00,0.00,0.00,1.00,0.00
8.00,4.00,0.00,0.00,0.00,0.00,0.00,0.00
2.00,0.00,0.00,0.00,0.00,0.00,0.00,0.00
1.00,0.00,0.00,0.00,0.00,0.00,0.00,0.00
2.00,0.00,1.00,2.00,0.00,0.00,0.00,0.00
1.00,1.00,3.00,4.00,1.00,0.00,1.00,0.00
4.00,1.00,2.00,0.00,0.00,0.00,0.00,0.00
30.00,33.00,5.00,0.00,0.00,0.00,3.00,0.00
41.00,54.00,6.00,0.00,0.00,0.00,4.00,0.00
27.00,30.00,9.00,0.00,0.00,0.00,2.00,0.00
14.00,19.00,8.00,0.00,0.00,0.00,1.00,0.00
14.00,23.00,10.00,0.00,0.00,0.00,2.00,0.00
21.00,26.00,4.00,0.00,0.00,0.00,2.00,0.00
20.00,20.00,4.00,0.00,0.00,0.00,1.00,0.00
12.00,5.00,1.00,0.00,0.00,0.00,0.00,0.00
19.00,9.00,3.00,0.00,0.00,0.00,1.00,0.00
23.00,11.00,3.00,0.00,0.00,0.00,1.00,0.00
24.00,11.00,3.00,0.00,0.00,0.00,1.00,0.00
20.00,27.00,6.00,1.00,0.00,0.00,2.00,0.00
21.00,18.00,13.00,1.00,1.00,0.00,3.00,0.00
17.00,24.00,18.00,1.00,1.00,0.00,4.00,0.00
16.00,27.00,16.00,1.00,0.00,0.00,3.00,0.00
15.00,28.00,16.00,1.00,0.00,0.00,4.00,0.00
18.00,27.00,14.00,1.00,0.00,0.00,3.00,0.00
15.00,25.00,14.00,1.00,0.00,0.00,3.00,0.00
14.00,21.00,8.00,1.00,0.00,0.00,2.00,0.00
14.00,15.00,6.00,0.00,0.00,0.00,1.00,0.00
11.00,13.00,4.00,0.00,0.00,0.00,1.00,0.00
38.00,45.00,2.00,0.00,0.00,0.00,4.00,0.00
27.00,30.00,2.00,0.00,0.00,0.00,2.00,0.00
5.00,23.00,4.00,0.00,0.00,0.00,2.00,0.00
21.00,25.00,6.00,0.00,0.00,0.00,2.00,0.00
19.00,18.00,6.00,0.00,0.00,0.00,1.00,0.00
14.00,12.00,13.00,0.00,1.00,0.00,3.00,0.00
16.00,13.00,5.00,0.00,0.00,0.00,1.00,0.00
12.00,6.00,1.00,0.00,0.00,0.00,0.00,0.00
15.00,9.00,3.00,0.00,0.00,0.00,1.00,0.00
12.00,8.00,3.00,1.00,1.00,0.00,1.00,0.00
11.00,8.00,2.00,0.00,0.00,0.00,0.00,0.00
19.00,18.00,7.00,1.00,0.00,0.00,2.00,0.00
15.00,26.00,21.00,2.00,1.00,0.00,4.00,0.00
14.00,30.00,25.00,1.00,1.00,0.00,5.00,0.00
14.00,31.00,22.00,2.00,1.00,0.00,4.00,0.00
15.00,31.00,27.00,1.00,1.00,0.00,6.00,0.00
14.00,32.00,31.00,1.00,1.00,0.00,7.00,0.00
7.00,27.00,21.00,1.00,1.00,0.00,4.00,0.00
12.00,12.00,14.00,1.00,0.00,0.00,3.00,0.00
12.00,10.00,4.00,2.00,0.00,0.00,1.00,0.00
8.00,4.00,1.00,0.00,0.00,0.00,0.00,0.00
2.00,1.00,0.00,0.00,0.00,0.00,0.00,0.00
1.00,0.00,0.00,0.00,0.00,0.00,0.00,0.00
2.00,0.00,3.00,0.00,0.00,0.00,1.00,0.00
1.00,1.00,6.00,8.00,0.00,0.00,2.00,0.00
1.00,2.00,4.00,1.00,0.00,0.00,1.00,0.00
22.00,13.00,2.00,0.00,0.00,0.00,1.00,0.00
46.00,55.00,7.00,0.00,0.00,0.00,4.00,0.00
32.00,31.00,6.00,0.00,0.00,0.00,2.00,0.00
10.00,13.00,7.00,0.00,0.00,0.00,1.00,0.00
17.00,24.00,12.00,0.00,0.00,0.00,2.00,0.00
21.00,13.00,8.00,0.00,0.00,0.00,1.00,0.00
7.00,21.00,1.00,0.00,0.00,0.00,1.00,0.00
17.00,9.00,2.00,0.00,0.00,0.00,1.00,0.00
24.00,10.00,2.00,0.00,0.00,0.00,1.00,0.00
20.00,9.00,3.00,0.00,0.00,0.00,1.00,0.00
16.00,8.00,2.00,0.00,0.00,0.00,1.00,0.00
15.00,14.00,8.00,0.00,0.00,0.00,1.00,0.00
14.00,25.00,14.00,1.00,0.00,0.00,3.00,0.00
15.00,25.00,14.00,0.00,0.00,0.00,3.00,0.00
11.00,26.00,15.00,1.00,0.00,0.00,3.00,0.00
9.00,25.00,15.00,0.00,0.00,0.00,3.00,0.00
9.00,24.00,14.00,0.00,1.00,0.00,3.00,0.00
7.00,21.00,13.00,0.00,1.00,0.00,3.00,0.00
9.00,18.00,9.00,0.00,0.00,0.00,2.00,0.00
7.00,13.00,6.00,0.00,0.00,0.00,1.00,0.00
8.00,8.00,4.00,0.00,0.00,0.00,1.00,0.00
6.00,4.00,2.00,0.00,0.00,0.00,0.00,0.00
2.00,3.00,2.00,0.00,0.00,0.00,0.00,0.00
4.00,2.00,0.00,0.00,0.00,0.00,0.00,0.00
25.00,37.00,3.00,0.00,0.00,0.00,3.00,0.00
20.00,23.00,2.00,0.00,0.00,0.00,2.00,0.00
6.00,17.00,3.00,0.00,0.00,0.00,1.00,0.00
6.00,14.00,5.00,0.00,0.00,0.00,1.00,0.00
10.00,13.00,4.00,0.00,0.00,0.00,1.00,0.00
14.00,17.00,5.00,0.00,0.00,0.00,1.00,0.00
16.00,12.00,2.00,0.00,0.00,0.00,1.00,0.00
14.00,7.00,2.00,0.00,0.00,0.00,0.00,0.00
12.00,5.00,2.00,0.00,0.00,0.00,0.00,0.00
9.00,6.00,2.00,0.00,0.00,0.00,0.00,0.00
10.00,9.00,2.00,0.00,0.00,0.00,0.00,0.00
12.00,15.00,10.00,0.00,1.00,0.00,2.00,0.00
12.00,22.00,24.00,1.00,1.00,0.00,5.00,0.00
12.00,29.00,25.00,2.00,0.00,0.00,5.00,0.00
9.00,27.00,21.00,1.00,1.00,0.00,4.00,0.00
4.00,19.00,15.00,0.00,0.00,0.00,3.00,0.00
6.00,16.00,12.00,0.00,1.00,0.00,2.00,0.00
6.00,14.00,12.00,0.00,0.00,0.00,2.00,0.00
8.00,8.00,6.00,0.00,0.00,0.00,1.00,0.00
10.00,7.00,6.00,0.00,0.00,0.00,1.00,0.00
11.00,5.00,1.00,0.00,0.00,0.00,0.00,0.00
3.00,1.00,0.00,0.00,0.00,0.00,0.00,0.00
2.00,2.00,0.00,0.00,0.00,0.00,0.00,0.00
3.00,1.00,3.00,2.00,0.00,0.00,1.00,0.00
1.00,0.00,7.00,5.00,1.00,0.00,2.00,0.00
1.00,3.00,4.00,1.00,0.00,0.00,1.00,0.00
39.00,31.00,4.00,0.00,0.00,0.00,3.00,0.00
20.00,27.00,4.00,0.00,0.00,0.00,2.00,0.00
13.00,25.00,6.00,0.00,0.00,0.00,2.00,0.00
21.00,19.00,6.00,0.00,0.00,0.00,2.00,0.00
11.00,11.00,8.00,0.00,0.00,0.00,1.00,0.00
9.00,19.00,6.00,0.00,0.00,0.00,1.00,0.00
22.00,15.00,2.00,0.00,0.00,0.00,1.00,0.00
15.00,4.00,1.00,0.00,0.00,0.00,0.00,0.00
14.00,4.00,1.00,0.00,0.00,0.00,1.00,0.00
15.00,6.00,2.00,0.00,0.00,0.00,1.00,0.00
18.00,10.00,3.00,0.00,0.00,0.00,1.00,0.00
14.00,20.00,15.00,0.00,0.00,0.00,3.00,0.00
14.00,29.00,24.00,1.00,1.00,0.00,5.00,0.00
17.00,30.00,28.00,1.00,2.00,0.00,6.00,0.00
16.00,31.00,26.00,1.00,1.00,0.00,6.00,0.00
17.00,29.00,24.00,1.00,1.00,0.00,5.00,0.00
18.00,28.00,18.00,1.00,1.00,0.00,4.00,0.00
16.00,25.00,14.00,1.00,1.00,0.00,3.00,0.00
18.00,22.00,10.00,0.00,1.00,0.00,2.00,0.00
13.00,18.00,7.00,0.00,0.00,0.00,2.00,0.00
9.00,12.00,6.00,0.00,0.00,0.00,1.00,0.00
6.00,5.00,4.00,0.00,0.00,0.00,0.00,0.00
3.00,3.00,2.00,0.00,0.00,0.00,0.00,0.00
3.00,1.00,0.00,0.00,0.00,0.00,0.00,0.00
27.00,39.00,2.00,0.00,0.00,0.00,3.00,0.00
34.00,41.00,3.00,0.00,0.00,0.00,3.00,0.00
22.00,29.00,7.00,0.00,0.00,0.00,2.00,0.00
10.00,17.00,9.00,0.00,0.00,0.00,2.00,0.00
16.00,16.00,15.00,0.00,0.00,0.00,3.00,0.00
17.00,18.00,15.00,1.00,0.00,0.00,3.00,0.00
19.00,21.00,10.00,1.00,0.00,0.00,2.00,0.00
20.00,23.00,3.00,0.00,0.00,0.00,2.00,0.00
18.00,10.00,2.00,0.00,0.00,0.00,1.00,0.00
19.00,6.00,2.00,0.00,0.00,0.00,1.00,0.00
14.00,6.00,2.00,0.00,0.00,0.00,0.00,0.00
17.00,23.00,6.00,1.00,0.00,0.00,2.00,0.00
15.00,27.00,22.00,2.00,1.00,0.00,5.00,0.00
15.00,31.00,19.00,3.00,1.00,0.00,4.00,0.00
11.00,30.00,23.00,2.00,1.00,0.00,5.00,0.00
11.00,30.00,25.00,2.00,1.00,0.00,5.00,0.00
11.00,29.00,26.00,2.00,0.00,0.00,5.00,0.00
9.00,26.00,26.00,2.00,1.00,0.00,6.00,0.00
8.00,20.00,22.00,1.00,1.00,0.00,5.00,0.00
8.00,14.00,16.00,0.00,0.00,0.00,3.00,0.00
5.00,12.00,10.00,1.00,0.00,0.00,2.00,0.00
7.00,8.00,2.00,1.00,0.00,0.00,0.00,0.00
5.00,2.00,1.00,0.00,0.00,0.00,0.00,0.00
2.00,1.00,0.00,0.00,0.00,0.00,0.00,0.00
1.00,0.00,0.00,0.00,0.00,0.00,0.00,0.00
1.00,1.00,2.00,0.00,0.00,0.00,0.00,0.00
2.00,1.00,1.00,0.00,0.00,0.00,1.00,0.00
4.00,0.00,1.00,0.00,0.00,0.00,0.00,0.00
13.00,30.00,2.00,0.00,0.00,0.00,2.00,0.00
21.00,24.00,8.00,0.00,0.00,0.00,2.00,0.00
21.00,9.00,4.00,0.00,0.00,0.00,1.00,0.00
7.00,15.00,7.00,0.00,0.00,0.00,1.00,0.00
19.00,16.00,10.00,0.00,0.00,0.00,2.00,0.00
19.00,10.00,4.00,0.00,0.00,0.00,1.00,0.00
8.00,14.00,2.00,0.00,0.00,0.00,1.00,0.00
17.00,7.00,2.00,0.00,0.00,0.00,1.00,0.00
20.00,9.00,2.00,0.00,0.00,0.00,1.00,0.00
22.00,9.00,2.00,0.00,0.00,0.00,1.00,0.00
21.00,22.00,7.00,1.00,0.00,0.00,2.00,0.00
22.00,18.00,12.00,1.00,1.00,0.00,3.00,0.00
18.00,19.00,15.00,1.00,0.00,0.00,3.00,0.00
15.00,23.00,13.00,1.00,1.00,0.00,3.00,0.00
16.00,23.00,11.00,0.00,1.00,0.00,3.00,0.00
11.00,23.00,14.00,0.00,1.00,0.00,3.00,0.00
11.00,22.00,15.00,1.00,1.00,0.00,3.00,0.00
12.00,19.00,15.00,1.00,0.00,0.00,3.00,0.00
9.00,15.00,13.00,0.00,1.00,0.00,2.00,0.00
10.00,12.00,9.00,0.00,1.00,0.00,1.00,0.00
7.00,6.00,5.00,0.00,0.00,0.00,0.00,0.00
4.00,4.00,2.00,0.00,0.00,0.00,0.00,0.00
23.00,25.00,1.00,0.00,0.00,0.00,2.00,0.00
15.00,19.00,1.00,0.00,0.00,0.00,1.00,0.00
13.00,20.00,1.00,0.00,0.00,0.00,1.00,0.00
20.00,16.00,2.00,0.00,0.00,0.00,1.00,0.00
13.00,11.00,3.00,0.00,0.00,0.00,1.00,0.00
9.00,13.00,5.00,0.00,0.00,0.00,1.00,0.00
19.00,18.00,9.00,0.00,0.00,0.00,2.00,0.00
21.00,20.00,9.00,1.00,0.00,0.00,2.00,0.00
23.00,22.00,3.00,0.00,0.00,0.00,2.00,0.00
16.00,9.00,2.00,0.00,0.00,0.00,1.00,0.00
13.00,7.00,2.00,0.00,0.00,0.00,1.00,0.00
9.00,6.00,2.00,0.00,0.00,0.00,0.00,0.00
9.00,7.00,2.00,0.00,0.00,0.00,0.00,0.00
17.00,15.00,7.00,0.00,0.00,0.00,1.00,0.00
14.00,26.00,27.00,1.00,0.00,0.00,6.00,0.00
13.00,33.00,24.00,2.00,1.00,0.00,5.00,0.00
14.00,36.00,27.00,2.00,1.00,0.00,6.00,0.00
14.00,37.00,29.00,2.00,1.00,0.00,6.00,0.00
14.00,36.00,34.00,1.00,2.00,0.00,7.00,0.00
12.00,34.00,31.00,1.00,1.00,0.00,7.00,0.00
8.00,27.00,22.00,0.00,2.00,0.00,5.00,0.00
9.00,17.00,14.00,0.00,1.00,0.00,3.00,0.00
10.00,8.00,9.00,0.00,0.00,0.00,2.00,0.00
10.00,10.00,3.00,0.00,0.00,0.00,1.00,0.00
6.00,3.00,1.00,0.00,0.00,0.00,0.00,0.00
1.00,1.00,0.00,0.00,0.00,0.00,0.00,0.00
1.00,0.00,0.00,0.00,0.00,0.00,0.00,0.00
1.00,0.00,3.00,0.00,0.00,0.00,0.00,0.00
1.00,1.00,5.00,2.00,0.00,0.00,2.00,0.00
2.00,1.00,2.00,0.00,0.00,0.00,0.00,0.00
25.00,16.00,3.00,0.00,0.00,0.00,2.00,0.00
46.00,51.00,8.00,0.00,0.00,0.00,4.00,0.00
19.00,19.00,3.00,0.00,0.00,0.00,2.00,0.00
5.00,15.00,7.00,0.00,0.00,0.00,1.00,0.00
18.00,22.00,6.00,0.00,0.00,0.00,2.00,0.00
13.00,13.00,1.00,0.00,0.00,0.00,1.00,0.00
9.00,4.00,1.00,0.00,0.00,0.00,0.00,0.00
16.00,7.00,1.00,0.00,0.00,0.00,1.00,0.00
20.00,7.00,2.00,0.00,0.00,0.00,1.00,0.00
16.00,8.00,1.00,0.00,0.00,0.00,1.00,0.00
15.00,14.00,5.00,0.00,1.00,0.00,1.00,0.00
10.00,16.00,11.00,1.00,1.00,0.00,2.00,0.00
9.00,20.00,16.00,1.00,1.00,0.00,3.00,0.00
10.00,22.00,17.00,0.00,1.00,0.00,3.00,0.00
10.00,22.00,16.00,1.00,1.00,0.00,3.00,0.00
5.00,18.00,12.00,0.00,1.00,0.00,2.00,0.00
10.00,14.00,9.00,0.00,1.00,0.00,2.00,0.00
7.00,6.00,5.00,0.00,0.00,0.00,1.00,0.00
5.00,5.00,2.00,0.00,0.00,0.00,0.00,0.00
4.00,3.00,2.00,0.00,0.00,0.00,0.00,0.00
22.00,18.00,0.00,0.00,0.00,0.00,1.00,0.00
17.00,25.00,1.00,0.00,0.00,0.00,2.00,0.00
22.00,36.00,2.00,0.00,0.00,0.00,3.00,0.00
30.00,27.00,4.00,0.00,0.00,0.00,2.00,0.00
10.00,21.00,3.00,0.00,0.00,0.00,1.00,0.00
15.00,23.00,7.00,0.00,0.00,0.00,2.00,0.00
27.00,27.00,4.00,0.00,0.00,0.00,2.00,0.00
21.00,21.00,9.00,0.00,0.00,0.00,1.00,0.00
11.00,11.00,10.00,0.00,0.00,0.00,2.00,0.00
13.00,10.00,6.00,0.00,0.00,0.00,1.00,0.00
10.00,3.00,2.00,0.00,0.00,0.00,0.00,0.00
12.00,5.00,2.00,0.00,0.00,0.00,0.00,0.00
8.00,7.00,2.00,0.00,0.00,0.00,0.00,0.00
10.00,8.00,3.00,0.00,0.00,0.00,0.00,0.00
8.00,8.00,3.00,0.00,0.00,0.00,0.00,0.00
15.00,20.00,12.00,1.00,0.00,0.00,2.00,0.00
14.00,34.00,28.00,1.00,1.00,0.00,6.00,0.00
13.00,32.00,26.00,1.00,1.00,0.00,6.00,0.00
12.00,32.00,28.00,1.00,1.00,0.00,6.00,0.00
7.00,30.00,30.00,1.00,1.00,0.00,6.00,0.00
7.00,28.00,23.00,0.00,1.00,0.00,5.00,0.00
6.00,23.00,17.00,1.00,0.00,0.00,3.00,0.00
9.00,18.00,13.00,1.00,1.00,0.00,3.00,0.00
11.00,11.00,7.00,1.00,0.00,0.00,1.00,0.00
14.00,11.00,6.00,1.00,0.00,0.00,1.00,0.00
11.00,3.00,1.00,1.00,0.00,0.00,0.00,0.00
5.00,3.00,0.00,0.00,0.00,0.00,0.00,0.00
3.00,1.00,0.00,0.00,0.00,0.00,0.00,0.00
1.00,1.00,0.00,0.00,0.00,0.00,0.00,0.00
3.00,1.00,6.00,0.00,0.00,0.00,1.00,0.00
1.00,0.00,5.00,1.00,0.00,0.00,2.00,0.00
8.00,5.00,3.00,0.00,0.00,0.00,0.00,0.00
30.00,27.00,2.00,0.00,0.00,0.00,2.00,0.00
17.00,43.00,4.00,0.00,0.00,0.00,4.00,0.00
23.00,33.00,7.00,0.00,0.00,0.00,3.00,0.00
21.00,20.00,6.00,0.00,0.00,0.00,1.00,0.00
14.00,14.00,7.00,0.00,0.00,0.00,1.00,0.00
14.00,26.00,3.00,0.00,0.00,0.00,2.00,0.00
14.00,8.00,1.00,0.00,0.00,0.00,0.00,0.00
16.00,4.00,1.00,0.00,0.00,0.00,1.00,0.00
14.00,5.00,2.00,0.00,0.00,0.00,1.00,0.00
14.00,7.00,1.00,0.00,0.00,0.00,1.00,0.00
19.00,18.00,8.00,1.00,0.00,0.00,1.00,0.00
18.00,26.00,20.00,1.00,0.00,0.00,4.00,0.00
18.00,27.00,19.00,1.00,1.00,0.00,4.00,0.00
18.00,30.00,20.00,0.00,1.00,0.00,4.00,0.00
12.00,34.00,15.00,0.00,1.00,0.00,4.00,0.00
11.00,31.00,16.00,0.00,1.00,0.00,4.00,0.00
8.00,27.00,15.00,0.00,1.00,0.00,3.00,0.00
8.00,22.00,12.00,0.00,1.00,0.00,2.00,0.00
30.00,28.00,1.00,0.00,0.00,0.00,2.00,0.00
39.00,40.00,1.00,0.00,0.00,0.00,3.00,0.00
16.00,35.00,2.00,0.00,0.00,0.00,3.00,0.00
20.00,37.00,2.00,0.00,0.00,0.00,3.00,0.00
28.00,36.00,3.00,0.00,0.00,0.00,3.00,0.00
22.00,27.00,6.00,0.00,0.00,0.00,2.00,0.00
13.00,15.00,5.00,0.00,0.00,0.00,1.00,0.00
11.00,8.00,9.00,0.00,0.00,0.00,1.00,0.00
13.00,10.00,11.00,0.00,0.00,0.00,2.00,0.00
12.00,20.00,9.00,0.00,0.00,0.00,1.00,0.00
16.00,16.00,2.00,0.00,0.00,0.00,1.00,0.00
16.00,9.00,2.00,0.00,0.00,0.00,1.00,0.00
18.00,9.00,1.00,0.00,0.00,0.00,1.00,0.00
14.00,9.00,2.00,0.00,0.00,0.00,1.00,0.00
16.00,29.00,6.00,0.00,1.00,0.00,2.00,0.00
8.00,20.00,18.00,0.00,1.00,0.00,4.00,0.00
8.00,21.00,18.00,1.00,1.00,0.00,4.00,0.00
9.00,23.00,18.00,1.00,1.00,0.00,4.00,0.00
7.00,24.00,20.00,0.00,2.00,0.00,4.00,0.00
8.00,27.00,26.00,0.00,2.00,0.00,5.00,0.00
6.00,27.00,31.00,0.00,3.00,0.00,7.00,0.00
6.00,30.00,28.00,0.00,2.00,0.00,6.00,0.00
8.00,24.00,22.00,0.00,3.00,0.00,5.00,0.00
8.00,16.00,17.00,0.00,2.00,0.00,4.00,0.00
12.00,15.00,12.00,1.00,1.00,0.00,2.00,0.00
12.00,11.00,6.00,0.00,1.00,0.00,1.00,0.00
10.00,10.00,1.00,0.00,0.00,0.00,0.00,0.00
10.00,8.00,0.00,0.00,0.00,0.00,0.00,0.00
3.00,0.00,0.00,0.00,0.00,0.00,0.00,0.00
1.00,0.00,0.00,0.00,0.00,0.00,0.00,0.00
3.00,1.00,2.00,0.00,0.00,0.00,1.00,0.00
2.00,2.00,1.00,2.00,0.00,0.00,3.00,0.00
2.00,1.00,2.00,0.00,0.00,0.00,0.00,0.00
20.00,14.00,3.00,0.00,0.00,0.00,1.00,0.00
27.00,30.00,4.00,0.00,0.00,0.00,2.00,0.00
17.00,27.00,6.00,0.00,0.00,0.00,2.00,0.00
20.00,18.00,5.00,0.00,0.00,0.00,2.00,0.00
12.00,8.00,3.00,0.00,0.00,0.00,0.00,0.00
7.00,17.00,4.00,0.00,0.00,0.00,1.00,0.00
15.00,9.00,1.00,0.00,0.00,0.00,1.00,0.00
20.00,7.00,2.00,0.00,0.00,0.00,1.00,0.00
20.00,7.00,2.00,0.00,0.00,0.00,1.00,0.00
14.00,3.00,3.00,0.00,0.00,0.00,1.00,0.00
17.00,8.00,2.00,0.00,1.00,0.00,0.00,0.00
14.00,17.00,16.00,1.00,1.00,0.00,3.00,0.00
15.00,23.00,26.00,0.00,2.00,0.00,5.00,0.00
16.00,26.00,23.00,1.00,2.00,0.00,5.00,0.00
16.00,28.00,19.00,1.00,2.00,0.00,4.00,0.00
11.00,27.00,15.00,1.00,2.00,0.00,3.00,0.00
10.00,23.00,14.00,0.00,2.00,0.00,3.00,0.00
23.00,20.00,1.00,0.00,0.00,0.00,1.00,0.00
16.00,23.00,0.00,0.00,0.00,0.00,1.00,0.00
40.00,36.00,0.00,0.00,0.00,0.00,3.00,0.00
25.00,35.00,2.00,0.00,0.00,0.00,3.00,0.00
23.00,43.00,2.00,0.00,0.00,0.00,4.00,0.00
26.00,36.00,3.00,0.00,0.00,0.00,3.00,0.00
28.00,34.00,7.00,0.00,0.00,0.00,3.00,0.00
29.00,33.00,10.00,0.00,0.00,0.00,3.00,0.00
26.00,29.00,10.00,0.00,0.00,0.00,2.00,0.00
20.00,23.00,12.00,1.00,1.00,0.00,2.00,0.00
16.00,15.00,15.00,1.00,0.00,0.00,3.00,0.00
15.00,16.00,12.00,0.00,0.00,0.00,2.00,0.00
11.00,21.00,3.00,0.00,0.00,0.00,1.00,0.00
19.00,12.00,2.00,1.00,0.00,0.00,1.00,0.00
19.00,12.00,2.00,1.00,1.00,0.00,1.00,0.00
14.00,10.00,2.00,0.00,0.00,0.00,1.00,0.00
13.00,22.00,3.00,0.00,1.00,0.00,2.00,0.00
7.00,26.00,21.00,1.00,1.00,0.00,4.00,0.00
8.00,29.00,24.00,0.00,1.00,0.00,5.00,0.00
7.00,28.00,24.00,1.00,2.00,0.00,5.00,0.00
9.00,25.00,20.00,0.00,2.00,0.00,4.00,0.00
6.00,24.00,20.00,1.00,2.00,0.00,4.00,0.00
7.00,23.00,18.00,0.00,1.00,0.00,4.00,0.00
6.00,21.00,20.00,0.00,1.00,0.00,4.00,0.00
8.00,19.00,16.00,1.00,1.00,0.00,3.00,0.00
9.00,14.00,10.00,1.00,1.00,0.00,2.00,0.00
9.00,9.00,9.00,1.00,0.00,0.00,2.00,0.00
13.00,6.00,2.00,2.00,0.00,0.00,0.00,0.00
4.00,2.00,1.00,0.00,0.00,0.00,0.00,0.00
1.00,1.00,0.00,0.00,0.00,0.00,0.00,0.00
2.00,0.00,0.00,0.00,0.00,0.00,0.00,0.00
1.00,0.00,1.00,1.00,0.00,0.00,0.00,0.00
1.00,1.00,5.00,3.00,0.00,0.00,1.00,0.00
1.00,1.00,4.00,1.00,0.00,0.00,1.00,0.00
34.00,29.00,2.00,0.00,0.00,0.00,2.00,0.00
24.00,36.00,6.00,0.00,0.00,0.00,3.00,0.00
9.00,16.00,4.00,0.00,0.00,0.00,1.00,0.00
16.00,21.00,11.00,0.00,0.00,0.00,2.00,0.00
19.00,10.00,5.00,0.00,0.00,0.00,1.00,0.00
7.00,19.00,5.00,0.00,0.00,0.00,1.00,0.00
18.00,14.00,1.00,0.00,0.00,0.00,1.00,0.00
20.00,6.00,3.00,0.00,0.00,0.00,1.00,0.00
18.00,6.00,2.00,1.00,0.00,0.00,1.00,0.00
14.00,19.00,3.00,0.00,0.00,0.00,2.00,0.00
13.00,14.00,11.00,0.00,0.00,0.00,2.00,0.00
12.00,25.00,20.00,1.00,1.00,0.00,4.00,0.00
15.00,30.00,22.00,1.00,1.00,0.00,5.00,0.00
13.00,33.00,22.00,1.00,1.00,0.00,5.00,0.00
13.00,35.00,18.00,1.00,1.00,0.00,4.00,0.00
16.00,31.00,18.00,1.00,1.00,0.00,4.00,0.00
29.00,23.00,1.00,0.00,0.00,0.00,2.00,0.00
36.00,35.00,2.00,0.00,0.00,0.00,3.00,0.00
16.00,40.00,2.00,0.00,0.00,0.00,3.00,0.00
39.00,46.00,2.00,0.00,0.00,0.00,4.00,0.00
29.00,31.00,2.00,0.00,0.00,0.00,2.00,0.00
14.00,20.00,3.00,0.00,0.00,0.00,2.00,0.00
11.00,9.00,5.00,0.00,1.00,0.00,1.00,0.00
13.00,12.00,10.00,0.00,0.00,0.00,2.00,0.00
17.00,26.00,6.00,0.00,0.00,0.00,2.00,0.00
24.00,13.00,2.00,0.00,0.00,0.00,1.00,0.00
23.00,14.00,1.00,0.00,0.00,0.00,1.00,0.00
22.00,15.00,2.00,1.00,0.00,0.00,1.00,0.00
23.00,15.00,3.00,1.00,0.00,0.00,1.00,0.00
27.00,40.00,13.00,1.00,1.00,0.00,3.00,0.00
23.00,29.00,39.00,2.00,1.00,0.00,8.00,0.00
20.00,33.00,41.00,3.00,2.00,0.00,9.00,0.00
18.00,38.00,41.00,2.00,2.00,0.00,9.00,0.00
13.00,36.00,41.00,2.00,3.00,0.00,9.00,0.00
11.00,38.00,35.00,1.00,3.00,0.00,8.00,0.00
20.00,40.00,36.00,1.00,3.00,0.00,8.00,0.00
17.00,38.00,41.00,1.00,3.00,0.00,9.00,0.00
14.00,35.00,39.00,1.00,3.00,0.00,8.00,0.00
11.00,24.00,30.00,1.00,2.00,0.00,7.00,0.00
10.00,15.00,13.00,1.00,1.00,0.00,3.00,0.00
6.00,8.00,3.00,1.00,0.00,0.00,0.00,0.00
8.00,1.00,1.00,0.00,0.00,0.00,0.00,0.00
2.00,0.00,0.00,0.00,0.00,0.00,0.00,0.00
2.00,0.00,0.00,0.00,0.00,0.00,0.00,0.00
1.00,1.00,3.00,3.00,0.00,0.00,2.00,0.00
2.00,2.00,1.00,1.00,0.00,0.00,1.00,0.00
21.00,16.00,3.00,0.00,0.00,0.00,1.00,0.00
45.00,44.00,6.00,0.00,0.00,0.00,3.00,0.00
25.00,45.00,5.00,0.00,0.00,0.00,3.00,0.00
34.00,40.00,8.00,0.00,0.00,0.00,3.00,0.00
30.00,26.00,12.00,0.00,0.00,0.00,2.00,0.00
12.00,14.00,9.00,0.00,0.00,0.00,1.00,0.00
18.00,27.00,6.00,0.00,0.00,0.00,2.00,0.00
22.00,17.00,1.00,0.00,0.00,0.00,1.00,0.00
14.00,2.00,1.00,0.00,0.00,0.00,1.00,0.00
18.00,8.00,2.00,0.00,0.00,0.00,1.00,0.00
18.00,8.00,2.00,0.00,0.00,0.00,1.00,0.00
20.00,9.00,3.00,0.00,0.00,0.00,1.00,0.00
17.00,22.00,4.00,0.00,0.00,0.00,1.00,0.00
19.00,28.00,31.00,1.00,2.00,0.00,6.00,0.00
25.00,29.00,41.00,1.00,1.00,0.00,9.00,0.00
27.00,28.00,34.00,1.00,1.00,0.00,7.00,0.00
24.00,27.00,26.00,1.00,1.00,0.00,6.00,0.00
23.00,24.00,18.00,1.00,1.00,0.00,4.00,0.00
18.00,25.00,15.00,0.00,1.00,0.00,3.00,0.00
12.00,23.00,15.00,0.00,1.00,0.00,3.00,0.00
39.00,36.00,1.00,0.00,0.00,0.00,3.00,0.00
36.00,41.00,2.00,0.00,0.00,0.00,3.00,0.00
23.00,42.00,1.00,0.00,0.00,0.00,3.00,0.00
31.00,45.00,4.00,0.00,0.00,0.00,4.00,0.00
31.00,31.00,5.00,0.00,0.00,0.00,2.00,0.00
28.00,24.00,8.00,0.00,0.00,0.00,2.00,0.00
14.00,14.00,16.00,0.00,0.00,0.00,3.00,0.00
15.00,18.00,24.00,0.00,0.00,0.00,5.00,0.00
20.00,19.00,22.00,1.00,0.00,0.00,5.00,0.00
14.00,20.00,13.00,0.00,0.00,0.00,2.00,0.00
21.00,20.00,3.00,1.00,0.00,0.00,1.00,0.00
24.00,12.00,3.00,0.00,0.00,0.00,1.00,0.00
25.00,12.00,4.00,0.00,0.00,0.00,1.00,0.00
20.00,12.00,3.00,1.00,0.00,0.00,1.00,0.00
15.00,28.00,18.00,0.00,1.00,0.00,3.00,0.00
10.00,29.00,48.00,1.00,1.00,0.00,10.00,0.00
13.00,29.00,39.00,1.00,1.00,0.00,8.00,0.00
11.00,27.00,39.00,1.00,1.00,0.00,8.00,0.00
13.00,29.00,43.00,1.00,1.00,0.00,9.00,0.00
13.00,31.00,43.00,1.00,0.00,0.00,9.00,0.00
15.00,29.00,44.00,2.00,1.00,0.00,9.00,0.00
16.00,27.00,41.00,1.00,1.00,0.00,9.00,0.00
16.00,19.00,23.00,1.00,0.00,0.00,5.00,0.00
19.00,16.00,11.00,3.00,0.00,0.00,3.00,0.00
13.00,5.00,1.00,0.00,0.00,0.00,0.00,0.00
4.00,0.00,0.00,0.00,0.00,0.00,0.00,0.00
2.00,0.00,0.00,0.00,0.00,0.00,0.00,0.00
1.00,0.00,1.00,0.00,0.00,0.00,0.00,0.00
2.00,0.00,2.00,3.00,0.00,0.00,1.00,0.00
2.00,4.00,3.00,2.00,0.00,0.00,1.00,0.00
18.00,12.00,3.00,0.00,0.00,0.00,1.00,0.00
21.00,25.00,5.00,0.00,0.00,0.00,2.00,0.00
21.00,21.00,10.00,0.00,0.00,0.00,2.00,0.00
8.00,13.00,7.00,0.00,0.00,0.00,1.00,0.00
22.00,22.00,9.00,0.00,0.00,0.00,2.00,0.00
13.00,8.00,6.00,0.00,0.00,0.00,1.00,0.00
16.00,20.00,2.00,0.00,0.00,0.00,1.00,0.00
23.00,3.00,2.00,0.00,0.00,0.00,1.00,0.00
13.00,2.00,2.00,0.00,0.00,0.00,0.00,0.00
13.00,5.00,2.00,0.00,0.00,0.00,1.00,0.00
21.00,20.00,9.00,1.00,0.00,0.00,2.00,0.00
27.00,15.00,20.00,0.00,1.00,0.00,4.00,0.00
19.00,17.00,18.00,0.00,0.00,0.00,3.00,0.00
12.00,19.00,20.00,0.00,1.00,0.00,4.00,0.00
12.00,20.00,24.00,0.00,1.00,0.00,5.00,0.00
19.00,19.00,27.00,1.00,1.00,0.00,6.00,0.00
23.00,18.00,21.00,2.00,0.00,0.00,4.00,0.00
22.00,16.00,17.00,1.00,0.00,0.00,3.00,0.00
18.00,13.00,10.00,1.00,0.00,0.00,2.00,0.00
15.00,8.00,9.00,1.00,0.00,0.00,2.00,0.00
36.00,31.00,1.00,0.00,0.00,0.00,2.00,0.00
22.00,32.00,2.00,0.00,0.00,0.00,2.00,0.00
36.00,47.00,2.00,0.00,0.00,0.00,4.00,0.00
38.00,35.00,3.00,0.00,0.00,0.00,3.00,0.00
14.00,24.00,3.00,0.00,0.00,0.00,2.00,0.00
9.00,19.00,4.00,0.00,0.00,0.00,1.00,0.00
16.00,19.00,10.00,0.00,0.00,0.00,2.00,0.00
16.00,15.00,12.00,0.00,0.00,0.00,2.00,0.00
20.00,24.00,8.00,0.00,0.00,0.00,2.00,0.00
21.00,10.00,2.00,0.00,0.00,0.00,1.00,0.00
19.00,12.00,2.00,0.00,0.00,0.00,1.00,0.00
16.00,12.00,2.00,0.00,0.00,0.00,1.00,0.00
16.00,16.00,3.00,1.00,0.00,0.00,1.00,0.00
21.00,30.00,13.00,0.00,0.00,0.00,3.00,0.00
18.00,37.00,31.00,2.00,1.00,0.00,7.00,0.00
15.00,42.00,32.00,2.00,1.00,0.00,7.00,0.00
10.00,35.00,30.00,2.00,1.00,0.00,6.00,0.00
11.00,33.00,23.00,2.00,1.00,0.00,5.00,0.00
14.00,34.00,26.00,2.00,1.00,0.00,5.00,0.00
15.00,31.00,26.00,2.00,1.00,0.00,5.00,0.00
17.00,26.00,19.00,2.00,0.00,0.00,4.00,0.00
17.00,15.00,15.00,2.00,0.00,0.00,3.00,0.00
12.00,7.00,2.00,2.00,0.00,0.00,0.00,0.00
2.00,1.00,1.00,0.00,0.00,0.00,0.00,0.00
1.00,0.00,0.00,0.00,0.00,0.00,0.00,0.00
2.00,1.00,1.00,0.00,0.00,0.00,0.00,0.00
0.00,1.00,3.00,3.00,1.00,1.00,1.00,0.00
1.00,0.00,3.00,2.00,0.00,0.00,1.00,0.00
20.00,20.00,2.00,0.00,0.00,0.00,1.00,0.00
55.00,61.00,5.00,0.00,0.00,0.00,5.00,0.00
20.00,22.00,4.00,0.00,0.00,0.00,2.00,0.00
22.00,34.00,9.00,0.00,0.00,0.00,3.00,0.00
23.00,17.00,7.00,0.00,0.00,0.00,1.00,0.00
6.00,14.00,9.00,0.00,0.00,0.00,1.00,0.00
23.00,25.00,5.00,0.00,0.00,0.00,2.00,0.00
19.00,19.00,2.00,0.00,0.00,0.00,1.00,0.00
15.00,5.00,1.00,0.00,0.00,0.00,1.00,0.00
18.00,12.00,1.00,0.00,0.00,0.00,1.00,0.00
15.00,29.00,5.00,0.00,0.00,0.00,2.00,0.00
16.00,22.00,12.00,0.00,0.00,0.00,2.00,0.00
22.00,25.00,19.00,1.00,0.00,0.00,4.00,0.00
23.00,24.00,25.00,1.00,0.00,0.00,5.00,0.00
23.00,21.00,21.00,1.00,0.00,0.00,5.00,0.00
17.00,20.00,18.00,1.00,0.00,0.00,4.00,0.00
13.00,21.00,16.00,1.00,0.00,0.00,3.00,0.00
10.00,20.00,18.00,1.00,0.00,0.00,4.00,0.00
10.00,18.00,17.00,1.00,0.00,0.00,3.00,0.00
13.00,10.00,10.00,1.00,0.00,0.00,2.00,0.00
13.00,8.00,5.00,0.00,0.00,0.00,1.00,0.00
7.00,5.00,2.00,0.00,0.00,0.00,0.00,0.00
26.00,17.00,0.00,0.00,0.00,0.00,1.00,0.00
12.00,20.00,0.00,0.00,0.00,0.00,1.00,0.00
40.00,33.00,0.00,0.00,0.00,0.00,3.00,0.00
35.00,39.00,2.00,0.00,0.00,0.00,3.00,0.00
19.00,40.00,2.00,0.00,0.00,0.00,3.00,0.00
21.00,35.00,5.00,0.00,0.00,0.00,3.00,0.00
24.00,24.00,8.00,0.00,0.00,0.00,2.00,0.00
28.00,22.00,10.00,1.00,0.00,0.00,2.00,0.00
27.00,20.00,7.00,0.00,0.00,0.00,1.00,0.00
16.00,16.00,2.00,1.00,0.00,0.00,1.00,0.00
17.00,10.00,1.00,1.00,0.00,0.00,1.00,0.00
14.00,10.00,2.00,1.00,0.00,0.00,1.00,0.00
12.00,10.00,3.00,0.00,0.00,0.00,1.00,0.00
12.00,10.00,3.00,0.00,1.00,0.00,0.00,0.00
9.00,23.00,4.00,0.00,0.00,0.00,2.00,0.00
11.00,21.00,34.00,1.00,0.00,0.00,7.00,0.00
16.00,26.00,20.00,1.00,1.00,0.00,4.00,0.00
17.00,29.00,30.00,1.00,1.00,0.00,6.00,0.00
16.00,29.00,37.00,1.00,0.00,0.00,8.00,0.00
14.00,29.00,32.00,1.00,0.00,0.00,7.00,0.00
15.00,28.00,23.00,1.00,1.00,0.00,4.00,0.00
13.00,18.00,18.00,1.00,0.00,0.00,4.00,0.00
9.00,17.00,10.00,0.00,0.00,0.00,2.00,0.00
9.00,13.00,4.00,0.00,0.00,0.00,1.00,0.00
6.00,5.00,0.00,0.00,0.00,0.00,0.00,0.00
4.00,1.00,0.00,0.00,0.00,0.00,0.00,0.00
4.00,1.00,1.00,0.00,0.00,0.00,0.00,0.00
2.00,0.00,6.00,5.00,0.00,0.00,1.00,0.00
13.00,10.00,2.00,2.00,0.00,0.00,1.00,0.00
44.00,43.00,8.00,0.00,0.00,0.00,3.00,0.00
21.00,32.00,4.00,0.00,0.00,0.00,2.00,0.00
22.00,32.00,3.00,0.00,0.00,0.00,3.00,0.00
19.00,20.00,4.00,0.00,0.00,0.00,2.00,0.00
10.00,21.00,6.00,0.00,0.00,0.00,2.00,0.00
27.00,19.00,8.00,0.00,0.00,0.00,2.00,0.00
14.00,12.00,7.00,0.00,0.00,0.00,1.00,0.00
17.00,21.00,3.00,0.00,0.00,0.00,1.00,0.00
21.00,10.00,1.00,0.00,0.00,0.00,1.00,0.00
27.00,12.00,2.00,0.00,0.00,0.00,1.00,0.00
25.00,14.00,3.00,1.00,0.00,0.00,1.00,0.00
22.00,18.00,8.00,1.00,0.00,0.00,2.00,0.00
21.00,21.00,11.00,2.00,1.00,0.00,2.00,0.00
17.00,27.00,12.00,1.00,1.00,0.00,3.00,0.00
12.00,28.00,17.00,1.00,1.00,0.00,4.00,0.00
12.00,28.00,13.00,1.00,0.00,0.00,3.00,0.00
9.00,29.00,11.00,0.00,1.00,0.00,3.00,0.00
9.00,28.00,12.00,0.00,1.00,0.00,3.00,0.00
8.00,26.00,14.00,1.00,1.00,0.00,3.00,0.00
7.00,22.00,13.00,0.00,1.00,0.00,3.00,0.00
9.00,16.00,10.00,0.00,0.00,0.00,2.00,0.00
35.00,26.00,1.00,0.00,0.00,0.00,2.00,0.00
15.00,35.00,3.00,0.00,0.00,0.00,3.00,0.00
9.00,28.00,9.00,0.00,0.00,0.00,2.00,0.00
15.00,23.00,8.00,0.00,0.00,0.00,2.00,0.00
19.00,18.00,5.00,0.00,0.00,0.00,1.00,0.00
20.00,13.00,6.00,0.00,0.00,0.00,1.00,0.00
11.00,11.00,3.00,0.00,0.00,0.00,1.00,0.00
16.00,13.00,1.00,0.00,0.00,0.00,1.00,0.00
16.00,9.00,1.00,0.00,0.00,0.00,1.00,0.00
17.00,10.00,1.00,0.00,1.00,0.00,1.00,0.00
17.00,29.00,4.00,1.00,1.00,0.00,2.00,0.00
10.00,19.00,17.00,1.00,1.00,0.00,3.00,0.00
14.00,26.00,18.00,1.00,0.00,0.00,4.00,0.00
16.00,25.00,25.00,2.00,1.00,0.00,5.00,0.00
15.00,27.00,25.00,2.00,0.00,0.00,5.00,0.00
16.00,28.00,23.00,2.00,1.00,0.00,5.00,0.00
16.00,25.00,23.00,1.00,1.00,0.00,5.00,0.00
17.00,21.00,17.00,1.00,1.00,0.00,3.00,0.00
18.00,19.00,11.00,1.00,1.00,0.00,2.00,0.00
17.00,9.00,1.00,0.00,0.00,0.00,1.00,0.00
11.00,8.00,1.00,0.00,0.00,0.00,0.00,0.00
6.00,2.00,0.00,0.00,0.00,0.00,0.00,0.00
1.00,0.00,1.00,0.00,0.00,0.00,0.00,0.00
0.00,0.00,6.00,4.00,0.00,0.00,2.00,0.00
3.00,1.00,2.00,2.00,0.00,0.00,1.00,0.00
40.00,44.00,7.00,1.00,0.00,0.00,3.00,0.00
21.00,15.00,8.00,0.00,0.00,0.00,1.00,0.00
9.00,19.00,7.00,0.00,0.00,0.00,1.00,0.00
21.00,17.00,7.00,0.00,0.00,0.00,1.00,0.00
9.00,7.00,7.00,0.00,0.00,0.00,1.00,0.00
18.00,22.00,8.00,0.00,0.00,0.00,2.00,0.00
19.00,13.00,2.00,0.00,0.00,0.00,1.00,0.00
10.00,3.00,1.00,0.00,0.00,0.00,0.00,0.00
17.00,7.00,1.00,0.00,0.00,0.00,1.00,0.00
21.00,11.00,2.00,0.00,0.00,0.00,1.00,0.00
25.00,12.00,2.00,0.00,0.00,0.00,1.00,0.00
22.00,21.00,6.00,1.00,0.00,0.00,1.00,0.00
19.00,21.00,9.00,1.00,0.00,0.00,2.00,0.00
19.00,22.00,12.00,1.00,1.00,0.00,2.00,0.00
16.00,24.00,13.00,1.00,1.00,0.00,3.00,0.00
12.00,27.00,14.00,1.00,0.00,0.00,3.00,0.00
11.00,29.00,9.00,0.00,1.00,0.00,3.00,0.00
10.00,27.00,10.00,0.00,1.00,0.00,3.00,0.00
8.00,24.00,13.00,0.00,1.00,0.00,3.00,0.00
9.00,21.00,11.00,0.00,2.00,0.00,2.00,0.00
7.00,17.00,6.00,0.00,1.00,0.00,2.00,0.00
6.00,13.00,5.00,0.00,0.00,0.00,1.00,0.00
3.00,6.00,3.00,0.00,0.00,0.00,0.00,0.00
2.00,2.00,3.00,0.00,0.00,0.00,0.00,0.00
1.00,2.00,1.00,0.00,0.00,0.00,0.00,0.00
25.00,31.00,1.00,0.00,0.00,0.00,2.00,0.00
22.00,24.00,3.00,0.00,0.00,0.00,2.00,0.00
6.00,17.00,4.00,0.00,0.00,0.00,1.00,0.00
14.00,19.00,3.00,0.00,0.00,0.00,1.00,0.00
23.00,19.00,4.00,0.00,0.00,0.00,1.00,0.00
18.00,12.00,7.00,0.00,0.00,0.00,1.00,0.00
10.00,10.00,8.00,0.00,0.00,0.00,1.00,0.00
7.00,9.00,2.00,0.00,0.00,0.00,1.00,0.00
14.00,6.00,1.00,0.00,0.00,0.00,1.00,0.00
15.00,10.00,1.00,0.00,0.00,0.00,1.00,0.00
14.00,9.00,2.00,0.00,0.00,0.00,1.00,0.00
17.00,29.00,5.00,0.00,1.00,0.00,2.00,0.00
10.00,26.00,23.00,1.00,1.00,0.00,5.00,0.00
9.00,29.00,36.00,1.00,1.00,0.00,8.00,0.00
8.00,27.00,31.00,1.00,1.00,0.00,6.00,0.00
8.00,26.00,29.00,1.00,1.00,0.00,6.00,0.00
7.00,23.00,27.00,1.00,1.00,0.00,6.00,0.00
6.00,21.00,26.00,0.00,1.00,0.00,5.00,0.00
8.00,21.00,21.00,0.00,2.00,0.00,4.00,0.00
14.00,16.00,15.00,1.00,1.00,0.00,3.00,0.00
17.00,17.00,12.00,1.00,0.00,0.00,3.00,0.00
12.00,12.00,4.00,2.00,0.00,0.00,1.00,0.00
10.00,2.00,1.00,0.00,0.00,0.00,0.00,0.00
1.00,0.00,0.00,0.00,0.00,0.00,0.00,0.00
1.00,0.00,1.00,1.00,0.00,0.00,0.00,0.00
1.00,1.00,2.00,1.00,0.00,0.00,1.00,0.00
2.00,2.00,1.00,0.00,0.00,0.00,0.00,0.00
28.00,18.00,2.00,0.00,0.00,0.00,2.00,0.00
37.00,38.00,9.00,0.00,0.00,0.00,3.00,0.00
19.00,16.00,2.00,0.00,0.00,0.00,1.00,0.00
17.00,29.00,5.00,0.00,0.00,0.00,2.00,0.00
26.00,21.00,3.00,0.00,0.00,0.00,2.00,0.00
8.00,8.00,5.00,0.00,0.00,0.00,1.00,0.00
21.00,22.00,6.00,0.00,0.00,0.00,2.00,0.00
17.00,10.00,0.00,0.00,0.00,0.00,1.00,0.00
15.00,6.00,0.00,0.00,0.00,0.00,1.00,0.00
23.00,12.00,2.00,0.00,0.00,0.00,1.00,0.00
27.00,12.00,2.00,0.00,1.00,0.00,1.00,0.00
25.00,11.00,2.00,0.00,0.00,0.00,1.00,0.00
23.00,23.00,12.00,1.00,0.00,0.00,2.00,0.00
24.00,23.00,15.00,1.00,1.00,0.00,3.00,0.00
19.00,25.00,11.00,1.00,1.00,0.00,3.00,0.00
15.00,29.00,9.00,1.00,1.00,0.00,3.00,0.00
14.00,30.00,9.00,1.00,1.00,0.00,3.00,0.00
13.00,29.00,11.00,1.00,1.00,0.00,3.00,0.00
10.00,26.00,12.00,0.00,1.00,0.00,3.00,0.00
9.00,23.00,11.00,0.00,1.00,0.00,3.00,0.00
9.00,16.00,9.00,1.00,1.00,0.00,2.00,0.00
11.00,7.00,2.00,0.00,0.00,0.00,0.00,0.00
4.00,5.00,3.00,0.00,0.00,0.00,0.00,0.00
29.00,32.00,5.00,0.00,0.00,0.00,2.00,0.00
25.00,36.00,7.00,0.00,0.00,0.00,3.00,0.00
22.00,26.00,9.00,0.00,0.00,0.00,2.00,0.00
21.00,27.00,4.00,0.00,0.00,0.00,2.00,0.00
16.00,10.00,1.00,0.00,0.00,0.00,1.00,0.00
13.00,7.00,2.00,0.00,0.00,0.00,1.00,0.00
10.00,9.00,3.00,0.00,0.00,0.00,0.00,0.00
10.00,10.00,3.00,0.00,0.00,0.00,0.00,0.00
18.00,26.00,10.00,1.00,0.00,0.00,2.00,0.00
15.00,29.00,14.00,2.00,1.00,0.00,4.00,0.00
16.00,32.00,34.00,2.00,1.00,0.00,7.00,0.00
14.00,32.00,32.00,2.00,1.00,0.00,7.00,0.00
12.00,28.00,26.00,1.00,1.00,0.00,6.00,0.00
8.00,19.00,20.00,1.00,1.00,0.00,5.00,0.00
11.00,12.00,22.00,2.00,0.00,0.00,6.00,0.00
7.00,10.00,8.00,1.00,0.00,0.00,2.00,0.00
4.00,4.00,1.00,0.00,0.00,0.00,0.00,0.00
2.00,1.00,0.00,0.00,0.00,0.00,0.00,0.00
2.00,1.00,0.00,0.00,0.00,0.00,0.00,0.00
2.00,1.00,2.00,0.00,0.00,0.00,0.00,0.00
1.00,1.00,5.00,1.00,0.00,0.00,2.00,0.00
2.00,2.00,6.00,1.00,0.00,0.00,1.00,0.00
45.00,40.00,8.00,0.00,0.00,0.00,3.00,0.00
31.00,31.00,9.00,0.00,0.00,0.00,2.00,0.00
10.00,21.00,5.00,0.00,0.00,0.00,2.00,0.00
23.00,22.00,11.00,0.00,0.00,0.00,2.00,0.00
18.00,8.00,4.00,0.00,0.00,0.00,1.00,0.00
17.00,16.00,1.00,0.00,0.00,0.00,1.00,0.00
25.00,7.00,1.00,0.00,0.00,0.00,1.00,0.00
19.00,3.00,2.00,0.00,0.00,0.00,1.00,0.00
17.00,4.00,1.00,0.00,0.00,0.00,1.00,0.00
17.00,9.00,1.00,0.00,0.00,0.00,1.00,0.00
14.00,22.00,3.00,1.00,0.00,0.00,2.00,0.00
15.00,26.00,15.00,2.00,1.00,0.00,3.00,0.00
11.00,29.00,14.00,1.00,2.00,0.00,3.00,0.00
9.00,28.00,15.00,1.00,1.00,0.00,3.00,0.00
14.00,29.00,16.00,1.00,1.00,0.00,4.00,0.00
9.00,27.00,15.00,1.00,2.00,0.00,3.00,0.00
11.00,25.00,18.00,0.00,1.00,0.00,4.00,0.00
9.00,21.00,12.00,0.00,1.00,0.00,2.00,0.00
8.00,16.00,7.00,0.00,0.00,0.00,2.00,0.00
6.00,7.00,4.00,0.00,0.00,0.00,1.00,0.00
2.00,2.00,1.00,0.00,0.00,0.00,0.00,0.00
2.00,2.00,1.00,0.00,0.00,0.00,0.00,0.00
2.00,1.00,0.00,0.00,0.00,0.00,0.00,0.00
2.00,0.00,0.00,0.00,0.00,0.00,0.00,0.00
1.00,0.00,0.00,0.00,0.00,0.00,0.00,0.00
1.00,0.00,0.00,0.00,0.00,0.00,0.00,0.00
1.00,1.00,0.00,0.00,0.00,0.00,0.00,0.00
2.00,0.00,0.00,0.00,0.00,0.00,0.00,0.00
18.00,27.00,1.00,0.00,0.00,0.00,2.00,0.00
37.00,51.00,3.00,0.00,0.00,0.00,4.00,0.00
25.00,31.00,4.00,0.00,0.00,0.00,2.00,0.00
22.00,17.00,6.00,0.00,0.00,0.00,1.00,0.00
13.00,13.00,5.00,0.00,0.00,0.00,1.00,0.00
11.00,24.00,3.00,0.00,0.00,0.00,2.00,0.00
23.00,35.00,2.00,0.00,0.00,0.00,3.00,0.00
22.00,27.00,3.00,1.00,0.00,0.00,2.00,0.00
24.00,29.00,4.00,1.00,0.00,0.00,3.00,0.00
20.00,34.00,6.00,1.00,0.00,0.00,3.00,0.00
16.00,32.00,10.00,1.00,0.00,0.00,3.00,0.00
16.00,28.00,12.00,1.00,1.00,0.00,3.00,0.00
13.00,24.00,14.00,1.00,0.00,0.00,3.00,0.00
11.00,22.00,21.00,1.00,1.00,0.00,4.00,0.00
8.00,22.00,22.00,1.00,1.00,0.00,5.00,0.00
7.00,20.00,29.00,1.00,1.00,0.00,6.00,0.00
9.00,18.00,25.00,1.00,1.00,0.00,5.00,0.00
7.00,13.00,19.00,3.00,1.00,0.00,4.00,0.00
5.00,9.00,5.00,5.00,0.00,0.00,1.00,0.00
5.00,1.00,1.00,0.00,0.00,0.00,0.00,0.00
2.00,1.00,0.00,0.00,0.00,0.00,0.00,0.00
1.00,1.00,0.00,0.00,0.00,0.00,0.00,0.00
1.00,1.00,2.00,3.00,0.00,0.00,1.00,0.00
6.00,3.00,3.00,0.00,0.00,0.00,1.00,0.00
29.00,44.00,6.00,0.00,0.00,0.00,4.00,0.00
41.00,45.00,16.00,1.00,0.00,0.00,4.00,0.00
21.00,21.00,11.00,0.00,0.00,0.00,2.00,0.00
10.00,13.00,8.00,0.00,0.00,0.00,1.00,0.00
15.00,20.00,11.00,0.00,0.00,0.00,2.00,0.00
23.00,21.00,15.00,1.00,0.00,0.00,3.00,0.00
23.00,14.00,11.00,0.00,0.00,0.00,2.00,0.00
9.00,16.00,3.00,0.00,0.00,0.00,1.00,0.00
15.00,9.00,1.00,0.00,0.00,0.00,1.00,0.00
19.00,11.00,1.00,1.00,0.00,0.00,1.00,0.00
23.00,11.00,2.00,0.00,0.00,0.00,1.00,0.00
19.00,12.00,1.00,0.00,0.00,0.00,1.00,0.00
18.00,23.00,12.00,1.00,0.00,0.00,2.00,0.00
20.00,27.00,14.00,1.00,1.00,0.00,3.00,0.00
18.00,28.00,18.00,1.00,1.00,0.00,4.00,0.00
19.00,26.00,14.00,1.00,1.00,0.00,3.00,0.00
20.00,26.00,12.00,1.00,1.00,0.00,3.00,0.00
14.00,24.00,9.00,1.00,1.00,0.00,3.00,0.00
14.00,20.00,8.00,0.00,1.00,0.00,2.00,0.00
11.00,17.00,7.00,0.00,1.00,0.00,2.00,0.00
8.00,13.00,7.00,0.00,1.00,0.00,1.00,0.00
8.00,8.00,6.00,0.00,0.00,0.00,1.00,0.00
4.00,3.00,4.00,0.00,0.00,0.00,1.00,0.00
2.00,1.00,0.00,0.00,0.00,0.00,0.00,0.00
1.00,0.00,0.00,0.00,0.00,0.00,0.00,0.00
0.00,1.00,0.00,0.00,0.00,0.00,0.00,0.00
43.00,38.00,1.00,0.00,0.00,0.00,3.00,0.00
18.00,17.00,1.00,0.00,0.00,0.00,1.00,0.00
33.00,28.00,1.00,0.00,0.00,0.00,2.00,0.00
12.00,20.00,3.00,0.00,0.00,0.00,2.00,0.00
25.00,34.00,6.00,0.00,0.00,0.00,3.00,0.00
29.00,25.00,4.00,0.00,0.00,0.00,2.00,0.00
7.00,17.00,4.00,0.00,0.00,0.00,1.00,0.00
24.00,26.00,6.00,0.00,0.00,0.00,2.00,0.00
30.00,26.00,13.00,0.00,0.00,0.00,2.00,0.00
28.00,25.00,9.00,0.00,0.00,0.00,2.00,0.00
20.00,9.00,4.00,0.00,0.00,0.00,1.00,0.00
16.00,9.00,2.00,0.00,0.00,0.00,1.00,0.00
14.00,9.00,1.00,0.00,0.00,0.00,1.00,0.00
14.00,10.00,2.00,0.00,0.00,0.00,1.00,0.00
14.00,11.00,1.00,0.00,1.00,0.00,1.00,0.00
12.00,16.00,2.00,0.00,0.00,0.00,1.00,0.00
12.00,16.00,16.00,0.00,0.00,0.00,3.00,0.00
9.00,20.00,24.00,0.00,0.00,0.00,5.00,0.00
9.00,21.00,21.00,0.00,0.00,0.00,4.00,0.00
9.00,20.00,22.00,0.00,0.00,0.00,4.00,0.00
9.00,20.00,20.00,0.00,0.00,0.00,4.00,0.00
12.00,22.00,13.00,0.00,0.00,0.00,3.00,0.00
14.00,21.00,17.00,1.00,1.00,0.00,3.00,0.00
12.00,19.00,22.00,1.00,0.00,0.00,4.00,0.00
15.00,12.00,11.00,1.00,0.00,0.00,2.00,0.00
17.00,16.00,8.00,1.00,0.00,0.00,2.00,0.00
17.00,13.00,4.00,3.00,0.00,0.00,1.00,0.00
15.00,8.00,3.00,1.00,0.00,0.00,1.00,0.00
5.00,0.00,0.00,0.00,0.00,0.00,0.00,0.00
1.00,0.00,1.00,0.00,0.00,0.00,0.00,0.00
2.00,0.00,3.00,1.00,0.00,0.00,1.00,0.00
2.00,2.00,3.00,2.00,0.00,1.00,1.00,0.00
1.00,1.00,2.00,1.00,0.00,0.00,0.00,0.00
17.00,19.00,2.00,0.00,0.00,0.00,1.00,0.00
46.00,43.00,9.00,0.00,0.00,0.00,3.00,0.00
16.00,22.00,4.00,0.00,0.00,0.00,1.00,0.00
15.00,25.00,6.00,0.00,0.00,0.00,2.00,0.00
20.00,22.00,10.00,0.00,0.00,0.00,2.00,0.00
18.00,7.00,7.00,0.00,0.00,0.00,1.00,0.00
13.00,16.00,15.00,0.00,0.00,0.00,3.00,0.00
29.00,17.00,2.00,0.00,0.00,0.00,1.00,0.00
12.00,2.00,0.00,0.00,0.00,0.00,0.00,0.00
18.00,8.00,1.00,0.00,0.00,0.00,1.00,0.00
19.00,8.00,1.00,0.00,0.00,0.00,1.00,0.00
14.00,7.00,1.00,1.00,0.00,0.00,1.00,0.00
14.00,19.00,5.00,1.00,0.00,0.00,2.00,0.00
16.00,20.00,17.00,1.00,1.00,0.00,3.00,0.00
16.00,27.00,32.00,1.00,1.00,0.00,7.00,0.00
18.00,26.00,28.00,1.00,1.00,0.00,6.00,0.00
26.00,23.00,29.00,2.00,1.00,0.00,6.00,0.00
26.00,20.00,6.00,0.00,0.00,0.00,2.00,0.00
7.00,26.00,6.00,0.00,0.00,0.00,2.00,0.00
27.00,31.00,8.00,0.00,0.00,0.00,2.00,0.00
23.00,19.00,5.00,0.00,0.00,0.00,1.00,0.00
14.00,13.00,7.00,0.00,0.00,0.00,1.00,0.00
14.00,10.00,7.00,0.00,0.00,0.00,1.00,0.00
14.00,23.00,2.00,0.00,0.00,0.00,2.00,0.00
17.00,11.00,2.00,0.00,0.00,0.00,1.00,0.00
17.00,11.00,2.00,0.00,0.00,0.00,1.00,0.00
16.00,12.00,2.00,0.00,0.00,0.00,1.00,0.00
17.00,13.00,3.00,1.00,1.00,0.00,1.00,0.00
15.00,25.00,3.00,0.00,0.00,0.00,2.00,0.00
9.00,21.00,18.00,1.00,1.00,0.00,3.00,0.00
8.00,25.00,29.00,1.00,0.00,0.00,6.00,0.00
8.00,28.00,29.00,1.00,1.00,0.00,6.00,0.00
10.00,28.00,30.00,1.00,0.00,0.00,6.00,0.00
13.00,28.00,25.00,1.00,1.00,0.00,5.00,0.00
15.00,27.00,28.00,1.00,0.00,0.00,6.00,0.00
14.00,21.00,21.00,1.00,0.00,0.00,5.00,0.00
8.00,14.00,15.00,1.00,0.00,0.00,4.00,0.00
10.00,5.00,2.00,0.00,0.00,0.00,0.00,0.00
3.00,1.00,0.00,0.00,0.00,0.00,0.00,0.00
0.00,1.00,4.00,3.00,0.00,0.00,1.00,0.00
3.00,2.00,2.00,2.00,1.00,0.00,1.00,0.00
18.00,9.00,2.00,0.00,0.00,0.00,1.00,0.00
45.00,46.00,11.00,1.00,0.00,0.00,4.00,0.00
27.00,30.00,14.00,1.00,0.00,0.00,3.00,0.00
14.00,19.00,11.00,0.00,0.00,0.00,2.00,0.00
11.00,19.00,14.00,0.00,0.00,0.00,3.00,0.00
14.00,20.00,13.00,0.00,0.00,0.00,3.00,0.00
21.00,22.00,9.00,0.00,0.00,0.00,2.00,0.00
24.00,19.00,4.00,0.00,0.00,0.00,1.00,0.00
16.00,7.00,1.00,0.00,0.00,0.00,1.00,0.00
14.00,6.00,2.00,0.00,0.00,0.00,1.00,0.00
14.00,7.00,2.00,0.00,0.00,0.00,1.00,0.00
10.00,7.00,2.00,0.00,0.00,0.00,0.00,0.00
15.00,12.00,11.00,1.00,1.00,0.00,2.00,0.00
18.00,25.00,19.00,0.00,1.00,0.00,4.00,0.00
17.00,28.00,20.00,1.00,1.00,0.00,4.00,0.00
17.00,28.00,22.00,1.00,0.00,0.00,5.00,0.00
17.00,29.00,22.00,2.00,1.00,0.00,4.00,0.00
18.00,27.00,20.00,2.00,1.00,0.00,4.00,0.00
16.00,24.00,12.00,1.00,1.00,0.00,3.00,0.00
13.00,20.00,12.00,1.00,1.00,0.00,2.00,0.00
10.00,12.00,14.00,1.00,0.00,0.00,3.00,0.00
7.00,6.00,10.00,0.00,0.00,0.00,2.00,0.00
4.00,2.00,2.00,0.00,0.00,0.00,0.00,0.00
2.00,0.00,1.00,0.00,0.00,0.00,0.00,0.00
2.00,1.00,0.00,0.00,0.00,0.00,0.00,0.00
0.00,0.00,0.00,0.00,0.00,0.00,0.00,0.00
29.00,15.00,0.00,0.00,0.00,0.00,2.00,0.00
12.00,25.00,1.00,0.00,0.00,0.00,2.00,0.00
35.00,36.00,2.00,0.00,0.00,0.00,3.00,0.00
27.00,19.00,4.00,0.00,0.00,0.00,2.00,0.00
8.00,17.00,3.00,0.00,0.00,0.00,1.00,0.00
14.00,22.00,6.00,0.00,0.00,0.00,2.00,0.00
23.00,23.00,5.00,0.00,0.00,0.00,2.00,0.00
23.00,16.00,6.00,0.00,0.00,0.00,1.00,0.00
12.00,9.00,1.00,0.00,0.00,0.00,0.00,0.00
15.00,8.00,1.00,0.00,0.00,0.00,1.00,0.00
16.00,11.00,2.00,1.00,0.00,0.00,1.00,0.00
17.00,11.00,2.00,1.00,1.00,0.00,1.00,0.00
19.00,13.00,3.00,0.00,1.00,0.00,1.00,0.00
18.00,26.00,20.00,1.00,1.00,0.00,4.00,0.00
12.00,29.00,45.00,2.00,1.00,0.00,10.00,0.00
12.00,26.00,41.00,1.00,1.00,0.00,9.00,0.00
8.00,25.00,41.00,0.00,1.00,0.00,9.00,0.00
11.00,16.00,27.00,0.00,1.00,0.00,6.00,0.00
9.00,15.00,28.00,0.00,1.00,0.00,6.00,0.00
9.00,14.00,26.00,0.00,1.00,0.00,6.00,0.00
10.00,14.00,9.00,0.00,0.00,0.00,2.00,0.00
13.00,14.00,9.00,0.00,0.00,0.00,2.00,0.00
9.00,4.00,1.00,0.00,0.00,0.00,0.00,0.00
8.00,2.00,0.00,0.00,0.00,0.00,0.00,0.00
1.00,1.00,0.00,0.00,0.00,0.00,0.00,0.00
1.00,0.00,0.00,0.00,0.00,0.00,0.00,0.00
3.00,3.00,3.00,3.00,0.00,0.00,1.00,0.00
3.00,2.00,2.00,1.00,0.00,0.00,1.00,0.00
41.00,39.00,6.00,1.00,0.00,0.00,3.00,0.00
33.00,50.00,14.00,1.00,0.00,0.00,4.00,0.00
17.00,16.00,5.00,0.00,0.00,0.00,1.00,0.00
13.00,19.00,6.00,0.00,0.00,0.00,1.00,0.00
22.00,20.00,6.00,0.00,0.00,0.00,1.00,0.00
17.00,14.00,4.00,0.00,0.00,0.00,1.00,0.00
10.00,18.00,4.00,0.00,0.00,0.00,1.00,0.00
18.00,7.00,2.00,0.00,0.00,0.00,1.00,0.00
25.00,10.00,2.00,0.00,0.00,0.00,1.00,0.00
21.00,9.00,2.00,1.00,0.00,0.00,1.00,0.00
24.00,12.00,2.00,0.00,0.00,0.00,1.00,0.00
19.00,13.00,3.00,1.00,0.00,0.00,1.00,0.00
17.00,23.00,3.00,0.00,0.00,0.00,2.00,0.00
22.00,30.00,31.00,2.00,1.00,0.00,7.00,0.00
19.00,31.00,38.00,2.00,1.00,0.00,8.00,0.00
18.00,31.00,42.00,1.00,1.00,0.00,9.00,0.00
15.00,30.00,43.00,1.00,1.00,0.00,9.00,0.00
11.00,24.00,33.00,1.00,1.00,0.00,7.00,0.00
9.00,21.00,30.00,1.00,0.00,0.00,6.00,0.00
6.00,19.00,29.00,1.00,1.00,0.00,6.00,0.00
8.00,12.00,22.00,0.00,0.00,0.00,4.00,0.00
6.00,8.00,12.00,0.00,0.00,0.00,2.00,0.00
27.00,29.00,1.00,0.00,0.00,0.00,2.00,0.00
44.00,40.00,4.00,0.00,0.00,0.00,3.00,0.00
13.00,25.00,4.00,0.00,0.00,0.00,2.00,0.00
10.00,21.00,7.00,0.00,0.00,0.00,1.00,0.00
17.00,20.00,10.00,0.00,0.00,0.00,2.00,0.00
24.00,18.00,6.00,0.00,0.00,0.00,2.00,0.00
18.00,12.00,4.00,0.00,0.00,0.00,1.00,0.00
8.00,13.00,3.00,0.00,0.00,0.00,1.00,0.00
16.00,7.00,1.00,0.00,0.00,0.00,1.00,0.00
19.00,11.00,2.00,0.00,0.00,0.00,1.00,0.00
18.00,12.00,2.00,1.00,0.00,0.00,1.00,0.00
19.00,12.00,2.00,0.00,1.00,0.00,1.00,0.00
14.00,22.00,3.00,0.00,0.00,0.00,2.00,0.00
10.00,22.00,30.00,0.00,1.00,0.00,6.00,0.00
10.00,23.00,28.00,1.00,1.00,0.00,6.00,0.00
10.00,20.00,22.00,0.00,1.00,0.00,5.00,0.00
9.00,20.00,18.00,0.00,1.00,0.00,4.00,0.00
8.00,24.00,20.00,1.00,0.00,0.00,4.00,0.00
10.00,22.00,20.00,1.00,1.00,0.00,4.00,0.00
11.00,16.00,18.00,1.00,1.00,0.00,4.00,0.00
13.00,12.00,12.00,1.00,0.00,0.00,2.00,0.00
10.00,7.00,8.00,0.00,0.00,0.00,2.00,0.00
2.00,2.00,1.00,0.00,0.00,0.00,0.00,0.00
1.00,1.00,0.00,0.00,0.00,0.00,0.00,0.00
0.00,0.00,0.00,0.00,0.00,0.00,0.00,0.00
1.00,0.00,1.00,1.00,0.00,0.00,0.00,0.00
1.00,1.00,3.00,2.00,0.00,0.00,1.00,0.00
1.00,2.00,2.00,1.00,0.00,0.00,0.00,0.00
15.00,24.00,4.00,0.00,0.00,0.00,2.00,0.00
14.00,26.00,7.00,0.00,0.00,0.00,2.00,0.00
22.00,24.00,8.00,0.00,0.00,0.00,2.00,0.00
17.00,9.00,7.00,0.00,0.00,0.00,1.00,0.00
14.00,17.00,8.00,0.00,0.00,0.00,1.00,0.00
23.00,21.00,5.00,0.00,0.00,0.00,2.00,0.00
22.00,14.00,3.00,0.00,0.00,0.00,1.00,0.00
10.00,3.00,2.00,0.00,0.00,0.00,0.00,0.00
21.00,11.00,2.00,0.00,0.00,0.00,1.00,0.00
17.00,10.00,2.00,0.00,0.00,0.00,1.00,0.00
14.00,8.00,1.00,0.00,0.00,0.00,1.00,0.00
15.00,21.00,3.00,0.00,0.00,0.00,1.00,0.00
10.00,19.00,15.00,0.00,0.00,0.00,3.00,0.00
9.00,24.00,22.00,0.00,1.00,0.00,5.00,0.00
8.00,24.00,23.00,0.00,1.00,0.00,5.00,0.00
8.00,21.00,26.00,0.00,1.00,0.00,5.00,0.00
9.00,18.00,26.00,0.00,1.00,0.00,5.00,0.00
8.00,14.00,24.00,0.00,0.00,0.00,5.00,0.00
6.00,14.00,17.00,0.00,0.00,0.00,3.00,0.00
8.00,9.00,9.00,0.00,0.00,0.00,1.00,0.00
5.00,4.00,5.00,0.00,0.00,0.00,1.00,0.00
1.00,2.00,1.00,0.00,0.00,0.00,0.00,0.00
29.00,29.00,1.00,0.00,0.00,0.00,2.00,0.00
24.00,17.00,2.00,0.00,0.00,0.00,1.00,0.00
11.00,21.00,2.00,0.00,0.00,0.00,2.00,0.00
24.00,22.00,4.00,0.00,0.00,0.00,1.00,0.00
21.00,14.00,11.00,1.00,0.00,0.00,2.00,0.00
9.00,14.00,6.00,0.00,0.00,0.00,2.00,0.00
17.00,19.00,14.00,1.00,0.00,0.00,3.00,0.00
26.00,20.00,9.00,0.00,0.00,0.00,1.00,0.00
25.00,18.00,5.00,0.00,0.00,0.00,1.00,0.00
22.00,9.00,2.00,0.00,0.00,0.00,1.00,0.00
26.00,16.00,1.00,1.00,0.00,0.00,2.00,0.00
17.00,25.00,3.00,1.00,0.00,0.00,2.00,0.00
14.00,25.00,13.00,1.00,0.00,0.00,2.00,0.00
16.00,21.00,24.00,1.00,0.00,0.00,5.00,0.00
16.00,20.00,28.00,1.00,1.00,0.00,6.00,0.00
13.00,19.00,29.00,1.00,0.00,0.00,6.00,0.00
12.00,18.00,30.00,0.00,0.00,0.00,6.00,0.00
11.00,15.00,29.00,1.00,0.00,0.00,6.00,0.00
8.00,13.00,28.00,0.00,0.00,0.00,6.00,0.00
8.00,9.00,16.00,0.00,0.00,0.00,3.00,0.00
8.00,10.00,3.00,0.00,0.00,0.00,1.00,0.00
5.00,2.00,0.00,0.00,0.00,0.00,0.00,0.00
3.00,1.00,0.00,0.00,0.00,0.00,0.00,0.00
2.00,0.00,0.00,0.00,0.00,0.00,0.00,0.00
1.00,0.00,2.00,2.00,0.00,0.00,0.00,0.00
0.00,1.00,4.00,7.00,0.00,0.00,2.00,0.00
3.00,2.00,0.00,2.00,0.00,0.00,0.00,0.00
43.00,38.00,5.00,0.00,0.00,0.00,3.00,0.00
30.00,39.00,5.00,1.00,0.00,0.00,3.00,0.00
12.00,18.00,5.00,0.00,0.00,0.00,1.00,0.00
18.00,22.00,9.00,0.00,0.00,0.00,2.00,0.00
22.00,19.00,7.00,0.00,0.00,0.00,2.00,0.00
22.00,13.00,7.00,1.00,0.00,0.00,1.00,0.00
10.00,11.00,7.00,0.00,0.00,0.00,1.00,0.00
19.00,22.00,3.00,0.00,0.00,0.00,1.00,0.00
23.00,11.00,1.00,0.00,0.00,0.00,1.00,0.00
22.00,13.00,1.00,0.00,0.00,0.00,1.00,0.00
20.00,13.00,2.00,1.00,0.00,0.00,1.00,0.00
20.00,22.00,3.00,0.00,0.00,0.00,1.00,0.00
19.00,28.00,22.00,1.00,1.00,0.00,4.00,0.00
16.00,30.00,40.00,1.00,1.00,0.00,9.00,0.00
15.00,29.00,40.00,1.00,1.00,0.00,9.00,0.00
13.00,28.00,41.00,1.00,1.00,0.00,9.00,0.00
11.00,25.00,35.00,1.00,1.00,0.00,7.00,0.00
7.00,23.00,33.00,0.00,1.00,0.00,7.00,0.00
8.00,15.00,25.00,0.00,1.00,0.00,5.00,0.00
8.00,9.00,19.00,0.00,0.00,0.00,4.00,0.00
7.00,6.00,15.00,0.00,0.00,0.00,3.00,0.00
3.00,3.00,5.00,0.00,0.00,0.00,1.00,0.00
2.00,2.00,2.00,0.00,0.00,0.00,0.00,0.00
26.00,20.00,1.00,0.00,0.00,0.00,2.00,0.00
21.00,27.00,3.00,0.00,0.00,0.00,2.00,0.00
17.00,18.00,3.00,0.00,0.00,0.00,1.00,0.00
9.00,13.00,2.00,0.00,0.00,0.00,1.00,0.00
20.00,13.00,4.00,0.00,0.00,0.00,1.00,0.00
7.00,9.00,6.00,0.00,0.00,0.00,1.00,0.00
25.00,18.00,8.00,0.00,0.00,0.00,1.00,0.00
13.00,6.00,4.00,0.00,0.00,0.00,1.00,0.00
18.00,16.00,1.00,0.00,0.00,0.00,1.00,0.00
18.00,7.00,1.00,0.00,0.00,0.00,1.00,0.00
22.00,10.00,2.00,0.00,0.00,0.00,1.00,0.00
19.00,10.00,2.00,0.00,0.00,0.00,1.00,0.00
16.00,11.00,2.00,0.00,0.00,0.00,1.00,0.00
22.00,17.00,6.00,0.00,0.00,0.00,1.00,0.00
19.00,24.00,14.00,1.00,1.00,0.00,3.00,0.00
18.00,27.00,20.00,2.00,0.00,0.00,4.00,0.00
17.00,29.00,18.00,2.00,1.00,0.00,4.00,0.00
17.00,29.00,21.00,1.00,1.00,0.00,4.00,0.00
15.00,26.00,24.00,2.00,0.00,0.00,5.00,0.00
13.00,21.00,16.00,3.00,0.00,0.00,4.00,0.00
11.00,13.00,6.00,3.00,0.00,0.00,1.00,0.00
5.00,2.00,0.00,0.00,0.00,0.00,0.00,0.00
2.00,1.00,1.00,0.00,0.00,0.00,0.00,0.00
3.00,0.00,0.00,0.00,0.00,0.00,0.00,0.00
2.00,0.00,1.00,2.00,0.00,0.00,0.00,0.00
2.00,1.00,3.00,2.00,0.00,0.00,2.00,0.00
3.00,1.00,2.00,2.00,0.00,0.00,0.00,0.00
50.00,43.00,8.00,1.00,0.00,0.00,3.00,0.00
45.00,51.00,7.00,0.00,0.00,0.00,4.00,0.00
13.00,19.00,7.00,0.00,0.00,0.00,1.00,0.00
23.00,26.00,12.00,0.00,0.00,0.00,2.00,0.00
25.00,9.00,9.00,0.00,0.00,0.00,1.00,0.00
12.00,17.00,11.00,0.00,0.00,0.00,2.00,0.00
24.00,15.00,2.00,0.00,0.00,0.00,1.00,0.00
25.00,7.00,2.00,0.00,0.00,0.00,1.00,0.00
17.00,7.00,1.00,0.00,0.00,0.00,1.00,0.00
14.00,6.00,1.00,0.00,0.00,0.00,0.00,0.00
14.00,7.00,1.00,0.00,0.00,0.00,0.00,0.00
14.00,15.00,2.00,0.00,0.00,0.00,1.00,0.00
13.00,18.00,21.00,1.00,2.00,0.00,4.00,0.00
13.00,24.00,41.00,2.00,2.00,0.00,9.00,0.00
13.00,28.00,40.00,2.00,1.00,0.00,9.00,0.00
15.00,29.00,43.00,1.00,1.00,0.00,9.00,0.00
17.00,30.00,40.00,1.00,1.00,0.00,9.00,0.00
16.00,27.00,40.00,0.00,1.00,0.00,9.00,0.00
13.00,20.00,38.00,0.00,0.00,0.00,8.00,0.00
7.00,11.00,22.00,0.00,0.00,0.00,5.00,0.00
5.00,8.00,11.00,0.00,0.00,0.00,2.00,0.00
3.00,5.00,5.00,0.00,0.00,0.00,1.00,0.00
0.00,2.00,0.00,0.00,0.00,0.00,0.00,0.00
29.00,37.00,2.00,0.00,0.00,0.00,3.00,0.00
26.00,25.00,3.00,0.00,0.00,0.00,2.00,0.00
24.00,21.00,5.00,0.00,0.00,0.00,1.00,0.00
22.00,15.00,5.00,0.00,0.00,0.00,1.00,0.00
19.00,13.00,7.00,0.00,0.00,0.00,1.00,0.00
10.00,13.00,8.00,0.00,0.00,0.00,1.00,0.00
11.00,14.00,8.00,0.00,0.00,0.00,1.00,0.00
13.00,22.00,3.00,0.00,0.00,0.00,2.00,0.00
21.00,12.00,2.00,0.00,0.00,0.00,1.00,0.00
20.00,12.00,2.00,0.00,1.00,0.00,1.00,0.00
18.00,12.00,2.00,1.00,1.00,0.00,1.00,0.00
18.00,12.00,3.00,0.00,1.00,0.00,1.00,0.00
12.00,23.00,3.00,0.00,1.00,0.00,2.00,0.00
9.00,23.00,29.00,0.00,1.00,0.00,6.00,0.00
11.00,25.00,33.00,1.00,1.00,0.00,7.00,0.00
12.00,21.00,24.00,1.00,1.00,0.00,5.00,0.00
16.00,19.00,19.00,2.00,1.00,0.00,4.00,0.00
17.00,17.00,18.00,1.00,0.00,0.00,3.00,0.00
18.00,19.00,13.00,2.00,1.00,0.00,2.00,0.00
15.00,16.00,11.00,1.00,1.00,0.00,2.00,0.00
11.00,12.00,5.00,1.00,0.00,0.00,1.00,0.00
9.00,7.00,2.00,1.00,0.00,0.00,0.00,0.00
2.00,2.00,0.00,0.00,0.00,0.00,0.00,0.00
1.00,1.00,0.00,0.00,0.00,0.00,0.00,0.00
0.00,0.00,2.00,0.00,0.00,0.00,0.00,0.00
1.00,1.00,3.00,4.00,0.00,0.00,1.00,0.00
2.00,1.00,7.00,1.00,0.00,0.00,1.00,0.00
29.00,21.00,3.00,0.00,0.00,0.00,2.00,0.00
49.00,51.00,8.00,0.00,0.00,0.00,4.00,0.00
30.00,22.00,12.00,0.00,0.00,0.00,2.00,0.00
8.00,18.00,10.00,0.00,0.00,0.00,2.00,0.00
26.00,21.00,10.00,0.00,1.00,0.00,2.00,0.00
24.00,11.00,7.00,0.00,0.00,0.00,1.00,0.00
10.00,21.00,2.00,0.00,0.00,0.00,2.00,0.00
21.00,9.00,2.00,0.00,0.00,0.00,1.00,0.00
27.00,11.00,2.00,0.00,0.00,0.00,1.00,0.00
23.00,11.00,2.00,0.00,1.00,0.00,1.00,0.00
20.00,12.00,2.00,0.00,0.00,0.00,1.00,0.00
16.00,25.00,10.00,1.00,1.00,0.00,2.00,0.00
18.00,27.00,31.00,1.00,1.00,0.00,7.00,0.00
16.00,33.00,25.00,2.00,1.00,0.00,5.00,0.00
16.00,33.00,33.00,2.00,1.00,0.00,7.00,0.00
15.00,29.00,35.00,2.00,1.00,0.00,7.00,0.00
12.00,26.00,38.00,1.00,1.00,0.00,8.00,0.00
11.00,24.00,33.00,1.00,1.00,0.00,7.00,0.00
5.00,21.00,29.00,1.00,1.00,0.00,6.00,0.00
5.00,13.00,17.00,0.00,0.00,0.00,3.00,0.00
4.00,9.00,11.00,0.00,1.00,0.00,2.00,0.00
3.00,5.00,8.00,0.00,0.00,0.00,1.00,0.00
3.00,4.00,1.00,0.00,0.00,0.00,0.00,0.00
30.00,26.00,2.00,0.00,0.00,0.00,2.00,0.00
20.00,23.00,1.00,0.00,0.00,0.00,1.00,0.00
22.00,29.00,3.00,0.00,0.00,0.00,2.00,0.00
28.00,20.00,4.00,0.00,0.00,0.00,2.00,0.00
7.00,14.00,3.00,0.00,0.00,0.00,1.00,0.00
16.00,20.00,12.00,0.00,0.00,0.00,2.00,0.00
25.00,14.00,9.00,0.00,0.00,0.00,2.00,0.00
15.00,14.00,10.00,0.00,0.00,0.00,2.00,0.00
16.00,16.00,8.00,0.00,0.00,0.00,1.00,0.00
26.00,19.00,4.00,1.00,0.00,0.00,1.00,0.00
21.00,6.00,2.00,1.00,0.00,0.00,1.00,0.00
14.00,8.00,1.00,0.00,0.00,0.00,1.00,0.00
12.00,9.00,1.00,0.00,0.00,0.00,0.00,0.00
14.00,17.00,4.00,0.00,0.00,0.00,1.00,0.00
16.00,16.00,14.00,0.00,0.00,0.00,2.00,0.00
14.00,17.00,32.00,1.00,0.00,0.00,7.00,0.00
15.00,17.00,25.00,2.00,0.00,0.00,5.00,0.00
14.00,17.00,26.00,1.00,0.00,0.00,5.00,0.00
15.00,22.00,31.00,1.00,0.00,0.00,7.00,0.00
15.00,19.00,24.00,1.00,0.00,0.00,5.00,0.00
14.00,16.00,17.00,1.00,0.00,0.00,3.00,0.00
13.00,15.00,8.00,0.00,0.00,0.00,1.00,0.00
7.00,10.00,4.00,0.00,0.00,0.00,1.00,0.00
4.00,3.00,1.00,0.00,0.00,0.00,0.00,0.00
3.00,0.00,0.00,0.00,0.00,0.00,0.00,0.00
2.00,0.00,0.00,0.00,0.00,0.00,0.00,0.00
2.00,0.00,3.00,2.00,0.00,0.00,1.00,0.00
1.00,0.00,3.00,1.00,0.00,0.00,1.00,0.00
20.00,9.00,2.00,0.00,0.00,0.00,1.00,0.00
33.00,19.00,5.00,1.00,0.00,0.00,2.00,0.00
36.00,43.00,9.00,0.00,0.00,0.00,3.00,0.00
40.00,41.00,10.00,0.00,0.00,0.00,3.00,0.00
22.00,17.00,10.00,0.00,0.00,0.00,2.00,0.00
7.00,14.00,14.00,0.00,0.00,0.00,3.00,0.00
19.00,18.00,13.00,0.00,0.00,0.00,2.00,0.00
22.00,8.00,1.00,0.00,0.00,0.00,1.00,0.00
11.00,3.00,1.00,0.00,0.00,0.00,0.00,0.00
16.00,7.00,1.00,0.00,0.00,0.00,1.00,0.00
19.00,10.00,2.00,0.00,0.00,0.00,1.00,0.00
21.00,12.00,1.00,0.00,0.00,0.00,1.00,0.00
19.00,27.00,2.00,0.00,0.00,0.00,2.00,0.00
16.00,25.00,25.00,1.00,1.00,0.00,5.00,0.00
12.00,27.00,31.00,2.00,2.00,0.00,6.00,0.00
10.00,26.00,30.00,2.00,1.00,0.00,6.00,0.00
8.00,23.00,26.00,1.00,1.00,0.00,5.00,0.00
7.00,23.00,26.00,1.00,1.00,0.00,5.00,0.00
8.00,20.00,24.00,0.00,0.00,0.00,5.00,0.00
13.00,17.00,19.00,0.00,0.00,0.00,4.00,0.00
15.00,14.00,14.00,0.00,0.00,0.00,3.00,0.00
10.00,9.00,12.00,0.00,0.00,0.00,2.00,0.00
35.00,35.00,1.00,0.00,0.00,0.00,2.00,0.00
33.00,25.00,3.00,0.00,0.00,0.00,2.00,0.00
13.00,27.00,6.00,0.00,0.00,0.00,2.00,0.00
26.00,28.00,9.00,0.00,0.00,0.00,2.00,0.00
26.00,11.00,7.00,0.00,0.00,0.00,1.00,0.00
12.00,8.00,6.00,0.00,0.00,0.00,1.00,0.00
14.00,14.00,5.00,0.00,0.00,0.00,1.00,0.00
24.00,20.00,6.00,0.00,0.00,0.00,1.00,0.00
21.00,6.00,2.00,0.00,0.00,0.00,1.00,0.00
14.00,6.00,1.00,1.00,0.00,0.00,1.00,0.00
12.00,6.00,1.00,0.00,0.00,0.00,1.00,0.00
11.00,13.00,2.00,0.00,0.00,0.00,1.00,0.00
11.00,15.00,8.00,1.00,0.00,0.00,1.00,0.00
9.00,17.00,18.00,0.00,0.00,0.00,4.00,0.00
9.00,19.00,28.00,1.00,1.00,0.00,6.00,0.00
11.00,20.00,28.00,0.00,1.00,0.00,6.00,0.00
12.00,19.00,25.00,1.00,1.00,0.00,5.00,0.00
18.00,27.00,28.00,2.00,1.00,0.00,6.00,0.00
15.00,25.00,23.00,1.00,1.00,0.00,4.00,0.00
11.00,22.00,19.00,1.00,1.00,0.00,4.00,0.00
9.00,13.00,13.00,0.00,0.00,0.00,3.00,0.00
12.00,13.00,9.00,1.00,0.00,0.00,2.00,0.00
11.00,8.00,2.00,0.00,0.00,0.00,0.00,0.00
3.00,2.00,1.00,0.00,0.00,0.00,0.00,0.00
1.00,1.00,2.00,1.00,0.00,0.00,0.00,0.00
1.00,0.00,3.00,1.00,0.00,0.00,2.00,0.00
2.00,0.00,2.00,1.00,0.00,0.00,2.00,0.00
9.00,8.00,3.00,0.00,0.00,0.00,0.00,0.00
36.00,27.00,7.00,0.00,0.00,0.00,2.00,0.00
22.00,33.00,6.00,1.00,0.00,0.00,3.00,0.00
20.00,27.00,11.00,1.00,0.00,0.00,2.00,0.00
29.00,17.00,10.00,0.00,0.00,0.00,2.00,0.00
13.00,12.00,10.00,0.00,0.00,0.00,2.00,0.00
16.00,19.00,7.00,0.00,1.00,0.00,1.00,0.00
26.00,19.00,6.00,0.00,1.00,0.00,1.00,0.00
20.00,17.00,3.00,0.00,0.00,0.00,1.00,0.00
17.00,8.00,1.00,0.00,0.00,0.00,1.00,0.00
16.00,14.00,1.00,0.00,0.00,0.00,1.00,0.00
16.00,14.00,3.00,0.00,0.00,0.00,1.00,0.00
13.00,15.00,9.00,1.00,1.00,0.00,1.00,0.00
19.00,17.00,16.00,1.00,1.00,0.00,3.00,0.00
18.00,23.00,29.00,1.00,1.00,0.00,6.00,0.00
18.00,27.00,36.00,2.00,1.00,0.00,8.00,0.00
16.00,27.00,38.00,2.00,1.00,0.00,8.00,0.00
15.00,27.00,38.00,2.00,1.00,0.00,8.00,0.00
12.00,25.00,38.00,1.00,1.00,0.00,8.00,0.00
10.00,21.00,36.00,1.00,2.00,0.00,8.00,0.00
8.00,17.00,32.00,1.00,1.00,0.00,7.00,0.00
6.00,7.00,9.00,0.00,1.00,0.00,2.00,0.00
4.00,4.00,12.00,0.00,0.00,0.00,2.00,0.00
39.00,31.00,1.00,0.00,0.00,0.00,2.00,0.00
23.00,29.00,2.00,0.00,0.00,0.00,2.00,0.00
36.00,45.00,1.00,0.00,0.00,0.00,3.00,0.00
35.00,36.00,3.00,0.00,0.00,0.00,3.00,0.00
22.00,21.00,3.00,0.00,0.00,0.00,2.00,0.00
10.00,15.00,7.00,0.00,0.00,0.00,1.00,0.00
15.00,15.00,12.00,0.00,0.00,0.00,2.00,0.00
20.00,19.00,12.00,0.00,0.00,0.00,2.00,0.00
14.00,16.00,5.00,0.00,0.00,0.00,1.00,0.00
13.00,9.00,2.00,0.00,0.00,0.00,1.00,0.00
13.00,10.00,1.00,0.00,0.00,0.00,1.00,0.00
12.00,11.00,2.00,0.00,0.00,0.00,0.00,0.00
11.00,11.00,3.00,0.00,1.00,0.00,1.00,0.00
12.00,11.00,3.00,0.00,1.00,0.00,1.00,0.00
13.00,11.00,3.00,0.00,1.00,0.00,0.00,0.00
19.00,23.00,16.00,0.00,1.00,0.00,3.00,0.00
17.00,25.00,21.00,1.00,2.00,0.00,4.00,0.00
9.00,25.00,26.00,1.00,1.00,0.00,6.00,0.00
15.00,27.00,27.00,2.00,1.00,0.00,6.00,0.00
17.00,26.00,25.00,1.00,1.00,0.00,5.00,0.00
18.00,26.00,24.00,1.00,1.00,0.00,5.00,0.00
15.00,22.00,16.00,1.00,1.00,0.00,3.00,0.00
12.00,17.00,8.00,0.00,0.00,0.00,2.00,0.00
13.00,17.00,8.00,0.00,0.00,0.00,2.00,0.00
10.00,16.00,3.00,1.00,0.00,0.00,1.00,0.00
4.00,1.00,1.00,0.00,0.00,0.00,0.00,0.00
3.00,0.00,0.00,0.00,0.00,0.00,0.00,0.00
0.00,1.00,0.00,0.00,0.00,0.00,0.00,0.00
2.00,0.00,2.00,0.00,0.00,0.00,0.00,0.00
2.00,1.00,11.00,1.00,0.00,0.00,2.00,0.00
1.00,1.00,8.00,1.00,0.00,0.00,2.00,0.00
31.00,19.00,2.00,0.00,0.00,0.00,2.00,0.00
27.00,32.00,2.00,1.00,0.00,0.00,2.00,0.00
31.00,35.00,4.00,0.00,0.00,0.00,3.00,0.00
18.00,17.00,6.00,0.00,0.00,0.00,1.00,0.00
10.00,17.00,6.00,0.00,0.00,0.00,1.00,0.00
25.00,18.00,7.00,0.00,0.00,0.00,1.00,0.00
11.00,8.00,4.00,0.00,0.00,0.00,1.00,0.00
9.00,17.00,2.00,0.00,0.00,0.00,1.00,0.00
19.00,6.00,1.00,0.00,0.00,0.00,1.00,0.00
26.00,9.00,2.00,0.00,0.00,0.00,1.00,0.00
17.00,10.00,1.00,0.00,0.00,0.00,1.00,0.00
14.00,9.00,1.00,0.00,0.00,0.00,1.00,0.00
12.00,32.00,4.00,0.00,0.00,0.00,3.00,0.00
15.00,18.00,14.00,0.00,2.00,0.00,3.00,0.00
12.00,22.00,20.00,0.00,1.00,0.00,4.00,0.00
13.00,23.00,19.00,0.00,2.00,0.00,4.00,0.00
10.00,22.00,21.00,0.00,1.00,0.00,4.00,0.00
11.00,20.00,15.00,0.00,1.00,0.00,3.00,0.00
11.00,19.00,16.00,0.00,1.00,0.00,3.00,0.00
30.00,16.00,1.00,0.00,0.00,0.00,2.00,0.00
15.00,20.00,1.00,0.00,0.00,0.00,1.00,0.00
51.00,48.00,3.00,0.00,0.00,0.00,4.00,0.00
28.00,35.00,3.00,0.00,0.00,0.00,3.00,0.00
13.00,31.00,3.00,0.00,0.00,0.00,2.00,0.00
20.00,24.00,5.00,0.00,0.00,0.00,2.00,0.00
28.00,19.00,3.00,0.00,0.00,0.00,1.00,0.00
29.00,16.00,7.00,0.00,0.00,0.00,1.00,0.00
20.00,9.00,7.00,0.00,0.00,0.00,1.00,0.00
16.00,10.00,1.00,0.00,0.00,0.00,1.00,0.00
19.00,12.00,1.00,0.00,0.00,0.00,1.00,0.00
17.00,13.00,1.00,0.00,0.00,0.00,1.00,0.00
18.00,12.00,2.00,0.00,0.00,0.00,1.00,0.00
18.00,12.00,3.00,1.00,0.00,0.00,1.00,0.00
10.00,29.00,6.00,0.00,1.00,0.00,2.00,0.00
14.00,25.00,24.00,0.00,1.00,0.00,4.00,0.00
16.00,26.00,23.00,1.00,1.00,0.00,4.00,0.00
18.00,25.00,20.00,1.00,1.00,0.00,4.00,0.00
20.00,21.00,20.00,1.00,1.00,0.00,4.00,0.00
10.00,24.00,30.00,0.00,1.00,0.00,6.00,0.00
15.00,19.00,24.00,1.00,1.00,0.00,5.00,0.00
19.00,19.00,26.00,1.00,0.00,0.00,6.00,0.00
18.00,19.00,9.00,2.00,0.00,0.00,2.00,0.00
13.00,13.00,4.00,1.00,0.00,0.00,1.00,0.00
7.00,7.00,1.00,0.00,0.00,0.00,0.00,0.00
2.00,1.00,0.00,0.00,0.00,0.00,0.00,0.00
1.00,1.00,1.00,0.00,0.00,0.00,0.00,0.00
1.00,0.00,3.00,3.00,1.00,0.00,2.00,0.00
1.00,0.00,8.00,1.00,0.00,0.00,2.00,0.00
30.00,19.00,4.00,0.00,0.00,0.00,1.00,0.00
32.00,33.00,7.00,0.00,0.00,0.00,3.00,0.00
22.00,38.00,10.00,0.00,0.00,0.00,3.00,0.00
19.00,24.00,15.00,0.00,0.00,0.00,3.00,0.00
25.00,11.00,9.00,0.00,0.00,0.00,1.00,0.00
9.00,16.00,13.00,0.00,1.00,0.00,2.00,0.00
18.00,5.00,2.00,0.00,0.00,0.00,1.00,0.00
16.00,3.00,0.00,0.00,0.00,0.00,1.00,0.00
17.00,6.00,1.00,0.00,0.00,0.00,1.00,0.00
15.00,6.00,1.00,0.00,0.00,0.00,1.00,0.00
20.00,10.00,2.00,0.00,0.00,0.00,1.00,0.00
10.00,16.00,21.00,1.00,1.00,0.00,4.00,0.00
14.00,26.00,18.00,1.00,1.00,0.00,4.00,0.00
17.00,26.00,23.00,1.00,1.00,0.00,5.00,0.00
16.00,27.00,17.00,1.00,1.00,0.00,4.00,0.00
15.00,25.00,18.00,1.00,1.00,0.00,3.00,0.00
15.00,21.00,14.00,1.00,1.00,0.00,3.00,0.00
17.00,16.00,11.00,1.00,0.00,0.00,2.00,0.00
17.00,11.00,9.00,1.00,0.00,0.00,2.00,0.00
12.00,9.00,5.00,0.00,0.00,0.00,1.00,0.00
7.00,5.00,4.00,0.00,0.00,0.00,0.00,0.00
34.00,32.00,1.00,0.00,0.00,0.00,2.00,0.00
40.00,40.00,2.00,0.00,0.00,0.00,3.00,0.00
27.00,32.00,3.00,0.00,0.00,0.00,2.00,0.00
7.00,22.00,4.00,0.00,0.00,0.00,2.00,0.00
18.00,23.00,7.00,0.00,0.00,0.00,2.00,0.00
27.00,22.00,10.00,1.00,0.00,0.00,2.00,0.00
24.00,18.00,12.00,0.00,0.00,0.00,2.00,0.00
15.00,11.00,11.00,0.00,0.00,0.00,2.00,0.00
15.00,13.00,1.00,0.00,0.00,0.00,1.00,0.00
14.00,10.00,2.00,0.00,0.00,0.00,1.00,0.00
11.00,10.00,2.00,0.00,0.00,0.00,1.00,0.00
11.00,9.00,3.00,0.00,0.00,0.00,0.00,0.00
9.00,11.00,5.00,0.00,0.00,0.00,1.00,0.00
8.00,10.00,5.00,1.00,0.00,0.00,1.00,0.00
15.00,17.00,15.00,1.00,0.00,0.00,3.00,0.00
13.00,23.00,35.00,1.00,1.00,0.00,8.00,0.00
12.00,21.00,32.00,1.00,0.00,0.00,7.00,0.00
12.00,22.00,34.00,2.00,0.00,0.00,7.00,0.00
13.00,23.00,38.00,1.00,0.00,0.00,8.00,0.00
12.00,26.00,33.00,1.00,1.00,0.00,7.00,0.00
12.00,19.00,23.00,1.00,1.00,0.00,5.00,0.00
11.00,13.00,15.00,1.00,0.00,0.00,3.00,0.00
8.00,8.00,5.00,1.00,0.00,0.00,1.00,0.00
3.00,3.00,0.00,0.00,0.00,0.00,0.00,0.00
1.00,1.00,0.00,0.00,0.00,0.00,0.00,0.00
2.00,0.00,0.00,0.00,0.00,0.00,0.00,0.00
1.00,0.00,1.00,0.00,0.00,0.00,0.00,0.00
2.00,0.00,6.00,1.00,0.00,0.00,2.00,0.00
0.00,1.00,9.00,3.00,0.00,0.00,2.00,0.00
30.00,27.00,4.00,0.00,0.00,0.00,2.00,0.00
39.00,37.00,10.00,0.00,0.00,0.00,3.00,0.00
11.00,22.00,7.00,0.00,0.00,0.00,2.00,0.00
20.00,24.00,7.00,0.00,0.00,0.00,2.00,0.00
11.00,6.00,8.00,0.00,0.00,0.00,1.00,0.00
16.00,24.00,6.00,0.00,0.00,0.00,2.00,0.00
19.00,6.00,2.00,0.00,0.00,0.00,1.00,0.00
13.00,2.00,1.00,0.00,0.00,0.00,1.00,0.00
18.00,8.00,2.00,0.00,0.00,0.00,1.00,0.00
23.00,11.00,2.00,0.00,1.00,0.00,1.00,0.00
25.00,14.00,3.00,1.00,0.00,0.00,1.00,0.00
17.00,22.00,4.00,0.00,1.00,0.00,2.00,0.00
16.00,27.00,23.00,1.00,1.00,0.00,5.00,0.00
15.00,28.00,39.00,1.00,1.00,0.00,8.00,0.00
14.00,24.00,50.00,1.00,1.00,0.00,11.00,0.00
11.00,23.00,50.00,1.00,0.00,0.00,11.00,0.00
10.00,20.00,54.00,1.00,0.00,0.00,12.00,0.00
7.00,9.00,31.00,0.00,0.00,0.00,7.00,0.00
5.00,7.00,13.00,0.00,0.00,0.00,3.00,0.00
4.00,6.00,9.00,0.00,0.00,0.00,1.00,0.00
2.00,3.00,4.00,0.00,0.00,0.00,0.00,0.00
30.00,26.00,2.00,0.00,0.00,0.00,2.00,0.00
29.00,32.00,4.00,0.00,0.00,0.00,2.00,0.00
12.00,28.00,6.00,0.00,0.00,0.00,2.00,0.00
29.00,25.00,14.00,0.00,0.00,0.00,3.00,0.00
17.00,17.00,8.00,0.00,0.00,0.00,1.00,0.00
6.00,14.00,15.00,0.00,0.00,0.00,3.00,0.00
21.00,17.00,12.00,1.00,1.00,0.00,2.00,0.00
25.00,18.00,12.00,1.00,0.00,0.00,2.00,0.00
23.00,14.00,10.00,1.00,0.00,0.00,2.00,0.00
20.00,10.00,9.00,0.00,0.00,0.00,2.00,0.00
15.00,6.00,3.00,0.00,0.00,0.00,0.00,0.00
9.00,5.00,1.00,0.00,0.00,0.00,0.00,0.00
9.00,7.00,1.00,0.00,0.00,0.00,0.00,0.00
7.00,7.00,1.00,0.00,0.00,0.00,0.00,0.00
9.00,9.00,2.00,0.00,0.00,0.00,0.00,0.00
16.00,13.00,9.00,0.00,0.00,0.00,2.00,0.00
14.00,21.00,19.00,1.00,0.00,0.00,4.00,0.00
15.00,22.00,32.00,1.00,1.00,0.00,7.00,0.00
13.00,23.00,29.00,1.00,0.00,0.00,6.00,0.00
15.00,22.00,34.00,1.00,1.00,0.00,7.00,0.00
14.00,23.00,33.00,1.00,0.00,0.00,7.00,0.00
12.00,19.00,22.00,1.00,1.00,0.00,5.00,0.00
9.00,15.00,15.00,2.00,1.00,0.00,4.00,0.00
10.00,10.00,4.00,1.00,0.00,0.00,1.00,0.00
8.00,3.00,1.00,0.00,0.00,0.00,0.00,0.00
2.00,1.00,0.00,0.00,0.00,0.00,0.00,0.00
2.00,1.00,0.00,0.00,0.00,0.00,0.00,0.00
2.00,1.00,0.00,1.00,0.00,0.00,0.00,0.00
1.00,0.00,1.00,4.00,1.00,0.00,1.00,0.00
1.00,2.00,6.00,3.00,0.00,0.00,1.00,0.00
15.00,13.00,3.00,0.00,0.00,0.00,1.00,0.00
41.00,44.00,7.00,0.00,0.00,0.00,3.00,0.00
20.00,28.00,7.00,0.00,0.00,0.00,2.00,0.00
28.00,25.00,5.00,0.00,0.00,0.00,2.00,0.00
15.00,12.00,5.00,0.00,0.00,0.00,1.00,0.00
16.00,21.00,12.00,0.00,0.00,0.00,2.00,0.00
20.00,20.00,10.00,0.00,0.00,0.00,2.00,0.00
23.00,18.00,4.00,0.00,0.00,0.00,1.00,0.00
22.00,4.00,1.00,0.00,0.00,0.00,1.00,0.00
14.00,8.00,1.00,0.00,0.00,0.00,1.00,0.00
11.00,8.00,1.00,0.00,0.00,0.00,0.00,0.00
11.00,12.00,2.00,0.00,0.00,0.00,1.00,0.00
15.00,14.00,9.00,0.00,1.00,0.00,1.00,0.00
14.00,17.00,26.00,1.00,1.00,0.00,5.00,0.00
12.00,22.00,35.00,1.00,1.00,0.00,7.00,0.00
14.00,23.00,34.00,2.00,1.00,0.00,7.00,0.00
15.00,25.00,33.00,2.00,1.00,0.00,7.00,0.00
12.00,21.00,30.00,1.00,1.00,0.00,6.00,0.00
7.00,16.00,22.00,0.00,1.00,0.00,4.00,0.00
5.00,11.00,16.00,1.00,1.00,0.00,3.00,0.00
27.00,19.00,0.00,0.00,0.00,0.00,2.00,0.00
46.00,45.00,2.00,0.00,0.00,0.00,3.00,0.00
41.00,60.00,4.00,0.00,0.00,0.00,5.00,0.00
18.00,34.00,4.00,0.00,0.00,0.00,3.00,0.00
20.00,29.00,6.00,0.00,0.00,0.00,2.00,0.00
24.00,25.00,6.00,0.00,0.00,0.00,2.00,0.00
27.00,18.00,7.00,0.00,0.00,0.00,1.00,0.00
13.00,12.00,3.00,0.00,0.00,0.00,1.00,0.00
15.00,7.00,2.00,0.00,0.00,0.00,1.00,0.00
11.00,7.00,1.00,0.00,0.00,0.00,0.00,0.00
13.00,8.00,2.00,1.00,0.00,0.00,0.00,0.00
14.00,8.00,3.00,0.00,1.00,0.00,1.00,0.00
18.00,17.00,15.00,1.00,1.00,0.00,3.00,0.00
17.00,18.00,20.00,0.00,1.00,0.00,4.00,0.00
15.00,19.00,26.00,0.00,1.00,0.00,6.00,0.00
15.00,17.00,21.00,0.00,1.00,0.00,5.00,0.00
13.00,16.00,23.00,0.00,1.00,0.00,5.00,0.00
11.00,16.00,18.00,0.00,0.00,0.00,3.00,0.00
11.00,16.00,16.00,0.00,1.00,0.00,3.00,0.00
8.00,15.00,13.00,0.00,1.00,0.00,2.00,0.00
12.00,10.00,12.00,0.00,0.00,0.00,2.00,0.00
10.00,9.00,5.00,0.00,0.00,0.00,1.00,0.00
7.00,1.00,0.00,0.00,0.00,0.00,0.00,0.00
3.00,1.00,0.00,0.00,0.00,0.00,0.00,0.00
1.00,0.00,0.00,0.00,0.00,0.00,0.00,0.00
1.00,1.00,0.00,0.00,0.00,0.00,0.00,0.00
1.00,0.00,3.00,0.00,0.00,0.00,1.00,0.00
2.00,2.00,10.00,2.00,0.00,0.00,3.00,0.00
15.00,10.00,4.00,1.00,0.00,0.00,1.00,0.00
44.00,40.00,5.00,0.00,0.00,0.00,3.00,0.00
17.00,33.00,5.00,1.00,0.00,0.00,3.00,0.00
19.00,23.00,9.00,0.00,0.00,0.00,2.00,0.00
17.00,11.00,7.00,0.00,0.00,0.00,1.00,0.00
7.00,8.00,7.00,0.00,0.00,0.00,1.00,0.00
9.00,13.00,4.00,0.00,0.00,0.00,1.00,0.00
16.00,22.00,2.00,0.00,0.00,0.00,2.00,0.00
18.00,15.00,1.00,0.00,0.00,0.00,1.00,0.00
22.00,14.00,2.00,0.00,0.00,0.00,1.00,0.00
23.00,14.00,3.00,0.00,0.00,0.00,1.00,0.00
19.00,23.00,7.00,0.00,0.00,0.00,2.00,0.00
17.00,17.00,17.00,1.00,0.00,0.00,3.00,0.00
14.00,15.00,26.00,1.00,0.00,0.00,5.00,0.00
16.00,20.00,30.00,1.00,0.00,0.00,6.00,0.00
15.00,22.00,32.00,1.00,0.00,0.00,7.00,0.00
14.00,22.00,36.00,1.00,0.00,0.00,8.00,0.00
10.00,19.00,30.00,1.00,0.00,0.00,7.00,0.00
9.00,16.00,26.00,1.00,0.00,0.00,6.00,0.00
11.00,12.00,24.00,0.00,0.00,0.00,5.00,0.00
9.00,9.00,16.00,0.00,0.00,0.00,3.00,0.00
6.00,7.00,7.00,0.00,0.00,0.00,1.00,0.00
24.00,30.00,1.00,0.00,0.00,0.00,2.00,0.00
31.00,24.00,3.00,0.00,0.00,0.00,2.00,0.00
7.00,21.00,3.00,0.00,0.00,0.00,1.00,0.00
20.00,23.00,8.00,0.00,0.00,0.00,2.00,0.00
19.00,16.00,4.00,0.00,0.00,0.00,1.00,0.00
5.00,11.00,9.00,0.00,0.00,0.00,2.00,0.00
13.00,16.00,12.00,0.00,1.00,0.00,2.00,0.00
23.00,21.00,7.00,0.00,0.00,0.00,1.00,0.00
26.00,9.00,2.00,0.00,0.00,0.00,1.00,0.00
19.00,11.00,2.00,0.00,0.00,0.00,1.00,0.00
16.00,11.00,2.00,0.00,0.00,0.00,1.00,0.00
15.00,11.00,2.00,1.00,0.00,0.00,1.00,0.00
12.00,11.00,3.00,1.00,0.00,0.00,0.00,0.00
18.00,27.00,11.00,1.00,0.00,0.00,2.00,0.00
16.00,24.00,31.00,0.00,1.00,0.00,7.00,0.00
14.00,24.00,36.00,1.00,1.00,0.00,8.00,0.00
14.00,24.00,32.00,1.00,1.00,0.00,7.00,0.00
12.00,24.00,31.00,1.00,1.00,0.00,7.00,0.00
11.00,22.00,28.00,1.00,0.00,0.00,6.00,0.00
10.00,18.00,26.00,1.00,0.00,0.00,5.00,0.00
6.00,10.00,18.00,0.00,0.00,0.00,4.00,0.00
9.00,5.00,4.00,0.00,0.00,0.00,1.00,0.00
8.00,2.00,0.00,0.00,0.00,0.00,0.00,0.00
1.00,1.00,0.00,0.00,0.00,0.00,0.00,0.00
1.00,0.00,0.00,0.00,0.00,0.00,0.00,0.00
2.00,0.00,0.00,0.00,0.00,0.00,0.00,0.00
2.00,0.00,3.00,1.00,0.00,0.00,1.00,0.00
1.00,2.00,5.00,1.00,0.00,0.00,1.00,0.00
13.00,4.00,3.00,0.00,0.00,0.00,0.00,0.00
32.00,42.00,10.00,0.00,0.00,0.00,3.00,0.00
32.00,31.00,8.00,0.00,0.00,0.00,2.00,0.00
23.00,18.00,5.00,0.00,0.00,0.00,2.00,0.00
13.00,7.00,5.00,0.00,0.00,0.00,1.00,0.00
13.00,16.00,9.00,0.00,0.00,0.00,2.00,0.00
12.00,8.00,2.00,0.00,0.00,0.00,0.00,0.00
11.00,4.00,0.00,0.00,0.00,0.00,0.00,0.00
20.00,9.00,1.00,0.00,0.00,0.00,1.00,0.00
23.00,7.00,1.00,0.00,0.00,0.00,1.00,0.00
15.00,7.00,1.00,0.00,0.00,0.00,1.00,0.00
15.00,11.00,5.00,0.00,0.00,0.00,1.00,0.00
17.00,13.00,8.00,1.00,0.00,0.00,1.00,0.00
14.00,14.00,13.00,0.00,0.00,0.00,3.00,0.00
12.00,17.00,10.00,0.00,0.00,0.00,2.00,0.00
11.00,17.00,12.00,0.00,0.00,0.00,2.00,0.00
7.00,20.00,12.00,0.00,1.00,0.00,2.00,0.00
9.00,19.00,16.00,0.00,1.00,0.00,3.00,0.00
8.00,17.00,14.00,0.00,1.00,0.00,3.00,0.00
6.00,12.00,9.00,0.00,0.00,0.00,2.00,0.00
7.00,5.00,4.00,0.00,0.00,0.00,0.00,0.00
2.00,3.00,4.00,0.00,0.00,0.00,0.00,0.00
23.00,25.00,2.00,0.00,0.00,0.00,2.00,0.00
23.00,17.00,3.00,0.00,0.00,0.00,1.00,0.00
10.00,13.00,3.00,0.00,0.00,0.00,1.00,0.00
10.00,19.00,4.00,0.00,0.00,0.00,1.00,0.00
21.00,14.00,5.00,0.00,0.00,0.00,1.00,0.00
7.00,9.00,4.00,0.00,0.00,0.00,1.00,0.00
14.00,14.00,7.00,0.00,0.00,0.00,1.00,0.00
23.00,20.00,7.00,0.00,0.00,0.00,1.00,0.00
18.00,11.00,3.00,0.00,0.00,0.00,1.00,0.00
13.00,7.00,2.00,0.00,0.00,0.00,1.00,0.00
12.00,9.00,1.00,0.00,1.00,0.00,1.00,0.00
12.00,10.00,1.00,0.00,0.00,0.00,1.00,0.00
11.00,10.00,1.00,0.00,0.00,0.00,0.00,0.00
15.00,14.00,11.00,0.00,1.00,0.00,2.00,0.00
13.00,21.00,29.00,1.00,1.00,0.00,6.00,0.00
13.00,21.00,30.00,1.00,1.00,0.00,6.00,0.00
13.00,23.00,31.00,1.00,1.00,0.00,6.00,0.00
15.00,23.00,32.00,0.00,1.00,0.00,7.00,0.00
14.00,26.00,28.00,1.00,1.00,0.00,6.00,0.00
13.00,22.00,19.00,0.00,1.00,0.00,4.00,0.00
10.00,17.00,14.00,0.00,1.00,0.00,3.00,0.00
7.00,15.00,10.00,1.00,0.00,0.00,2.00,0.00
8.00,11.00,5.00,0.00,0.00,0.00,1.00,0.00
7.00,5.00,0.00,0.00,0.00,0.00,0.00,0.00
2.00,1.00,0.00,0.00,0.00,0.00,0.00,0.00
1.00,0.00,2.00,1.00,0.00,0.00,1.00,0.00
3.00,1.00,5.00,2.00,1.00,0.00,2.00,0.00
2.00,0.00,3.00,1.00,0.00,0.00,1.00,0.00
29.00,18.00,5.00,0.00,0.00,0.00,2.00,0.00
36.00,34.00,4.00,0.00,0.00,0.00,3.00,0.00
22.00,31.00,6.00,0.00,0.00,0.00,2.00,0.00
24.00,20.00,6.00,0.00,0.00,0.00,2.00,0.00
11.00,8.00,8.00,0.00,0.00,0.00,1.00,0.00
15.00,18.00,5.00,0.00,0.00,0.00,2.00,0.00
20.00,8.00,3.00,0.00,0.00,0.00,1.00,0.00
11.00,13.00,1.00,0.00,0.00,0.00,1.00,0.00
24.00,8.00,1.00,0.00,0.00,0.00,1.00,0.00
22.00,6.00,1.00,0.00,0.00,0.00,1.00,0.00
14.00,4.00,1.00,0.00,0.00,0.00,1.00,0.00
14.00,13.00,2.00,0.00,0.00,0.00,1.00,0.00
12.00,13.00,11.00,1.00,1.00,0.00,2.00,0.00
16.00,21.00,22.00,1.00,1.00,0.00,4.00,0.00
16.00,21.00,29.00,1.00,1.00,0.00,6.00,0.00
17.00,22.00,22.00,1.00,1.00,0.00,5.00,0.00
18.00,21.00,17.00,0.00,1.00,0.00,3.00,0.00
14.00,22.00,16.00,0.00,1.00,0.00,3.00,0.00
15.00,18.00,14.00,0.00,0.00,0.00,3.00,0.00
17.00,12.00,10.00,0.00,0.00,0.00,2.00,0.00
13.00,8.00,3.00,0.00,0.00,0.00,0.00,0.00
8.00,6.00,3.00,0.00,0.00,0.00,0.00,0.00
33.00,37.00,2.00,0.00,0.00,0.00,3.00,0.00
30.00,22.00,2.00,0.00,0.00,0.00,2.00,0.00
9.00,26.00,4.00,0.00,0.00,0.00,2.00,0.00
24.00,27.00,5.00,0.00,0.00,0.00,2.00,0.00
25.00,20.00,7.00,0.00,0.00,0.00,1.00,0.00
17.00,13.00,10.00,0.00,0.00,0.00,2.00,0.00
14.00,15.00,14.00,0.00,0.00,0.00,2.00,0.00
16.00,12.00,8.00,0.00,0.00,0.00,1.00,0.00
15.00,14.00,6.00,0.00,0.00,0.00,1.00,0.00
15.00,27.00,2.00,0.00,1.00,0.00,2.00,0.00
14.00,12.00,2.00,0.00,1.00,0.00,1.00,0.00
18.00,17.00,2.00,0.00,1.00,0.00,1.00,0.00
16.00,26.00,3.00,0.00,0.00,0.00,2.00,0.00
9.00,15.00,5.00,1.00,1.00,0.00,1.00,0.00
11.00,16.00,14.00,0.00,0.00,0.00,2.00,0.00
12.00,18.00,20.00,0.00,0.00,0.00,4.00,0.00
14.00,20.00,27.00,1.00,0.00,0.00,6.00,0.00
14.00,17.00,25.00,0.00,0.00,0.00,5.00,0.00
16.00,16.00,22.00,0.00,0.00,0.00,5.00,0.00
8.00,14.00,19.00,0.00,0.00,0.00,4.00,0.00
9.00,13.00,16.00,0.00,0.00,0.00,3.00,0.00
14.00,14.00,9.00,1.00,0.00,0.00,2.00,0.00
15.00,11.00,4.00,1.00,0.00,0.00,1.00,0.00
7.00,4.00,0.00,0.00,0.00,0.00,0.00,0.00
1.00,1.00,0.00,0.00,0.00,0.00,0.00,0.00
1.00,1.00,1.00,0.00,0.00,0.00,0.00,0.00
1.00,0.00,5.00,2.00,0.00,0.00,2.00,0.00
1.00,1.00,7.00,2.00,0.00,0.00,2.00,0.00
40.00,33.00,8.00,1.00,0.00,0.00,3.00,0.00
49.00,52.00,12.00,1.00,0.00,0.00,4.00,0.00
29.00,23.00,8.00,1.00,0.00,0.00,1.00,0.00
20.00,10.00,6.00,0.00,0.00,0.00,1.00,0.00
11.00,14.00,12.00,0.00,0.00,0.00,2.00,0.00
24.00,17.00,7.00,0.00,0.00,0.00,1.00,0.00
17.00,13.00,2.00,0.00,0.00,0.00,1.00,0.00
13.00,5.00,0.00,0.00,0.00,0.00,0.00,0.00
20.00,9.00,1.00,0.00,0.00,0.00,1.00,0.00
20.00,9.00,2.00,0.00,0.00,0.00,1.00,0.00
22.00,10.00,2.00,0.00,1.00,0.00,1.00,0.00
20.00,11.00,2.00,0.00,1.00,0.00,1.00,0.00
17.00,27.00,13.00,0.00,1.00,0.00,2.00,0.00
17.00,26.00,24.00,0.00,1.00,0.00,5.00,0.00
16.00,26.00,29.00,0.00,1.00,0.00,6.00,0.00
14.00,27.00,31.00,1.00,2.00,0.00,6.00,0.00
15.00,25.00,30.00,1.00,1.00,0.00,6.00,0.00
13.00,24.00,27.00,1.00,1.00,0.00,5.00,0.00
13.00,21.00,20.00,0.00,1.00,0.00,4.00,0.00
12.00,18.00,18.00,0.00,1.00,0.00,3.00,0.00
11.00,13.00,14.00,0.00,0.00,0.00,3.00,0.00
8.00,8.00,10.00,0.00,0.00,0.00,2.00,0.00
37.00,23.00,2.00,0.00,0.00,0.00,2.00,0.00
39.00,36.00,1.00,0.00,0.00,0.00,3.00,0.00
20.00,37.00,2.00,0.00,0.00,0.00,3.00,0.00
41.00,54.00,4.00,0.00,0.00,0.00,4.00,0.00
35.00,40.00,6.00,0.00,0.00,0.00,3.00,0.00
18.00,22.00,6.00,0.00,0.00,0.00,2.00,0.00
9.00,12.00,10.00,0.00,0.00,0.00,2.00,0.00
16.00,20.00,18.00,0.00,1.00,0.00,3.00,0.00
18.00,20.00,19.00,1.00,1.00,0.00,3.00,0.00
22.00,24.00,5.00,0.00,0.00,0.00,2.00,0.00
20.00,9.00,1.00,0.00,0.00,0.00,1.00,0.00
19.00,12.00,2.00,1.00,0.00,0.00,1.00,0.00
15.00,11.00,3.00,1.00,1.00,0.00,1.00,0.00
15.00,11.00,4.00,1.00,1.00,0.00,1.00,0.00
15.00,11.00,4.00,0.00,1.00,0.00,1.00,0.00
17.00,22.00,16.00,0.00,1.00,0.00,3.00,0.00
12.00,22.00,19.00,1.00,2.00,0.00,4.00,0.00
9.00,22.00,28.00,1.00,1.00,0.00,6.00,0.00
8.00,21.00,23.00,1.00,2.00,0.00,5.00,0.00
6.00,21.00,17.00,0.00,1.00,0.00,4.00,0.00
12.00,20.00,16.00,1.00,0.00,0.00,3.00,0.00
12.00,17.00,13.00,0.00,1.00,0.00,2.00,0.00
14.00,14.00,10.00,1.00,0.00,0.00,2.00,0.00
11.00,13.00,3.00,1.00,0.00,0.00,1.00,0.00
3.00,3.00,1.00,0.00,0.00,0.00,0.00,0.00
2.00,1.00,0.00,0.00,0.00,0.00,0.00,0.00
1.00,0.00,0.00,0.00,0.00,0.00,0.00,0.00
1.00,0.00,4.00,2.00,0.00,0.00,1.00,0.00
1.00,1.00,13.00,3.00,0.00,0.00,3.00,0.00
3.00,0.00,2.00,0.00,0.00,0.00,0.00,0.00
23.00,15.00,5.00,0.00,0.00,0.00,1.00,0.00
42.00,47.00,12.00,0.00,0.00,0.00,4.00,0.00
18.00,16.00,6.00,0.00,0.00,0.00,1.00,0.00
7.00,7.00,8.00,0.00,0.00,0.00,1.00,0.00
20.00,17.00,9.00,0.00,0.00,0.00,2.00,0.00
22.00,8.00,2.00,0.00,0.00,0.00,1.00,0.00
11.00,6.00,1.00,0.00,0.00,0.00,0.00,0.00
20.00,6.00,1.00,0.00,1.00,0.00,1.00,0.00
23.00,8.00,2.00,0.00,1.00,0.00,1.00,0.00
20.00,8.00,2.00,0.00,0.00,0.00,1.00,0.00
14.00,22.00,3.00,0.00,1.00,0.00,2.00,0.00
17.00,13.00,11.00,0.00,1.00,0.00,2.00,0.00
16.00,17.00,14.00,0.00,1.00,0.00,3.00,0.00
10.00,21.00,15.00,0.00,2.00,0.00,3.00,0.00
12.00,21.00,16.00,0.00,1.00,0.00,3.00,0.00
11.00,21.00,15.00,0.00,2.00,0.00,3.00,0.00
13.00,18.00,19.00,0.00,1.00,0.00,4.00,0.00
14.00,16.00,8.00,0.00,0.00,0.00,2.00,0.00
10.00,10.00,8.00,0.00,0.00,0.00,1.00,0.00
7.00,6.00,5.00,0.00,0.00,0.00,1.00,0.00
30.00,24.00,2.00,0.00,0.00,0.00,2.00,0.00
18.00,34.00,2.00,0.00,0.00,0.00,3.00,0.00
44.00,48.00,2.00,0.00,0.00,0.00,4.00,0.00
27.00,24.00,5.00,0.00,0.00,0.00,2.00,0.00
7.00,24.00,3.00,0.00,0.00,0.00,2.00,0.00
25.00,25.00,8.00,0.00,1.00,0.00,2.00,0.00
19.00,15.00,4.00,0.00,0.00,0.00,1.00,0.00
9.00,13.00,7.00,0.00,0.00,0.00,1.00,0.00
9.00,12.00,13.00,0.00,0.00,0.00,2.00,0.00
13.00,16.00,7.00,0.00,0.00,0.00,1.00,0.00
21.00,8.00,2.00,0.00,0.00,0.00,1.00,0.00
17.00,10.00,1.00,0.00,0.00,0.00,1.00,0.00
16.00,11.00,2.00,0.00,0.00,0.00,1.00,0.00
15.00,9.00,3.00,1.00,1.00,0.00,1.00,0.00
15.00,22.00,4.00,1.00,1.00,0.00,2.00,0.00
12.00,21.00,26.00,1.00,1.00,0.00,5.00,0.00
13.00,23.00,39.00,1.00,1.00,0.00,8.00,0.00
10.00,23.00,38.00,1.00,1.00,0.00,8.00,0.00
8.00,23.00,34.00,1.00,2.00,0.00,7.00,0.00
7.00,22.00,33.00,0.00,2.00,0.00,7.00,0.00
9.00,21.00,27.00,1.00,2.00,0.00,6.00,0.00
9.00,18.00,23.00,1.00,2.00,0.00,5.00,0.00
9.00,14.00,21.00,0.00,1.00,0.00,4.00,0.00
10.00,7.00,13.00,0.00,0.00,0.00,3.00,0.00
9.00,6.00,4.00,0.00,0.00,0.00,0.00,0.00
7.00,1.00,1.00,0.00,0.00,0.00,0.00,0.00
1.00,0.00,0.00,0.00,0.00,0.00,0.00,0.00
2.00,0.00,0.00,0.00,0.00,0.00,0.00,0.00
0.00,0.00,5.00,1.00,0.00,0.00,2.00,0.00
1.00,1.00,5.00,4.00,0.00,0.00,1.00,0.00
17.00,7.00,3.00,0.00,0.00,0.00,0.00,0.00
19.00,36.00,8.00,0.00,0.00,0.00,3.00,0.00
39.00,42.00,11.00,0.00,0.00,0.00,3.00,0.00
26.00,18.00,12.00,1.00,0.00,0.00,2.00,0.00
8.00,11.00,8.00,0.00,0.00,0.00,1.00,0.00
16.00,20.00,7.00,0.00,0.00,0.00,1.00,0.00
20.00,14.00,1.00,0.00,0.00,0.00,1.00,0.00
14.00,5.00,0.00,0.00,0.00,0.00,1.00,0.00
13.00,6.00,1.00,0.00,0.00,0.00,1.00,0.00
14.00,8.00,1.00,0.00,0.00,0.00,1.00,0.00
12.00,18.00,5.00,0.00,2.00,0.00,2.00,0.00
11.00,20.00,19.00,0.00,1.00,0.00,4.00,0.00
13.00,26.00,21.00,1.00,1.00,0.00,4.00,0.00
14.00,28.00,23.00,1.00,1.00,0.00,5.00,0.00
9.00,28.00,23.00,1.00,1.00,0.00,5.00,0.00
6.00,22.00,23.00,0.00,1.00,0.00,5.00,0.00
9.00,21.00,28.00,1.00,1.00,0.00,6.00,0.00
8.00,16.00,30.00,0.00,1.00,0.00,6.00,0.00
7.00,10.00,11.00,0.00,0.00,0.00,2.00,0.00
6.00,4.00,10.00,0.00,0.00,0.00,2.00,0.00
37.00,38.00,1.00,0.00,0.00,0.00,3.00,0.00
12.00,20.00,1.00,0.00,0.00,0.00,2.00,0.00
12.00,32.00,4.00,0.00,0.00,0.00,3.00,0.00
28.00,26.00,6.00,0.00,0.00,0.00,2.00,0.00
23.00,13.00,2.00,0.00,0.00,0.00,1.00,0.00
10.00,9.00,4.00,0.00,0.00,0.00,1.00,0.00
12.00,14.00,10.00,0.00,0.00,0.00,2.00,0.00
19.00,14.00,10.00,0.00,0.00,0.00,2.00,0.00
19.00,18.00,11.00,0.00,0.00,0.00,2.00,0.00
19.00,22.00,2.00,0.00,0.00,0.00,2.00,0.00
18.00,4.00,2.00,0.00,0.00,0.00,1.00,0.00
13.00,9.00,2.00,0.00,0.00,0.00,0.00,0.00
24.00,24.00,3.00,0.00,0.00,0.00,2.00,0.00
19.00,17.00,10.00,1.00,1.00,0.00,2.00,0.00
15.00,21.00,21.00,1.00,1.00,0.00,4.00,0.00
11.00,22.00,33.00,0.00,1.00,0.00,7.00,0.00
8.00,22.00,38.00,0.00,1.00,0.00,8.00,0.00
8.00,21.00,36.00,0.00,1.00,0.00,8.00,0.00
10.00,20.00,30.00,1.00,1.00,0.00,7.00,0.00
13.00,18.00,27.00,0.00,1.00,0.00,6.00,0.00
12.00,19.00,23.00,0.00,0.00,0.00,5.00,0.00
14.00,16.00,22.00,1.00,1.00,0.00,5.00,0.00
10.00,10.00,10.00,0.00,0.00,0.00,2.00,0.00
10.00,9.00,3.00,1.00,0.00,0.00,1.00,0.00
9.00,6.00,0.00,0.00,0.00,0.00,0.00,0.00
2.00,1.00,0.00,0.00,0.00,0.00,0.00,0.00
1.00,0.00,0.00,0.00,0.00,0.00,0.00,0.00
1.00,0.00,0.00,0.00,0.00,0.00,0.00,0.00
2.00,1.00,3.00,1.00,0.00,0.00,1.00,0.00
1.00,1.00,7.00,2.00,0.00,0.00,1.00,0.00
32.00,28.00,3.00,0.00,0.00,0.00,2.00,0.00
55.00,60.00,11.00,0.00,0.00,0.00,5.00,0.00
31.00,25.00,8.00,0.00,0.00,0.00,2.00,0.00
22.00,10.00,5.00,0.00,0.00,0.00,1.00,0.00
10.00,14.00,8.00,0.00,0.00,0.00,1.00,0.00
23.00,16.00,6.00,0.00,0.00,0.00,1.00,0.00
25.00,14.00,7.00,0.00,0.00,0.00,1.00,0.00
11.00,6.00,1.00,0.00,0.00,0.00,0.00,0.00
16.00,5.00,1.00,0.00,0.00,0.00,0.00,0.00
19.00,7.00,1.00,0.00,0.00,0.00,1.00,0.00
16.00,8.00,1.00,0.00,0.00,0.00,1.00,0.00
11.00,6.00,1.00,0.00,0.00,0.00,0.00,0.00
10.00,18.00,2.00,0.00,0.00,0.00,1.00,0.00
10.00,13.00,13.00,0.00,1.00,0.00,2.00,0.00
12.00,17.00,24.00,0.00,2.00,0.00,5.00,0.00
10.00,19.00,31.00,1.00,1.00,0.00,6.00,0.00
14.00,20.00,38.00,1.00,2.00,0.00,8.00,0.00
10.00,20.00,42.00,1.00,2.00,0.00,9.00,0.00
15.00,20.00,41.00,1.00,1.00,0.00,9.00,0.00
12.00,17.00,33.00,0.00,1.00,0.00,7.00,0.00
26.00,17.00,1.00,0.00,0.00,0.00,1.00,0.00
31.00,25.00,2.00,0.00,0.00,0.00,2.00,0.00
23.00,29.00,1.00,0.00,0.00,0.00,2.00,0.00
25.00,44.00,1.00,0.00,0.00,0.00,4.00,0.00
36.00,44.00,3.00,0.00,0.00,0.00,3.00,0.00
28.00,29.00,3.00,0.00,0.00,0.00,2.00,0.00
15.00,18.00,5.00,0.00,0.00,0.00,1.00,0.00
17.00,19.00,8.00,0.00,0.00,0.00,1.00,0.00
24.00,24.00,13.00,0.00,0.00,0.00,2.00,0.00
24.00,20.00,13.00,0.00,0.00,0.00,2.00,0.00
23.00,18.00,8.00,0.00,0.00,0.00,2.00,0.00
21.00,14.00,3.00,0.00,0.00,0.00,1.00,0.00
14.00,7.00,2.00,0.00,0.00,0.00,0.00,0.00
15.00,9.00,2.00,0.00,0.00,0.00,0.00,0.00
15.00,9.00,3.00,1.00,0.00,0.00,0.00,0.00
15.00,9.00,4.00,0.00,1.00,0.00,1.00,0.00
15.00,18.00,18.00,1.00,1.00,0.00,3.00,0.00
10.00,19.00,24.00,1.00,1.00,0.00,5.00,0.00
7.00,20.00,33.00,1.00,1.00,0.00,7.00,0.00
9.00,20.00,32.00,0.00,1.00,0.00,7.00,0.00
12.00,20.00,23.00,1.00,1.00,0.00,5.00,0.00
14.00,21.00,16.00,1.00,1.00,0.00,3.00,0.00
15.00,21.00,18.00,1.00,0.00,0.00,3.00,0.00
16.00,18.00,16.00,1.00,0.00,0.00,3.00,0.00
14.00,17.00,10.00,0.00,0.00,0.00,2.00,0.00
10.00,12.00,6.00,0.00,0.00,0.00,1.00,0.00
8.00,10.00,3.00,0.00,0.00,0.00,0.00,0.00
3.00,4.00,1.00,0.00,0.00,0.00,0.00,0.00
1.00,0.00,0.00,0.00,0.00,0.00,0.00,0.00
1.00,0.00,0.00,0.00,0.00,0.00,0.00,0.00
1.00,0.00,6.00,3.00,0.00,0.00,1.00,0.00
3.00,0.00,3.00,1.00,0.00,0.00,2.00,0.00
2.00,1.00,2.00,0.00,0.00,0.00,0.00,0.00
36.00,21.00,5.00,0.00,0.00,0.00,2.00,0.00
21.00,35.00,3.00,0.00,0.00,0.00,3.00,0.00
20.00,24.00,7.00,0.00,0.00,0.00,2.00,0.00
26.00,15.00,5.00,0.00,0.00,0.00,1.00,0.00
12.00,11.00,4.00,0.00,0.00,0.00,1.00,0.00
10.00,13.00,6.00,0.00,0.00,0.00,1.00,0.00
14.00,17.00,7.00,0.00,0.00,0.00,1.00,0.00
19.00,15.00,3.00,0.00,0.00,0.00,1.00,0.00
18.00,7.00,2.00,0.00,0.00,0.00,1.00,0.00
15.00,5.00,1.00,0.00,0.00,0.00,0.00,0.00
14.00,4.00,1.00,0.00,0.00,0.00,0.00,0.00
9.00,5.00,1.00,0.00,0.00,0.00,0.00,0.00
11.00,26.00,6.00,0.00,0.00,0.00,2.00,0.00
14.00,15.00,21.00,1.00,1.00,0.00,4.00,0.00
12.00,19.00,34.00,1.00,1.00,0.00,7.00,0.00
15.00,26.00,28.00,1.00,1.00,0.00,6.00,0.00
11.00,25.00,32.00,1.00,1.00,0.00,7.00,0.00
25.00,15.00,1.00,0.00,0.00,0.00,1.00,0.00
15.00,31.00,1.00,0.00,0.00,0.00,2.00,0.00
25.00,32.00,2.00,0.00,0.00,0.00,2.00,0.00
28.00,28.00,5.00,0.00,0.00,0.00,2.00,0.00
23.00,16.00,3.00,0.00,0.00,0.00,1.00,0.00
7.00,13.00,6.00,0.00,0.00,0.00,1.00,0.00
17.00,16.00,12.00,0.00,0.00,0.00,2.00,0.00
25.00,19.00,8.00,1.00,0.00,0.00,1.00,0.00
27.00,15.00,2.00,0.00,0.00,0.00,1.00,0.00
16.00,9.00,2.00,0.00,0.00,0.00,1.00,0.00
11.00,7.00,2.00,0.00,0.00,0.00,0.00,0.00
16.00,9.00,2.00,0.00,0.00,0.00,1.00,0.00
11.00,9.00,3.00,0.00,0.00,0.00,0.00,0.00
13.00,10.00,3.00,0.00,0.00,0.00,0.00,0.00
16.00,17.00,10.00,1.00,1.00,0.00,2.00,0.00
14.00,19.00,17.00,0.00,1.00,0.00,3.00,0.00
12.00,20.00,18.00,0.00,1.00,0.00,4.00,0.00
10.00,20.00,20.00,0.00,1.00,0.00,4.00,0.00
8.00,18.00,21.00,0.00,1.00,0.00,4.00,0.00
6.00,17.00,19.00,0.00,1.00,0.00,4.00,0.00
9.00,17.00,17.00,0.00,1.00,0.00,3.00,0.00
12.00,14.00,11.00,0.00,1.00,0.00,2.00,0.00
12.00,11.00,8.00,1.00,0.00,0.00,2.00,0.00
15.00,12.00,5.00,1.00,0.00,0.00,1.00,0.00
5.00,2.00,0.00,0.00,0.00,0.00,0.00,0.00
5.00,2.00,0.00,0.00,0.00,0.00,0.00,0.00
1.00,0.00,0.00,0.00,0.00,0.00,0.00,0.00
0.00,0.00,4.00,4.00,0.00,0.00,1.00,0.00
2.00,0.00,2.00,1.00,0.00,0.00,1.00,0.00
1.00,0.00,4.00,2.00,0.00,0.00,1.00,0.00
2.00,0.00,1.00,0.00,0.00,0.00,0.00,0.00
34.00,43.00,8.00,0.00,0.00,0.00,3.00,0.00
27.00,26.00,13.00,0.00,0.00,0.00,3.00,0.00
20.00,11.00,6.00,0.00,0.00,0.00,1.00,0.00
14.00,17.00,8.00,0.00,0.00,0.00,1.00,0.00
24.00,15.00,5.00,0.00,0.00,0.00,1.00,0.00
23.00,13.00,7.00,0.00,0.00,0.00,1.00,0.00
16.00,9.00,7.00,0.00,1.00,0.00,1.00,0.00
13.00,13.00,3.00,0.00,0.00,0.00,1.00,0.00
17.00,9.00,1.00,0.00,0.00,0.00,1.00,0.00
20.00,9.00,1.00,0.00,0.00,0.00,1.00,0.00
16.00,10.00,2.00,0.00,0.00,0.00,1.00,0.00
16.00,9.00,3.00,0.00,1.00,0.00,1.00,0.00
15.00,11.00,3.00,1.00,0.00,0.00,1.00,0.00
11.00,17.00,11.00,1.00,1.00,0.00,2.00,0.00
11.00,21.00,21.00,1.00,0.00,0.00,4.00,0.00
8.00,24.00,34.00,0.00,1.00,0.00,7.00,0.00
7.00,22.00,36.00,0.00,1.00,0.00,8.00,0.00
6.00,23.00,31.00,0.00,1.00,0.00,7.00,0.00
12.00,25.00,30.00,0.00,0.00,0.00,6.00,0.00
31.00,23.00,1.00,0.00,0.00,0.00,2.00,0.00
44.00,45.00,2.00,0.00,0.00,0.00,3.00,0.00
41.00,51.00,4.00,0.00,0.00,0.00,4.00,0.00
27.00,28.00,5.00,0.00,0.00,0.00,2.00,0.00
10.00,20.00,6.00,0.00,0.00,0.00,1.00,0.00
22.00,21.00,5.00,0.00,0.00,0.00,2.00,0.00
25.00,13.00,4.00,0.00,0.00,0.00,1.00,0.00
17.00,10.00,6.00,0.00,0.00,0.00,1.00,0.00
9.00,13.00,1.00,0.00,0.00,0.00,1.00,0.00
14.00,7.00,1.00,0.00,0.00,0.00,1.00,0.00
14.00,8.00,1.00,0.00,0.00,0.00,0.00,0.00
9.00,6.00,1.00,0.00,0.00,0.00,0.00,0.00
10.00,6.00,2.00,0.00,0.00,0.00,0.00,0.00
16.00,13.00,6.00,1.00,0.00,0.00,1.00,0.00
12.00,16.00,18.00,1.00,1.00,0.00,4.00,0.00
12.00,18.00,23.00,0.00,1.00,0.00,5.00,0.00
14.00,21.00,19.00,0.00,1.00,0.00,4.00,0.00
15.00,22.00,13.00,0.00,1.00,0.00,3.00,0.00
13.00,21.00,17.00,0.00,1.00,0.00,3.00,0.00
14.00,19.00,20.00,0.00,1.00,0.00,4.00,0.00
8.00,15.00,17.00,0.00,1.00,0.00,3.00,0.00
10.00,9.00,12.00,0.00,0.00,0.00,2.00,0.00
10.00,8.00,6.00,0.00,0.00,0.00,1.00,0.00
9.00,7.00,2.00,0.00,0.00,0.00,0.00,0.00
1.00,1.00,1.00,0.00,0.00,0.00,0.00,0.00
1.00,0.00,0.00,0.00,0.00,0.00,0.00,0.00
1.00,1.00,0.00,0.00,0.00,0.00,0.00,0.00
2.00,0.00,5.00,2.00,0.00,0.00,2.00,0.00
1.00,1.00,6.00,3.00,0.00,0.00,2.00,0.00
6.00,2.00,2.00,0.00,0.00,0.00,0.00,0.00
41.00,38.00,4.00,0.00,0.00,0.00,3.00,0.00
43.00,51.00,6.00,0.00,0.00,0.00,4.00,0.00
18.00,16.00,5.00,0.00,0.00,0.00,1.00,0.00
15.00,20.00,6.00,0.00,0.00,0.00,1.00,0.00
21.00,17.00,7.00,0.00,0.00,0.00,1.00,0.00
24.00,8.00,4.00,0.00,0.00,0.00,1.00,0.00
9.00,7.00,1.00,0.00,0.00,0.00,0.00,0.00
18.00,4.00,1.00,0.00,0.00,0.00,0.00,0.00
23.00,7.00,1.00,0.00,0.00,0.00,1.00,0.00
18.00,7.00,2.00,0.00,0.00,0.00,0.00,0.00
14.00,8.00,2.00,0.00,0.00,0.00,0.00,0.00
16.00,16.00,8.00,0.00,1.00,0.00,1.00,0.00
14.00,23.00,25.00,0.00,1.00,0.00,5.00,0.00
9.00,21.00,34.00,0.00,0.00,0.00,7.00,0.00
8.00,23.00,33.00,1.00,0.00,0.00,7.00,0.00
9.00,24.00,33.00,1.00,1.00,0.00,7.00,0.00
13.00,26.00,32.00,0.00,1.00,0.00,7.00,0.00
12.00,24.00,25.00,1.00,0.00,0.00,5.00,0.00
12.00,19.00,28.00,0.00,0.00,0.00,6.00,0.00
11.00,14.00,23.00,0.00,0.00,0.00,5.00,0.00
28.00,19.00,1.00,0.00,0.00,0.00,2.00,0.00
20.00,24.00,1.00,0.00,0.00,0.00,2.00,0.00
38.00,36.00,2.00,0.00,0.00,0.00,3.00,0.00
17.00,25.00,2.00,0.00,0.00,0.00,2.00,0.00
24.00,26.00,2.00,0.00,0.00,0.00,2.00,0.00
19.00,15.00,4.00,0.00,0.00,0.00,1.00,0.00
11.00,7.00,3.00,0.00,0.00,0.00,0.00,0.00
15.00,14.00,4.00,0.00,0.00,0.00,1.00,0.00
21.00,13.00,6.00,0.00,0.00,0.00,1.00,0.00
23.00,10.00,9.00,0.00,0.00,0.00,2.00,0.00
16.00,9.00,6.00,0.00,0.00,0.00,1.00,0.00
13.00,12.00,1.00,0.00,0.00,0.00,1.00,0.00
13.00,9.00,1.00,0.00,0.00,0.00,1.00,0.00
13.00,9.00,1.00,0.00,0.00,0.00,0.00,0.00
11.00,9.00,1.00,0.00,0.00,0.00,0.00,0.00
13.00,9.00,3.00,0.00,0.00,0.00,0.00,0.00
13.00,22.00,7.00,0.00,0.00,0.00,1.00,0.00
16.00,24.00,17.00,1.00,1.00,0.00,3.00,0.00
17.00,31.00,25.00,1.00,2.00,0.00,5.00,0.00
8.00,32.00,25.00,0.00,1.00,0.00,5.00,0.00
13.00,31.00,17.00,0.00,1.00,0.00,4.00,0.00
16.00,32.00,14.00,1.00,1.00,0.00,4.00,0.00
16.00,28.00,14.00,1.00,1.00,0.00,4.00,0.00
17.00,27.00,19.00,1.00,1.00,0.00,4.00,0.00
12.00,21.00,12.00,0.00,1.00,0.00,2.00,0.00
12.00,18.00,8.00,0.00,0.00,0.00,1.00,0.00
13.00,17.00,10.00,0.00,0.00,0.00,2.00,0.00
16.00,16.00,5.00,0.00,0.00,0.00,1.00,0.00
11.00,17.00,2.00,0.00,0.00,0.00,1.00,0.00
5.00,6.00,1.00,0.00,0.00,0.00,0.00,0.00
3.00,1.00,0.00,0.00,0.00,0.00,0.00,0.00
0.00,0.00,0.00,0.00,0.00,0.00,0.00,0.00
2.00,1.00,1.00,1.00,0.00,0.00,1.00,0.00
1.00,0.00,2.00,1.00,0.00,0.00,2.00,0.00
1.00,0.00,2.00,1.00,0.00,0.00,1.00,0.00
38.00,20.00,5.00,0.00,0.00,0.00,2.00,0.00
56.00,48.00,9.00,0.00,0.00,0.00,4.00,0.00
38.00,46.00,7.00,0.00,0.00,0.00,3.00,0.00
18.00,23.00,4.00,0.00,0.00,0.00,2.00,0.00
24.00,31.00,10.00,0.00,0.00,0.00,3.00,0.00
26.00,17.00,8.00,0.00,0.00,0.00,1.00,0.00
9.00,10.00,7.00,0.00,0.00,0.00,1.00,0.00
21.00,11.00,1.00,0.00,0.00,0.00,1.00,0.00
15.00,4.00,1.00,0.00,0.00,0.00,0.00,0.00
12.00,5.00,1.00,0.00,0.00,0.00,0.00,0.00
13.00,7.00,1.00,0.00,0.00,0.00,1.00,0.00
14.00,8.00,2.00,0.00,0.00,0.00,1.00,0.00
7.00,24.00,4.00,0.00,0.00,0.00,2.00,0.00
13.00,17.00,27.00,0.00,1.00,0.00,6.00,0.00
11.00,24.00,40.00,1.00,2.00,0.00,9.00,0.00
36.00,26.00,1.00,0.00,0.00,0.00,2.00,0.00
28.00,30.00,1.00,0.00,0.00,0.00,2.00,0.00
39.00,42.00,1.00,0.00,0.00,0.00,3.00,0.00
35.00,36.00,2.00,0.00,0.00,0.00,3.00,0.00
17.00,26.00,2.00,0.00,0.00,0.00,2.00,0.00
11.00,20.00,3.00,0.00,0.00,0.00,1.00,0.00
15.00,19.00,5.00,0.00,0.00,0.00,1.00,0.00
13.00,13.00,7.00,0.00,0.00,0.00,1.00,0.00
14.00,18.00,7.00,0.00,0.00,0.00,1.00,0.00
20.00,11.00,1.00,0.00,0.00,0.00,1.00,0.00
19.00,10.00,1.00,0.00,0.00,0.00,1.00,0.00
14.00,9.00,2.00,0.00,0.00,0.00,1.00,0.00
16.00,9.00,4.00,1.00,0.00,0.00,1.00,0.00
14.00,11.00,5.00,1.00,0.00,0.00,1.00,0.00
18.00,21.00,19.00,1.00,1.00,0.00,3.00,0.00
8.00,22.00,26.00,0.00,2.00,0.00,5.00,0.00
15.00,28.00,23.00,1.00,1.00,0.00,5.00,0.00
16.00,30.00,22.00,1.00,1.00,0.00,5.00,0.00
12.00,28.00,17.00,0.00,1.00,0.00,4.00,0.00
10.00,24.00,13.00,0.00,1.00,0.00,3.00,0.00
12.00,18.00,13.00,0.00,0.00,0.00,2.00,0.00
14.00,19.00,15.00,1.00,0.00,0.00,3.00,0.00
17.00,17.00,17.00,1.00,0.00,0.00,3.00,0.00
11.00,14.00,12.00,0.00,0.00,0.00,2.00,0.00
14.00,13.00,8.00,1.00,0.00,0.00,2.00,0.00
8.00,10.00,2.00,0.00,0.00,0.00,0.00,0.00
3.00,4.00,0.00,0.00,0.00,0.00,0.00,0.00
1.00,0.00,0.00,0.00,0.00,0.00,0.00,0.00
1.00,0.00,0.00,0.00,0.00,0.00,0.00,0.00
0.00,1.00,0.00,0.00,0.00,0.00,0.00,0.00
2.00,0.00,3.00,3.00,0.00,0.00,1.00,0.00
1.00,1.00,4.00,1.00,1.00,0.00,1.00,0.00
1.00,0.00,1.00,1.00,0.00,0.00,0.00,0.00
39.00,32.00,4.00,0.00,0.00,0.00,3.00,0.00
45.00,58.00,8.00,1.00,0.00,0.00,5.00,0.00
19.00,30.00,4.00,0.00,0.00,0.00,2.00,0.00
24.00,28.00,8.00,0.00,0.00,0.00,2.00,0.00
30.00,17.00,8.00,0.00,0.00,0.00,1.00,0.00
21.00,7.00,8.00,0.00,0.00,0.00,1.00,0.00
12.00,16.00,3.00,0.00,0.00,0.00,1.00,0.00
14.00,7.00,1.00,0.00,0.00,0.00,0.00,0.00
23.00,10.00,2.00,0.00,0.00,0.00,1.00,0.00
21.00,11.00,2.00,1.00,1.00,0.00,1.00,0.00
19.00,11.00,3.00,0.00,1.00,0.00,1.00,0.00
19.00,28.00,11.00,1.00,2.00,0.00,2.00,0.00
13.00,29.00,26.00,1.00,2.00,0.00,5.00,0.00
11.00,31.00,40.00,1.00,2.00,0.00,9.00,0.00
8.00,23.00,39.00,0.00,2.00,0.00,8.00,0.00
8.00,22.00,39.00,1.00,1.00,0.00,8.00,0.00
9.00,21.00,34.00,1.00,1.00,0.00,7.00,0.00
31.00,25.00,1.00,0.00,0.00,0.00,2.00,0.00
29.00,36.00,1.00,0.00,0.00,0.00,3.00,0.00
38.00,34.00,3.00,0.00,0.00,0.00,3.00,0.00
18.00,17.00,4.00,0.00,0.00,0.00,1.00,0.00
17.00,25.00,5.00,0.00,0.00,0.00,2.00,0.00
21.00,14.00,7.00,0.00,0.00,0.00,1.00,0.00
11.00,6.00,6.00,0.00,0.00,0.00,1.00,0.00
10.00,13.00,8.00,0.00,0.00,0.00,1.00,0.00
20.00,17.00,11.00,0.00,0.00,0.00,2.00,0.00
19.00,18.00,8.00,0.00,0.00,0.00,1.00,0.00
19.00,10.00,1.00,0.00,0.00,0.00,1.00,0.00
18.00,12.00,1.00,1.00,0.00,0.00,1.00,0.00
19.00,14.00,3.00,0.00,0.00,0.00,1.00,0.00
17.00,13.00,4.00,1.00,1.00,0.00,1.00,0.00
17.00,14.00,5.00,1.00,1.00,0.00,1.00,0.00
13.00,20.00,19.00,1.00,1.00,0.00,3.00,0.00
13.00,23.00,23.00,0.00,2.00,0.00,5.00,0.00
16.00,29.00,29.00,2.00,1.00,0.00,7.00,0.00
19.00,30.00,29.00,1.00,1.00,0.00,6.00,0.00
19.00,28.00,25.00,2.00,1.00,0.00,6.00,0.00
16.00,25.00,19.00,1.00,1.00,0.00,4.00,0.00
15.00,22.00,13.00,0.00,2.00,0.00,3.00,0.00
17.00,21.00,13.00,1.00,1.00,0.00,3.00,0.00
14.00,16.00,21.00,1.00,1.00,0.00,4.00,0.00
18.00,16.00,14.00,1.00,0.00,0.00,3.00,0.00
18.00,19.00,11.00,1.00,0.00,0.00,2.00,0.00
8.00,6.00,1.00,0.00,0.00,0.00,0.00,0.00
3.00,1.00,0.00,0.00,0.00,0.00,0.00,0.00
2.00,0.00,0.00,0.00,0.00,0.00,0.00,0.00
1.00,0.00,0.00,0.00,0.00,0.00,0.00,0.00
1.00,0.00,1.00,1.00,0.00,0.00,0.00,0.00
1.00,1.00,9.00,3.00,0.00,0.00,2.00,0.00
2.00,1.00,3.00,1.00,0.00,0.00,1.00,0.00
60.00,49.00,8.00,0.00,0.00,0.00,4.00,0.00
35.00,46.00,9.00,0.00,0.00,0.00,4.00,0.00
22.00,33.00,6.00,0.00,0.00,0.00,3.00,0.00
31.00,26.00,10.00,0.00,0.00,0.00,2.00,0.00
16.00,7.00,7.00,0.00,0.00,0.00,1.00,0.00
17.00,23.00,6.00,0.00,0.00,0.00,2.00,0.00
24.00,15.00,1.00,0.00,0.00,0.00,1.00,0.00
15.00,8.00,1.00,0.00,0.00,0.00,1.00,0.00
16.00,8.00,2.00,0.00,0.00,0.00,1.00,0.00
13.00,7.00,2.00,0.00,0.00,0.00,0.00,0.00
22.00,21.00,5.00,0.00,0.00,0.00,2.00,0.00
17.00,19.00,19.00,1.00,1.00,0.00,4.00,0.00
17.00,25.00,36.00,1.00,1.00,0.00,8.00,0.00
16.00,28.00,39.00,1.00,1.00,0.00,9.00,0.00
16.00,29.00,41.00,1.00,1.00,0.00,9.00,0.00
17.00,31.00,43.00,1.00,0.00,0.00,9.00,0.00
13.00,27.00,42.00,1.00,0.00,0.00,9.00,0.00
24.00,16.00,0.00,0.00,0.00,0.00,1.00,0.00
15.00,14.00,1.00,0.00,0.00,0.00,1.00,0.00
36.00,31.00,1.00,0.00,0.00,0.00,2.00,0.00
23.00,29.00,1.00,0.00,0.00,0.00,2.00,0.00
15.00,22.00,1.00,0.00,0.00,0.00,2.00,0.00
22.00,17.00,3.00,0.00,0.00,0.00,1.00,0.00
16.00,10.00,4.00,0.00,0.00,0.00,0.00,0.00
9.00,8.00,3.00,0.00,0.00,0.00,0.00,0.00
9.00,10.00,8.00,0.00,0.00,0.00,1.00,0.00
12.00,16.00,3.00,0.00,0.00,0.00,1.00,0.00
14.00,6.00,0.00,0.00,0.00,0.00,0.00,0.00
15.00,7.00,1.00,0.00,0.00,0.00,0.00,0.00
13.00,7.00,1.00,0.00,0.00,0.00,0.00,0.00
14.00,8.00,2.00,0.00,0.00,0.00,0.00,0.00
15.00,22.00,2.00,0.00,0.00,0.00,2.00,0.00
9.00,16.00,19.00,1.00,1.00,0.00,3.00,0.00
8.00,17.00,25.00,0.00,1.00,0.00,5.00,0.00
5.00,16.00,32.00,0.00,1.00,0.00,7.00,0.00
8.00,16.00,30.00,0.00,1.00,0.00,6.00,0.00
10.00,17.00,21.00,0.00,0.00,0.00,4.00,0.00
11.00,16.00,12.00,1.00,0.00,0.00,2.00,0.00
14.00,14.00,14.00,1.00,0.00,0.00,2.00,0.00
13.00,13.00,11.00,0.00,0.00,0.00,2.00,0.00
11.00,10.00,9.00,0.00,0.00,0.00,2.00,0.00
11.00,11.00,4.00,1.00,0.00,0.00,1.00,0.00
11.00,9.00,0.00,0.00,0.00,0.00,0.00,0.00
9.00,7.00,0.00,0.00,0.00,0.00,0.00,0.00
3.00,1.00,1.00,0.00,0.00,0.00,0.00,0.00
2.00,0.00,0.00,0.00,0.00,0.00,0.00,0.00
2.00,0.00,3.00,1.00,0.00,0.00,1.00,0.00
2.00,1.00,1.00,2.00,0.00,0.00,1.00,0.00
3.00,0.00,0.00,0.00,0.00,0.00,0.00,0.00
18.00,14.00,2.00,0.00,0.00,0.00,1.00,0.00
32.00,32.00,2.00,0.00,0.00,0.00,2.00,0.00
18.00,21.00,3.00,0.00,0.00,0.00,1.00,0.00
21.00,23.00,4.00,0.00,0.00,0.00,2.00,0.00
19.00,10.00,3.00,0.00,0.00,0.00,1.00,0.00
7.00,15.00,5.00,0.00,0.00,0.00,1.00,0.00
20.00,16.00,4.00,0.00,0.00,0.00,1.00,0.00
21.00,13.00,2.00,0.00,0.00,0.00,1.00,0.00
9.00,3.00,0.00,0.00,0.00,0.00,0.00,0.00
17.00,4.00,1.00,0.00,0.00,0.00,0.00,0.00
10.00,5.00,1.00,1.00,0.00,0.00,0.00,0.00
12.00,7.00,1.00,0.00,0.00,0.00,0.00,0.00
11.00,8.00,2.00,0.00,0.00,0.00,0.00,0.00
9.00,15.00,10.00,0.00,1.00,0.00,2.00,0.00
11.00,17.00,15.00,1.00,1.00,0.00,3.00,0.00
9.00,19.00,20.00,0.00,1.00,0.00,4.00,0.00
9.00,19.00,22.00,0.00,1.00,0.00,4.00,0.00
7.00,17.00,24.00,0.00,1.00,0.00,5.00,0.00
41.00,32.00,1.00,0.00,0.00,0.00,3.00,0.00
27.00,32.00,3.00,0.00,0.00,0.00,2.00,0.00
32.00,42.00,4.00,0.00,0.00,0.00,3.00,0.00
33.00,27.00,3.00,0.00,0.00,0.00,2.00,0.00
23.00,22.00,4.00,0.00,0.00,0.00,1.00,0.00
13.00,19.00,7.00,0.00,0.00,0.00,1.00,0.00
28.00,25.00,15.00,0.00,0.00,0.00,3.00,0.00
25.00,20.00,16.00,0.00,0.00,0.00,3.00,0.00
23.00,23.00,13.00,0.00,0.00,0.00,2.00,0.00
20.00,27.00,3.00,0.00,0.00,0.00,2.00,0.00
24.00,14.00,2.00,0.00,0.00,0.00,1.00,0.00
19.00,13.00,3.00,0.00,0.00,0.00,1.00,0.00
16.00,12.00,2.00,0.00,0.00,0.00,1.00,0.00
15.00,14.00,2.00,0.00,0.00,0.00,1.00,0.00
14.00,23.00,12.00,1.00,1.00,0.00,2.00,0.00
12.00,22.00,16.00,1.00,1.00,0.00,3.00,0.00
14.00,27.00,17.00,1.00,1.00,0.00,4.00,0.00
15.00,27.00,19.00,1.00,2.00,0.00,4.00,0.00
17.00,25.00,18.00,1.00,1.00,0.00,4.00,0.00
16.00,23.00,15.00,0.00,1.00,0.00,3.00,0.00
14.00,17.00,10.00,0.00,1.00,0.00,2.00,0.00
17.00,19.00,9.00,0.00,2.00,0.00,2.00,0.00
11.00,15.00,12.00,0.00,1.00,0.00,3.00,0.00
9.00,11.00,2.00,0.00,0.00,0.00,1.00,0.00
4.00,2.00,0.00,0.00,0.00,0.00,0.00,0.00
3.00,0.00,0.00,0.00,0.00,0.00,0.00,0.00
0.00,1.00,0.00,0.00,0.00,0.00,0.00,0.00
1.00,0.00,0.00,0.00,0.00,0.00,0.00,0.00
2.00,1.00,3.00,1.00,0.00,0.00,1.00,0.00
1.00,1.00,8.00,1.00,0.00,0.00,2.00,0.00
22.00,16.00,1.00,0.00,0.00,0.00,1.00,0.00
39.00,33.00,6.00,0.00,0.00,0.00,3.00,0.00
17.00,25.00,5.00,0.00,0.00,0.00,2.00,0.00
29.00,29.00,5.00,0.00,0.00,0.00,2.00,0.00
16.00,8.00,5.00,0.00,0.00,0.00,1.00,0.00
12.00,15.00,10.00,0.00,0.00,0.00,2.00,0.00
24.00,19.00,9.00,0.00,0.00,0.00,1.00,0.00
13.00,13.00,1.00,0.00,0.00,0.00,1.00,0.00
13.00,6.00,1.00,0.00,0.00,0.00,1.00,0.00
17.00,9.00,1.00,0.00,0.00,0.00,1.00,0.00
19.00,11.00,2.00,0.00,0.00,0.00,1.00,0.00
20.00,10.00,2.00,0.00,0.00,0.00,1.00,0.00
13.00,20.00,2.00,0.00,0.00,0.00,1.00,0.00
11.00,16.00,18.00,0.00,0.00,0.00,4.00,0.00
8.00,16.00,21.00,0.00,1.00,0.00,4.00,0.00
10.00,18.00,23.00,0.00,1.00,0.00,5.00,0.00
9.00,19.00,21.00,0.00,0.00,0.00,4.00,0.00
10.00,18.00,21.00,0.00,0.00,0.00,4.00,0.00
10.00,18.00,24.00,1.00,1.00,0.00,5.00,0.00
10.00,18.00,24.00,0.00,1.00,0.00,5.00,0.00
30.00,25.00,1.00,0.00,0.00,0.00,2.00,0.00
41.00,41.00,1.00,0.00,0.00,0.00,3.00,0.00
28.00,38.00,1.00,0.00,0.00,0.00,3.00,0.00
10.00,29.00,2.00,0.00,0.00,0.00,2.00,0.00
25.00,30.00,4.00,0.00,0.00,0.00,2.00,0.00
23.00,22.00,2.00,0.00,0.00,0.00,2.00,0.00
15.00,12.00,5.00,0.00,0.00,0.00,1.00,0.00
11.00,13.00,11.00,0.00,0.00,0.00,2.00,0.00
22.00,18.00,15.00,0.00,0.00,0.00,3.00,0.00
26.00,21.00,14.00,1.00,1.00,0.00,2.00,0.00
18.00,19.00,7.00,0.00,0.00,0.00,2.00,0.00
14.00,11.00,3.00,0.00,0.00,0.00,1.00,0.00
14.00,7.00,2.00,0.00,0.00,0.00,0.00,0.00
12.00,7.00,2.00,0.00,0.00,0.00,0.00,0.00
13.00,9.00,2.00,0.00,1.00,0.00,1.00,0.00
13.00,14.00,17.00,1.00,1.00,0.00,3.00,0.00
12.00,20.00,20.00,1.00,1.00,0.00,4.00,0.00
12.00,23.00,24.00,1.00,2.00,0.00,5.00,0.00
13.00,24.00,22.00,1.00,1.00,0.00,5.00,0.00
14.00,22.00,24.00,1.00,1.00,0.00,5.00,0.00
14.00,19.00,21.00,1.00,1.00,0.00,5.00,0.00
11.00,17.00,17.00,0.00,1.00,0.00,4.00,0.00
9.00,14.00,10.00,1.00,1.00,0.00,2.00,0.00
13.00,10.00,8.00,0.00,1.00,0.00,2.00,0.00
14.00,11.00,3.00,0.00,0.00,0.00,1.00,0.00
6.00,4.00,0.00,0.00,0.00,0.00,0.00,0.00
2.00,1.00,0.00,0.00,0.00,0.00,0.00,0.00
4.00,1.00,0.00,0.00,0.00,0.00,0.00,0.00
2.00,0.00,0.00,0.00,0.00,0.00,0.00,0.00
1.00,0.00,2.00,1.00,0.00,0.00,1.00,0.00
1.00,1.00,2.00,0.00,0.00,0.00,1.00,0.00
6.00,1.00,1.00,0.00,0.00,0.00,0.00,0.00
25.00,26.00,3.00,0.00,0.00,0.00,2.00,0.00
39.00,36.00,3.00,0.00,0.00,0.00,3.00,0.00
22.00,19.00,3.00,0.00,0.00,0.00,1.00,0.00
14.00,12.00,4.00,0.00,0.00,0.00,1.00,0.00
16.00,21.00,11.00,0.00,0.00,0.00,2.00,0.00
19.00,11.00,11.00,0.00,0.00,0.00,2.00,0.00
10.00,8.00,7.00,0.00,0.00,0.00,1.00,0.00
13.00,18.00,8.00,0.00,0.00,0.00,1.00,0.00
20.00,13.00,2.00,0.00,0.00,0.00,1.00,0.00
17.00,7.00,1.00,0.00,0.00,0.00,1.00,0.00
16.00,7.00,1.00,1.00,0.00,0.00,0.00,0.00
16.00,8.00,1.00,1.00,0.00,0.00,0.00,0.00
16.00,20.00,7.00,0.00,0.00,0.00,2.00,0.00
16.00,16.00,24.00,1.00,0.00,0.00,5.00,0.00
15.00,18.00,19.00,1.00,0.00,0.00,4.00,0.00
13.00,20.00,18.00,1.00,1.00,0.00,3.00,0.00
13.00,18.00,20.00,1.00,0.00,0.00,4.00,0.00
12.00,15.00,18.00,1.00,1.00,0.00,3.00,0.00
35.00,31.00,1.00,0.00,0.00,0.00,2.00,0.00
21.00,36.00,2.00,0.00,0.00,0.00,3.00,0.00
24.00,40.00,4.00,0.00,0.00,0.00,3.00,0.00
28.00,29.00,5.00,0.00,0.00,0.00,2.00,0.00
22.00,19.00,4.00,0.00,0.00,0.00,1.00,0.00
9.00,12.00,9.00,0.00,0.00,0.00,2.00,0.00
19.00,17.00,16.00,0.00,0.00,0.00,3.00,0.00
24.00,23.00,18.00,0.00,0.00,0.00,4.00,0.00
20.00,20.00,15.00,1.00,0.00,0.00,3.00,0.00
20.00,20.00,5.00,1.00,0.00,0.00,2.00,0.00
18.00,9.00,1.00,0.00,0.00,0.00,0.00,0.00
11.00,8.00,2.00,0.00,0.00,0.00,0.00,0.00
11.00,9.00,2.00,0.00,0.00,0.00,0.00,0.00
16.00,24.00,2.00,0.00,0.00,0.00,2.00,0.00
16.00,17.00,15.00,0.00,0.00,0.00,3.00,0.00
15.00,21.00,30.00,0.00,1.00,0.00,6.00,0.00
13.00,25.00,31.00,1.00,0.00,0.00,7.00,0.00
9.00,23.00,27.00,1.00,0.00,0.00,6.00,0.00
8.00,22.00,24.00,0.00,1.00,0.00,5.00,0.00
10.00,21.00,17.00,0.00,1.00,0.00,4.00,0.00
15.00,21.00,15.00,0.00,1.00,0.00,3.00,0.00
15.00,18.00,14.00,0.00,1.00,0.00,3.00,0.00
13.00,15.00,12.00,1.00,1.00,0.00,3.00,0.00
10.00,13.00,8.00,0.00,0.00,0.00,2.00,0.00
5.00,3.00,1.00,0.00,0.00,0.00,0.00,0.00
6.00,1.00,0.00,0.00,0.00,0.00,0.00,0.00
1.00,0.00,0.00,0.00,0.00,0.00,0.00,0.00
2.00,0.00,0.00,0.00,0.00,0.00,0.00,0.00
3.00,0.00,0.00,0.00,0.00,0.00,0.00,0.00
2.00,0.00,5.00,2.00,0.00,0.00,1.00,0.00
3.00,1.00,6.00,1.00,0.00,0.00,1.00,0.00
2.00,1.00,2.00,0.00,0.00,0.00,0.00,0.00
46.00,41.00,5.00,0.00,0.00,0.00,3.00,0.00
17.00,16.00,4.00,0.00,0.00,0.00,1.00,0.00
10.00,12.00,4.00,0.00,0.00,0.00,1.00,0.00
23.00,20.00,7.00,0.00,0.00,0.00,1.00,0.00
16.00,6.00,7.00,0.00,0.00,0.00,1.00,0.00
10.00,13.00,6.00,0.00,0.00,0.00,1.00,0.00
20.00,22.00,7.00,0.00,0.00,0.00,2.00,0.00
21.00,15.00,2.00,0.00,0.00,0.00,1.00,0.00
14.00,8.00,1.00,0.00,0.00,0.00,1.00,0.00
11.00,5.00,1.00,0.00,0.00,0.00,0.00,0.00
13.00,8.00,1.00,0.00,0.00,0.00,1.00,0.00
18.00,21.00,7.00,0.00,0.00,0.00,2.00,0.00
15.00,23.00,28.00,1.00,0.00,0.00,6.00,0.00
15.00,25.00,26.00,1.00,1.00,0.00,5.00,0.00
14.00,25.00,27.00,1.00,0.00,0.00,6.00,0.00
14.00,25.00,27.00,1.00,1.00,0.00,6.00,0.00
14.00,24.00,28.00,1.00,0.00,0.00,6.00,0.00
12.00,21.00,31.00,0.00,1.00,0.00,7.00,0.00
25.00,25.00,0.00,0.00,0.00,0.00,2.00,0.00
22.00,23.00,1.00,0.00,0.00,0.00,2.00,0.00
9.00,22.00,2.00,0.00,0.00,0.00,2.00,0.00
20.00,23.00,2.00,0.00,0.00,0.00,2.00,0.00
25.00,18.00,3.00,0.00,0.00,0.00,1.00,0.00
19.00,11.00,6.00,0.00,0.00,0.00,1.00,0.00
9.00,12.00,5.00,0.00,0.00,0.00,1.00,0.00
16.00,8.00,1.00,0.00,0.00,0.00,1.00,0.00
14.00,10.00,1.00,0.00,0.00,0.00,1.00,0.00
12.00,10.00,1.00,0.00,0.00,0.00,0.00,0.00
14.00,9.00,2.00,0.00,0.00,0.00,1.00,0.00
9.00,23.00,2.00,0.00,0.00,0.00,2.00,0.00
9.00,14.00,17.00,1.00,1.00,0.00,3.00,0.00
9.00,19.00,32.00,0.00,1.00,0.00,7.00,0.00
12.00,21.00,33.00,1.00,2.00,0.00,7.00,0.00
15.00,21.00,25.00,1.00,1.00,0.00,5.00,0.00
17.00,20.00,21.00,2.00,1.00,0.00,5.00,0.00
16.00,21.00,16.00,1.00,1.00,0.00,3.00,0.00
13.00,22.00,19.00,0.00,1.00,0.00,4.00,0.00
9.00,13.00,11.00,1.00,1.00,0.00,2.00,0.00
10.00,13.00,9.00,0.00,0.00,0.00,2.00,0.00
12.00,7.00,5.00,0.00,0.00,0.00,1.00,0.00
11.00,10.00,1.00,0.00,0.00,0.00,0.00,0.00
7.00,8.00,0.00,0.00,0.00,0.00,0.00,0.00
2.00,2.00,0.00,0.00,0.00,0.00,0.00,0.00
2.00,0.00,0.00,0.00,0.00,0.00,0.00,0.00
2.00,0.00,1.00,0.00,0.00,0.00,0.00,0.00
2.00,1.00,10.00,4.00,0.00,0.00,2.00,0.00
3.00,1.00,2.00,1.00,0.00,0.00,0.00,0.00
16.00,13.00,1.00,0.00,0.00,0.00,1.00,0.00
43.00,32.00,1.00,0.00,0.00,0.00,3.00,0.00
31.00,27.00,2.00,0.00,0.00,0.00,2.00,0.00
35.00,35.00,4.00,0.00,0.00,0.00,3.00,0.00
24.00,19.00,6.00,0.00,0.00,0.00,2.00,0.00
15.00,8.00,4.00,0.00,0.00,0.00,1.00,0.00
15.00,20.00,11.00,0.00,0.00,0.00,2.00,0.00
26.00,17.00,3.00,0.00,0.00,0.00,1.00,0.00
14.00,12.00,1.00,0.00,0.00,0.00,1.00,0.00
16.00,8.00,1.00,0.00,0.00,0.00,1.00,0.00
18.00,11.00,1.00,0.00,0.00,0.00,1.00,0.00
20.00,10.00,1.00,0.00,0.00,0.00,1.00,0.00
19.00,32.00,6.00,0.00,0.00,0.00,3.00,0.00
12.00,23.00,32.00,0.00,1.00,0.00,7.00,0.00
11.00,29.00,32.00,1.00,1.00,0.00,7.00,0.00
13.00,33.00,33.00,1.00,1.00,0.00,7.00,0.00
6.00,21.00,31.00,0.00,1.00,0.00,6.00,0.00
10.00,19.00,26.00,1.00,2.00,0.00,5.00,0.00
14.00,21.00,16.00,1.00,0.00,0.00,3.00,0.00
12.00,15.00,16.00,0.00,0.00,0.00,3.00,0.00
13.00,11.00,10.00,0.00,0.00,0.00,2.00,0.00
31.00,15.00,2.00,0.00,0.00,0.00,2.00,0.00
27.00,17.00,1.00,0.00,0.00,0.00,2.00,0.00
45.00,36.00,0.00,0.00,0.00,0.00,3.00,0.00
31.00,13.00,2.00,0.00,0.00,0.00,2.00,0.00
14.00,27.00,4.00,0.00,0.00,0.00,2.00,0.00
31.00,26.00,5.00,0.00,0.00,0.00,2.00,0.00
29.00,22.00,7.00,0.00,0.00,0.00,2.00,0.00
17.00,11.00,10.00,0.00,0.00,0.00,2.00,0.00
17.00,13.00,14.00,0.00,0.00,0.00,3.00,0.00
15.00,16.00,12.00,0.00,0.00,0.00,2.00,0.00
18.00,24.00,2.00,0.00,0.00,0.00,2.00,0.00
18.00,10.00,2.00,0.00,0.00,0.00,1.00,0.00
8.00,8.00,3.00,0.00,0.00,0.00,0.00,0.00
10.00,9.00,4.00,0.00,1.00,0.00,1.00,0.00
21.00,22.00,10.00,0.00,0.00,0.00,2.00,0.00
19.00,19.00,21.00,1.00,0.00,0.00,4.00,0.00
15.00,19.00,29.00,0.00,0.00,0.00,6.00,0.00
8.00,20.00,31.00,1.00,1.00,0.00,7.00,0.00
9.00,21.00,27.00,0.00,1.00,0.00,6.00,0.00
13.00,20.00,18.00,0.00,1.00,0.00,4.00,0.00
13.00,22.00,16.00,0.00,1.00,0.00,3.00,0.00
17.00,19.00,14.00,1.00,1.00,0.00,3.00,0.00
16.00,19.00,14.00,0.00,1.00,0.00,3.00,0.00
11.00,14.00,7.00,1.00,0.00,0.00,2.00,0.00
7.00,6.00,2.00,0.00,0.00,0.00,0.00,0.00
3.00,2.00,0.00,0.00,0.00,0.00,0.00,0.00
0.00,1.00,0.00,0.00,0.00,0.00,0.00,0.00
1.00,1.00,0.00,0.00,0.00,0.00,0.00,0.00
1.00,1.00,1.00,0.00,0.00,0.00,0.00,0.00
1.00,1.00,5.00,2.00,1.00,0.00,3.00,0.00
0.00,1.00,16.00,2.00,1.00,0.00,4.00,0.00
12.00,6.00,1.00,0.00,0.00,0.00,0.00,0.00
24.00,21.00,2.00,0.00,0.00,0.00,1.00,0.00
40.00,39.00,3.00,0.00,0.00,0.00,3.00,0.00
31.00,24.00,6.00,0.00,0.00,0.00,2.00,0.00
21.00,13.00,4.00,0.00,0.00,0.00,1.00,0.00
7.00,14.00,7.00,0.00,0.00,0.00,1.00,0.00
24.00,18.00,5.00,0.00,0.00,0.00,1.00,0.00
25.00,12.00,3.00,0.00,0.00,0.00,1.00,0.00
12.00,7.00,1.00,0.00,0.00,0.00,0.00,0.00
17.00,7.00,2.00,0.00,0.00,0.00,1.00,0.00
22.00,10.00,2.00,1.00,0.00,0.00,1.00,0.00
23.00,11.00,2.00,1.00,0.00,0.00,1.00,0.00
22.00,34.00,6.00,1.00,1.00,0.00,3.00,0.00
14.00,23.00,17.00,1.00,1.00,0.00,3.00,0.00
17.00,22.00,19.00,1.00,1.00,0.00,4.00,0.00
12.00,19.00,21.00,1.00,1.00,0.00,4.00,0.00
12.00,17.00,18.00,1.00,1.00,0.00,3.00,0.00
9.00,14.00,17.00,0.00,1.00,0.00,3.00,0.00
11.00,13.00,16.00,0.00,0.00,0.00,3.00,0.00
31.00,24.00,0.00,0.00,0.00,0.00,2.00,0.00
30.00,27.00,0.00,0.00,0.00,0.00,2.00,0.00
22.00,35.00,2.00,0.00,0.00,0.00,3.00,0.00
39.00,42.00,1.00,0.00,0.00,0.00,3.00,0.00
23.00,29.00,2.00,0.00,0.00,0.00,2.00,0.00
11.00,18.00,4.00,0.00,0.00,0.00,1.00,0.00
14.00,12.00,6.00,0.00,0.00,0.00,1.00,0.00
12.00,14.00,10.00,0.00,0.00,0.00,2.00,0.00
15.00,20.00,6.00,0.00,0.00,0.00,1.00,0.00
20.00,10.00,1.00,0.00,0.00,0.00,1.00,0.00
18.00,11.00,2.00,0.00,0.00,0.00,1.00,0.00
16.00,11.00,3.00,0.00,0.00,0.00,1.00,0.00
14.00,10.00,3.00,0.00,0.00,0.00,1.00,0.00
13.00,18.00,4.00,0.00,0.00,0.00,1.00,0.00
16.00,18.00,15.00,0.00,0.00,0.00,3.00,0.00
11.00,19.00,26.00,0.00,1.00,0.00,5.00,0.00
8.00,18.00,24.00,0.00,0.00,0.00,5.00,0.00
8.00,19.00,23.00,0.00,0.00,0.00,5.00,0.00
9.00,19.00,17.00,0.00,0.00,0.00,4.00,0.00
13.00,17.00,13.00,0.00,1.00,0.00,2.00,0.00
15.00,17.00,11.00,0.00,0.00,0.00,2.00,0.00
15.00,17.00,13.00,0.00,1.00,0.00,3.00,0.00
12.00,15.00,6.00,0.00,0.00,0.00,1.00,0.00
10.00,12.00,2.00,0.00,0.00,0.00,1.00,0.00
10.00,8.00,0.00,0.00,0.00,0.00,0.00,0.00
3.00,1.00,0.00,0.00,0.00,0.00,0.00,0.00
3.00,0.00,0.00,0.00,0.00,0.00,0.00,0.00
1.00,1.00,0.00,0.00,0.00,0.00,0.00,0.00
0.00,0.00,0.00,0.00,0.00,0.00,0.00,0.00
1.00,1.00,3.00,1.00,0.00,0.00,2.00,0.00
2.00,0.00,5.00,2.00,0.00,0.00,2.00,0.00
13.00,6.00,3.00,0.00,0.00,0.00,0.00,0.00
29.00,22.00,1.00,0.00,0.00,0.00,2.00,0.00
42.00,33.00,3.00,0.00,0.00,0.00,3.00,0.00
23.00,28.00,3.00,0.00,0.00,0.00,2.00,0.00
28.00,20.00,3.00,0.00,0.00,0.00,2.00,0.00
12.00,12.00,3.00,0.00,0.00,0.00,1.00,0.00
17.00,17.00,10.00,0.00,0.00,0.00,2.00,0.00
22.00,12.00,2.00,0.00,0.00,0.00,1.00,0.00
8.00,14.00,2.00,0.00,0.00,0.00,1.00,0.00
13.00,7.00,1.00,0.00,0.00,0.00,0.00,0.00
22.00,11.00,2.00,0.00,0.00,0.00,1.00,0.00
22.00,11.00,1.00,0.00,0.00,0.00,1.00,0.00
23.00,32.00,4.00,0.00,0.00,0.00,2.00,0.00
18.00,22.00,16.00,0.00,0.00,0.00,3.00,0.00
18.00,25.00,24.00,1.00,0.00,0.00,5.00,0.00
16.00,26.00,20.00,1.00,0.00,0.00,4.00,0.00
18.00,26.00,20.00,1.00,0.00,0.00,4.00,0.00
14.00,25.00,20.00,0.00,0.00,0.00,4.00,0.00
15.00,23.00,25.00,1.00,0.00,0.00,5.00,0.00
32.00,17.00,1.00,0.00,0.00,0.00,1.00,0.00
20.00,21.00,0.00,0.00,0.00,0.00,1.00,0.00
35.00,26.00,1.00,0.00,0.00,0.00,2.00,0.00
14.00,21.00,1.00,0.00,0.00,0.00,1.00,0.00
30.00,25.00,2.00,0.00,0.00,0.00,2.00,0.00
30.00,25.00,2.00,0.00,0.00,0.00,2.00,0.00
15.00,15.00,2.00,0.00,0.00,0.00,1.00,0.00
13.00,13.00,8.00,0.00,0.00,0.00,1.00,0.00
17.00,22.00,5.00,0.00,0.00,0.00,2.00,0.00
27.00,29.00,3.00,0.00,0.00,0.00,2.00,0.00
24.00,6.00,2.00,0.00,0.00,0.00,1.00,0.00
24.00,14.00,1.00,0.00,0.00,0.00,1.00,0.00
22.00,13.00,2.00,0.00,0.00,0.00,1.00,0.00
21.00,18.00,8.00,0.00,0.00,0.00,2.00,0.00
18.00,20.00,14.00,0.00,0.00,0.00,2.00,0.00
18.00,22.00,20.00,1.00,0.00,0.00,4.00,0.00
18.00,22.00,24.00,0.00,0.00,0.00,5.00,0.00
13.00,21.00,23.00,1.00,1.00,0.00,5.00,0.00
10.00,21.00,19.00,0.00,0.00,0.00,4.00,0.00
17.00,22.00,16.00,0.00,0.00,0.00,3.00,0.00
18.00,21.00,19.00,1.00,1.00,0.00,4.00,0.00
16.00,19.00,21.00,1.00,1.00,0.00,5.00,0.00
11.00,17.00,12.00,1.00,0.00,0.00,3.00,0.00
10.00,17.00,4.00,0.00,0.00,0.00,1.00,0.00
8.00,8.00,1.00,0.00,0.00,0.00,0.00,0.00
1.00,2.00,0.00,0.00,0.00,0.00,0.00,0.00
2.00,0.00,0.00,0.00,0.00,0.00,0.00,0.00
1.00,0.00,0.00,0.00,0.00,0.00,0.00,0.00
3.00,2.00,4.00,2.00,0.00,0.00,1.00,0.00
2.00,1.00,8.00,1.00,0.00,0.00,2.00,0.00
26.00,15.00,2.00,0.00,0.00,0.00,1.00,0.00
27.00,29.00,4.00,0.00,0.00,0.00,2.00,0.00
34.00,37.00,2.00,0.00,0.00,0.00,3.00,0.00
20.00,14.00,5.00,0.00,0.00,0.00,1.00,0.00
15.00,24.00,4.00,0.00,0.00,0.00,2.00,0.00
21.00,17.00,4.00,0.00,0.00,0.00,1.00,0.00
4.00,10.00,8.00,0.00,0.00,0.00,1.00,0.00
20.00,18.00,7.00,0.00,0.00,0.00,1.00,0.00
25.00,11.00,1.00,0.00,0.00,0.00,1.00,0.00
11.00,7.00,1.00,0.00,0.00,0.00,0.00,0.00
15.00,7.00,1.00,0.00,0.00,0.00,1.00,0.00
14.00,8.00,1.00,0.00,0.00,0.00,1.00,0.00
18.00,10.00,1.00,0.00,0.00,0.00,1.00,0.00
18.00,9.00,1.00,0.00,0.00,0.00,1.00,0.00
16.00,10.00,2.00,0.00,0.00,0.00,1.00,0.00
18.00,25.00,5.00,1.00,0.00,0.00,2.00,0.00
16.00,20.00,19.00,1.00,0.00,0.00,4.00,0.00
15.00,22.00,20.00,1.00,0.00,0.00,4.00,0.00
16.00,21.00,22.00,1.00,0.00,0.00,4.00,0.00
13.00,22.00,22.00,1.00,0.00,0.00,5.00,0.00
27.00,14.00,2.00,0.00,0.00,0.00,2.00,0.00
26.00,12.00,1.00,0.00,0.00,0.00,1.00,0.00
46.00,38.00,1.00,0.00,0.00,0.00,3.00,0.00
28.00,32.00,2.00,0.00,0.00,0.00,2.00,0.00
18.00,30.00,3.00,0.00,0.00,0.00,2.00,0.00
33.00,28.00,2.00,0.00,0.00,0.00,2.00,0.00
22.00,23.00,2.00,0.00,0.00,0.00,2.00,0.00
11.00,9.00,5.00,0.00,0.00,0.00,1.00,0.00
14.00,12.00,8.00,0.00,0.00,0.00,1.00,0.00
16.00,20.00,7.00,0.00,0.00,0.00,1.00,0.00
24.00,28.00,2.00,1.00,0.00,0.00,2.00,0.00
22.00,7.00,1.00,0.00,0.00,0.00,1.00,0.00
13.00,10.00,2.00,0.00,0.00,0.00,1.00,0.00
15.00,11.00,2.00,1.00,0.00,0.00,1.00,0.00
21.00,33.00,2.00,1.00,0.00,0.00,3.00,0.00
11.00,19.00,12.00,0.00,0.00,0.00,2.00,0.00
10.00,22.00,16.00,0.00,0.00,0.00,3.00,0.00
10.00,21.00,19.00,1.00,0.00,0.00,4.00,0.00
12.00,23.00,21.00,1.00,0.00,0.00,4.00,0.00
14.00,24.00,21.00,1.00,1.00,0.00,4.00,0.00
17.00,25.00,21.00,1.00,1.00,0.00,4.00,0.00
17.00,24.00,22.00,1.00,1.00,0.00,5.00,0.00
17.00,22.00,13.00,1.00,1.00,0.00,3.00,0.00
13.00,21.00,5.00,0.00,0.00,0.00,1.00,0.00
7.00,5.00,1.00,0.00,0.00,0.00,0.00,0.00
2.00,1.00,0.00,0.00,0.00,0.00,0.00,0.00
3.00,0.00,0.00,0.00,0.00,0.00,0.00,0.00
2.00,1.00,0.00,0.00,0.00,0.00,0.00,0.00
1.00,1.00,4.00,1.00,0.00,0.00,1.00,0.00
1.00,0.00,3.00,2.00,1.00,0.00,3.00,0.00
1.00,1.00,3.00,2.00,0.00,0.00,1.00,0.00
2.00,1.00,1.00,0.00,0.00,0.00,0.00,0.00
35.00,21.00,1.00,0.00,0.00,0.00,2.00,0.00
35.00,29.00,2.00,0.00,0.00,0.00,2.00,0.00
38.00,24.00,2.00,0.00,0.00,0.00,2.00,0.00
15.00,23.00,1.00,0.00,0.00,0.00,2.00,0.00
30.00,27.00,5.00,0.00,0.00,0.00,2.00,0.00
16.00,14.00,4.00,0.00,0.00,0.00,1.00,0.00
9.00,16.00,7.00,0.00,0.00,0.00,1.00,0.00
24.00,21.00,3.00,0.00,0.00,0.00,1.00,0.00
28.00,18.00,4.00,0.00,0.00,0.00,1.00,0.00
15.00,8.00,1.00,0.00,0.00,0.00,1.00,0.00
13.00,5.00,1.00,0.00,0.00,0.00,1.00,0.00
15.00,8.00,2.00,1.00,0.00,0.00,1.00,0.00
14.00,16.00,1.00,0.00,0.00,0.00,1.00,0.00
16.00,23.00,5.00,0.00,0.00,0.00,2.00,0.00
12.00,19.00,17.00,1.00,0.00,0.00,3.00,0.00
12.00,20.00,28.00,1.00,1.00,0.00,6.00,0.00
8.00,17.00,33.00,0.00,1.00,0.00,7.00,0.00
9.00,17.00,33.00,0.00,1.00,0.00,7.00,0.00
23.00,18.00,0.00,0.00,0.00,0.00,1.00,0.00
17.00,19.00,0.00,0.00,0.00,0.00,1.00,0.00
25.00,14.00,1.00,0.00,0.00,0.00,1.00,0.00
10.00,21.00,1.00,0.00,0.00,0.00,1.00,0.00
23.00,15.00,1.00,0.00,0.00,0.00,1.00,0.00
24.00,14.00,3.00,0.00,0.00,0.00,1.00,0.00
13.00,8.00,2.00,0.00,0.00,0.00,0.00,0.00
8.00,8.00,3.00,0.00,0.00,0.00,1.00,0.00
19.00,20.00,10.00,0.00,0.00,0.00,2.00,0.00
21.00,18.00,2.00,0.00,0.00,0.00,1.00,0.00
18.00,11.00,1.00,0.00,0.00,0.00,1.00,0.00
14.00,10.00,1.00,0.00,0.00,0.00,1.00,0.00
13.00,11.00,2.00,0.00,0.00,0.00,1.00,0.00
12.00,11.00,2.00,0.00,0.00,0.00,0.00,0.00
23.00,40.00,6.00,1.00,0.00,0.00,3.00,0.00
17.00,34.00,30.00,1.00,1.00,0.00,6.00,0.00
16.00,39.00,41.00,1.00,1.00,0.00,9.00,0.00
14.00,38.00,37.00,1.00,1.00,0.00,8.00,0.00
10.00,33.00,42.00,0.00,1.00,0.00,9.00,0.00
8.00,28.00,38.00,0.00,1.00,0.00,8.00,0.00
7.00,24.00,31.00,0.00,1.00,0.00,7.00,0.00
14.00,20.00,23.00,0.00,1.00,0.00,5.00,0.00
13.00,12.00,12.00,0.00,1.00,0.00,3.00,0.00
16.00,16.00,7.00,0.00,1.00,0.00,2.00,0.00
17.00,15.00,4.00,0.00,0.00,0.00,1.00,0.00
9.00,10.00,0.00,0.00,0.00,0.00,0.00,0.00
4.00,3.00,0.00,0.00,0.00,0.00,0.00,0.00
2.00,0.00,0.00,0.00,0.00,0.00,0.00,0.00
3.00,1.00,0.00,0.00,0.00,0.00,0.00,0.00
6.00,4.00,4.00,1.00,0.00,0.00,1.00,0.00
1.00,0.00,3.00,1.00,0.00,0.00,2.00,0.00
2.00,0.00,5.00,0.00,0.00,0.00,1.00,0.00
16.00,11.00,1.00,0.00,0.00,0.00,0.00,0.00
34.00,31.00,1.00,0.00,0.00,0.00,2.00,0.00
23.00,9.00,1.00,0.00,0.00,0.00,1.00,0.00
18.00,24.00,1.00,0.00,0.00,0.00,2.00,0.00
23.00,15.00,1.00,0.00,0.00,0.00,1.00,0.00
9.00,14.00,3.00,0.00,0.00,0.00,1.00,0.00
10.00,21.00,9.00,0.00,0.00,0.00,2.00,0.00
21.00,23.00,4.00,0.00,0.00,0.00,2.00,0.00
24.00,16.00,3.00,0.00,0.00,0.00,1.00,0.00
17.00,7.00,1.00,0.00,0.00,0.00,1.00,0.00
12.00,6.00,1.00,0.00,0.00,0.00,1.00,0.00
10.00,6.00,1.00,0.00,0.00,0.00,0.00,0.00
13.00,7.00,1.00,0.00,0.00,0.00,0.00,0.00
15.00,18.00,5.00,0.00,0.00,0.00,1.00,0.00
11.00,16.00,19.00,0.00,1.00,0.00,4.00,0.00
11.00,16.00,21.00,1.00,1.00,0.00,4.00,0.00
12.00,20.00,22.00,1.00,1.00,0.00,5.00,0.00
12.00,21.00,19.00,1.00,1.00,0.00,4.00,0.00
26.00,14.00,1.00,0.00,0.00,0.00,1.00,0.00
32.00,23.00,1.00,0.00,0.00,0.00,2.00,0.00
42.00,33.00,1.00,0.00,0.00,0.00,3.00,0.00
22.00,31.00,0.00,0.00,0.00,0.00,2.00,0.00
33.00,19.00,2.00,0.00,0.00,0.00,2.00,0.00
24.00,20.00,2.00,0.00,0.00,0.00,1.00,0.00
13.00,15.00,2.00,0.00,0.00,0.00,1.00,0.00
15.00,10.00,6.00,0.00,0.00,0.00,1.00,0.00
16.00,17.00,11.00,0.00,0.00,0.00,2.00,0.00
21.00,23.00,9.00,0.00,0.00,0.00,2.00,0.00
24.00,15.00,2.00,0.00,0.00,0.00,1.00,0.00
20.00,13.00,1.00,0.00,0.00,0.00,1.00,0.00
16.00,12.00,2.00,0.00,0.00,0.00,1.00,0.00
18.00,20.00,2.00,0.00,0.00,0.00,1.00,0.00
22.00,22.00,10.00,1.00,0.00,0.00,2.00,0.00
11.00,21.00,22.00,0.00,1.00,0.00,4.00,0.00
10.00,26.00,26.00,0.00,1.00,0.00,6.00,0.00
17.00,27.00,22.00,1.00,1.00,0.00,5.00,0.00
17.00,26.00,23.00,1.00,1.00,0.00,5.00,0.00
16.00,26.00,23.00,0.00,1.00,0.00,5.00,0.00
13.00,24.00,21.00,1.00,1.00,0.00,4.00,0.00
12.00,21.00,16.00,0.00,1.00,0.00,3.00,0.00
8.00,16.00,11.00,0.00,1.00,0.00,2.00,0.00
8.00,11.00,5.00,0.00,0.00,0.00,1.00,0.00
15.00,14.00,8.00,1.00,0.00,0.00,2.00,0.00
11.00,4.00,1.00,0.00,0.00,0.00,0.00,0.00
1.00,1.00,0.00,0.00,0.00,0.00,0.00,0.00
2.00,0.00,0.00,0.00,0.00,0.00,0.00,0.00
1.00,0.00,0.00,0.00,0.00,0.00,0.00,0.00
3.00,2.00,8.00,1.00,0.00,0.00,2.00,0.00
1.00,0.00,6.00,1.00,0.00,0.00,2.00,0.00
8.00,5.00,2.00,0.00,0.00,0.00,0.00,0.00
16.00,23.00,2.00,0.00,0.00,0.00,1.00,0.00
51.00,48.00,4.00,0.00,0.00,0.00,4.00,0.00
17.00,13.00,3.00,0.00,0.00,0.00,1.00,0.00
24.00,28.00,5.00,0.00,0.00,0.00,2.00,0.00
13.00,10.00,3.00,0.00,0.00,0.00,1.00,0.00
6.00,12.00,6.00,0.00,0.00,0.00,1.00,0.00
17.00,22.00,4.00,0.00,0.00,0.00,2.00,0.00
20.00,14.00,1.00,0.00,0.00,0.00,1.00,0.00
19.00,6.00,1.00,1.00,0.00,0.00,1.00,0.00
15.00,6.00,1.00,0.00,0.00,0.00,1.00,0.00
15.00,11.00,1.00,0.00,0.00,0.00,1.00,0.00
11.00,12.00,6.00,1.00,0.00,0.00,1.00,0.00
11.00,17.00,16.00,0.00,1.00,0.00,3.00,0.00
8.00,23.00,18.00,1.00,1.00,0.00,4.00,0.00
10.00,26.00,22.00,0.00,1.00,0.00,5.00,0.00
10.00,24.00,18.00,1.00,1.00,0.00,4.00,0.00
11.00,22.00,16.00,0.00,1.00,0.00,3.00,0.00
9.00,20.00,15.00,0.00,1.00,0.00,3.00,0.00
23.00,24.00,1.00,0.00,0.00,0.00,2.00,0.00
16.00,22.00,1.00,0.00,0.00,0.00,2.00,0.00
31.00,34.00,3.00,0.00,0.00,0.00,3.00,0.00
36.00,37.00,8.00,0.00,0.00,0.00,3.00,0.00
29.00,31.00,11.00,0.00,0.00,0.00,2.00,0.00
19.00,22.00,9.00,0.00,0.00,0.00,2.00,0.00
14.00,21.00,2.00,0.00,0.00,0.00,2.00,0.00
15.00,14.00,3.00,0.00,0.00,0.00,1.00,0.00
14.00,10.00,2.00,0.00,0.00,0.00,1.00,0.00
14.00,11.00,2.00,1.00,0.00,0.00,1.00,0.00
13.00,10.00,2.00,1.00,0.00,0.00,1.00,0.00
15.00,26.00,2.00,0.00,0.00,0.00,2.00,0.00
9.00,15.00,9.00,1.00,0.00,0.00,1.00,0.00
14.00,19.00,14.00,1.00,0.00,0.00,2.00,0.00
14.00,20.00,18.00,0.00,0.00,0.00,4.00,0.00
6.00,21.00,17.00,0.00,1.00,0.00,4.00,0.00
10.00,20.00,11.00,0.00,1.00,0.00,2.00,0.00
12.00,20.00,13.00,1.00,0.00,0.00,3.00,0.00
14.00,18.00,12.00,0.00,0.00,0.00,2.00,0.00
16.00,17.00,7.00,0.00,0.00,0.00,2.00,0.00
15.00,17.00,8.00,0.00,0.00,0.00,1.00,0.00
11.00,15.00,5.00,0.00,0.00,0.00,1.00,0.00
11.00,12.00,3.00,0.00,0.00,0.00,1.00,0.00
2.00,0.00,0.00,0.00,0.00,0.00,0.00,0.00
1.00,0.00,0.00,0.00,0.00,0.00,0.00,0.00
0.00,0.00,1.00,0.00,0.00,0.00,0.00,0.00
1.00,0.00,3.00,2.00,0.00,0.00,1.00,0.00
1.00,1.00,3.00,1.00,0.00,0.00,1.00,0.00
2.00,0.00,2.00,0.00,0.00,0.00,0.00,0.00
18.00,21.00,2.00,0.00,0.00,0.00,1.00,0.00
51.00,46.00,6.00,1.00,0.00,0.00,4.00,0.00
18.00,18.00,4.00,0.00,0.00,0.00,1.00,0.00
16.00,20.00,5.00,0.00,0.00,0.00,1.00,0.00
15.00,10.00,3.00,0.00,0.00,0.00,1.00,0.00
9.00,13.00,11.00,0.00,0.00,0.00,2.00,0.00
22.00,14.00,5.00,0.00,0.00,0.00,1.00,0.00
18.00,12.00,1.00,0.00,0.00,0.00,1.00,0.00
9.00,6.00,1.00,0.00,0.00,0.00,0.00,0.00
15.00,7.00,1.00,0.00,0.00,0.00,1.00,0.00
21.00,9.00,2.00,0.00,0.00,0.00,1.00,0.00
21.00,8.00,2.00,0.00,0.00,0.00,1.00,0.00
16.00,15.00,2.00,1.00,0.00,0.00,1.00,0.00
17.00,22.00,6.00,1.00,0.00,0.00,2.00,0.00
17.00,17.00,13.00,1.00,1.00,0.00,2.00,0.00
14.00,20.00,17.00,0.00,1.00,0.00,3.00,0.00
15.00,20.00,15.00,1.00,1.00,0.00,3.00,0.00
12.00,19.00,12.00,0.00,1.00,0.00,2.00,0.00
12.00,16.00,10.00,0.00,1.00,0.00,2.00,0.00
13.00,14.00,11.00,0.00,0.00,0.00,2.00,0.00
8.00,11.00,8.00,0.00,0.00,0.00,1.00,0.00
31.00,22.00,0.00,0.00,0.00,0.00,2.00,0.00
27.00,26.00,1.00,0.00,0.00,0.00,2.00,0.00
29.00,40.00,1.00,0.00,0.00,0.00,3.00,0.00
34.00,26.00,2.00,0.00,0.00,0.00,2.00,0.00
10.00,27.00,1.00,0.00,0.00,0.00,2.00,0.00
18.00,27.00,3.00,0.00,0.00,0.00,2.00,0.00
21.00,23.00,7.00,0.00,0.00,0.00,2.00,0.00
23.00,23.00,8.00,0.00,0.00,0.00,2.00,0.00
20.00,22.00,5.00,0.00,0.00,0.00,2.00,0.00
14.00,8.00,1.00,0.00,0.00,0.00,1.00,0.00
9.00,7.00,2.00,0.00,0.00,0.00,0.00,0.00
9.00,9.00,2.00,0.00,0.00,0.00,0.00,0.00
8.00,10.00,2.00,0.00,1.00,0.00,0.00,0.00
9.00,12.00,3.00,0.00,0.00,0.00,1.00,0.00
20.00,24.00,13.00,1.00,0.00,0.00,3.00,0.00
17.00,27.00,24.00,1.00,0.00,0.00,5.00,0.00
16.00,25.00,24.00,1.00,0.00,0.00,5.00,0.00
13.00,26.00,22.00,0.00,0.00,0.00,4.00,0.00
12.00,25.00,16.00,1.00,0.00,0.00,3.00,0.00
7.00,20.00,10.00,0.00,0.00,0.00,2.00,0.00
10.00,14.00,7.00,0.00,0.00,0.00,2.00,0.00
11.00,12.00,7.00,0.00,0.00,0.00,1.00,0.00
12.00,8.00,4.00,0.00,0.00,0.00,1.00,0.00
13.00,8.00,3.00,0.00,0.00,0.00,1.00,0.00
9.00,4.00,1.00,0.00,0.00,0.00,0.00,0.00
2.00,0.00,0.00,0.00,0.00,0.00,0.00,0.00
1.00,1.00,0.00,0.00,0.00,0.00,0.00,0.00
2.00,1.00,0.00,0.00,0.00,0.00,0.00,0.00
1.00,0.00,2.00,1.00,0.00,0.00,0.00,0.00
1.00,1.00,4.00,4.00,2.00,0.00,1.00,0.00
1.00,1.00,5.00,0.00,0.00,0.00,1.00,0.00
20.00,13.00,1.00,0.00,0.00,0.00,1.00,0.00
27.00,31.00,1.00,0.00,0.00,0.00,2.00,0.00
41.00,38.00,1.00,0.00,0.00,0.00,3.00,0.00
13.00,17.00,2.00,0.00,0.00,0.00,1.00,0.00
16.00,29.00,3.00,0.00,0.00,0.00,2.00,0.00
14.00,17.00,4.00,0.00,0.00,0.00,2.00,0.00
5.00,16.00,4.00,0.00,0.00,0.00,1.00,0.00
19.00,22.00,3.00,0.00,0.00,0.00,2.00,0.00
12.00,15.00,2.00,0.00,0.00,0.00,1.00,0.00
13.00,4.00,1.00,0.00,0.00,0.00,0.00,0.00
15.00,7.00,1.00,0.00,0.00,0.00,1.00,0.00
18.00,10.00,1.00,0.00,0.00,0.00,1.00,0.00
20.00,12.00,3.00,0.00,0.00,0.00,1.00,0.00
12.00,29.00,7.00,0.00,0.00,0.00,3.00,0.00
10.00,22.00,7.00,0.00,0.00,0.00,2.00,0.00
11.00,19.00,8.00,0.00,1.00,0.00,2.00,0.00
12.00,20.00,8.00,0.00,0.00,0.00,2.00,0.00
11.00,18.00,7.00,0.00,0.00,0.00,2.00,0.00
10.00,16.00,6.00,0.00,0.00,0.00,2.00,0.00
18.00,33.00,1.00,0.00,0.00,0.00,2.00,0.00
45.00,51.00,3.00,0.00,0.00,0.00,4.00,0.00
39.00,48.00,3.00,0.00,0.00,0.00,4.00,0.00
16.00,40.00,3.00,0.00,0.00,0.00,3.00,0.00
9.00,27.00,4.00,0.00,0.00,0.00,2.00,0.00
21.00,26.00,5.00,0.00,0.00,0.00,2.00,0.00
20.00,24.00,7.00,0.00,0.00,0.00,2.00,0.00
19.00,27.00,8.00,0.00,0.00,0.00,2.00,0.00
21.00,25.00,5.00,0.00,0.00,0.00,2.00,0.00
14.00,12.00,1.00,0.00,0.00,0.00,1.00,0.00
15.00,9.00,1.00,0.00,0.00,0.00,1.00,0.00
14.00,11.00,1.00,0.00,0.00,0.00,1.00,0.00
11.00,17.00,1.00,0.00,0.00,0.00,1.00,0.00
12.00,24.00,7.00,0.00,0.00,0.00,2.00,0.00
14.00,23.00,10.00,0.00,0.00,0.00,3.00,0.00
17.00,27.00,12.00,1.00,0.00,0.00,4.00,0.00
14.00,28.00,12.00,0.00,0.00,0.00,4.00,0.00
8.00,26.00,8.00,0.00,0.00,0.00,3.00,0.00
12.00,24.00,8.00,0.00,1.00,0.00,3.00,0.00
18.00,25.00,11.00,0.00,0.00,0.00,2.00,0.00
22.00,28.00,10.00,0.00,0.00,0.00,2.00,0.00
16.00,28.00,6.00,0.00,0.00,0.00,2.00,0.00
15.00,29.00,3.00,0.00,0.00,0.00,2.00,0.00
10.00,15.00,2.00,0.00,0.00,0.00,1.00,0.00
2.00,1.00,1.00,0.00,0.00,0.00,0.00,0.00
1.00,1.00,0.00,0.00,0.00,0.00,0.00,0.00
0.00,0.00,1.00,0.00,0.00,0.00,0.00,0.00
0.00,0.00,6.00,2.00,0.00,0.00,1.00,0.00
3.00,1.00,1.00,2.00,0.00,0.00,1.00,0.00
1.00,2.00,2.00,1.00,0.00,0.00,0.00,0.00
25.00,18.00,2.00,0.00,0.00,0.00,2.00,0.00
49.00,51.00,2.00,0.00,0.00,0.00,4.00,0.00
24.00,23.00,2.00,0.00,0.00,0.00,2.00,0.00
16.00,30.00,3.00,0.00,0.00,0.00,2.00,0.00
21.00,19.00,5.00,0.00,0.00,0.00,2.00,0.00
7.00,12.00,3.00,0.00,0.00,0.00,1.00,0.00
17.00,16.00,3.00,0.00,0.00,0.00,1.00,0.00
17.00,6.00,0.00,0.00,0.00,0.00,0.00,0.00
14.00,4.00,0.00,0.00,0.00,0.00,1.00,0.00
13.00,5.00,1.00,0.00,0.00,0.00,1.00,0.00
20.00,10.00,1.00,0.00,0.00,0.00,1.00,0.00
13.00,24.00,2.00,0.00,0.00,0.00,2.00,0.00
13.00,17.00,10.00,0.00,0.00,0.00,2.00,0.00
17.00,17.00,14.00,1.00,0.00,0.00,3.00,0.00
13.00,18.00,10.00,1.00,0.00,0.00,2.00,0.00
15.00,17.00,9.00,1.00,0.00,0.00,2.00,0.00
14.00,16.00,7.00,0.00,0.00,0.00,2.00,0.00
15.00,15.00,7.00,0.00,0.00,0.00,2.00,0.00
13.00,13.00,9.00,0.00,0.00,0.00,2.00,0.00
14.00,12.00,9.00,0.00,0.00,0.00,2.00,0.00
31.00,21.00,1.00,0.00,0.00,0.00,2.00,0.00
13.00,27.00,1.00,0.00,0.00,0.00,2.00,0.00
47.00,48.00,1.00,0.00,0.00,0.00,4.00,0.00
32.00,50.00,2.00,0.00,0.00,0.00,4.00,0.00
13.00,48.00,2.00,0.00,0.00,0.00,4.00,0.00
23.00,43.00,4.00,0.00,0.00,0.00,4.00,0.00
28.00,34.00,8.00,0.00,0.00,0.00,3.00,0.00
25.00,29.00,11.00,0.00,0.00,0.00,2.00,0.00
24.00,26.00,10.00,0.00,0.00,0.00,2.00,0.00
22.00,27.00,4.00,1.00,0.00,0.00,2.00,0.00
17.00,6.00,3.00,0.00,0.00,0.00,1.00,0.00
13.00,12.00,3.00,1.00,0.00,0.00,1.00,0.00
14.00,13.00,3.00,1.00,1.00,0.00,1.00,0.00
16.00,12.00,3.00,1.00,1.00,0.00,1.00,0.00
14.00,31.00,5.00,1.00,0.00,0.00,3.00,0.00
17.00,24.00,15.00,1.00,0.00,0.00,3.00,0.00
19.00,23.00,19.00,2.00,0.00,0.00,4.00,0.00
14.00,28.00,22.00,1.00,0.00,0.00,5.00,0.00
11.00,23.00,15.00,1.00,0.00,0.00,3.00,0.00
13.00,19.00,9.00,1.00,0.00,0.00,2.00,0.00
14.00,18.00,9.00,1.00,0.00,0.00,2.00,0.00
16.00,18.00,12.00,1.00,0.00,0.00,2.00,0.00
10.00,17.00,15.00,1.00,0.00,0.00,3.00,0.00
11.00,19.00,8.00,0.00,0.00,0.00,1.00,0.00
16.00,21.00,3.00,0.00,0.00,0.00,1.00,0.00
11.00,11.00,1.00,0.00,0.00,0.00,1.00,0.00
2.00,2.00,0.00,0.00,0.00,0.00,0.00,0.00
2.00,0.00,0.00,0.00,0.00,0.00,0.00,0.00
2.00,1.00,0.00,0.00,0.00,0.00,0.00,0.00
0.00,0.00,3.00,2.00,1.00,0.00,1.00,0.00
1.00,0.00,10.00,3.00,0.00,0.00,5.00,0.00
1.00,1.00,5.00,1.00,0.00,0.00,1.00,0.00
5.00,1.00,1.00,0.00,0.00,0.00,0.00,0.00
58.00,50.00,2.00,0.00,0.00,0.00,4.00,0.00
30.00,37.00,4.00,0.00,0.00,0.00,2.00,0.00
32.00,46.00,5.00,0.00,0.00,0.00,4.00,0.00
21.00,24.00,3.00,0.00,0.00,0.00,2.00,0.00
14.00,13.00,4.00,0.00,0.00,0.00,1.00,0.00
14.00,22.00,5.00,0.00,0.00,0.00,2.00,0.00
24.00,23.00,2.00,0.00,0.00,0.00,2.00,0.00
20.00,7.00,2.00,0.00,0.00,0.00,1.00,0.00
15.00,9.00,2.00,0.00,0.00,0.00,0.00,0.00
12.00,8.00,2.00,0.00,0.00,0.00,0.00,0.00
11.00,7.00,2.00,1.00,0.00,0.00,0.00,0.00
14.00,27.00,6.00,1.00,0.00,0.00,2.00,0.00
18.00,23.00,12.00,0.00,0.00,0.00,3.00,0.00
16.00,26.00,25.00,1.00,0.00,0.00,5.00,0.00
16.00,29.00,25.00,2.00,0.00,0.00,5.00,0.00
15.00,29.00,30.00,1.00,0.00,0.00,6.00,0.00
8.00,24.00,27.00,1.00,1.00,0.00,6.00,0.00
33.00,31.00,1.00,0.00,0.00,0.00,2.00,0.00
43.00,46.00,2.00,0.00,0.00,0.00,4.00,0.00
14.00,38.00,1.00,0.00,0.00,0.00,3.00,0.00
24.00,31.00,4.00,0.00,0.00,0.00,2.00,0.00
24.00,24.00,3.00,0.00,0.00,0.00,2.00,0.00
14.00,11.00,3.00,0.00,0.00,0.00,1.00,0.00
11.00,11.00,8.00,0.00,0.00,0.00,1.00,0.00
10.00,12.00,6.00,0.00,0.00,0.00,1.00,0.00
20.00,18.00,1.00,0.00,0.00,0.00,1.00,0.00
21.00,13.00,1.00,0.00,0.00,0.00,1.00,0.00
18.00,11.00,1.00,0.00,0.00,0.00,1.00,0.00
17.00,13.00,2.00,0.00,0.00,0.00,1.00,0.00
19.00,30.00,3.00,1.00,0.00,0.00,2.00,0.00
11.00,20.00,14.00,0.00,0.00,0.00,3.00,0.00
8.00,25.00,18.00,0.00,0.00,0.00,4.00,0.00
10.00,25.00,18.00,0.00,0.00,0.00,4.00,0.00
15.00,23.00,16.00,0.00,0.00,0.00,3.00,0.00
15.00,21.00,17.00,1.00,0.00,0.00,4.00,0.00
16.00,19.00,13.00,1.00,0.00,0.00,3.00,0.00
14.00,19.00,10.00,0.00,0.00,0.00,2.00,0.00
8.00,15.00,5.00,0.00,0.00,0.00,2.00,0.00
12.00,12.00,4.00,0.00,0.00,0.00,1.00,0.00
11.00,10.00,4.00,0.00,0.00,0.00,1.00,0.00
2.00,1.00,0.00,0.00,0.00,0.00,0.00,0.00
1.00,1.00,0.00,0.00,0.00,0.00,0.00,0.00
1.00,0.00,0.00,0.00,0.00,0.00,0.00,0.00
0.00,0.00,0.00,0.00,0.00,0.00,0.00,0.00
1.00,1.00,5.00,2.00,0.00,0.00,1.00,0.00
2.00,0.00,5.00,2.00,0.00,0.00,1.00,0.00
2.00,0.00,3.00,0.00,0.00,0.00,0.00,0.00
43.00,32.00,3.00,0.00,0.00,0.00,3.00,0.00
25.00,35.00,3.00,0.00,0.00,0.00,2.00,0.00
20.00,35.00,3.00,0.00,0.00,0.00,3.00,0.00
25.00,32.00,6.00,0.00,0.00,0.00,2.00,0.00
21.00,22.00,9.00,0.00,0.00,0.00,1.00,0.00
23.00,15.00,4.00,1.00,0.00,0.00,1.00,0.00
9.00,13.00,5.00,0.00,0.00,0.00,1.00,0.00
16.00,22.00,4.00,0.00,0.00,0.00,2.00,0.00
18.00,10.00,1.00,0.00,0.00,0.00,1.00,0.00
20.00,12.00,2.00,0.00,0.00,0.00,1.00,0.00
18.00,11.00,2.00,1.00,0.00,0.00,1.00,0.00
14.00,21.00,2.00,0.00,0.00,0.00,1.00,0.00
16.00,24.00,14.00,1.00,0.00,0.00,3.00,0.00
14.00,24.00,20.00,1.00,0.00,0.00,4.00,0.00
13.00,27.00,22.00,1.00,0.00,0.00,5.00,0.00
11.00,27.00,21.00,1.00,0.00,0.00,4.00,0.00
11.00,27.00,21.00,1.00,0.00,0.00,4.00,0.00
8.00,24.00,20.00,1.00,0.00,0.00,4.00,0.00
7.00,22.00,18.00,0.00,0.00,0.00,4.00,0.00
7.00,19.00,18.00,0.00,0.00,0.00,4.00,0.00
43.00,37.00,1.00,0.00,0.00,0.00,3.00,0.00
19.00,31.00,2.00,0.00,0.00,0.00,2.00,0.00
23.00,30.00,3.00,0.00,0.00,0.00,2.00,0.00
24.00,16.00,4.00,0.00,0.00,0.00,1.00,0.00
8.00,14.00,2.00,0.00,0.00,0.00,1.00,0.00
8.00,10.00,6.00,0.00,0.00,0.00,1.00,0.00
20.00,20.00,2.00,0.00,0.00,0.00,1.00,0.00
19.00,10.00,1.00,0.00,0.00,0.00,1.00,0.00
18.00,12.00,2.00,0.00,0.00,0.00,1.00,0.00
16.00,12.00,2.00,0.00,0.00,0.00,1.00,0.00
16.00,12.00,3.00,0.00,0.00,0.00,1.00,0.00
15.00,12.00,2.00,0.00,1.00,0.00,1.00,0.00
14.00,21.00,9.00,0.00,1.00,0.00,2.00,0.00
8.00,22.00,22.00,0.00,1.00,0.00,5.00,0.00
8.00,24.00,21.00,0.00,1.00,0.00,4.00,0.00
11.00,23.00,12.00,0.00,1.00,0.00,3.00,0.00
16.00,21.00,11.00,0.00,1.00,0.00,3.00,0.00
17.00,21.00,9.00,0.00,0.00,0.00,2.00,0.00
11.00,17.00,7.00,0.00,0.00,0.00,1.00,0.00
12.00,6.00,5.00,0.00,0.00,0.00,1.00,0.00
4.00,3.00,0.00,0.00,0.00,0.00,0.00,0.00
1.00,1.00,0.00,0.00,0.00,0.00,0.00,0.00
1.00,0.00,0.00,0.00,0.00,0.00,0.00,0.00
2.00,1.00,4.00,1.00,0.00,0.00,2.00,0.00
1.00,0.00,13.00,2.00,0.00,0.00,3.00,0.00
11.00,5.00,8.00,1.00,0.00,0.00,2.00,0.00
21.00,40.00,10.00,1.00,0.00,0.00,3.00,0.00
22.00,32.00,6.00,0.00,0.00,0.00,3.00,0.00
18.00,14.00,8.00,0.00,0.00,0.00,1.00,0.00
13.00,24.00,6.00,0.00,0.00,0.00,2.00,0.00
23.00,18.00,6.00,0.00,0.00,0.00,2.00,0.00
13.00,27.00,3.00,0.00,0.00,0.00,2.00,0.00
22.00,21.00,2.00,0.00,0.00,0.00,1.00,0.00
24.00,8.00,2.00,0.00,0.00,0.00,1.00,0.00
15.00,16.00,1.00,0.00,0.00,0.00,1.00,0.00
23.00,42.00,2.00,1.00,0.00,0.00,3.00,0.00
25.00,32.00,5.00,1.00,0.00,0.00,2.00,0.00
24.00,21.00,5.00,1.00,0.00,0.00,1.00,0.00
13.00,16.00,11.00,1.00,0.00,0.00,2.00,0.00
15.00,17.00,14.00,1.00,0.00,0.00,3.00,0.00
16.00,17.00,18.00,1.00,0.00,0.00,4.00,0.00
20.00,17.00,17.00,1.00,0.00,0.00,4.00,0.00
13.00,10.00,5.00,0.00,0.00,0.00,1.00,0.00
4.00,8.00,7.00,0.00,0.00,0.00,1.00,0.00
13.00,5.00,4.00,0.00,0.00,0.00,1.00,0.00
6.00,2.00,2.00,0.00,0.00,0.00,0.00,0.00
1.00,1.00,1.00,0.00,0.00,0.00,0.00,0.00
3.00,0.00,0.00,0.00,0.00,0.00,0.00,0.00
1.00,0.00,0.00,0.00,0.00,0.00,0.00,0.00
1.00,0.00,0.00,0.00,0.00,0.00,0.00,0.00
33.00,28.00,2.00,0.00,0.00,0.00,2.00,0.00
33.00,45.00,2.00,0.00,0.00,0.00,4.00,0.00
14.00,37.00,1.00,0.00,0.00,0.00,3.00,0.00
15.00,26.00,4.00,0.00,0.00,0.00,2.00,0.00
16.00,17.00,9.00,0.00,0.00,0.00,1.00,0.00
19.00,24.00,12.00,0.00,0.00,0.00,2.00,0.00
23.00,30.00,4.00,0.00,0.00,0.00,2.00,0.00
18.00,9.00,3.00,0.00,0.00,0.00,1.00,0.00
12.00,8.00,2.00,1.00,0.00,0.00,0.00,0.00
14.00,10.00,3.00,0.00,0.00,0.00,1.00,0.00
9.00,10.00,2.00,0.00,1.00,0.00,1.00,0.00
19.00,21.00,5.00,1.00,0.00,0.00,2.00,0.00
20.00,23.00,14.00,1.00,0.00,0.00,2.00,0.00
14.00,22.00,19.00,1.00,1.00,0.00,4.00,0.00
9.00,22.00,21.00,1.00,1.00,0.00,5.00,0.00
15.00,18.00,16.00,1.00,1.00,0.00,4.00,0.00
16.00,18.00,15.00,2.00,1.00,0.00,3.00,0.00
20.00,20.00,16.00,2.00,0.00,0.00,4.00,0.00
18.00,20.00,4.00,1.00,0.00,0.00,1.00,0.00
3.00,2.00,1.00,0.00,0.00,0.00,0.00,0.00
2.00,0.00,0.00,0.00,0.00,0.00,0.00,0.00
2.00,1.00,0.00,0.00,0.00,0.00,0.00,0.00
3.00,2.00,6.00,0.00,0.00,0.00,1.00,0.00
1.00,0.00,5.00,2.00,0.00,0.00,1.00,0.00
0.00,1.00,2.00,1.00,0.00,0.00,0.00,0.00
45.00,41.00,9.00,1.00,0.00,0.00,3.00,0.00
36.00,62.00,8.00,1.00,0.00,0.00,5.00,0.00
17.00,38.00,7.00,0.00,0.00,0.00,3.00,0.00
13.00,23.00,10.00,0.00,0.00,0.00,2.00,0.00
24.00,18.00,5.00,0.00,0.00,0.00,1.00,0.00
18.00,20.00,2.00,0.00,0.00,0.00,1.00,0.00
15.00,9.00,1.00,0.00,0.00,0.00,1.00,0.00
15.00,7.00,1.00,0.00,0.00,0.00,1.00,0.00
17.00,17.00,1.00,0.00,0.00,0.00,1.00,0.00
16.00,21.00,1.00,0.00,0.00,0.00,1.00,0.00
11.00,20.00,5.00,0.00,0.00,0.00,1.00,0.00
10.00,17.00,11.00,0.00,0.00,0.00,2.00,0.00
7.00,17.00,18.00,1.00,0.00,0.00,4.00,0.00
8.00,19.00,24.00,0.00,0.00,0.00,5.00,0.00
7.00,19.00,24.00,1.00,1.00,0.00,5.00,0.00
14.00,17.00,20.00,0.00,1.00,0.00,4.00,0.00
9.00,13.00,15.00,1.00,0.00,0.00,3.00,0.00
7.00,11.00,10.00,0.00,0.00,0.00,2.00,0.00
9.00,8.00,5.00,0.00,0.00,0.00,1.00,0.00
6.00,6.00,6.00,0.00,0.00,0.00,1.00,0.00
3.00,3.00,2.00,0.00,0.00,0.00,0.00,0.00
2.00,2.00,2.00,0.00,0.00,0.00,0.00,0.00
2.00,1.00,0.00,0.00,0.00,0.00,0.00,0.00
1.00,0.00,0.00,0.00,0.00,0.00,0.00,0.00
2.00,1.00,0.00,0.00,0.00,0.00,0.00,0.00
37.00,20.00,0.00,0.00,0.00,0.00,2.00,0.00
20.00,18.00,1.00,0.00,0.00,0.00,1.00,0.00
22.00,27.00,1.00,0.00,0.00,0.00,2.00,0.00
16.00,11.00,2.00,0.00,0.00,0.00,1.00,0.00
4.00,9.00,3.00,0.00,0.00,0.00,0.00,0.00
10.00,14.00,7.00,0.00,0.00,0.00,1.00,0.00
13.00,16.00,12.00,0.00,1.00,0.00,2.00,0.00
14.00,19.00,8.00,0.00,0.00,0.00,1.00,0.00
20.00,23.00,2.00,0.00,0.00,0.00,2.00,0.00
16.00,11.00,1.00,0.00,1.00,0.00,1.00,0.00
21.00,23.00,1.00,0.00,1.00,0.00,2.00,0.00
13.00,17.00,4.00,0.00,0.00,0.00,1.00,0.00
12.00,16.00,11.00,0.00,0.00,0.00,2.00,0.00
9.00,23.00,19.00,0.00,0.00,0.00,4.00,0.00
7.00,28.00,19.00,0.00,1.00,0.00,4.00,0.00
6.00,27.00,15.00,0.00,1.00,0.00,3.00,0.00
11.00,25.00,12.00,1.00,1.00,0.00,3.00,0.00
13.00,24.00,20.00,1.00,0.00,0.00,4.00,0.00
8.00,23.00,11.00,0.00,1.00,0.00,3.00,0.00
12.00,16.00,7.00,0.00,1.00,0.00,2.00,0.00
9.00,9.00,5.00,0.00,0.00,0.00,1.00,0.00
8.00,6.00,4.00,0.00,0.00,0.00,1.00,0.00
1.00,2.00,0.00,0.00,0.00,0.00,0.00,0.00
1.00,2.00,0.00,0.00,0.00,0.00,0.00,0.00
1.00,1.00,0.00,0.00,0.00,0.00,0.00,0.00
2.00,0.00,1.00,1.00,0.00,0.00,1.00,0.00
2.00,0.00,8.00,3.00,0.00,0.00,3.00,0.00
17.00,12.00,3.00,0.00,0.00,0.00,1.00,0.00
51.00,65.00,12.00,0.00,0.00,0.00,5.00,0.00
24.00,34.00,9.00,0.00,0.00,0.00,2.00,0.00
9.00,23.00,10.00,0.00,0.00,0.00,2.00,0.00
20.00,22.00,9.00,0.00,0.00,0.00,2.00,0.00
20.00,18.00,4.00,0.00,0.00,0.00,1.00,0.00
12.00,11.00,8.00,0.00,0.00,0.00,1.00,0.00
11.00,16.00,2.00,0.00,0.00,0.00,1.00,0.00
21.00,9.00,1.00,0.00,0.00,0.00,1.00,0.00
12.00,8.00,1.00,0.00,0.00,0.00,0.00,0.00
11.00,8.00,1.00,0.00,0.00,0.00,0.00,0.00
11.00,9.00,1.00,0.00,1.00,0.00,0.00,0.00
10.00,18.00,14.00,0.00,1.00,0.00,3.00,0.00
9.00,26.00,18.00,0.00,2.00,0.00,4.00,0.00
9.00,29.00,16.00,1.00,1.00,0.00,4.00,0.00
13.00,29.00,18.00,1.00,1.00,0.00,4.00,0.00
14.00,30.00,20.00,1.00,0.00,0.00,4.00,0.00
15.00,30.00,20.00,0.00,1.00,0.00,4.00,0.00
14.00,29.00,20.00,0.00,1.00,0.00,4.00,0.00
11.00,24.00,18.00,0.00,1.00,0.00,3.00,0.00
7.00,18.00,14.00,0.00,0.00,0.00,2.00,0.00
7.00,12.00,8.00,0.00,0.00,0.00,1.00,0.00
3.00,5.00,3.00,0.00,0.00,0.00,0.00,0.00
39.00,23.00,0.00,0.00,0.00,0.00,2.00,0.00
28.00,29.00,1.00,0.00,0.00,0.00,2.00,0.00
23.00,43.00,2.00,0.00,0.00,0.00,3.00,0.00
37.00,43.00,2.00,0.00,0.00,0.00,3.00,0.00
20.00,26.00,3.00,0.00,0.00,0.00,2.00,0.00
8.00,10.00,6.00,0.00,0.00,0.00,1.00,0.00
11.00,10.00,10.00,0.00,0.00,0.00,2.00,0.00
14.00,19.00,10.00,0.00,0.00,0.00,2.00,0.00
16.00,10.00,1.00,0.00,0.00,0.00,1.00,0.00
14.00,10.00,2.00,0.00,1.00,0.00,1.00,0.00
13.00,10.00,2.00,0.00,1.00,0.00,1.00,0.00
13.00,14.00,3.00,1.00,1.00,0.00,1.00,0.00
11.00,17.00,19.00,1.00,1.00,0.00,4.00,0.00
8.00,24.00,23.00,1.00,2.00,0.00,5.00,0.00
10.00,28.00,22.00,1.00,1.00,0.00,5.00,0.00
15.00,26.00,22.00,1.00,1.00,0.00,5.00,0.00
8.00,25.00,20.00,0.00,1.00,0.00,4.00,0.00
8.00,22.00,13.00,0.00,0.00,0.00,3.00,0.00
9.00,22.00,14.00,1.00,0.00,0.00,3.00,0.00
13.00,18.00,15.00,1.00,0.00,0.00,3.00,0.00
14.00,13.00,7.00,0.00,0.00,0.00,2.00,0.00
10.00,9.00,4.00,0.00,0.00,0.00,1.00,0.00
3.00,3.00,0.00,0.00,0.00,0.00,0.00,0.00
3.00,1.00,0.00,0.00,0.00,0.00,0.00,0.00
1.00,1.00,0.00,0.00,0.00,0.00,0.00,0.00
0.00,0.00,0.00,0.00,0.00,0.00,0.00,0.00
2.00,3.00,3.00,0.00,0.00,0.00,0.00,0.00
2.00,1.00,9.00,2.00,0.00,0.00,2.00,0.00
12.00,4.00,1.00,0.00,0.00,0.00,0.00,0.00
34.00,40.00,2.00,0.00,0.00,0.00,3.00,0.00
47.00,53.00,7.00,0.00,0.00,0.00,4.00,0.00
16.00,16.00,3.00,0.00,0.00,0.00,1.00,0.00
11.00,19.00,7.00,0.00,0.00,0.00,1.00,0.00
23.00,14.00,6.00,0.00,0.00,0.00,1.00,0.00
16.00,10.00,5.00,0.00,0.00,0.00,1.00,0.00
9.00,15.00,5.00,0.00,0.00,0.00,1.00,0.00
16.00,8.00,1.00,0.00,0.00,0.00,1.00,0.00
18.00,10.00,1.00,0.00,0.00,0.00,1.00,0.00
16.00,9.00,1.00,0.00,0.00,0.00,1.00,0.00
19.00,11.00,2.00,0.00,0.00,0.00,1.00,0.00
17.00,18.00,14.00,0.00,0.00,0.00,3.00,0.00
11.00,24.00,37.00,1.00,1.00,0.00,8.00,0.00
9.00,24.00,33.00,0.00,1.00,0.00,7.00,0.00
10.00,24.00,26.00,1.00,1.00,0.00,6.00,0.00
8.00,22.00,22.00,1.00,1.00,0.00,5.00,0.00
8.00,19.00,20.00,1.00,1.00,0.00,4.00,0.00
10.00,16.00,19.00,0.00,1.00,0.00,4.00,0.00
9.00,14.00,17.00,0.00,1.00,0.00,3.00,0.00
8.00,9.00,13.00,0.00,0.00,0.00,3.00,0.00
7.00,8.00,5.00,0.00,0.00,0.00,1.00,0.00
25.00,23.00,1.00,0.00,0.00,0.00,2.00,0.00
34.00,31.00,1.00,0.00,0.00,0.00,2.00,0.00
12.00,23.00,1.00,0.00,0.00,0.00,2.00,0.00
13.00,19.00,3.00,0.00,0.00,0.00,1.00,0.00
18.00,20.00,5.00,0.00,0.00,0.00,1.00,0.00
23.00,16.00,7.00,0.00,0.00,0.00,1.00,0.00
17.00,13.00,6.00,1.00,0.00,0.00,1.00,0.00
13.00,11.00,7.00,0.00,0.00,0.00,1.00,0.00
14.00,19.00,2.00,0.00,0.00,0.00,1.00,0.00
9.00,9.00,2.00,0.00,0.00,0.00,0.00,0.00
14.00,21.00,2.00,0.00,0.00,0.00,1.00,0.00
16.00,25.00,6.00,0.00,1.00,0.00,2.00,0.00
17.00,19.00,14.00,1.00,1.00,0.00,3.00,0.00
20.00,21.00,20.00,1.00,0.00,0.00,4.00,0.00
18.00,19.00,22.00,1.00,1.00,0.00,5.00,0.00
11.00,19.00,18.00,1.00,1.00,0.00,4.00,0.00
7.00,21.00,17.00,1.00,0.00,0.00,3.00,0.00
11.00,23.00,17.00,0.00,0.00,0.00,3.00,0.00
14.00,21.00,16.00,1.00,0.00,0.00,4.00,0.00
14.00,18.00,14.00,1.00,1.00,0.00,3.00,0.00
10.00,18.00,15.00,1.00,0.00,0.00,4.00,0.00
9.00,9.00,2.00,0.00,0.00,0.00,0.00,0.00
7.00,7.00,0.00,0.00,0.00,0.00,0.00,0.00
2.00,0.00,0.00,0.00,0.00,0.00,0.00,0.00
1.00,0.00,0.00,0.00,0.00,0.00,0.00,0.00
2.00,1.00,2.00,2.00,0.00,0.00,0.00,0.00
2.00,0.00,6.00,7.00,1.00,0.00,2.00,0.00
4.00,3.00,2.00,1.00,0.00,0.00,0.00,0.00
23.00,34.00,4.00,0.00,0.00,0.00,3.00,0.00
37.00,33.00,8.00,0.00,0.00,0.00,2.00,0.00
10.00,15.00,3.00,0.00,0.00,0.00,1.00,0.00
12.00,19.00,5.00,0.00,0.00,0.00,1.00,0.00
13.00,7.00,3.00,0.00,0.00,0.00,0.00,0.00
7.00,13.00,6.00,0.00,0.00,0.00,1.00,0.00
15.00,17.00,1.00,0.00,0.00,0.00,1.00,0.00
16.00,6.00,0.00,0.00,0.00,0.00,0.00,0.00
13.00,6.00,1.00,0.00,0.00,0.00,1.00,0.00
11.00,7.00,1.00,0.00,0.00,0.00,0.00,0.00
9.00,7.00,1.00,0.00,0.00,0.00,0.00,0.00
12.00,13.00,2.00,0.00,0.00,0.00,1.00,0.00
12.00,11.00,16.00,1.00,0.00,0.00,3.00,0.00
11.00,21.00,22.00,1.00,1.00,0.00,5.00,0.00
14.00,23.00,23.00,1.00,0.00,0.00,5.00,0.00
13.00,25.00,24.00,1.00,0.00,0.00,5.00,0.00
14.00,24.00,26.00,1.00,0.00,0.00,5.00,0.00
11.00,22.00,24.00,1.00,0.00,0.00,5.00,0.00
8.00,19.00,17.00,0.00,0.00,0.00,4.00,0.00
8.00,16.00,13.00,0.00,0.00,0.00,3.00,0.00
7.00,11.00,7.00,0.00,0.00,0.00,1.00,0.00
6.00,6.00,6.00,0.00,0.00,0.00,1.00,0.00
28.00,18.00,0.00,0.00,0.00,0.00,2.00,0.00
31.00,24.00,1.00,0.00,0.00,0.00,2.00,0.00
30.00,27.00,2.00,0.00,0.00,0.00,2.00,0.00
23.00,35.00,3.00,0.00,0.00,0.00,3.00,0.00
28.00,47.00,2.00,0.00,0.00,0.00,4.00,0.00
30.00,38.00,7.00,0.00,0.00,0.00,3.00,0.00
24.00,24.00,8.00,0.00,0.00,0.00,2.00,0.00
22.00,19.00,8.00,1.00,0.00,0.00,2.00,0.00
20.00,16.00,5.00,0.00,0.00,0.00,1.00,0.00
18.00,17.00,4.00,0.00,0.00,0.00,1.00,0.00
14.00,7.00,2.00,0.00,0.00,0.00,0.00,0.00
11.00,10.00,3.00,1.00,0.00,0.00,0.00,0.00
13.00,11.00,3.00,1.00,1.00,0.00,1.00,0.00
13.00,10.00,3.00,0.00,1.00,0.00,0.00,0.00
15.00,19.00,9.00,1.00,0.00,0.00,1.00,0.00
14.00,17.00,11.00,1.00,0.00,0.00,2.00,0.00
15.00,17.00,16.00,1.00,1.00,0.00,4.00,0.00
11.00,24.00,20.00,1.00,0.00,0.00,4.00,0.00
6.00,24.00,22.00,1.00,0.00,0.00,5.00,0.00
6.00,20.00,11.00,1.00,0.00,0.00,2.00,0.00
13.00,17.00,9.00,1.00,0.00,0.00,2.00,0.00
13.00,15.00,7.00,1.00,0.00,0.00,2.00,0.00
14.00,13.00,5.00,1.00,0.00,0.00,1.00,0.00
8.00,11.00,3.00,0.00,0.00,0.00,1.00,0.00
4.00,6.00,1.00,0.00,0.00,0.00,0.00,0.00
1.00,0.00,0.00,0.00,0.00,0.00,0.00,0.00
1.00,0.00,0.00,0.00,0.00,0.00,0.00,0.00
1.00,0.00,1.00,0.00,0.00,0.00,0.00,0.00
2.00,0.00,1.00,1.00,0.00,0.00,2.00,0.00
2.00,1.00,5.00,2.00,0.00,0.00,1.00,0.00
26.00,19.00,3.00,0.00,0.00,0.00,1.00,0.00
40.00,49.00,8.00,1.00,0.00,0.00,4.00,0.00
12.00,27.00,10.00,0.00,0.00,0.00,2.00,0.00
15.00,19.00,12.00,0.00,0.00,0.00,2.00,0.00
21.00,9.00,6.00,0.00,0.00,0.00,1.00,0.00
7.00,12.00,6.00,0.00,0.00,0.00,1.00,0.00
12.00,15.00,2.00,0.00,0.00,0.00,1.00,0.00
16.00,15.00,1.00,0.00,0.00,0.00,1.00,0.00
11.00,2.00,1.00,0.00,0.00,0.00,0.00,0.00
14.00,3.00,2.00,0.00,0.00,0.00,0.00,0.00
10.00,6.00,1.00,0.00,0.00,0.00,0.00,0.00
16.00,20.00,7.00,0.00,0.00,0.00,2.00,0.00
15.00,14.00,17.00,1.00,0.00,0.00,3.00,0.00
14.00,19.00,23.00,2.00,0.00,0.00,5.00,0.00
14.00,22.00,24.00,2.00,0.00,0.00,5.00,0.00
14.00,23.00,26.00,1.00,0.00,0.00,6.00,0.00
11.00,25.00,26.00,1.00,0.00,0.00,5.00,0.00
7.00,20.00,26.00,1.00,0.00,0.00,6.00,0.00
8.00,14.00,19.00,0.00,0.00,0.00,4.00,0.00
7.00,10.00,18.00,0.00,0.00,0.00,4.00,0.00
31.00,22.00,2.00,0.00,0.00,0.00,2.00,0.00
19.00,17.00,1.00,0.00,0.00,0.00,1.00,0.00
31.00,33.00,2.00,0.00,0.00,0.00,2.00,0.00
20.00,17.00,4.00,0.00,0.00,0.00,1.00,0.00
12.00,29.00,5.00,0.00,0.00,0.00,2.00,0.00
29.00,29.00,6.00,0.00,0.00,0.00,2.00,0.00
20.00,22.00,7.00,0.00,0.00,0.00,2.00,0.00
15.00,9.00,6.00,0.00,0.00,0.00,1.00,0.00
9.00,13.00,4.00,0.00,0.00,0.00,1.00,0.00
13.00,7.00,2.00,0.00,0.00,0.00,1.00,0.00
13.00,9.00,1.00,0.00,0.00,0.00,0.00,0.00
9.00,8.00,2.00,0.00,0.00,0.00,0.00,0.00
8.00,9.00,2.00,0.00,0.00,0.00,0.00,0.00
11.00,12.00,2.00,1.00,0.00,0.00,1.00,0.00
10.00,17.00,13.00,1.00,0.00,0.00,3.00,0.00
13.00,25.00,16.00,1.00,1.00,0.00,4.00,0.00
14.00,27.00,19.00,1.00,0.00,0.00,4.00,0.00
15.00,27.00,19.00,1.00,1.00,0.00,4.00,0.00
14.00,25.00,16.00,1.00,0.00,0.00,4.00,0.00
8.00,23.00,12.00,1.00,0.00,0.00,3.00,0.00
13.00,16.00,9.00,1.00,0.00,0.00,2.00,0.00
11.00,14.00,6.00,1.00,0.00,0.00,1.00,0.00
12.00,11.00,4.00,0.00,0.00,0.00,1.00,0.00
4.00,5.00,0.00,0.00,0.00,0.00,0.00,0.00
3.00,1.00,0.00,0.00,0.00,0.00,0.00,0.00
1.00,0.00,0.00,0.00,0.00,0.00,0.00,0.00
1.00,1.00,1.00,0.00,0.00,0.00,0.00,0.00
2.00,0.00,1.00,2.00,0.00,0.00,0.00,0.00
2.00,1.00,9.00,1.00,0.00,0.00,2.00,0.00
13.00,7.00,1.00,0.00,0.00,0.00,0.00,0.00
21.00,17.00,1.00,0.00,0.00,0.00,1.00,0.00
43.00,38.00,4.00,0.00,0.00,0.00,3.00,0.00
34.00,42.00,6.00,0.00,0.00,0.00,3.00,0.00
10.00,13.00,6.00,0.00,0.00,0.00,1.00,0.00
11.00,15.00,10.00,0.00,0.00,0.00,2.00,0.00
17.00,18.00,5.00,0.00,0.00,0.00,1.00,0.00
23.00,22.00,3.00,0.00,0.00,0.00,1.00,0.00
20.00,10.00,1.00,1.00,0.00,0.00,1.00,0.00
15.00,9.00,1.00,0.00,0.00,0.00,1.00,0.00
15.00,9.00,2.00,0.00,0.00,0.00,0.00,0.00
11.00,8.00,3.00,0.00,0.00,0.00,0.00,0.00
20.00,19.00,12.00,1.00,0.00,0.00,2.00,0.00
16.00,24.00,26.00,1.00,1.00,0.00,6.00,0.00
15.00,26.00,29.00,1.00,1.00,0.00,6.00,0.00
8.00,27.00,25.00,1.00,1.00,0.00,5.00,0.00
8.00,25.00,20.00,0.00,1.00,0.00,4.00,0.00
11.00,25.00,16.00,0.00,1.00,0.00,3.00,0.00
11.00,22.00,16.00,1.00,0.00,0.00,3.00,0.00
11.00,16.00,16.00,0.00,0.00,0.00,3.00,0.00
10.00,10.00,10.00,0.00,0.00,0.00,2.00,0.00
31.00,18.00,0.00,0.00,0.00,0.00,2.00,0.00
17.00,26.00,1.00,0.00,0.00,0.00,2.00,0.00
43.00,50.00,1.00,0.00,0.00,0.00,4.00,0.00
29.00,40.00,3.00,0.00,0.00,0.00,3.00,0.00
19.00,16.00,7.00,0.00,0.00,0.00,1.00,0.00
11.00,9.00,6.00,0.00,0.00,0.00,1.00,0.00
13.00,12.00,2.00,0.00,0.00,0.00,1.00,0.00
14.00,11.00,0.00,0.00,0.00,0.00,1.00,0.00
8.00,7.00,1.00,0.00,0.00,0.00,0.00,0.00
8.00,8.00,1.00,0.00,0.00,0.00,0.00,0.00
6.00,8.00,2.00,0.00,0.00,0.00,0.00,0.00
10.00,10.00,2.00,0.00,0.00,0.00,0.00,0.00
15.00,15.00,10.00,1.00,0.00,0.00,2.00,0.00
14.00,23.00,27.00,1.00,0.00,0.00,6.00,0.00
14.00,26.00,32.00,1.00,1.00,0.00,7.00,0.00
10.00,23.00,26.00,0.00,1.00,0.00,6.00,0.00
8.00,20.00,22.00,1.00,1.00,0.00,4.00,0.00
16.00,15.00,18.00,1.00,0.00,0.00,3.00,0.00
16.00,17.00,10.00,1.00,1.00,0.00,2.00,0.00
12.00,14.00,8.00,1.00,0.00,0.00,2.00,0.00
10.00,12.00,2.00,0.00,0.00,0.00,1.00,0.00
6.00,8.00,0.00,0.00,0.00,0.00,0.00,0.00
1.00,1.00,0.00,0.00,0.00,0.00,0.00,0.00
2.00,0.00,0.00,0.00,0.00,0.00,0.00,0.00
1.00,0.00,4.00,2.00,0.00,0.00,1.00,0.00
1.00,0.00,3.00,2.00,0.00,0.00,1.00,0.00
3.00,1.00,3.00,0.00,0.00,0.00,0.00,0.00
25.00,12.00,3.00,0.00,0.00,0.00,1.00,0.00
21.00,41.00,7.00,1.00,0.00,0.00,3.00,0.00
26.00,29.00,10.00,1.00,0.00,0.00,2.00,0.00
21.00,16.00,10.00,1.00,0.00,0.00,2.00,0.00
16.00,13.00,9.00,0.00,0.00,0.00,2.00,0.00
11.00,11.00,5.00,0.00,0.00,0.00,1.00,0.00
9.00,15.00,3.00,0.00,0.00,0.00,1.00,0.00
14.00,7.00,1.00,0.00,0.00,0.00,0.00,0.00
18.00,9.00,1.00,0.00,0.00,0.00,1.00,0.00
16.00,8.00,1.00,0.00,0.00,0.00,1.00,0.00
14.00,9.00,2.00,0.00,1.00,0.00,1.00,0.00
13.00,9.00,3.00,1.00,0.00,0.00,0.00,0.00
11.00,14.00,3.00,0.00,0.00,0.00,1.00,0.00
8.00,12.00,13.00,1.00,0.00,0.00,2.00,0.00
12.00,16.00,18.00,1.00,0.00,0.00,4.00,0.00
13.00,18.00,27.00,1.00,0.00,0.00,6.00,0.00
6.00,16.00,25.00,1.00,0.00,0.00,5.00,0.00
8.00,15.00,18.00,0.00,0.00,0.00,4.00,0.00
7.00,13.00,14.00,0.00,0.00,0.00,3.00,0.00
8.00,11.00,11.00,0.00,0.00,0.00,2.00,0.00
9.00,9.00,6.00,0.00,0.00,0.00,1.00,0.00
6.00,6.00,5.00,0.00,0.00,0.00,1.00,0.00
4.00,4.00,2.00,0.00,0.00,0.00,0.00,0.00
22.00,18.00,1.00,0.00,0.00,0.00,1.00,0.00
12.00,20.00,1.00,0.00,0.00,0.00,1.00,0.00
33.00,31.00,2.00,0.00,0.00,0.00,2.00,0.00
17.00,24.00,3.00,0.00,0.00,0.00,2.00,0.00
8.00,16.00,2.00,0.00,0.00,0.00,1.00,0.00
17.00,15.00,3.00,0.00,0.00,0.00,1.00,0.00
20.00,11.00,4.00,0.00,0.00,0.00,1.00,0.00
8.00,8.00,3.00,0.00,0.00,0.00,1.00,0.00
14.00,13.00,11.00,0.00,0.00,0.00,2.00,0.00
21.00,17.00,11.00,0.00,0.00,0.00,2.00,0.00
20.00,19.00,2.00,0.00,0.00,0.00,1.00,0.00
17.00,10.00,1.00,0.00,0.00,0.00,1.00,0.00
16.00,12.00,2.00,0.00,0.00,0.00,1.00,0.00
16.00,12.00,3.00,0.00,0.00,0.00,1.00,0.00
21.00,30.00,13.00,0.00,0.00,0.00,2.00,0.00
13.00,18.00,21.00,1.00,1.00,0.00,4.00,0.00
9.00,26.00,20.00,1.00,1.00,0.00,4.00,0.00
14.00,32.00,19.00,2.00,0.00,0.00,4.00,0.00
18.00,30.00,17.00,1.00,1.00,0.00,4.00,0.00
16.00,29.00,17.00,1.00,1.00,0.00,4.00,0.00
15.00,23.00,22.00,0.00,0.00,0.00,4.00,0.00
22.00,22.00,20.00,1.00,0.00,0.00,4.00,0.00
21.00,23.00,13.00,1.00,0.00,0.00,3.00,0.00
20.00,20.00,4.00,1.00,0.00,0.00,1.00,0.00
13.00,10.00,3.00,1.00,0.00,0.00,1.00,0.00
3.00,2.00,2.00,0.00,0.00,0.00,0.00,0.00
3.00,0.00,2.00,0.00,0.00,0.00,0.00,0.00
2.00,0.00,3.00,3.00,0.00,0.00,1.00,0.00
2.00,1.00,3.00,6.00,1.00,0.00,2.00,0.00
2.00,1.00,3.00,1.00,0.00,0.00,1.00,0.00
19.00,9.00,5.00,1.00,0.00,0.00,1.00,0.00
40.00,35.00,8.00,1.00,0.00,0.00,3.00,0.00
26.00,27.00,8.00,1.00,0.00,0.00,2.00,0.00
12.00,15.00,5.00,0.00,0.00,0.00,1.00,0.00
20.00,18.00,7.00,0.00,0.00,0.00,1.00,0.00
21.00,8.00,3.00,0.00,0.00,0.00,1.00,0.00
8.00,13.00,4.00,0.00,0.00,0.00,1.00,0.00
15.00,18.00,3.00,0.00,0.00,0.00,1.00,0.00
17.00,10.00,1.00,0.00,0.00,0.00,1.00,0.00
13.00,9.00,1.00,0.00,0.00,0.00,1.00,0.00
12.00,8.00,1.00,0.00,0.00,0.00,0.00,0.00
12.00,10.00,1.00,0.00,0.00,0.00,1.00,0.00
9.00,30.00,2.00,0.00,0.00,0.00,2.00,0.00
11.00,18.00,13.00,1.00,1.00,0.00,3.00,0.00
15.00,27.00,14.00,1.00,1.00,0.00,3.00,0.00
17.00,30.00,17.00,1.00,1.00,0.00,4.00,0.00
19.00,33.00,18.00,2.00,1.00,0.00,4.00,0.00
13.00,27.00,17.00,0.00,0.00,0.00,4.00,0.00
14.00,19.00,11.00,0.00,0.00,0.00,3.00,0.00
13.00,17.00,8.00,1.00,0.00,0.00,2.00,0.00
28.00,22.00,3.00,0.00,0.00,0.00,2.00,0.00
23.00,21.00,3.00,0.00,0.00,0.00,1.00,0.00
3.00,18.00,4.00,0.00,0.00,0.00,1.00,0.00
12.00,16.00,7.00,0.00,0.00,0.00,1.00,0.00
19.00,18.00,5.00,0.00,0.00,0.00,1.00,0.00
13.00,11.00,1.00,0.00,0.00,0.00,1.00,0.00
12.00,6.00,1.00,0.00,0.00,0.00,0.00,0.00
11.00,8.00,1.00,0.00,0.00,0.00,0.00,0.00
10.00,9.00,1.00,0.00,0.00,0.00,0.00,0.00
8.00,8.00,1.00,0.00,0.00,0.00,0.00,0.00
10.00,8.00,3.00,0.00,0.00,0.00,0.00,0.00
15.00,24.00,8.00,0.00,0.00,0.00,2.00,0.00
18.00,17.00,15.00,0.00,0.00,0.00,3.00,0.00
16.00,17.00,13.00,1.00,0.00,0.00,3.00,0.00
14.00,16.00,17.00,1.00,0.00,0.00,4.00,0.00
12.00,15.00,17.00,1.00,0.00,0.00,3.00,0.00
11.00,15.00,16.00,1.00,0.00,0.00,3.00,0.00
11.00,12.00,14.00,0.00,1.00,0.00,3.00,0.00
12.00,11.00,7.00,0.00,0.00,0.00,1.00,0.00
17.00,10.00,6.00,1.00,0.00,0.00,1.00,0.00
18.00,12.00,1.00,0.00,0.00,0.00,1.00,0.00
15.00,12.00,1.00,0.00,0.00,0.00,1.00,0.00
10.00,6.00,0.00,0.00,0.00,0.00,0.00,0.00
4.00,1.00,0.00,0.00,0.00,0.00,0.00,0.00
2.00,2.00,1.00,0.00,0.00,0.00,0.00,0.00
0.00,0.00,2.00,1.00,2.00,0.00,3.00,0.00
4.00,1.00,5.00,1.00,0.00,0.00,1.00,0.00
20.00,26.00,3.00,0.00,0.00,0.00,2.00,0.00
48.00,51.00,7.00,0.00,0.00,0.00,4.00,0.00
19.00,34.00,4.00,0.00,0.00,0.00,3.00,0.00
24.00,31.00,10.00,0.00,0.00,0.00,2.00,0.00
24.00,13.00,10.00,0.00,0.00,0.00,2.00,0.00
15.00,7.00,7.00,0.00,0.00,0.00,1.00,0.00
7.00,13.00,4.00,0.00,0.00,0.00,1.00,0.00
14.00,12.00,1.00,0.00,0.00,0.00,1.00,0.00
18.00,8.00,1.00,0.00,0.00,0.00,1.00,0.00
19.00,8.00,2.00,0.00,0.00,0.00,1.00,0.00
18.00,8.00,1.00,0.00,0.00,0.00,1.00,0.00
14.00,13.00,2.00,0.00,0.00,0.00,1.00,0.00
16.00,18.00,14.00,1.00,0.00,0.00,2.00,0.00
13.00,20.00,20.00,1.00,0.00,0.00,4.00,0.00
7.00,19.00,14.00,1.00,0.00,0.00,3.00,0.00
7.00,16.00,15.00,1.00,0.00,0.00,3.00,0.00
8.00,13.00,12.00,1.00,0.00,0.00,2.00,0.00
6.00,10.00,7.00,0.00,0.00,0.00,1.00,0.00
9.00,9.00,6.00,0.00,0.00,0.00,1.00,0.00
5.00,7.00,5.00,0.00,0.00,0.00,1.00,0.00
6.00,5.00,3.00,0.00,0.00,0.00,0.00,0.00
6.00,2.00,1.00,0.00,0.00,0.00,0.00,0.00
2.00,1.00,1.00,0.00,0.00,0.00,0.00,0.00
25.00,18.00,0.00,0.00,0.00,0.00,1.00,0.00
31.00,21.00,2.00,0.00,0.00,0.00,2.00,0.00
15.00,18.00,2.00,0.00,0.00,0.00,1.00,0.00
5.00,12.00,4.00,0.00,0.00,0.00,1.00,0.00
11.00,10.00,5.00,0.00,0.00,0.00,1.00,0.00
18.00,14.00,13.00,0.00,0.00,0.00,2.00,0.00
22.00,15.00,11.00,0.00,1.00,0.00,2.00,0.00
23.00,13.00,4.00,0.00,0.00,0.00,1.00,0.00
13.00,6.00,1.00,0.00,0.00,0.00,0.00,0.00
11.00,7.00,1.00,0.00,0.00,0.00,0.00,0.00
8.00,7.00,1.00,0.00,0.00,0.00,0.00,0.00
10.00,9.00,1.00,0.00,0.00,0.00,0.00,0.00
10.00,12.00,2.00,1.00,0.00,0.00,0.00,0.00
21.00,23.00,19.00,1.00,0.00,0.00,4.00,0.00
9.00,29.00,33.00,1.00,1.00,0.00,7.00,0.00
11.00,32.00,26.00,1.00,1.00,0.00,6.00,0.00
11.00,29.00,21.00,1.00,0.00,0.00,5.00,0.00
12.00,27.00,21.00,0.00,0.00,0.00,5.00,0.00
18.00,22.00,18.00,1.00,0.00,0.00,4.00,0.00
19.00,20.00,12.00,1.00,0.00,0.00,3.00,0.00
16.00,19.00,11.00,1.00,0.00,0.00,2.00,0.00
12.00,18.00,10.00,0.00,0.00,0.00,2.00,0.00
14.00,13.00,2.00,0.00,0.00,0.00,1.00,0.00
2.00,2.00,0.00,0.00,0.00,0.00,0.00,0.00
1.00,0.00,0.00,0.00,0.00,0.00,0.00,0.00
2.00,0.00,0.00,0.00,0.00,0.00,0.00,0.00
2.00,1.00,3.00,2.00,1.00,0.00,2.00,0.00
1.00,1.00,4.00,1.00,0.00,0.00,2.00,0.00
6.00,3.00,3.00,1.00,0.00,0.00,0.00,0.00
26.00,16.00,3.00,0.00,0.00,0.00,1.00,0.00
52.00,50.00,4.00,0.00,0.00,0.00,4.00,0.00
29.00,32.00,2.00,0.00,0.00,0.00,2.00,0.00
9.00,22.00,5.00,0.00,0.00,0.00,2.00,0.00
15.00,22.00,10.00,0.00,0.00,0.00,2.00,0.00
20.00,17.00,7.00,0.00,0.00,0.00,1.00,0.00
24.00,11.00,2.00,0.00,0.00,0.00,1.00,0.00
10.00,14.00,1.00,0.00,0.00,0.00,1.00,0.00
17.00,11.00,1.00,0.00,0.00,0.00,1.00,0.00
19.00,12.00,1.00,0.00,0.00,0.00,1.00,0.00
26.00,19.00,1.00,0.00,0.00,0.00,1.00,0.00
22.00,19.00,2.00,0.00,0.00,0.00,1.00,0.00
15.00,25.00,5.00,0.00,0.00,0.00,2.00,0.00
11.00,23.00,11.00,0.00,1.00,0.00,2.00,0.00
10.00,18.00,18.00,1.00,1.00,0.00,3.00,0.00
15.00,22.00,18.00,0.00,1.00,0.00,3.00,0.00
15.00,23.00,18.00,1.00,0.00,0.00,4.00,0.00
16.00,22.00,20.00,1.00,0.00,0.00,4.00,0.00
16.00,19.00,20.00,1.00,0.00,0.00,4.00,0.00
13.00,16.00,19.00,0.00,0.00,0.00,4.00,0.00
9.00,11.00,14.00,0.00,0.00,0.00,3.00,0.00
27.00,22.00,2.00,0.00,0.00,0.00,2.00,0.00
27.00,26.00,3.00,0.00,0.00,0.00,2.00,0.00
23.00,33.00,3.00,0.00,0.00,0.00,3.00,0.00
12.00,18.00,7.00,0.00,0.00,0.00,1.00,0.00
14.00,13.00,11.00,0.00,0.00,0.00,2.00,0.00
21.00,16.00,17.00,0.00,0.00,0.00,3.00,0.00
21.00,17.00,15.00,1.00,0.00,0.00,3.00,0.00
21.00,18.00,7.00,0.00,0.00,0.00,2.00,0.00
19.00,13.00,2.00,0.00,0.00,0.00,1.00,0.00
11.00,9.00,2.00,0.00,0.00,0.00,0.00,0.00
9.00,9.00,2.00,0.00,0.00,0.00,0.00,0.00
12.00,9.00,2.00,0.00,0.00,0.00,0.00,0.00
12.00,10.00,2.00,0.00,0.00,0.00,0.00,0.00
10.00,17.00,12.00,0.00,0.00,0.00,2.00,0.00
10.00,20.00,14.00,0.00,1.00,0.00,3.00,0.00
13.00,22.00,15.00,1.00,1.00,0.00,3.00,0.00
14.00,21.00,15.00,1.00,1.00,0.00,3.00,0.00
13.00,19.00,10.00,1.00,0.00,0.00,2.00,0.00
12.00,15.00,8.00,1.00,0.00,0.00,2.00,0.00
17.00,14.00,13.00,1.00,0.00,0.00,3.00,0.00
16.00,16.00,12.00,1.00,0.00,0.00,2.00,0.00
16.00,18.00,5.00,0.00,0.00,0.00,1.00,0.00
10.00,9.00,1.00,0.00,0.00,0.00,0.00,0.00
2.00,3.00,1.00,0.00,0.00,0.00,0.00,0.00
2.00,0.00,0.00,0.00,0.00,0.00,0.00,0.00
1.00,1.00,0.00,0.00,0.00,0.00,0.00,0.00
2.00,2.00,3.00,0.00,0.00,0.00,0.00,0.00
1.00,0.00,7.00,6.00,1.00,0.00,2.00,0.00
1.00,1.00,5.00,1.00,0.00,0.00,1.00,0.00
9.00,3.00,2.00,0.00,0.00,0.00,0.00,0.00
53.00,38.00,5.00,0.00,0.00,0.00,4.00,0.00
28.00,45.00,4.00,0.00,0.00,0.00,3.00,0.00
19.00,31.00,5.00,0.00,0.00,0.00,2.00,0.00
26.00,19.00,7.00,0.00,0.00,0.00,1.00,0.00
11.00,11.00,6.00,0.00,0.00,0.00,1.00,0.00
15.00,16.00,9.00,0.00,0.00,0.00,2.00,0.00
18.00,16.00,9.00,0.00,0.00,0.00,1.00,0.00
25.00,17.00,7.00,0.00,0.00,0.00,1.00,0.00
20.00,3.00,1.00,0.00,0.00,0.00,1.00,0.00
10.00,6.00,1.00,0.00,0.00,0.00,0.00,0.00
9.00,7.00,1.00,0.00,0.00,0.00,0.00,0.00
8.00,8.00,1.00,0.00,0.00,0.00,0.00,0.00
12.00,28.00,5.00,0.00,0.00,0.00,2.00,0.00
17.00,19.00,20.00,1.00,0.00,0.00,4.00,0.00
15.00,26.00,27.00,1.00,1.00,0.00,6.00,0.00
14.00,24.00,28.00,1.00,1.00,0.00,6.00,0.00
9.00,25.00,24.00,0.00,1.00,0.00,5.00,0.00
10.00,23.00,21.00,0.00,1.00,0.00,5.00,0.00
14.00,18.00,18.00,1.00,0.00,0.00,4.00,0.00
13.00,16.00,16.00,0.00,0.00,0.00,3.00,0.00
34.00,19.00,0.00,0.00,0.00,0.00,2.00,0.00
29.00,26.00,1.00,0.00,0.00,0.00,2.00,0.00
22.00,32.00,1.00,0.00,0.00,0.00,2.00,0.00
33.00,28.00,2.00,0.00,0.00,0.00,2.00,0.00
17.00,13.00,2.00,0.00,0.00,0.00,1.00,0.00
8.00,18.00,5.00,0.00,0.00,0.00,1.00,0.00
23.00,21.00,3.00,0.00,0.00,0.00,1.00,0.00
19.00,18.00,2.00,0.00,0.00,0.00,1.00,0.00
14.00,3.00,1.00,0.00,0.00,0.00,1.00,0.00
15.00,6.00,1.00,0.00,0.00,0.00,1.00,0.00
12.00,7.00,1.00,0.00,0.00,0.00,1.00,0.00
12.00,7.00,2.00,0.00,0.00,0.00,1.00,0.00
9.00,10.00,2.00,0.00,0.00,0.00,0.00,0.00
8.00,11.00,14.00,0.00,1.00,0.00,3.00,0.00
8.00,18.00,25.00,1.00,0.00,0.00,5.00,0.00
7.00,20.00,23.00,1.00,0.00,0.00,5.00,0.00
7.00,23.00,22.00,0.00,0.00,0.00,5.00,0.00
11.00,24.00,14.00,0.00,0.00,0.00,3.00,0.00
14.00,24.00,14.00,0.00,0.00,0.00,3.00,0.00
16.00,24.00,12.00,0.00,0.00,0.00,3.00,0.00
13.00,21.00,11.00,0.00,0.00,0.00,3.00,0.00
8.00,14.00,7.00,0.00,0.00,0.00,2.00,0.00
13.00,15.00,4.00,0.00,0.00,0.00,1.00,0.00
10.00,11.00,1.00,0.00,0.00,0.00,1.00,0.00
3.00,1.00,0.00,0.00,0.00,0.00,0.00,0.00
0.00,0.00,0.00,0.00,0.00,0.00,0.00,0.00
1.00,0.00,0.00,0.00,0.00,0.00,0.00,0.00
0.00,0.00,0.00,0.00,0.00,0.00,0.00,0.00
2.00,1.00,0.00,0.00,0.00,0.00,0.00,0.00
1.00,1.00,2.00,0.00,0.00,0.00,0.00,0.00
0.00,0.00,2.00,1.00,0.00,0.00,0.00,0.00
9.00,3.00,3.00,0.00,0.00,0.00,0.00,0.00
29.00,15.00,2.00,0.00,0.00,0.00,1.00,0.00
26.00,27.00,1.00,0.00,0.00,0.00,2.00,0.00
28.00,30.00,3.00,0.00,0.00,0.00,2.00,0.00
26.00,16.00,2.00,0.00,0.00,0.00,1.00,0.00
7.00,12.00,2.00,0.00,0.00,0.00,1.00,0.00
22.00,25.00,9.00,0.00,0.00,0.00,2.00,0.00
21.00,20.00,4.00,0.00,0.00,0.00,1.00,0.00
8.00,16.00,5.00,0.00,0.00,0.00,1.00,0.00
24.00,25.00,1.00,0.00,0.00,0.00,2.00,0.00
22.00,8.00,0.00,0.00,0.00,0.00,1.00,0.00
17.00,9.00,1.00,0.00,0.00,0.00,1.00,0.00
17.00,9.00,1.00,0.00,0.00,0.00,0.00,0.00
14.00,9.00,2.00,0.00,0.00,0.00,1.00,0.00
24.00,35.00,8.00,0.00,0.00,0.00,3.00,0.00
15.00,27.00,20.00,0.00,0.00,0.00,4.00,0.00
8.00,24.00,22.00,1.00,1.00,0.00,5.00,0.00
10.00,26.00,21.00,1.00,1.00,0.00,4.00,0.00
10.00,28.00,17.00,0.00,1.00,0.00,4.00,0.00
27.00,19.00,1.00,0.00,0.00,0.00,2.00,0.00
10.00,31.00,3.00,0.00,0.00,0.00,2.00,0.00
21.00,22.00,5.00,0.00,0.00,0.00,2.00,0.00
20.00,16.00,5.00,0.00,0.00,0.00,1.00,0.00
12.00,10.00,4.00,0.00,0.00,0.00,1.00,0.00
11.00,10.00,7.00,0.00,0.00,0.00,1.00,0.00
12.00,17.00,3.00,0.00,0.00,0.00,1.00,0.00
15.00,8.00,1.00,0.00,0.00,0.00,1.00,0.00
17.00,10.00,2.00,0.00,0.00,0.00,1.00,0.00
16.00,10.00,1.00,0.00,0.00,0.00,1.00,0.00
15.00,10.00,2.00,0.00,0.00,0.00,1.00,0.00
15.00,22.00,9.00,0.00,0.00,0.00,2.00,0.00
7.00,17.00,17.00,0.00,1.00,0.00,3.00,0.00
9.00,21.00,18.00,0.00,1.00,0.00,4.00,0.00
11.00,23.00,17.00,1.00,1.00,0.00,4.00,0.00
13.00,24.00,18.00,0.00,1.00,0.00,4.00,0.00
16.00,18.00,10.00,0.00,1.00,0.00,2.00,0.00
8.00,16.00,9.00,0.00,1.00,0.00,2.00,0.00
14.00,17.00,7.00,1.00,1.00,0.00,1.00,0.00
14.00,14.00,1.00,1.00,0.00,0.00,1.00,0.00
6.00,1.00,0.00,0.00,0.00,0.00,0.00,0.00
1.00,0.00,0.00,0.00,0.00,0.00,0.00,0.00
2.00,0.00,0.00,0.00,0.00,0.00,0.00,0.00
1.00,1.00,4.00,1.00,0.00,0.00,1.00,0.00
1.00,0.00,5.00,2.00,1.00,0.00,4.00,0.00
0.00,1.00,2.00,1.00,0.00,0.00,0.00,0.00
55.00,53.00,11.00,1.00,0.00,0.00,4.00,0.00
41.00,53.00,8.00,1.00,0.00,0.00,5.00,0.00
18.00,30.00,5.00,0.00,0.00,0.00,2.00,0.00
13.00,16.00,9.00,0.00,0.00,0.00,1.00,0.00
23.00,18.00,17.00,1.00,0.00,0.00,3.00,0.00
28.00,17.00,12.00,0.00,0.00,0.00,2.00,0.00
25.00,14.00,5.00,0.00,0.00,0.00,1.00,0.00
19.00,15.00,2.00,0.00,0.00,0.00,1.00,0.00
16.00,10.00,1.00,0.00,0.00,0.00,1.00,0.00
10.00,10.00,1.00,0.00,0.00,0.00,0.00,0.00
25.00,24.00,2.00,0.00,0.00,0.00,2.00,0.00
22.00,13.00,5.00,0.00,0.00,0.00,1.00,0.00
17.00,20.00,14.00,0.00,0.00,0.00,2.00,0.00
9.00,20.00,22.00,0.00,1.00,0.00,4.00,0.00
17.00,21.00,13.00,1.00,1.00,0.00,3.00,0.00
16.00,19.00,10.00,1.00,1.00,0.00,2.00,0.00
16.00,19.00,15.00,1.00,0.00,0.00,3.00,0.00
10.00,19.00,14.00,1.00,0.00,0.00,3.00,0.00
9.00,18.00,13.00,0.00,1.00,0.00,3.00,0.00
9.00,16.00,14.00,0.00,1.00,0.00,3.00,0.00
9.00,11.00,9.00,0.00,0.00,0.00,2.00,0.00
7.00,9.00,3.00,0.00,0.00,0.00,0.00,0.00
3.00,3.00,1.00,0.00,0.00,0.00,0.00,0.00
4.00,1.00,0.00,0.00,0.00,0.00,0.00,0.00
33.00,16.00,1.00,0.00,0.00,0.00,2.00,0.00
16.00,32.00,2.00,0.00,0.00,0.00,2.00,0.00
44.00,51.00,2.00,0.00,0.00,0.00,4.00,0.00
21.00,24.00,4.00,0.00,0.00,0.00,2.00,0.00
10.00,20.00,5.00,0.00,0.00,0.00,1.00,0.00
15.00,14.00,4.00,0.00,0.00,0.00,1.00,0.00
19.00,17.00,5.00,0.00,0.00,0.00,1.00,0.00
21.00,15.00,9.00,0.00,0.00,0.00,2.00,0.00
12.00,10.00,4.00,0.00,0.00,0.00,1.00,0.00
19.00,15.00,0.00,0.00,0.00,0.00,1.00,0.00
16.00,10.00,1.00,0.00,0.00,0.00,1.00,0.00
13.00,8.00,1.00,0.00,0.00,0.00,0.00,0.00
11.00,10.00,2.00,0.00,0.00,0.00,0.00,0.00
17.00,31.00,2.00,0.00,0.00,0.00,2.00,0.00
9.00,18.00,17.00,0.00,0.00,0.00,3.00,0.00
10.00,22.00,23.00,0.00,1.00,0.00,4.00,0.00
14.00,26.00,16.00,0.00,1.00,0.00,3.00,0.00
16.00,27.00,17.00,1.00,0.00,0.00,4.00,0.00
16.00,26.00,17.00,1.00,0.00,0.00,4.00,0.00
10.00,23.00,17.00,1.00,1.00,0.00,4.00,0.00
7.00,21.00,18.00,1.00,1.00,0.00,4.00,0.00
7.00,16.00,12.00,1.00,1.00,0.00,3.00,0.00
11.00,12.00,7.00,0.00,0.00,0.00,2.00,0.00
14.00,12.00,2.00,1.00,0.00,0.00,1.00,0.00
3.00,2.00,0.00,0.00,0.00,0.00,0.00,0.00
1.00,1.00,0.00,0.00,0.00,0.00,0.00,0.00
1.00,0.00,0.00,0.00,0.00,0.00,0.00,0.00
3.00,1.00,2.00,1.00,0.00,0.00,0.00,0.00
1.00,0.00,3.00,5.00,1.00,0.00,1.00,0.00
2.00,0.00,9.00,1.00,0.00,0.00,2.00,0.00
13.00,6.00,2.00,0.00,0.00,0.00,0.00,0.00
24.00,38.00,7.00,0.00,0.00,0.00,3.00,0.00
39.00,58.00,8.00,0.00,0.00,0.00,5.00,0.00
19.00,21.00,11.00,0.00,0.00,0.00,2.00,0.00
17.00,7.00,4.00,0.00,0.00,0.00,1.00,0.00
11.00,14.00,8.00,0.00,0.00,0.00,1.00,0.00
20.00,12.00,6.00,0.00,0.00,0.00,1.00,0.00
11.00,10.00,5.00,0.00,0.00,0.00,1.00,0.00
13.00,6.00,1.00,0.00,0.00,0.00,0.00,0.00
20.00,9.00,1.00,0.00,0.00,0.00,1.00,0.00
15.00,8.00,1.00,0.00,0.00,0.00,1.00,0.00
17.00,10.00,1.00,0.00,0.00,0.00,1.00,0.00
13.00,10.00,3.00,0.00,0.00,0.00,0.00,0.00
15.00,8.00,4.00,0.00,1.00,0.00,0.00,0.00
11.00,11.00,4.00,0.00,0.00,0.00,0.00,0.00
12.00,18.00,19.00,0.00,0.00,0.00,4.00,0.00
9.00,19.00,23.00,0.00,1.00,0.00,5.00,0.00
8.00,17.00,24.00,0.00,1.00,0.00,5.00,0.00
5.00,17.00,24.00,0.00,0.00,0.00,5.00,0.00
6.00,14.00,18.00,0.00,0.00,0.00,4.00,0.00
36.00,29.00,1.00,0.00,0.00,0.00,2.00,0.00
12.00,17.00,1.00,0.00,0.00,0.00,1.00,0.00
21.00,28.00,1.00,0.00,0.00,0.00,2.00,0.00
13.00,15.00,2.00,0.00,0.00,0.00,1.00,0.00
8.00,14.00,4.00,0.00,0.00,0.00,1.00,0.00
19.00,13.00,4.00,0.00,0.00,0.00,1.00,0.00
15.00,7.00,1.00,0.00,0.00,0.00,0.00,0.00
14.00,13.00,0.00,0.00,0.00,0.00,1.00,0.00
16.00,8.00,1.00,0.00,0.00,0.00,1.00,0.00
10.00,11.00,1.00,0.00,0.00,0.00,0.00,0.00
14.00,22.00,1.00,0.00,0.00,0.00,1.00,0.00
11.00,13.00,9.00,0.00,0.00,0.00,2.00,0.00
8.00,21.00,18.00,0.00,0.00,0.00,4.00,0.00
8.00,24.00,19.00,0.00,1.00,0.00,4.00,0.00
12.00,25.00,16.00,0.00,0.00,0.00,3.00,0.00
12.00,23.00,13.00,0.00,0.00,0.00,3.00,0.00
11.00,23.00,17.00,1.00,0.00,0.00,3.00,0.00
13.00,21.00,16.00,0.00,1.00,0.00,3.00,0.00
13.00,21.00,19.00,0.00,1.00,0.00,4.00,0.00
9.00,18.00,14.00,0.00,0.00,0.00,3.00,0.00
8.00,15.00,8.00,1.00,0.00,0.00,2.00,0.00
7.00,9.00,1.00,0.00,0.00,0.00,0.00,0.00
2.00,1.00,0.00,0.00,0.00,0.00,0.00,0.00
1.00,1.00,0.00,0.00,0.00,0.00,0.00,0.00
1.00,0.00,0.00,0.00,0.00,0.00,0.00,0.00
3.00,1.00,0.00,0.00,0.00,0.00,0.00,0.00
1.00,0.00,3.00,1.00,1.00,0.00,2.00,0.00
1.00,1.00,2.00,1.00,0.00,0.00,1.00,0.00
24.00,15.00,3.00,0.00,0.00,0.00,1.00,0.00
24.00,31.00,6.00,0.00,0.00,0.00,2.00,0.00
48.00,45.00,4.00,0.00,0.00,0.00,3.00,0.00
13.00,14.00,2.00,0.00,0.00,0.00,1.00,0.00
22.00,32.00,5.00,0.00,0.00,0.00,3.00,0.00
9.00,5.00,1.00,0.00,0.00,0.00,0.00,0.00
10.00,13.00,3.00,0.00,0.00,0.00,1.00,0.00
24.00,15.00,3.00,0.00,0.00,0.00,1.00,0.00
23.00,14.00,1.00,0.00,0.00,0.00,1.00,0.00
13.00,4.00,1.00,0.00,0.00,0.00,0.00,0.00
12.00,8.00,1.00,0.00,0.00,0.00,0.00,0.00
12.00,10.00,1.00,0.00,0.00,0.00,1.00,0.00
12.00,9.00,2.00,0.00,0.00,0.00,0.00,0.00
9.00,9.00,2.00,0.00,0.00,0.00,0.00,0.00
8.00,30.00,6.00,0.00,0.00,0.00,2.00,0.00
13.00,23.00,15.00,0.00,1.00,0.00,3.00,0.00
14.00,26.00,18.00,1.00,1.00,0.00,4.00,0.00
15.00,25.00,15.00,1.00,1.00,0.00,3.00,0.00
13.00,27.00,20.00,1.00,1.00,0.00,4.00,0.00
10.00,27.00,17.00,0.00,1.00,0.00,3.00,0.00
8.00,25.00,16.00,0.00,1.00,0.00,3.00,0.00
7.00,19.00,14.00,0.00,1.00,0.00,3.00,0.00
28.00,29.00,1.00,0.00,0.00,0.00,2.00,0.00
26.00,18.00,3.00,0.00,0.00,0.00,2.00,0.00
5.00,16.00,2.00,0.00,0.00,0.00,1.00,0.00
20.00,20.00,5.00,0.00,0.00,0.00,1.00,0.00
19.00,16.00,3.00,0.00,0.00,0.00,1.00,0.00
10.00,8.00,6.00,0.00,0.00,0.00,1.00,0.00
10.00,8.00,10.00,0.00,0.00,0.00,2.00,0.00
11.00,11.00,12.00,0.00,0.00,0.00,2.00,0.00
10.00,11.00,4.00,0.00,0.00,0.00,1.00,0.00
12.00,15.00,4.00,0.00,0.00,0.00,1.00,0.00
16.00,9.00,1.00,0.00,0.00,0.00,1.00,0.00
11.00,13.00,2.00,0.00,0.00,0.00,1.00,0.00
11.00,28.00,2.00,0.00,0.00,0.00,2.00,0.00
15.00,21.00,7.00,0.00,0.00,0.00,1.00,0.00
19.00,18.00,11.00,0.00,0.00,0.00,2.00,0.00
16.00,16.00,11.00,0.00,1.00,0.00,2.00,0.00
13.00,15.00,13.00,0.00,1.00,0.00,3.00,0.00
7.00,19.00,14.00,0.00,1.00,0.00,3.00,0.00
8.00,20.00,12.00,0.00,0.00,0.00,2.00,0.00
12.00,19.00,12.00,1.00,0.00,0.00,2.00,0.00
12.00,15.00,13.00,1.00,0.00,0.00,3.00,0.00
8.00,14.00,10.00,1.00,1.00,0.00,2.00,0.00
9.00,15.00,7.00,1.00,0.00,0.00,2.00,0.00
7.00,6.00,1.00,0.00,0.00,0.00,0.00,0.00
0.00,0.00,0.00,0.00,0.00,0.00,0.00,0.00
2.00,0.00,0.00,0.00,0.00,0.00,0.00,0.00
3.00,0.00,1.00,0.00,0.00,0.00,0.00,0.00
1.00,0.00,1.00,2.00,0.00,0.00,2.00,0.00
1.00,0.00,5.00,3.00,0.00,0.00,3.00,0.00
2.00,1.00,2.00,1.00,0.00,0.00,0.00,0.00
25.00,13.00,4.00,1.00,0.00,0.00,1.00,0.00
18.00,34.00,6.00,0.00,0.00,0.00,3.00,0.00
42.00,45.00,12.00,0.00,0.00,0.00,3.00,0.00
14.00,13.00,6.00,0.00,0.00,0.00,1.00,0.00
14.00,17.00,5.00,0.00,0.00,0.00,1.00,0.00
18.00,14.00,5.00,0.00,0.00,0.00,1.00,0.00
15.00,11.00,11.00,0.00,0.00,0.00,2.00,0.00
8.00,14.00,4.00,0.00,0.00,0.00,1.00,0.00
16.00,5.00,1.00,0.00,0.00,0.00,0.00,0.00
11.00,2.00,0.00,0.00,0.00,0.00,0.00,0.00
13.00,5.00,0.00,0.00,0.00,0.00,1.00,0.00
10.00,5.00,0.00,0.00,0.00,0.00,0.00,0.00
8.00,6.00,1.00,0.00,0.00,0.00,0.00,0.00
9.00,7.00,2.00,1.00,0.00,0.00,0.00,0.00
10.00,11.00,14.00,0.00,0.00,0.00,3.00,0.00
10.00,19.00,27.00,1.00,1.00,0.00,6.00,0.00
11.00,22.00,25.00,1.00,0.00,0.00,5.00,0.00
11.00,23.00,23.00,1.00,0.00,0.00,5.00,0.00
14.00,23.00,26.00,1.00,0.00,0.00,6.00,0.00
13.00,24.00,26.00,1.00,0.00,0.00,5.00,0.00
38.00,32.00,2.00,0.00,0.00,0.00,2.00,0.00
25.00,13.00,1.00,0.00,0.00,0.00,1.00,0.00
8.00,21.00,2.00,0.00,0.00,0.00,2.00,0.00
10.00,16.00,2.00,0.00,0.00,0.00,1.00,0.00
24.00,16.00,3.00,0.00,0.00,0.00,1.00,0.00
21.00,10.00,2.00,0.00,0.00,0.00,1.00,0.00
12.00,9.00,2.00,0.00,0.00,0.00,1.00,0.00
10.00,5.00,1.00,0.00,0.00,0.00,0.00,0.00
16.00,9.00,1.00,0.00,0.00,0.00,1.00,0.00
16.00,10.00,1.00,0.00,0.00,0.00,1.00,0.00
14.00,11.00,1.00,0.00,0.00,0.00,1.00,0.00
12.00,8.00,1.00,0.00,0.00,0.00,0.00,0.00
19.00,18.00,10.00,0.00,0.00,0.00,2.00,0.00
10.00,25.00,23.00,0.00,1.00,0.00,5.00,0.00
10.00,29.00,23.00,0.00,1.00,0.00,5.00,0.00
12.00,31.00,22.00,1.00,1.00,0.00,5.00,0.00
15.00,30.00,20.00,1.00,1.00,0.00,4.00,0.00
17.00,25.00,13.00,1.00,1.00,0.00,3.00,0.00
14.00,22.00,13.00,0.00,1.00,0.00,3.00,0.00
10.00,14.00,11.00,0.00,0.00,0.00,2.00,0.00
11.00,16.00,4.00,0.00,0.00,0.00,1.00,0.00
7.00,10.00,1.00,0.00,0.00,0.00,0.00,0.00
1.00,0.00,0.00,0.00,0.00,0.00,0.00,0.00
1.00,0.00,0.00,0.00,0.00,0.00,0.00,0.00
1.00,0.00,2.00,1.00,0.00,0.00,1.00,0.00
0.00,0.00,4.00,1.00,1.00,0.00,2.00,0.00
2.00,1.00,3.00,0.00,0.00,0.00,0.00,0.00
1.00,1.00,1.00,0.00,0.00,0.00,0.00,0.00
27.00,14.00,2.00,0.00,0.00,0.00,1.00,0.00
40.00,32.00,3.00,0.00,0.00,0.00,2.00,0.00
20.00,34.00,3.00,0.00,0.00,0.00,2.00,0.00
26.00,26.00,4.00,0.00,0.00,0.00,2.00,0.00
19.00,14.00,3.00,0.00,0.00,0.00,1.00,0.00
9.00,15.00,5.00,0.00,0.00,0.00,1.00,0.00
24.00,17.00,2.00,0.00,0.00,0.00,1.00,0.00
18.00,13.00,1.00,0.00,0.00,0.00,1.00,0.00
13.00,5.00,1.00,0.00,0.00,0.00,0.00,0.00
12.00,3.00,1.00,0.00,0.00,0.00,0.00,0.00
8.00,5.00,1.00,0.00,0.00,0.00,0.00,0.00
9.00,5.00,1.00,0.00,0.00,0.00,0.00,0.00
7.00,16.00,1.00,0.00,0.00,0.00,1.00,0.00
7.00,12.00,8.00,0.00,0.00,0.00,1.00,0.00
6.00,14.00,12.00,0.00,1.00,0.00,2.00,0.00
5.00,16.00,15.00,0.00,1.00,0.00,3.00,0.00
7.00,15.00,17.00,0.00,0.00,0.00,3.00,0.00
6.00,16.00,18.00,0.00,1.00,0.00,4.00,0.00
7.00,19.00,19.00,0.00,0.00,0.00,4.00,0.00
9.00,19.00,18.00,0.00,0.00,0.00,4.00,0.00
11.00,16.00,17.00,0.00,0.00,0.00,3.00,0.00
9.00,12.00,12.00,0.00,0.00,0.00,2.00,0.00
28.00,19.00,0.00,0.00,0.00,0.00,2.00,0.00
17.00,14.00,1.00,0.00,0.00,0.00,1.00,0.00
39.00,38.00,1.00,0.00,0.00,0.00,3.00,0.00
33.00,46.00,2.00,0.00,0.00,0.00,4.00,0.00
13.00,28.00,2.00,0.00,0.00,0.00,2.00,0.00
13.00,19.00,3.00,0.00,0.00,0.00,1.00,0.00
16.00,16.00,6.00,0.00,0.00,0.00,1.00,0.00
19.00,18.00,5.00,0.00,0.00,0.00,1.00,0.00
19.00,20.00,2.00,0.00,0.00,0.00,1.00,0.00
16.00,5.00,1.00,0.00,0.00,0.00,1.00,0.00
11.00,8.00,1.00,0.00,0.00,0.00,0.00,0.00
9.00,7.00,1.00,0.00,0.00,0.00,0.00,0.00
11.00,8.00,2.00,0.00,0.00,0.00,0.00,0.00
12.00,11.00,1.00,0.00,0.00,0.00,0.00,0.00
13.00,16.00,19.00,1.00,0.00,0.00,4.00,0.00
12.00,21.00,16.00,1.00,0.00,0.00,3.00,0.00
12.00,20.00,12.00,1.00,1.00,0.00,3.00,0.00
11.00,20.00,13.00,1.00,1.00,0.00,2.00,0.00
7.00,21.00,15.00,1.00,1.00,0.00,3.00,0.00
7.00,21.00,17.00,1.00,1.00,0.00,3.00,0.00
12.00,21.00,12.00,1.00,1.00,0.00,3.00,0.00
11.00,16.00,12.00,1.00,0.00,0.00,2.00,0.00
7.00,13.00,8.00,1.00,0.00,0.00,2.00,0.00
6.00,8.00,2.00,0.00,0.00,0.00,0.00,0.00
2.00,2.00,0.00,0.00,0.00,0.00,0.00,0.00
1.00,1.00,0.00,0.00,0.00,0.00,0.00,0.00
1.00,0.00,0.00,0.00,0.00,0.00,0.00,0.00
1.00,0.00,3.00,0.00,0.00,0.00,0.00,0.00
2.00,0.00,4.00,1.00,0.00,0.00,2.00,0.00
2.00,2.00,3.00,1.00,0.00,0.00,1.00,0.00
24.00,12.00,2.00,0.00,0.00,0.00,1.00,0.00
40.00,35.00,5.00,0.00,0.00,0.00,3.00,0.00
20.00,29.00,2.00,0.00,0.00,0.00,2.00,0.00
14.00,23.00,5.00,0.00,0.00,0.00,2.00,0.00
18.00,20.00,4.00,0.00,0.00,0.00,1.00,0.00
14.00,5.00,3.00,0.00,0.00,0.00,0.00,0.00
14.00,16.00,5.00,0.00,0.00,0.00,1.00,0.00
19.00,13.00,1.00,0.00,0.00,0.00,1.00,0.00
8.00,12.00,1.00,0.00,0.00,0.00,1.00,0.00
14.00,6.00,0.00,0.00,0.00,0.00,1.00,0.00
15.00,8.00,1.00,0.00,0.00,0.00,1.00,0.00
14.00,8.00,1.00,0.00,0.00,0.00,0.00,0.00
10.00,6.00,1.00,0.00,0.00,0.00,0.00,0.00
11.00,8.00,1.00,0.00,0.00,0.00,0.00,0.00
5.00,15.00,2.00,0.00,0.00,0.00,1.00,0.00
8.00,18.00,13.00,0.00,0.00,0.00,3.00,0.00
7.00,20.00,16.00,0.00,0.00,0.00,3.00,0.00
8.00,19.00,14.00,0.00,1.00,0.00,3.00,0.00
9.00,20.00,17.00,0.00,1.00,0.00,3.00,0.00
8.00,20.00,16.00,0.00,0.00,0.00,3.00,0.00
26.00,18.00,1.00,0.00,0.00,0.00,1.00,0.00
32.00,29.00,2.00,0.00,0.00,0.00,2.00,0.00
18.00,23.00,2.00,0.00,0.00,0.00,2.00,0.00
13.00,20.00,3.00,0.00,0.00,0.00,1.00,0.00
15.00,13.00,7.00,0.00,0.00,0.00,1.00,0.00
12.00,8.00,2.00,0.00,0.00,0.00,1.00,0.00
6.00,8.00,3.00,0.00,0.00,0.00,1.00,0.00
15.00,16.00,2.00,0.00,0.00,0.00,1.00,0.00
19.00,9.00,1.00,0.00,0.00,0.00,1.00,0.00
18.00,11.00,1.00,0.00,0.00,0.00,1.00,0.00
16.00,11.00,2.00,0.00,0.00,0.00,1.00,0.00
17.00,11.00,2.00,0.00,0.00,0.00,1.00,0.00
15.00,11.00,3.00,0.00,0.00,0.00,1.00,0.00
15.00,23.00,15.00,1.00,0.00,0.00,3.00,0.00
9.00,25.00,28.00,1.00,1.00,0.00,6.00,0.00
6.00,25.00,23.00,1.00,0.00,0.00,5.00,0.00
5.00,24.00,21.00,1.00,1.00,0.00,4.00,0.00
5.00,22.00,19.00,1.00,1.00,0.00,4.00,0.00
5.00,22.00,16.00,0.00,1.00,0.00,3.00,0.00
10.00,17.00,10.00,1.00,1.00,0.00,2.00,0.00
15.00,14.00,9.00,1.00,1.00,0.00,2.00,0.00
11.00,13.00,4.00,0.00,0.00,0.00,1.00,0.00
9.00,5.00,1.00,0.00,0.00,0.00,0.00,0.00
3.00,1.00,0.00,0.00,0.00,0.00,0.00,0.00
0.00,1.00,0.00,0.00,0.00,0.00,0.00,0.00
2.00,1.00,1.00,0.00,0.00,0.00,0.00,0.00
1.00,0.00,3.00,1.00,0.00,0.00,2.00,0.00
0.00,0.00,7.00,2.00,0.00,0.00,2.00,0.00
13.00,5.00,2.00,0.00,0.00,0.00,0.00,0.00
58.00,46.00,8.00,0.00,0.00,0.00,4.00,0.00
35.00,52.00,6.00,0.00,0.00,0.00,4.00,0.00
15.00,31.00,5.00,0.00,0.00,0.00,2.00,0.00
18.00,21.00,9.00,0.00,0.00,0.00,2.00,0.00
24.00,14.00,6.00,0.00,0.00,0.00,1.00,0.00
11.00,13.00,9.00,0.00,0.00,0.00,1.00,0.00
14.00,17.00,3.00,0.00,0.00,0.00,1.00,0.00
14.00,8.00,2.00,0.00,0.00,0.00,0.00,0.00
23.00,10.00,2.00,0.00,0.00,0.00,1.00,0.00
20.00,10.00,1.00,0.00,0.00,0.00,1.00,0.00
13.00,10.00,1.00,0.00,0.00,0.00,1.00,0.00
13.00,9.00,2.00,0.00,0.00,0.00,0.00,0.00
13.00,13.00,2.00,0.00,0.00,0.00,1.00,0.00
16.00,18.00,21.00,0.00,0.00,0.00,4.00,0.00
14.00,20.00,24.00,1.00,0.00,0.00,5.00,0.00
14.00,22.00,23.00,1.00,1.00,0.00,5.00,0.00
12.00,20.00,22.00,0.00,0.00,0.00,4.00,0.00
9.00,17.00,21.00,0.00,1.00,0.00,4.00,0.00
9.00,14.00,19.00,0.00,0.00,0.00,4.00,0.00
10.00,13.00,18.00,0.00,0.00,0.00,4.00,0.00
9.00,10.00,15.00,0.00,0.00,0.00,3.00,0.00
28.00,14.00,1.00,0.00,0.00,0.00,2.00,0.00
23.00,16.00,1.00,0.00,0.00,0.00,1.00,0.00
40.00,36.00,1.00,0.00,0.00,0.00,3.00,0.00
37.00,28.00,2.00,0.00,0.00,0.00,2.00,0.00
18.00,16.00,3.00,0.00,0.00,0.00,1.00,0.00
6.00,20.00,3.00,0.00,0.00,0.00,2.00,0.00
23.00,21.00,6.00,0.00,0.00,0.00,2.00,0.00
20.00,11.00,2.00,0.00,0.00,0.00,1.00,0.00
12.00,12.00,8.00,0.00,0.00,0.00,1.00,0.00
14.00,14.00,8.00,0.00,0.00,0.00,1.00,0.00
19.00,7.00,2.00,0.00,0.00,0.00,1.00,0.00
15.00,9.00,1.00,0.00,0.00,0.00,1.00,0.00
14.00,9.00,1.00,0.00,0.00,0.00,1.00,0.00
10.00,8.00,2.00,0.00,0.00,0.00,0.00,0.00
13.00,9.00,2.00,0.00,0.00,0.00,0.00,0.00
11.00,11.00,2.00,0.00,0.00,0.00,0.00,0.00
6.00,20.00,22.00,0.00,0.00,0.00,5.00,0.00
7.00,27.00,17.00,1.00,1.00,0.00,4.00,0.00
11.00,27.00,12.00,0.00,0.00,0.00,3.00,0.00
10.00,27.00,16.00,1.00,1.00,0.00,3.00,0.00
13.00,26.00,19.00,1.00,1.00,0.00,4.00,0.00
16.00,27.00,19.00,0.00,1.00,0.00,4.00,0.00
15.00,20.00,10.00,1.00,1.00,0.00,2.00,0.00
10.00,19.00,15.00,0.00,1.00,0.00,3.00,0.00
8.00,14.00,9.00,0.00,1.00,0.00,2.00,0.00
10.00,8.00,6.00,0.00,1.00,0.00,1.00,0.00
14.00,7.00,2.00,0.00,0.00,0.00,1.00,0.00
1.00,0.00,0.00,0.00,0.00,0.00,0.00,0.00
1.00,1.00,0.00,0.00,0.00,0.00,0.00,0.00
0.00,0.00,0.00,0.00,0.00,0.00,0.00,0.00
2.00,0.00,0.00,0.00,0.00,0.00,0.00,0.00
5.00,0.00,0.00,0.00,0.00,0.00,0.00,0.00
1.00,1.00,8.00,2.00,1.00,0.00,2.00,0.00
2.00,1.00,1.00,1.00,0.00,0.00,0.00,0.00
51.00,45.00,6.00,0.00,0.00,0.00,4.00,0.00
33.00,26.00,8.00,0.00,0.00,0.00,2.00,0.00
16.00,29.00,6.00,0.00,0.00,0.00,3.00,0.00
13.00,20.00,10.00,0.00,1.00,0.00,2.00,0.00
16.00,18.00,13.00,0.00,1.00,0.00,2.00,0.00
19.00,29.00,4.00,0.00,0.00,0.00,2.00,0.00
26.00,11.00,1.00,0.00,0.00,0.00,1.00,0.00
16.00,10.00,2.00,1.00,1.00,0.00,1.00,0.00
16.00,11.00,3.00,1.00,0.00,0.00,1.00,0.00
17.00,12.00,3.00,0.00,1.00,0.00,1.00,0.00
15.00,12.00,3.00,1.00,0.00,0.00,1.00,0.00
10.00,28.00,6.00,0.00,1.00,0.00,2.00,0.00
11.00,27.00,14.00,0.00,0.00,0.00,4.00,0.00
15.00,33.00,17.00,1.00,0.00,0.00,4.00,0.00
15.00,34.00,18.00,1.00,0.00,0.00,4.00,0.00
18.00,34.00,18.00,1.00,0.00,0.00,5.00,0.00
22.00,16.00,1.00,0.00,0.00,0.00,1.00,0.00
39.00,35.00,2.00,0.00,0.00,0.00,3.00,0.00
25.00,39.00,4.00,0.00,0.00,0.00,3.00,0.00
14.00,28.00,5.00,0.00,0.00,0.00,2.00,0.00
26.00,23.00,5.00,0.00,0.00,0.00,2.00,0.00
15.00,11.00,6.00,0.00,0.00,0.00,1.00,0.00
8.00,10.00,8.00,0.00,0.00,0.00,1.00,0.00
18.00,14.00,13.00,0.00,0.00,0.00,2.00,0.00
18.00,22.00,5.00,0.00,0.00,0.00,2.00,0.00
24.00,8.00,1.00,0.00,0.00,0.00,1.00,0.00
18.00,10.00,1.00,0.00,0.00,0.00,1.00,0.00
13.00,9.00,2.00,1.00,0.00,0.00,0.00,0.00
12.00,10.00,3.00,0.00,1.00,0.00,0.00,0.00
20.00,28.00,11.00,0.00,0.00,0.00,2.00,0.00
11.00,22.00,23.00,1.00,1.00,0.00,5.00,0.00
10.00,27.00,19.00,1.00,1.00,0.00,4.00,0.00
13.00,27.00,23.00,1.00,1.00,0.00,5.00,0.00
15.00,25.00,19.00,1.00,1.00,0.00,4.00,0.00
17.00,23.00,17.00,2.00,1.00,0.00,4.00,0.00
17.00,19.00,17.00,1.00,1.00,0.00,4.00,0.00
14.00,16.00,12.00,1.00,1.00,0.00,2.00,0.00
17.00,17.00,8.00,1.00,0.00,0.00,2.00,0.00
14.00,12.00,2.00,1.00,0.00,0.00,1.00,0.00
4.00,1.00,0.00,0.00,0.00,0.00,0.00,0.00
0.00,0.00,0.00,0.00,0.00,0.00,0.00,0.00
1.00,0.00,0.00,0.00,0.00,0.00,0.00,0.00
0.00,0.00,2.00,1.00,0.00,0.00,1.00,0.00
1.00,1.00,8.00,2.00,0.00,0.00,2.00,0.00
4.00,2.00,1.00,0.00,0.00,0.00,0.00,0.00
36.00,33.00,6.00,0.00,0.00,0.00,2.00,0.00
30.00,39.00,6.00,0.00,0.00,0.00,3.00,0.00
27.00,26.00,11.00,0.00,0.00,0.00,2.00,0.00
19.00,13.00,9.00,0.00,0.00,0.00,2.00,0.00
7.00,8.00,7.00,0.00,0.00,0.00,1.00,0.00
18.00,15.00,7.00,0.00,0.00,0.00,1.00,0.00
19.00,8.00,3.00,0.00,0.00,0.00,1.00,0.00
7.00,13.00,1.00,0.00,0.00,0.00,1.00,0.00
15.00,7.00,1.00,0.00,0.00,0.00,1.00,0.00
22.00,9.00,1.00,0.00,0.00,0.00,1.00,0.00
17.00,9.00,1.00,0.00,0.00,0.00,1.00,0.00
17.00,10.00,1.00,0.00,0.00,0.00,1.00,0.00
16.00,11.00,3.00,0.00,0.00,0.00,1.00,0.00
18.00,24.00,19.00,1.00,1.00,0.00,4.00,0.00
10.00,23.00,30.00,1.00,1.00,0.00,6.00,0.00
8.00,25.00,25.00,1.00,0.00,0.00,5.00,0.00
8.00,26.00,18.00,1.00,0.00,0.00,4.00,0.00
11.00,26.00,17.00,1.00,0.00,0.00,4.00,0.00
13.00,25.00,17.00,1.00,0.00,0.00,4.00,0.00
12.00,23.00,16.00,1.00,0.00,0.00,3.00,0.00
12.00,21.00,17.00,0.00,0.00,0.00,3.00,0.00
41.00,17.00,0.00,0.00,0.00,0.00,2.00,0.00
17.00,22.00,2.00,0.00,0.00,0.00,1.00,0.00
49.00,53.00,3.00,0.00,0.00,0.00,4.00,0.00
41.00,54.00,5.00,0.00,0.00,0.00,5.00,0.00
17.00,17.00,6.00,0.00,1.00,0.00,1.00,0.00
12.00,19.00,19.00,0.00,0.00,0.00,4.00,0.00
25.00,20.00,18.00,0.00,0.00,0.00,4.00,0.00
26.00,21.00,20.00,0.00,0.00,0.00,4.00,0.00
19.00,32.00,7.00,0.00,0.00,0.00,3.00,0.00
23.00,9.00,3.00,0.00,0.00,0.00,1.00,0.00
14.00,9.00,5.00,0.00,0.00,0.00,1.00,0.00
13.00,9.00,6.00,1.00,1.00,0.00,1.00,0.00
12.00,9.00,4.00,0.00,1.00,0.00,1.00,0.00
17.00,9.00,5.00,1.00,1.00,0.00,1.00,0.00
16.00,15.00,16.00,1.00,0.00,0.00,4.00,0.00
13.00,18.00,27.00,1.00,1.00,0.00,6.00,0.00
11.00,18.00,23.00,1.00,1.00,0.00,5.00,0.00
15.00,17.00,16.00,1.00,1.00,0.00,4.00,0.00
9.00,15.00,11.00,0.00,1.00,0.00,2.00,0.00
9.00,12.00,11.00,1.00,1.00,0.00,2.00,0.00
13.00,7.00,14.00,1.00,1.00,0.00,3.00,0.00
9.00,12.00,3.00,0.00,0.00,0.00,1.00,0.00
3.00,2.00,0.00,0.00,0.00,0.00,0.00,0.00
2.00,0.00,0.00,0.00,0.00,0.00,0.00,0.00
2.00,0.00,0.00,0.00,0.00,0.00,0.00,0.00
1.00,0.00,0.00,0.00,0.00,0.00,0.00,0.00
1.00,0.00,3.00,1.00,1.00,0.00,1.00,0.00
1.00,1.00,5.00,1.00,0.00,0.00,1.00,0.00
17.00,8.00,1.00,0.00,0.00,0.00,1.00,0.00
45.00,38.00,4.00,0.00,0.00,0.00,3.00,0.00
28.00,37.00,4.00,0.00,0.00,0.00,3.00,0.00
23.00,28.00,6.00,0.00,0.00,0.00,2.00,0.00
19.00,8.00,4.00,0.00,0.00,0.00,1.00,0.00
16.00,17.00,12.00,0.00,0.00,0.00,2.00,0.00
27.00,13.00,3.00,0.00,0.00,0.00,1.00,0.00
10.00,7.00,1.00,0.00,0.00,0.00,0.00,0.00
15.00,8.00,2.00,0.00,0.00,0.00,1.00,0.00
21.00,10.00,3.00,0.00,1.00,0.00,1.00,0.00
22.00,10.00,3.00,0.00,1.00,0.00,1.00,0.00
11.00,13.00,3.00,0.00,1.00,0.00,1.00,0.00
9.00,15.00,22.00,1.00,1.00,0.00,4.00,0.00
7.00,20.00,45.00,1.00,1.00,0.00,10.00,0.00
7.00,19.00,39.00,1.00,0.00,0.00,8.00,0.00
9.00,20.00,37.00,1.00,0.00,0.00,8.00,0.00
10.00,19.00,31.00,1.00,0.00,0.00,7.00,0.00
11.00,18.00,30.00,1.00,1.00,0.00,6.00,0.00
11.00,15.00,23.00,0.00,1.00,0.00,5.00,0.00
8.00,10.00,17.00,0.00,0.00,0.00,3.00,0.00
6.00,7.00,6.00,0.00,0.00,0.00,1.00,0.00
3.00,4.00,2.00,0.00,0.00,0.00,0.00,0.00
25.00,34.00,1.00,0.00,0.00,0.00,3.00,0.00
27.00,15.00,3.00,0.00,0.00,0.00,1.00,0.00
9.00,17.00,3.00,0.00,0.00,0.00,1.00,0.00
20.00,21.00,4.00,0.00,0.00,0.00,1.00,0.00
27.00,16.00,7.00,0.00,0.00,0.00,2.00,0.00
14.00,12.00,5.00,0.00,0.00,0.00,1.00,0.00
17.00,17.00,6.00,0.00,0.00,0.00,1.00,0.00
26.00,22.00,3.00,0.00,0.00,0.00,2.00,0.00
26.00,9.00,2.00,1.00,0.00,0.00,1.00,0.00
20.00,11.00,1.00,1.00,0.00,0.00,1.00,0.00
19.00,11.00,1.00,0.00,0.00,0.00,1.00,0.00
16.00,12.00,3.00,1.00,0.00,0.00,1.00,0.00
16.00,12.00,3.00,1.00,0.00,0.00,1.00,0.00
18.00,21.00,16.00,1.00,0.00,0.00,3.00,0.00
14.00,26.00,31.00,1.00,1.00,0.00,7.00,0.00
10.00,28.00,26.00,1.00,1.00,0.00,5.00,0.00
11.00,28.00,21.00,1.00,1.00,0.00,4.00,0.00
12.00,28.00,15.00,0.00,2.00,0.00,4.00,0.00
13.00,25.00,14.00,1.00,1.00,0.00,3.00,0.00
15.00,21.00,11.00,1.00,1.00,0.00,3.00,0.00
17.00,17.00,10.00,1.00,0.00,0.00,2.00,0.00
11.00,16.00,4.00,0.00,0.00,0.00,1.00,0.00
7.00,10.00,1.00,0.00,0.00,0.00,0.00,0.00
4.00,2.00,0.00,0.00,0.00,0.00,0.00,0.00
0.00,0.00,0.00,0.00,0.00,0.00,0.00,0.00
1.00,0.00,0.00,0.00,0.00,0.00,0.00,0.00
1.00,0.00,0.00,0.00,0.00,0.00,0.00,0.00
2.00,1.00,2.00,0.00,0.00,0.00,0.00,0.00
2.00,1.00,1.00,2.00,0.00,0.00,2.00,0.00
1.00,1.00,2.00,1.00,0.00,0.00,0.00,0.00
24.00,22.00,2.00,0.00,0.00,0.00,1.00,0.00
24.00,31.00,4.00,0.00,0.00,0.00,2.00,0.00
15.00,20.00,8.00,0.00,0.00,0.00,1.00,0.00
12.00,19.00,9.00,0.00,0.00,0.00,2.00,0.00
17.00,20.00,6.00,0.00,0.00,0.00,2.00,0.00
22.00,19.00,11.00,0.00,0.00,0.00,2.00,0.00
25.00,20.00,4.00,0.00,0.00,0.00,1.00,0.00
20.00,7.00,1.00,0.00,0.00,0.00,1.00,0.00
11.00,7.00,1.00,0.00,0.00,0.00,0.00,0.00
12.00,8.00,1.00,1.00,0.00,0.00,0.00,0.00
10.00,10.00,2.00,0.00,0.00,0.00,0.00,0.00
13.00,10.00,3.00,1.00,1.00,0.00,1.00,0.00
17.00,17.00,12.00,1.00,1.00,0.00,2.00,0.00
15.00,33.00,23.00,1.00,2.00,0.00,5.00,0.00
11.00,36.00,25.00,1.00,2.00,0.00,6.00,0.00
11.00,34.00,20.00,0.00,1.00,0.00,5.00,0.00
14.00,31.00,17.00,1.00,2.00,0.00,4.00,0.00
15.00,29.00,16.00,1.00,1.00,0.00,4.00,0.00
11.00,25.00,16.00,1.00,1.00,0.00,3.00,0.00
9.00,19.00,19.00,0.00,0.00,0.00,4.00,0.00
28.00,22.00,0.00,0.00,0.00,0.00,2.00,0.00
18.00,32.00,2.00,0.00,0.00,0.00,3.00,0.00
31.00,48.00,3.00,0.00,0.00,0.00,4.00,0.00
33.00,37.00,5.00,0.00,0.00,0.00,3.00,0.00
26.00,23.00,8.00,0.00,0.00,0.00,2.00,0.00
21.00,14.00,11.00,0.00,0.00,0.00,2.00,0.00
21.00,11.00,7.00,0.00,0.00,0.00,1.00,0.00
24.00,14.00,4.00,0.00,0.00,0.00,1.00,0.00
12.00,4.00,2.00,0.00,0.00,0.00,0.00,0.00
11.00,8.00,2.00,0.00,0.00,0.00,1.00,0.00
10.00,8.00,3.00,0.00,1.00,0.00,1.00,0.00
10.00,9.00,4.00,0.00,0.00,0.00,1.00,0.00
16.00,24.00,11.00,0.00,0.00,0.00,2.00,0.00
15.00,20.00,14.00,1.00,0.00,0.00,3.00,0.00
14.00,21.00,21.00,1.00,1.00,0.00,4.00,0.00
11.00,20.00,17.00,0.00,1.00,0.00,4.00,0.00
14.00,21.00,17.00,0.00,1.00,0.00,3.00,0.00
13.00,20.00,18.00,0.00,1.00,0.00,4.00,0.00
7.00,19.00,16.00,0.00,1.00,0.00,3.00,0.00
14.00,14.00,14.00,0.00,0.00,0.00,3.00,0.00
16.00,8.00,4.00,1.00,0.00,0.00,1.00,0.00
7.00,5.00,1.00,0.00,0.00,0.00,0.00,0.00
2.00,2.00,0.00,0.00,0.00,0.00,0.00,0.00
3.00,0.00,0.00,0.00,0.00,0.00,0.00,0.00
1.00,1.00,0.00,0.00,0.00,0.00,0.00,0.00
3.00,1.00,2.00,0.00,0.00,0.00,0.00,0.00
2.00,1.00,3.00,2.00,0.00,0.00,2.00,0.00
1.00,1.00,4.00,1.00,0.00,0.00,1.00,0.00
34.00,22.00,3.00,0.00,0.00,0.00,2.00,0.00
26.00,41.00,6.00,0.00,0.00,0.00,3.00,0.00
17.00,22.00,5.00,0.00,0.00,0.00,2.00,0.00
31.00,17.00,7.00,0.00,0.00,0.00,1.00,0.00
15.00,9.00,11.00,0.00,0.00,0.00,2.00,0.00
18.00,19.00,5.00,0.00,0.00,0.00,1.00,0.00
23.00,13.00,2.00,0.00,0.00,0.00,1.00,0.00
12.00,4.00,1.00,0.00,0.00,0.00,0.00,0.00
13.00,7.00,1.00,0.00,0.00,0.00,0.00,0.00
11.00,7.00,2.00,0.00,0.00,0.00,0.00,0.00
9.00,7.00,1.00,0.00,0.00,0.00,0.00,0.00
16.00,16.00,5.00,1.00,0.00,0.00,1.00,0.00
12.00,16.00,26.00,1.00,1.00,0.00,5.00,0.00
13.00,22.00,29.00,0.00,1.00,0.00,6.00,0.00
15.00,26.00,25.00,1.00,1.00,0.00,5.00,0.00
14.00,28.00,23.00,1.00,1.00,0.00,5.00,0.00
17.00,28.00,23.00,1.00,1.00,0.00,5.00,0.00
17.00,26.00,24.00,0.00,1.00,0.00,5.00,0.00
13.00,21.00,24.00,0.00,1.00,0.00,5.00,0.00
10.00,16.00,18.00,0.00,1.00,0.00,4.00,0.00
4.00,9.00,11.00,0.00,0.00,0.00,2.00,0.00
5.00,3.00,2.00,0.00,0.00,0.00,0.00,0.00
