18.00,16.00,9.00,0.00,0.00,0.00,1.00,0.00
18.00,24.00,17.00,0.00,0.00,0.00,3.00,0.00
21.00,30.00,32.00,1.00,0.00,0.00,6.00,0.00
19.00,28.00,30.00,2.00,1.00,0.00,6.00,0.00
19.00,30.00,25.00,2.00,1.00,0.00,5.00,0.00
20.00,28.00,25.00,2.00,2.00,0.00,5.00,0.00
18.00,25.00,25.00,2.00,1.00,0.00,4.00,0.00
16.00,19.00,22.00,2.00,1.00,0.00,3.00,0.00
15.00,13.00,17.00,2.00,1.00,0.00,3.00,0.00
15.00,12.00,14.00,3.00,1.00,0.00,3.00,0.00
16.00,9.00,13.00,3.00,1.00,0.00,2.00,0.00
16.00,12.00,10.00,4.00,1.00,0.00,1.00,0.00
15.00,12.00,6.00,6.00,1.00,0.00,1.00,0.00
14.00,6.00,3.00,4.00,0.00,0.00,1.00,0.00
11.00,1.00,1.00,1.00,0.00,0.00,0.00,0.00
13.00,1.00,0.00,1.00,0.00,0.00,0.00,0.00
10.00,1.00,0.00,0.00,0.00,0.00,0.00,0.00
6.00,0.00,0.00,0.00,0.00,0.00,0.00,0.00
4.00,0.00,0.00,0.00,0.00,0.00,0.00,0.00
3.00,0.00,0.00,0.00,0.00,0.00,0.00,0.00
3.00,0.00,0.00,0.00,0.00,0.00,0.00,0.00
1.00,0.00,0.00,0.00,0.00,0.00,0.00,0.00
1.00,0.00,0.00,0.00,0.00,0.00,0.00,0.00
1.00,0.00,0.00,0.00,0.00,0.00,0.00,0.00
0.00,0.00,0.00,0.00,0.00,0.00,0.00,0.00
0.00,0.00,0.00,0.00,0.00,0.00,0.00,0.00
0.00,0.00,0.00,0.00,0.00,0.00,0.00,0.00
0.00,0.00,0.00,0.00,0.00,0.00,0.00,0.00
0.00,0.00,0.00,0.00,0.00,0.00,0.00,0.00
0.00,0.00,0.00,0.00,0.00,0.00,0.00,0.00
20.00,14.00,6.00,0.00,0.00,0.00,1.00,0.00
21.00,14.00,12.00,0.00,0.00,0.00,2.00,0.00
21.00,23.00,15.00,0.00,1.00,0.00,3.00,0.00
19.00,27.00,19.00,1.00,1.00,0.00,3.00,0.00
17.00,18.00,19.00,2.00,2.00,0.00,3.00,0.00
14.00,17.00,13.00,1.00,1.00,0.00,3.00,0.00
16.00,21.00,19.00,3.00,1.00,0.00,4.00,0.00
17.00,23.00,19.00,3.00,2.00,0.00,4.00,0.00
18.00,22.00,17.00,4.00,2.00,0.00,4.00,0.00
17.00,19.00,19.00,4.00,2.00,0.00,3.00,0.00
16.00,18.00,18.00,5.00,2.00,0.00,4.00,0.00
16.00,15.00,17.00,6.00,2.00,0.00,3.00,0.00
14.00,14.00,14.00,8.00,2.00,0.00,3.00,0.00
15.00,15.00,12.00,8.00,2.00,0.00,3.00,0.00
14.00,14.00,8.00,4.00,1.00,0.00,1.00,0.00
15.00,14.00,5.00,7.00,1.00,0.00,2.00,0.00
15.00,10.00,3.00,5.00,0.00,0.00,1.00,0.00
14.00,3.00,1.00,2.00,0.00,0.00,0.00,0.00
13.00,1.00,1.00,0.00,0.00,0.00,0.00,0.00
12.00,1.00,0.00,0.00,0.00,0.00,0.00,0.00
9.00,1.00,0.00,0.00,0.00,0.00,0.00,0.00
7.00,0.00,0.00,0.00,0.00,0.00,0.00,0.00
5.00,0.00,0.00,0.00,0.00,0.00,0.00,0.00
5.00,0.00,0.00,0.00,0.00,0.00,0.00,0.00
3.00,0.00,0.00,0.00,0.00,0.00,0.00,0.00
1.00,0.00,0.00,0.00,0.00,0.00,0.00,0.00
1.00,0.00,0.00,0.00,0.00,0.00,0.00,0.00
0.00,0.00,0.00,0.00,0.00,0.00,0.00,0.00
0.00,0.00,0.00,0.00,0.00,0.00,0.00,0.00
0.00,0.00,0.00,0.00,0.00,0.00,0.00,0.00
21.00,10.00,9.00,0.00,0.00,0.00,1.00,0.00
23.00,22.00,17.00,0.00,1.00,0.00,3.00,0.00
19.00,32.00,25.00,0.00,1.00,0.00,4.00,0.00
18.00,21.00,28.00,1.00,1.00,0.00,5.00,0.00
17.00,22.00,25.00,1.00,2.00,0.00,5.00,0.00
17.00,22.00,24.00,1.00,1.00,0.00,5.00,0.00
16.00,20.00,25.00,2.00,1.00,0.00,6.00,0.00
17.00,18.00,30.00,2.00,2.00,0.00,6.00,0.00
18.00,19.00,30.00,3.00,2.00,0.00,6.00,0.00
19.00,25.00,30.00,3.00,3.00,0.00,5.00,0.00
18.00,16.00,26.00,3.00,2.00,0.00,4.00,0.00
16.00,17.00,23.00,3.00,2.00,0.00,4.00,0.00
17.00,16.00,22.00,3.00,2.00,0.00,4.00,0.00
17.00,14.00,20.00,6.00,1.00,0.00,4.00,0.00
18.00,15.00,17.00,9.00,1.00,0.00,3.00,0.00
18.00,18.00,15.00,11.00,1.00,0.00,3.00,0.00
18.00,17.00,14.00,11.00,1.00,0.00,3.00,0.00
17.00,13.00,10.00,12.00,1.00,0.00,4.00,0.00
18.00,7.00,6.00,9.00,1.00,0.00,3.00,0.00
16.00,6.00,3.00,5.00,1.00,0.00,1.00,0.00
13.00,1.00,0.00,1.00,0.00,0.00,0.00,0.00
12.00,2.00,0.00,0.00,0.00,0.00,0.00,0.00
11.00,1.00,0.00,0.00,0.00,0.00,0.00,0.00
8.00,0.00,0.00,0.00,0.00,0.00,0.00,0.00
4.00,0.00,0.00,0.00,0.00,0.00,0.00,0.00
3.00,0.00,0.00,0.00,0.00,0.00,0.00,0.00
1.00,0.00,0.00,0.00,0.00,0.00,0.00,0.00
1.00,0.00,0.00,0.00,0.00,0.00,0.00,0.00
0.00,0.00,0.00,0.00,0.00,0.00,0.00,0.00
0.00,0.00,0.00,0.00,0.00,0.00,0.00,0.00
14.00,13.00,13.00,0.00,1.00,0.00,2.00,0.00
15.00,22.00,18.00,1.00,1.00,0.00,3.00,0.00
16.00,19.00,12.00,2.00,1.00,0.00,2.00,0.00
17.00,24.00,14.00,4.00,1.00,0.00,3.00,0.00
16.00,23.00,21.00,3.00,2.00,0.00,5.00,0.00
16.00,24.00,21.00,3.00,2.00,0.00,3.00,0.00
16.00,25.00,22.00,2.00,1.00,0.00,3.00,0.00
16.00,25.00,23.00,3.00,1.00,0.00,3.00,0.00
16.00,24.00,23.00,3.00,2.00,0.00,3.00,0.00
16.00,21.00,20.00,4.00,2.00,0.00,3.00,0.00
15.00,18.00,18.00,4.00,1.00,0.00,2.00,0.00
15.00,15.00,15.00,5.00,1.00,0.00,2.00,0.00
14.00,11.00,12.00,4.00,1.00,0.00,2.00,0.00
12.00,13.00,8.00,5.00,1.00,0.00,1.00,0.00
13.00,12.00,5.00,3.00,1.00,0.00,1.00,0.00
14.00,9.00,3.00,4.00,0.00,0.00,1.00,0.00
14.00,6.00,3.00,4.00,0.00,0.00,1.00,0.00
11.00,3.00,1.00,1.00,0.00,0.00,0.00,0.00
12.00,1.00,0.00,0.00,0.00,0.00,0.00,0.00
12.00,1.00,0.00,0.00,0.00,0.00,0.00,0.00
8.00,1.00,0.00,0.00,0.00,0.00,0.00,0.00
7.00,1.00,0.00,0.00,0.00,0.00,0.00,0.00
4.00,0.00,0.00,0.00,0.00,0.00,0.00,0.00
1.00,0.00,0.00,0.00,0.00,0.00,0.00,0.00
3.00,0.00,0.00,0.00,0.00,0.00,0.00,0.00
1.00,0.00,0.00,0.00,0.00,0.00,0.00,0.00
2.00,0.00,0.00,0.00,0.00,0.00,0.00,0.00
0.00,0.00,0.00,0.00,0.00,0.00,0.00,0.00
0.00,0.00,0.00,0.00,0.00,0.00,0.00,0.00
0.00,0.00,0.00,0.00,0.00,0.00,0.00,0.00
16.00,23.00,14.00,0.00,1.00,0.00,2.00,0.00
15.00,19.00,15.00,0.00,1.00,0.00,3.00,0.00
16.00,16.00,11.00,0.00,1.00,0.00,2.00,0.00
15.00,25.00,17.00,1.00,1.00,0.00,3.00,0.00
15.00,24.00,21.00,1.00,1.00,0.00,3.00,0.00
16.00,26.00,21.00,2.00,1.00,0.00,3.00,0.00
15.00,21.00,24.00,2.00,1.00,0.00,4.00,0.00
15.00,17.00,22.00,2.00,1.00,0.00,3.00,0.00
15.00,16.00,20.00,1.00,2.00,0.00,3.00,0.00
15.00,15.00,21.00,2.00,1.00,0.00,3.00,0.00
14.00,16.00,18.00,1.00,1.00,0.00,3.00,0.00
15.00,17.00,20.00,2.00,1.00,0.00,3.00,0.00
15.00,17.00,19.00,2.00,1.00,0.00,3.00,0.00
15.00,19.00,20.00,3.00,1.00,0.00,3.00,0.00
15.00,19.00,17.00,5.00,2.00,0.00,2.00,0.00
15.00,19.00,15.00,5.00,3.00,0.00,3.00,0.00
14.00,19.00,10.00,5.00,2.00,0.00,2.00,0.00
14.00,19.00,7.00,6.00,2.00,0.00,2.00,0.00
13.00,16.00,5.00,7.00,1.00,0.00,2.00,0.00
13.00,8.00,3.00,4.00,0.00,0.00,1.00,0.00
10.00,3.00,1.00,2.00,0.00,0.00,0.00,0.00
9.00,1.00,0.00,0.00,0.00,0.00,0.00,0.00
8.00,1.00,0.00,0.00,0.00,0.00,0.00,0.00
6.00,0.00,0.00,0.00,0.00,0.00,0.00,0.00
5.00,0.00,0.00,0.00,0.00,0.00,0.00,0.00
4.00,0.00,0.00,0.00,0.00,0.00,0.00,0.00
2.00,0.00,0.00,0.00,0.00,0.00,0.00,0.00
1.00,0.00,0.00,0.00,0.00,0.00,0.00,0.00
2.00,0.00,0.00,0.00,0.00,0.00,0.00,0.00
1.00,0.00,0.00,0.00,0.00,0.00,0.00,0.00
22.00,16.00,10.00,0.00,0.00,0.00,1.00,0.00
22.00,35.00,17.00,0.00,0.00,0.00,3.00,0.00
20.00,28.00,21.00,1.00,1.00,0.00,4.00,0.00
19.00,17.00,25.00,2.00,1.00,0.00,4.00,0.00
19.00,24.00,28.00,2.00,1.00,0.00,4.00,0.00
17.00,30.00,35.00,2.00,1.00,0.00,5.00,0.00
16.00,30.00,34.00,3.00,1.00,0.00,5.00,0.00
16.00,32.00,35.00,3.00,2.00,0.00,5.00,0.00
16.00,28.00,32.00,3.00,1.00,0.00,5.00,0.00
16.00,26.00,32.00,3.00,2.00,0.00,5.00,0.00
14.00,17.00,29.00,3.00,1.00,0.00,4.00,0.00
15.00,10.00,24.00,2.00,2.00,0.00,3.00,0.00
15.00,12.00,20.00,3.00,1.00,0.00,3.00,0.00
15.00,11.00,15.00,4.00,1.00,0.00,2.00,0.00
16.00,10.00,14.00,5.00,1.00,0.00,3.00,0.00
16.00,11.00,11.00,6.00,1.00,0.00,2.00,0.00
14.00,12.00,5.00,5.00,1.00,0.00,2.00,0.00
15.00,9.00,6.00,8.00,0.00,0.00,3.00,0.00
14.00,6.00,2.00,4.00,0.00,0.00,1.00,0.00
12.00,2.00,1.00,2.00,0.00,0.00,1.00,0.00
9.00,0.00,0.00,0.00,0.00,0.00,0.00,0.00
7.00,1.00,0.00,0.00,0.00,0.00,0.00,0.00
6.00,0.00,0.00,0.00,0.00,0.00,0.00,0.00
4.00,0.00,0.00,0.00,0.00,0.00,0.00,0.00
3.00,0.00,0.00,0.00,0.00,0.00,0.00,0.00
2.00,0.00,0.00,0.00,0.00,0.00,0.00,0.00
1.00,0.00,0.00,0.00,0.00,0.00,0.00,0.00
2.00,0.00,0.00,0.00,0.00,0.00,0.00,0.00
1.00,0.00,0.00,0.00,0.00,0.00,0.00,0.00
0.00,0.00,0.00,0.00,0.00,0.00,0.00,0.00
15.00,17.00,11.00,1.00,0.00,0.00,2.00,0.00
15.00,21.00,9.00,1.00,0.00,0.00,3.00,0.00
14.00,25.00,12.00,1.00,1.00,0.00,3.00,0.00
13.00,25.00,15.00,1.00,1.00,0.00,3.00,0.00
15.00,28.00,20.00,2.00,0.00,0.00,4.00,0.00
14.00,25.00,23.00,3.00,1.00,0.00,3.00,0.00
13.00,17.00,25.00,3.00,1.00,0.00,4.00,0.00
13.00,17.00,22.00,3.00,1.00,0.00,3.00,0.00
14.00,18.00,22.00,3.00,1.00,0.00,3.00,0.00
13.00,17.00,19.00,4.00,1.00,0.00,3.00,0.00
14.00,16.00,17.00,5.00,1.00,0.00,2.00,0.00
13.00,17.00,14.00,6.00,1.00,0.00,2.00,0.00
13.00,17.00,12.00,6.00,1.00,0.00,2.00,0.00
14.00,16.00,10.00,6.00,1.00,0.00,2.00,0.00
13.00,15.00,7.00,5.00,1.00,0.00,2.00,0.00
12.00,14.00,6.00,8.00,0.00,0.00,3.00,0.00
12.00,11.00,4.00,6.00,1.00,0.00,2.00,0.00
11.00,8.00,3.00,1.00,1.00,0.00,1.00,0.00
10.00,4.00,1.00,2.00,0.00,0.00,0.00,0.00
7.00,1.00,0.00,0.00,0.00,0.00,0.00,0.00
8.00,0.00,0.00,0.00,0.00,0.00,0.00,0.00
6.00,0.00,0.00,0.00,0.00,0.00,0.00,0.00
4.00,0.00,0.00,0.00,0.00,0.00,0.00,0.00
3.00,0.00,0.00,0.00,0.00,0.00,0.00,0.00
1.00,0.00,0.00,0.00,0.00,0.00,0.00,0.00
1.00,0.00,0.00,0.00,0.00,0.00,0.00,0.00
0.00,0.00,0.00,0.00,0.00,0.00,0.00,0.00
0.00,0.00,0.00,0.00,0.00,0.00,0.00,0.00
0.00,0.00,0.00,0.00,0.00,0.00,0.00,0.00
0.00,0.00,0.00,0.00,0.00,0.00,0.00,0.00
13.00,15.00,12.00,0.00,0.00,0.00,2.00,0.00
12.00,15.00,14.00,0.00,0.00,0.00,2.00,0.00
12.00,20.00,13.00,0.00,0.00,0.00,2.00,0.00
13.00,22.00,14.00,1.00,1.00,0.00,3.00,0.00
13.00,20.00,12.00,1.00,0.00,0.00,2.00,0.00
12.00,16.00,11.00,1.00,0.00,0.00,2.00,0.00
13.00,16.00,11.00,2.00,0.00,0.00,2.00,0.00
13.00,16.00,12.00,2.00,0.00,0.00,2.00,0.00
12.00,16.00,10.00,2.00,0.00,0.00,2.00,0.00
12.00,15.00,9.00,4.00,0.00,0.00,2.00,0.00
12.00,15.00,9.00,5.00,1.00,0.00,2.00,0.00
12.00,15.00,8.00,5.00,1.00,0.00,2.00,0.00
13.00,15.00,7.00,6.00,1.00,0.00,2.00,0.00
13.00,14.00,6.00,5.00,1.00,0.00,1.00,0.00
13.00,13.00,5.00,4.00,1.00,0.00,1.00,0.00
14.00,10.00,4.00,4.00,2.00,0.00,2.00,0.00
12.00,8.00,3.00,3.00,0.00,0.00,1.00,0.00
11.00,5.00,1.00,2.00,1.00,0.00,1.00,0.00
8.00,2.00,0.00,0.00,0.00,0.00,0.00,0.00
7.00,1.00,0.00,0.00,0.00,0.00,0.00,0.00
6.00,0.00,0.00,0.00,0.00,0.00,0.00,0.00
5.00,0.00,0.00,0.00,0.00,0.00,0.00,0.00
4.00,0.00,0.00,0.00,0.00,0.00,0.00,0.00
2.00,0.00,0.00,0.00,0.00,0.00,0.00,0.00
1.00,0.00,0.00,0.00,0.00,0.00,0.00,0.00
1.00,0.00,0.00,0.00,0.00,0.00,0.00,0.00
0.00,0.00,0.00,0.00,0.00,0.00,0.00,0.00
1.00,0.00,0.00,0.00,0.00,0.00,0.00,0.00
0.00,0.00,0.00,0.00,0.00,0.00,0.00,0.00
0.00,0.00,0.00,0.00,0.00,0.00,0.00,0.00
16.00,17.00,10.00,0.00,0.00,0.00,1.00,0.00
18.00,24.00,18.00,1.00,0.00,0.00,3.00,0.00
18.00,24.00,17.00,1.00,1.00,0.00,3.00,0.00
16.00,16.00,15.00,2.00,1.00,0.00,2.00,0.00
16.00,17.00,18.00,1.00,1.00,0.00,4.00,0.00
14.00,20.00,22.00,2.00,1.00,0.00,4.00,0.00
15.00,20.00,22.00,2.00,2.00,0.00,4.00,0.00
15.00,21.00,23.00,2.00,1.00,0.00,3.00,0.00
15.00,17.00,24.00,2.00,1.00,0.00,4.00,0.00
16.00,15.00,22.00,2.00,1.00,0.00,3.00,0.00
16.00,16.00,21.00,3.00,1.00,0.00,3.00,0.00
15.00,15.00,19.00,2.00,1.00,0.00,3.00,0.00
15.00,15.00,18.00,3.00,1.00,0.00,3.00,0.00
14.00,15.00,18.00,4.00,1.00,0.00,3.00,0.00
14.00,14.00,16.00,5.00,1.00,0.00,2.00,0.00
14.00,15.00,15.00,5.00,1.00,0.00,2.00,0.00
14.00,14.00,12.00,7.00,1.00,0.00,2.00,0.00
14.00,13.00,9.00,8.00,0.00,0.00,2.00,0.00
13.00,11.00,5.00,8.00,0.00,0.00,3.00,0.00
14.00,9.00,4.00,8.00,1.00,0.00,2.00,0.00
12.00,5.00,2.00,4.00,0.00,0.00,1.00,0.00
7.00,2.00,0.00,1.00,0.00,0.00,0.00,0.00
9.00,0.00,0.00,0.00,0.00,0.00,0.00,0.00
7.00,0.00,0.00,0.00,0.00,0.00,0.00,0.00
6.00,0.00,0.00,0.00,0.00,0.00,0.00,0.00
3.00,0.00,0.00,0.00,0.00,0.00,0.00,0.00
3.00,0.00,0.00,0.00,0.00,0.00,0.00,0.00
1.00,0.00,0.00,0.00,0.00,0.00,0.00,0.00
2.00,0.00,0.00,0.00,0.00,0.00,0.00,0.00
2.00,0.00,0.00,0.00,0.00,0.00,0.00,0.00
17.00,16.00,17.00,0.00,0.00,0.00,3.00,0.00
15.00,23.00,20.00,0.00,1.00,0.00,3.00,0.00
15.00,19.00,17.00,0.00,1.00,0.00,3.00,0.00
15.00,17.00,15.00,1.00,1.00,0.00,3.00,0.00
15.00,18.00,17.00,1.00,1.00,0.00,4.00,0.00
14.00,19.00,19.00,2.00,1.00,0.00,4.00,0.00
16.00,18.00,14.00,2.00,1.00,0.00,3.00,0.00
14.00,18.00,16.00,2.00,1.00,0.00,3.00,0.00
13.00,17.00,16.00,3.00,1.00,0.00,3.00,0.00
13.00,16.00,16.00,3.00,1.00,0.00,3.00,0.00
12.00,17.00,19.00,2.00,2.00,0.00,3.00,0.00
13.00,17.00,17.00,3.00,2.00,0.00,3.00,0.00
14.00,19.00,17.00,5.00,1.00,0.00,3.00,0.00
13.00,17.00,14.00,6.00,1.00,0.00,3.00,0.00
13.00,16.00,12.00,7.00,1.00,0.00,3.00,0.00
13.00,15.00,10.00,8.00,1.00,0.00,3.00,0.00
13.00,15.00,8.00,8.00,1.00,0.00,2.00,0.00
14.00,14.00,5.00,6.00,1.00,0.00,2.00,0.00
13.00,13.00,3.00,6.00,1.00,0.00,2.00,0.00
12.00,8.00,2.00,4.00,1.00,0.00,1.00,0.00
11.00,4.00,1.00,1.00,0.00,0.00,0.00,0.00
9.00,1.00,0.00,0.00,0.00,0.00,0.00,0.00
9.00,1.00,0.00,0.00,0.00,0.00,0.00,0.00
7.00,0.00,0.00,0.00,0.00,0.00,0.00,0.00
7.00,0.00,0.00,0.00,0.00,0.00,0.00,0.00
7.00,0.00,0.00,0.00,0.00,0.00,0.00,0.00
4.00,0.00,0.00,0.00,0.00,0.00,0.00,0.00
3.00,0.00,0.00,0.00,0.00,0.00,0.00,0.00
2.00,0.00,0.00,0.00,0.00,0.00,0.00,0.00
1.00,0.00,0.00,0.00,0.00,0.00,0.00,0.00
25.00,13.00,4.00,0.00,0.00,0.00,1.00,0.00
24.00,15.00,5.00,0.00,0.00,0.00,1.00,0.00
22.00,15.00,6.00,0.00,0.00,0.00,1.00,0.00
24.00,18.00,8.00,0.00,0.00,0.00,1.00,0.00
24.00,17.00,13.00,0.00,0.00,0.00,2.00,0.00
24.00,22.00,19.00,0.00,0.00,0.00,3.00,0.00
20.00,24.00,25.00,0.00,0.00,0.00,4.00,0.00
19.00,16.00,21.00,1.00,1.00,0.00,4.00,0.00
18.00,16.00,22.00,1.00,2.00,0.00,4.00,0.00
17.00,18.00,21.00,1.00,1.00,0.00,4.00,0.00
16.00,20.00,30.00,1.00,1.00,0.00,7.00,0.00
16.00,21.00,23.00,2.00,1.00,0.00,5.00,0.00
16.00,21.00,16.00,2.00,2.00,0.00,3.00,0.00
15.00,19.00,11.00,7.00,1.00,0.00,3.00,0.00
17.00,22.00,12.00,10.00,1.00,0.00,3.00,0.00
17.00,20.00,13.00,11.00,2.00,0.00,4.00,0.00
17.00,19.00,12.00,10.00,2.00,0.00,3.00,0.00
19.00,18.00,13.00,12.00,2.00,0.00,4.00,0.00
17.00,17.00,13.00,10.00,2.00,0.00,4.00,0.00
18.00,16.00,13.00,10.00,1.00,0.00,4.00,0.00
17.00,15.00,11.00,10.00,2.00,0.00,3.00,0.00
15.00,13.00,7.00,7.00,1.00,0.00,2.00,0.00
15.00,11.00,4.00,6.00,0.00,0.00,2.00,0.00
15.00,8.00,2.00,3.00,0.00,0.00,1.00,0.00
12.00,5.00,1.00,3.00,0.00,0.00,1.00,0.00
10.00,2.00,1.00,1.00,0.00,0.00,0.00,0.00
11.00,1.00,0.00,0.00,0.00,0.00,0.00,0.00
10.00,1.00,0.00,0.00,0.00,0.00,0.00,0.00
8.00,1.00,0.00,0.00,0.00,0.00,0.00,0.00
7.00,0.00,0.00,0.00,0.00,0.00,0.00,0.00
19.00,14.00,10.00,0.00,0.00,0.00,1.00,0.00
19.00,11.00,7.00,0.00,0.00,0.00,1.00,0.00
17.00,8.00,5.00,0.00,0.00,0.00,1.00,0.00
15.00,9.00,4.00,0.00,0.00,0.00,1.00,0.00
14.00,9.00,4.00,0.00,0.00,0.00,1.00,0.00
14.00,7.00,3.00,0.00,0.00,0.00,1.00,0.00
15.00,7.00,4.00,0.00,0.00,0.00,1.00,0.00
16.00,8.00,6.00,0.00,0.00,0.00,1.00,0.00
17.00,11.00,7.00,0.00,0.00,0.00,1.00,0.00
16.00,13.00,8.00,1.00,0.00,0.00,2.00,0.00
18.00,19.00,11.00,1.00,1.00,0.00,2.00,0.00
19.00,27.00,15.00,1.00,1.00,0.00,3.00,0.00
19.00,24.00,17.00,1.00,1.00,0.00,3.00,0.00
17.00,24.00,22.00,1.00,0.00,0.00,4.00,0.00
17.00,25.00,23.00,1.00,1.00,0.00,4.00,0.00
17.00,27.00,17.00,1.00,1.00,0.00,4.00,0.00
15.00,27.00,17.00,2.00,1.00,0.00,4.00,0.00
16.00,26.00,18.00,2.00,1.00,0.00,3.00,0.00
15.00,26.00,19.00,3.00,2.00,0.00,3.00,0.00
15.00,25.00,19.00,3.00,2.00,0.00,3.00,0.00
14.00,22.00,26.00,3.00,2.00,0.00,4.00,0.00
13.00,13.00,24.00,3.00,3.00,0.00,4.00,0.00
11.00,12.00,20.00,3.00,2.00,0.00,3.00,0.00
12.00,11.00,18.00,2.00,2.00,0.00,3.00,0.00
12.00,11.00,16.00,2.00,2.00,0.00,2.00,0.00
13.00,10.00,14.00,4.00,2.00,0.00,2.00,0.00
12.00,10.00,12.00,4.00,1.00,0.00,2.00,0.00
12.00,12.00,9.00,5.00,1.00,0.00,1.00,0.00
13.00,13.00,7.00,4.00,1.00,0.00,1.00,0.00
12.00,14.00,5.00,4.00,0.00,0.00,1.00,0.00
19.00,14.00,10.00,1.00,0.00,0.00,2.00,0.00
18.00,23.00,13.00,1.00,1.00,0.00,2.00,0.00
19.00,25.00,14.00,1.00,0.00,0.00,2.00,0.00
19.00,19.00,16.00,1.00,0.00,0.00,3.00,0.00
19.00,22.00,20.00,1.00,1.00,0.00,4.00,0.00
17.00,21.00,20.00,2.00,2.00,0.00,3.00,0.00
18.00,20.00,24.00,2.00,1.00,0.00,4.00,0.00
17.00,21.00,26.00,2.00,2.00,0.00,4.00,0.00
16.00,20.00,25.00,2.00,2.00,0.00,4.00,0.00
16.00,18.00,24.00,4.00,2.00,0.00,4.00,0.00
15.00,18.00,22.00,4.00,2.00,0.00,3.00,0.00
15.00,19.00,19.00,5.00,2.00,0.00,3.00,0.00
15.00,19.00,15.00,6.00,2.00,0.00,3.00,0.00
15.00,18.00,13.00,7.00,1.00,0.00,3.00,0.00
14.00,18.00,12.00,8.00,1.00,0.00,3.00,0.00
14.00,19.00,10.00,7.00,2.00,0.00,3.00,0.00
13.00,19.00,9.00,8.00,1.00,0.00,2.00,0.00
13.00,17.00,7.00,5.00,0.00,0.00,2.00,0.00
12.00,15.00,7.00,5.00,1.00,0.00,2.00,0.00
12.00,14.00,5.00,4.00,1.00,0.00,1.00,0.00
12.00,14.00,4.00,5.00,1.00,0.00,1.00,0.00
12.00,13.00,4.00,3.00,1.00,0.00,1.00,0.00
11.00,12.00,3.00,3.00,0.00,0.00,1.00,0.00
11.00,11.00,3.00,2.00,0.00,0.00,1.00,0.00
11.00,10.00,2.00,2.00,1.00,0.00,1.00,0.00
10.00,8.00,2.00,2.00,0.00,0.00,1.00,0.00
11.00,6.00,2.00,2.00,0.00,0.00,0.00,0.00
9.00,4.00,1.00,1.00,0.00,0.00,0.00,0.00
7.00,2.00,1.00,1.00,0.00,0.00,0.00,0.00
7.00,1.00,0.00,0.00,0.00,0.00,0.00,0.00
17.00,15.00,12.00,0.00,0.00,0.00,2.00,0.00
17.00,17.00,12.00,0.00,0.00,0.00,2.00,0.00
16.00,20.00,12.00,1.00,1.00,0.00,2.00,0.00
16.00,21.00,10.00,1.00,0.00,0.00,3.00,0.00
17.00,26.00,18.00,1.00,1.00,0.00,3.00,0.00
18.00,25.00,17.00,2.00,1.00,0.00,3.00,0.00
18.00,23.00,17.00,2.00,1.00,0.00,4.00,0.00
18.00,24.00,18.00,2.00,1.00,0.00,3.00,0.00
18.00,22.00,20.00,3.00,1.00,0.00,3.00,0.00
17.00,21.00,17.00,3.00,1.00,0.00,3.00,0.00
17.00,20.00,16.00,4.00,2.00,0.00,3.00,0.00
18.00,20.00,16.00,5.00,1.00,0.00,3.00,0.00
19.00,20.00,16.00,5.00,1.00,0.00,3.00,0.00
17.00,18.00,14.00,6.00,1.00,0.00,3.00,0.00
16.00,18.00,13.00,6.00,1.00,0.00,2.00,0.00
17.00,16.00,11.00,7.00,1.00,0.00,3.00,0.00
15.00,15.00,11.00,6.00,1.00,0.00,3.00,0.00
16.00,13.00,10.00,6.00,1.00,0.00,2.00,0.00
16.00,12.00,8.00,7.00,1.00,0.00,2.00,0.00
15.00,11.00,7.00,7.00,1.00,0.00,2.00,0.00
15.00,10.00,6.00,6.00,1.00,0.00,2.00,0.00
15.00,8.00,5.00,5.00,0.00,0.00,1.00,0.00
13.00,5.00,4.00,5.00,0.00,0.00,1.00,0.00
11.00,3.00,2.00,2.00,0.00,0.00,1.00,0.00
11.00,1.00,2.00,3.00,0.00,0.00,1.00,0.00
10.00,1.00,1.00,1.00,0.00,0.00,0.00,0.00
8.00,0.00,0.00,1.00,0.00,0.00,0.00,0.00
7.00,0.00,0.00,0.00,0.00,0.00,0.00,0.00
7.00,0.00,0.00,0.00,0.00,0.00,0.00,0.00
4.00,1.00,0.00,0.00,0.00,0.00,0.00,0.00
14.00,14.00,13.00,0.00,1.00,0.00,2.00,0.00
14.00,15.00,15.00,0.00,1.00,0.00,2.00,0.00
15.00,18.00,17.00,0.00,1.00,0.00,3.00,0.00
15.00,26.00,13.00,0.00,1.00,0.00,3.00,0.00
14.00,26.00,18.00,1.00,1.00,0.00,4.00,0.00
14.00,22.00,26.00,1.00,1.00,0.00,6.00,0.00
13.00,19.00,21.00,1.00,1.00,0.00,5.00,0.00
13.00,15.00,14.00,1.00,0.00,0.00,3.00,0.00
12.00,14.00,12.00,2.00,1.00,0.00,3.00,0.00
12.00,13.00,11.00,1.00,1.00,0.00,2.00,0.00
12.00,12.00,9.00,2.00,1.00,0.00,2.00,0.00
12.00,12.00,9.00,2.00,1.00,0.00,2.00,0.00
12.00,11.00,9.00,1.00,1.00,0.00,2.00,0.00
12.00,12.00,8.00,1.00,1.00,0.00,2.00,0.00
13.00,13.00,9.00,2.00,1.00,0.00,2.00,0.00
12.00,14.00,8.00,3.00,1.00,0.00,1.00,0.00
13.00,15.00,8.00,3.00,1.00,0.00,2.00,0.00
13.00,14.00,7.00,4.00,2.00,0.00,1.00,0.00
13.00,15.00,5.00,3.00,1.00,0.00,2.00,0.00
12.00,14.00,5.00,4.00,1.00,0.00,1.00,0.00
12.00,14.00,4.00,5.00,1.00,0.00,1.00,0.00
11.00,12.00,3.00,4.00,0.00,0.00,1.00,0.00
11.00,9.00,3.00,3.00,1.00,0.00,1.00,0.00
10.00,8.00,2.00,3.00,0.00,0.00,1.00,0.00
10.00,6.00,1.00,3.00,0.00,0.00,1.00,0.00
9.00,3.00,0.00,2.00,0.00,0.00,0.00,0.00
8.00,2.00,0.00,1.00,0.00,0.00,0.00,0.00
4.00,1.00,0.00,0.00,0.00,0.00,0.00,0.00
5.00,0.00,0.00,0.00,0.00,0.00,0.00,0.00
3.00,0.00,0.00,0.00,0.00,0.00,0.00,0.00
37.00,12.00,2.00,0.00,0.00,0.00,2.00,0.00
45.00,18.00,5.00,0.00,0.00,0.00,2.00,0.00
41.00,29.00,8.00,0.00,0.00,0.00,2.00,0.00
37.00,40.00,10.00,0.00,0.00,0.00,3.00,0.00
40.00,52.00,37.00,1.00,1.00,0.00,7.00,0.00
30.00,94.00,81.00,2.00,4.00,0.00,15.00,0.00
31.00,99.00,58.00,2.00,3.00,0.00,12.00,0.00
30.00,59.00,38.00,3.00,2.00,0.00,8.00,0.00
35.00,51.00,38.00,4.00,2.00,0.00,10.00,0.00
42.00,55.00,33.00,7.00,2.00,0.00,7.00,0.00
39.00,49.00,34.00,10.00,2.00,0.00,10.00,0.00
45.00,44.00,22.00,9.00,1.00,0.00,6.00,0.00
44.00,40.00,14.00,10.00,2.00,0.00,5.00,0.00
37.00,27.00,8.00,9.00,1.00,0.00,3.00,0.00
26.00,5.00,1.00,1.00,0.00,0.00,1.00,0.00
19.00,1.00,1.00,1.00,0.00,0.00,1.00,0.00
13.00,0.00,0.00,0.00,0.00,0.00,0.00,0.00
10.00,0.00,0.00,0.00,0.00,0.00,0.00,0.00
10.00,1.00,0.00,0.00,0.00,0.00,0.00,0.00
4.00,0.00,0.00,0.00,0.00,0.00,0.00,0.00
4.00,0.00,0.00,0.00,0.00,0.00,0.00,0.00
0.00,0.00,0.00,0.00,0.00,0.00,0.00,0.00
0.00,0.00,0.00,0.00,0.00,0.00,0.00,0.00
0.00,0.00,0.00,0.00,0.00,0.00,0.00,0.00
0.00,0.00,0.00,0.00,0.00,0.00,0.00,0.00
0.00,0.00,0.00,0.00,0.00,0.00,0.00,0.00
0.00,0.00,0.00,0.00,0.00,0.00,0.00,0.00
1.00,0.00,0.00,0.00,0.00,0.00,0.00,0.00
0.00,0.00,0.00,0.00,0.00,0.00,0.00,0.00
0.00,0.00,0.00,0.00,0.00,0.00,0.00,0.00
29.00,13.00,4.00,0.00,0.00,0.00,1.00,0.00
26.00,19.00,6.00,0.00,0.00,0.00,1.00,0.00
28.00,22.00,7.00,0.00,0.00,0.00,2.00,0.00
31.00,25.00,8.00,0.00,0.00,0.00,2.00,0.00
37.00,17.00,16.00,0.00,0.00,0.00,2.00,0.00
39.00,29.00,35.00,1.00,0.00,0.00,6.00,0.00
33.00,41.00,56.00,1.00,1.00,0.00,10.00,0.00
30.00,48.00,44.00,1.00,1.00,0.00,8.00,0.00
34.00,41.00,27.00,2.00,2.00,0.00,5.00,0.00
30.00,38.00,43.00,3.00,2.00,0.00,10.00,0.00
25.00,33.00,30.00,3.00,1.00,1.00,7.00,0.00
30.00,28.00,22.00,6.00,2.00,0.00,5.00,0.00
32.00,31.00,23.00,4.00,2.00,0.00,4.00,0.00
29.00,30.00,18.00,4.00,2.00,0.00,3.00,0.00
37.00,29.00,17.00,6.00,1.00,0.00,3.00,0.00
33.00,27.00,15.00,9.00,1.00,0.00,3.00,0.00
35.00,20.00,8.00,4.00,1.00,0.00,2.00,0.00
19.00,3.00,2.00,2.00,0.00,0.00,1.00,0.00
16.00,1.00,1.00,0.00,0.00,0.00,1.00,0.00
15.00,0.00,0.00,0.00,0.00,0.00,0.00,0.00
7.00,0.00,0.00,0.00,0.00,0.00,0.00,0.00
2.00,0.00,0.00,0.00,0.00,0.00,0.00,0.00
1.00,0.00,0.00,0.00,0.00,0.00,0.00,0.00
0.00,0.00,0.00,0.00,0.00,0.00,0.00,0.00
0.00,0.00,0.00,0.00,0.00,0.00,0.00,0.00
0.00,0.00,0.00,0.00,0.00,0.00,0.00,0.00
0.00,0.00,0.00,0.00,0.00,0.00,0.00,0.00
1.00,0.00,0.00,0.00,0.00,0.00,0.00,0.00
0.00,0.00,0.00,0.00,0.00,0.00,0.00,0.00
0.00,0.00,0.00,0.00,0.00,0.00,0.00,0.00
33.00,14.00,7.00,0.00,0.00,0.00,2.00,0.00
35.00,21.00,9.00,0.00,0.00,0.00,2.00,0.00
39.00,22.00,14.00,0.00,0.00,0.00,2.00,0.00
37.00,28.00,30.00,1.00,0.00,0.00,5.00,0.00
36.00,55.00,46.00,2.00,1.00,0.00,9.00,0.00
33.00,69.00,53.00,2.00,1.00,0.00,12.00,0.00
32.00,50.00,29.00,3.00,1.00,0.00,6.00,0.00
37.00,43.00,29.00,5.00,2.00,0.00,5.00,0.00
33.00,40.00,31.00,6.00,1.00,0.00,8.00,0.00
32.00,37.00,30.00,6.00,1.00,0.00,9.00,0.00
35.00,37.00,25.00,14.00,1.00,0.00,7.00,0.00
30.00,33.00,13.00,8.00,1.00,0.00,4.00,0.00
30.00,32.00,7.00,7.00,1.00,0.00,4.00,0.00
32.00,20.00,5.00,3.00,0.00,0.00,2.00,0.00
23.00,2.00,1.00,0.00,0.00,0.00,1.00,0.00
23.00,2.00,0.00,0.00,0.00,0.00,1.00,0.00
19.00,1.00,0.00,0.00,0.00,0.00,1.00,0.00
9.00,1.00,0.00,0.00,0.00,0.00,0.00,0.00
5.00,1.00,0.00,0.00,0.00,0.00,0.00,0.00
2.00,0.00,0.00,0.00,0.00,0.00,0.00,0.00
1.00,0.00,0.00,0.00,0.00,0.00,0.00,0.00
0.00,0.00,0.00,0.00,0.00,0.00,0.00,0.00
1.00,0.00,0.00,0.00,0.00,0.00,0.00,0.00
0.00,0.00,0.00,0.00,0.00,0.00,0.00,0.00
0.00,0.00,0.00,0.00,0.00,0.00,0.00,0.00
0.00,0.00,0.00,0.00,0.00,0.00,0.00,0.00
0.00,0.00,0.00,0.00,0.00,0.00,0.00,0.00
0.00,0.00,0.00,0.00,0.00,0.00,0.00,0.00
0.00,0.00,0.00,0.00,0.00,0.00,0.00,0.00
0.00,0.00,0.00,0.00,0.00,0.00,0.00,0.00
35.00,11.00,3.00,0.00,0.00,0.00,2.00,0.00
36.00,12.00,4.00,0.00,0.00,0.00,2.00,0.00
35.00,12.00,4.00,0.00,0.00,0.00,2.00,0.00
36.00,12.00,5.00,0.00,0.00,0.00,2.00,0.00
40.00,15.00,7.00,0.00,0.00,0.00,2.00,0.00
42.00,28.00,12.00,0.00,0.00,0.00,2.00,0.00
40.00,40.00,23.00,1.00,0.00,0.00,4.00,0.00
29.00,32.00,41.00,1.00,0.00,0.00,7.00,0.00
26.00,67.00,66.00,2.00,1.00,0.00,12.00,0.00
22.00,75.00,48.00,3.00,2.00,0.00,9.00,0.00
26.00,39.00,62.00,3.00,2.00,0.00,15.00,0.00
24.00,40.00,52.00,4.00,1.00,0.00,12.00,0.00
22.00,28.00,39.00,5.00,2.00,1.00,8.00,0.00
25.00,21.00,27.00,8.00,1.00,0.00,6.00,0.00
28.00,26.00,21.00,6.00,3.00,0.00,4.00,0.00
25.00,28.00,16.00,7.00,2.00,0.00,3.00,0.00
31.00,26.00,10.00,8.00,1.00,0.00,3.00,0.00
35.00,23.00,7.00,8.00,2.00,0.00,3.00,0.00
32.00,9.00,4.00,4.00,0.00,0.00,2.00,0.00
28.00,3.00,1.00,1.00,0.00,0.00,1.00,0.00
17.00,1.00,1.00,0.00,0.00,0.00,1.00,0.00
18.00,0.00,0.00,0.00,0.00,0.00,1.00,0.00
16.00,1.00,0.00,0.00,0.00,0.00,0.00,0.00
7.00,0.00,0.00,0.00,0.00,0.00,0.00,0.00
3.00,0.00,0.00,0.00,0.00,0.00,0.00,0.00
2.00,0.00,0.00,0.00,0.00,0.00,0.00,0.00
0.00,0.00,0.00,0.00,0.00,0.00,0.00,0.00
0.00,0.00,0.00,0.00,0.00,0.00,0.00,0.00
1.00,0.00,0.00,0.00,0.00,0.00,0.00,0.00
0.00,0.00,0.00,0.00,0.00,0.00,0.00,0.00
44.00,16.00,4.00,0.00,0.00,0.00,2.00,0.00
48.00,22.00,5.00,0.00,0.00,0.00,3.00,0.00
50.00,22.00,5.00,0.00,0.00,0.00,3.00,0.00
52.00,30.00,8.00,0.00,0.00,0.00,3.00,0.00
46.00,24.00,11.00,0.00,0.00,0.00,2.00,0.00
48.00,34.00,22.00,1.00,1.00,0.00,3.00,0.00
34.00,33.00,30.00,1.00,3.00,0.00,6.00,0.00
38.00,65.00,47.00,3.00,5.00,0.00,9.00,0.00
35.00,75.00,58.00,5.00,5.00,1.00,13.00,0.00
34.00,66.00,39.00,5.00,5.00,0.00,9.00,0.00
33.00,57.00,21.00,6.00,4.00,0.00,7.00,0.00
35.00,51.00,18.00,13.00,2.00,0.00,6.00,0.00
32.00,44.00,11.00,15.00,1.00,0.00,5.00,0.00
35.00,38.00,10.00,9.00,1.00,0.00,5.00,0.00
31.00,23.00,4.00,5.00,0.00,0.00,3.00,0.00
28.00,6.00,2.00,1.00,0.00,0.00,1.00,0.00
30.00,3.00,1.00,0.00,0.00,0.00,1.00,0.00
25.00,1.00,1.00,0.00,0.00,0.00,1.00,0.00
26.00,2.00,0.00,0.00,0.00,0.00,1.00,0.00
20.00,1.00,0.00,0.00,0.00,0.00,1.00,0.00
9.00,1.00,0.00,0.00,0.00,0.00,0.00,0.00
7.00,0.00,0.00,0.00,0.00,0.00,0.00,0.00
4.00,0.00,0.00,0.00,0.00,0.00,0.00,0.00
1.00,0.00,0.00,0.00,0.00,0.00,0.00,0.00
0.00,0.00,0.00,0.00,0.00,0.00,0.00,0.00
0.00,0.00,0.00,0.00,0.00,0.00,0.00,0.00
0.00,0.00,0.00,0.00,0.00,0.00,0.00,0.00
0.00,0.00,0.00,0.00,0.00,0.00,0.00,0.00
0.00,0.00,0.00,0.00,0.00,0.00,0.00,0.00
1.00,0.00,0.00,0.00,0.00,0.00,0.00,0.00
27.00,10.00,3.00,0.00,0.00,0.00,1.00,0.00
41.00,16.00,7.00,0.00,0.00,0.00,2.00,0.00
38.00,21.00,7.00,0.00,0.00,0.00,2.00,0.00
38.00,23.00,10.00,0.00,0.00,0.00,2.00,0.00
41.00,29.00,16.00,0.00,0.00,0.00,3.00,0.00
42.00,31.00,34.00,1.00,0.00,0.00,6.00,0.00
40.00,51.00,56.00,1.00,1.00,0.00,10.00,0.00
38.00,78.00,66.00,2.00,2.00,0.00,12.00,0.00
42.00,58.00,45.00,3.00,2.00,1.00,8.00,0.00
40.00,46.00,49.00,4.00,3.00,1.00,9.00,0.00
34.00,38.00,38.00,4.00,4.00,0.00,7.00,0.00
40.00,38.00,32.00,10.00,4.00,0.00,8.00,0.00
38.00,39.00,31.00,16.00,3.00,0.00,7.00,0.00
35.00,36.00,16.00,11.00,2.00,0.00,4.00,0.00
43.00,37.00,12.00,15.00,1.00,0.00,5.00,0.00
37.00,29.00,7.00,6.00,0.00,0.00,3.00,0.00
34.00,5.00,3.00,2.00,0.00,0.00,2.00,0.00
31.00,4.00,1.00,0.00,0.00,0.00,2.00,0.00
31.00,3.00,1.00,0.00,0.00,0.00,1.00,0.00
21.00,2.00,0.00,0.00,0.00,0.00,1.00,0.00
15.00,2.00,0.00,0.00,0.00,0.00,0.00,0.00
9.00,1.00,0.00,0.00,0.00,0.00,0.00,0.00
5.00,0.00,0.00,0.00,0.00,0.00,0.00,0.00
3.00,0.00,0.00,0.00,0.00,0.00,0.00,0.00
1.00,0.00,0.00,0.00,0.00,0.00,0.00,0.00
1.00,0.00,0.00,0.00,0.00,0.00,0.00,0.00
0.00,0.00,0.00,0.00,0.00,0.00,0.00,0.00
0.00,0.00,0.00,0.00,0.00,0.00,0.00,0.00
0.00,0.00,0.00,0.00,0.00,0.00,0.00,0.00
0.00,0.00,0.00,0.00,0.00,0.00,0.00,0.00
23.00,16.00,2.00,0.00,0.00,0.00,1.00,0.00
37.00,17.00,8.00,0.00,0.00,0.00,2.00,0.00
48.00,21.00,12.00,0.00,0.00,0.00,2.00,0.00
46.00,37.00,21.00,1.00,0.00,0.00,4.00,0.00
36.00,31.00,40.00,1.00,1.00,0.00,7.00,0.00
40.00,54.00,59.00,1.00,1.00,0.00,11.00,0.00
37.00,71.00,56.00,3.00,2.00,1.00,12.00,0.00
41.00,44.00,39.00,4.00,2.00,0.00,8.00,0.00
35.00,37.00,38.00,5.00,3.00,0.00,7.00,0.00
38.00,31.00,26.00,5.00,3.00,0.00,5.00,0.00
39.00,31.00,25.00,11.00,2.00,0.00,7.00,0.00
33.00,28.00,18.00,9.00,1.00,0.00,4.00,0.00
36.00,25.00,11.00,10.00,1.00,0.00,3.00,0.00
36.00,24.00,9.00,11.00,0.00,0.00,4.00,0.00
30.00,18.00,5.00,5.00,0.00,0.00,2.00,0.00
28.00,4.00,3.00,1.00,0.00,0.00,1.00,0.00
23.00,2.00,1.00,0.00,0.00,0.00,1.00,0.00
23.00,3.00,0.00,0.00,0.00,0.00,1.00,0.00
17.00,2.00,0.00,0.00,0.00,0.00,1.00,0.00
6.00,0.00,0.00,0.00,0.00,0.00,0.00,0.00
3.00,0.00,0.00,0.00,0.00,0.00,0.00,0.00
1.00,0.00,0.00,0.00,0.00,0.00,0.00,0.00
1.00,0.00,0.00,0.00,0.00,0.00,0.00,0.00
0.00,0.00,0.00,0.00,0.00,0.00,0.00,0.00
0.00,0.00,0.00,0.00,0.00,0.00,0.00,0.00
0.00,0.00,0.00,0.00,0.00,0.00,0.00,0.00
0.00,0.00,0.00,0.00,0.00,0.00,0.00,0.00
1.00,0.00,0.00,0.00,0.00,0.00,0.00,0.00
0.00,0.00,0.00,0.00,0.00,0.00,0.00,0.00
0.00,0.00,0.00,0.00,0.00,0.00,0.00,0.00
36.00,10.00,8.00,0.00,0.00,0.00,2.00,0.00
52.00,20.00,14.00,0.00,0.00,0.00,3.00,0.00
52.00,34.00,19.00,1.00,0.00,0.00,3.00,0.00
43.00,35.00,20.00,1.00,0.00,0.00,3.00,0.00
45.00,32.00,24.00,1.00,0.00,0.00,4.00,0.00
41.00,31.00,40.00,1.00,1.00,0.00,7.00,0.00
36.00,48.00,53.00,1.00,2.00,0.00,10.00,0.00
46.00,56.00,70.00,3.00,2.00,0.00,15.00,0.00
43.00,51.00,46.00,5.00,5.00,0.00,10.00,0.00
37.00,38.00,32.00,6.00,2.00,0.00,6.00,0.00
44.00,38.00,35.00,8.00,2.00,1.00,7.00,0.00
36.00,35.00,30.00,9.00,3.00,0.00,7.00,0.00
42.00,36.00,28.00,12.00,1.00,0.00,5.00,0.00
38.00,30.00,14.00,13.00,2.00,0.00,4.00,0.00
41.00,26.00,12.00,13.00,2.00,0.00,4.00,0.00
35.00,16.00,6.00,9.00,1.00,0.00,3.00,0.00
29.00,2.00,2.00,2.00,0.00,0.00,1.00,0.00
24.00,1.00,0.00,1.00,0.00,0.00,1.00,0.00
12.00,1.00,0.00,0.00,0.00,0.00,0.00,0.00
4.00,1.00,0.00,0.00,0.00,0.00,0.00,0.00
2.00,0.00,0.00,0.00,0.00,0.00,0.00,0.00
2.00,0.00,0.00,0.00,0.00,0.00,0.00,0.00
0.00,0.00,0.00,0.00,0.00,0.00,0.00,0.00
0.00,0.00,0.00,0.00,0.00,0.00,0.00,0.00
0.00,0.00,0.00,0.00,0.00,0.00,0.00,0.00
0.00,0.00,0.00,0.00,0.00,0.00,0.00,0.00
1.00,0.00,0.00,0.00,0.00,0.00,0.00,0.00
0.00,0.00,0.00,0.00,0.00,0.00,0.00,0.00
0.00,0.00,0.00,0.00,0.00,0.00,0.00,0.00
1.00,0.00,0.00,0.00,0.00,0.00,0.00,0.00
26.00,12.00,7.00,0.00,0.00,0.00,1.00,0.00
36.00,23.00,19.00,0.00,0.00,0.00,3.00,0.00
36.00,18.00,22.00,1.00,0.00,0.00,4.00,0.00
38.00,24.00,34.00,1.00,0.00,0.00,6.00,0.00
32.00,40.00,50.00,2.00,1.00,0.00,9.00,0.00
25.00,49.00,44.00,3.00,1.00,0.00,8.00,0.00
29.00,42.00,38.00,4.00,1.00,0.00,7.00,0.00
24.00,32.00,35.00,4.00,1.00,0.00,8.00,0.00
31.00,29.00,33.00,5.00,2.00,0.00,6.00,0.00
28.00,32.00,30.00,5.00,2.00,0.00,6.00,0.00
30.00,30.00,23.00,4.00,2.00,0.00,6.00,0.00
40.00,31.00,22.00,11.00,1.00,0.00,5.00,0.00
35.00,33.00,21.00,11.00,1.00,0.00,4.00,0.00
37.00,29.00,13.00,12.00,2.00,0.00,4.00,0.00
41.00,28.00,12.00,10.00,2.00,0.00,3.00,0.00
37.00,12.00,6.00,5.00,0.00,0.00,2.00,0.00
31.00,3.00,1.00,1.00,0.00,0.00,1.00,0.00
28.00,1.00,1.00,0.00,0.00,0.00,1.00,0.00
25.00,2.00,0.00,0.00,0.00,0.00,1.00,0.00
16.00,1.00,0.00,0.00,0.00,0.00,1.00,0.00
10.00,1.00,0.00,0.00,0.00,0.00,0.00,0.00
8.00,1.00,0.00,0.00,0.00,0.00,0.00,0.00
8.00,0.00,0.00,0.00,0.00,0.00,0.00,0.00
3.00,0.00,0.00,0.00,0.00,0.00,0.00,0.00
0.00,0.00,0.00,0.00,0.00,0.00,0.00,0.00
0.00,0.00,0.00,0.00,0.00,0.00,0.00,0.00
0.00,0.00,0.00,0.00,0.00,0.00,0.00,0.00
0.00,0.00,0.00,0.00,0.00,0.00,0.00,0.00
0.00,0.00,0.00,0.00,0.00,0.00,0.00,0.00
0.00,0.00,0.00,0.00,0.00,0.00,0.00,0.00
42.00,11.00,4.00,0.00,0.00,0.00,2.00,0.00
49.00,16.00,8.00,0.00,0.00,0.00,2.00,0.00
50.00,23.00,11.00,0.00,0.00,0.00,3.00,0.00
46.00,30.00,19.00,0.00,0.00,0.00,3.00,0.00
47.00,22.00,30.00,0.00,0.00,0.00,5.00,0.00
43.00,44.00,52.00,1.00,1.00,0.00,10.00,0.00
39.00,61.00,74.00,2.00,1.00,0.00,14.00,0.00
47.00,75.00,77.00,2.00,1.00,0.00,14.00,0.00
39.00,58.00,54.00,3.00,1.00,1.00,10.00,0.00
42.00,44.00,47.00,3.00,4.00,1.00,9.00,0.00
34.00,41.00,41.00,4.00,6.00,1.00,9.00,0.00
40.00,35.00,33.00,4.00,5.00,0.00,7.00,0.00
42.00,40.00,40.00,7.00,4.00,1.00,7.00,0.00
36.00,33.00,32.00,7.00,5.00,1.00,7.00,0.00
39.00,30.00,23.00,10.00,4.00,0.00,5.00,0.00
38.00,34.00,19.00,14.00,1.00,0.00,5.00,0.00
37.00,29.00,9.00,9.00,1.00,0.00,3.00,0.00
30.00,4.00,4.00,1.00,0.00,0.00,1.00,0.00
33.00,5.00,1.00,0.00,0.00,0.00,2.00,0.00
32.00,3.00,1.00,0.00,0.00,0.00,1.00,0.00
21.00,1.00,0.00,0.00,0.00,0.00,1.00,0.00
16.00,1.00,0.00,0.00,0.00,0.00,0.00,0.00
7.00,0.00,0.00,0.00,0.00,0.00,0.00,0.00
4.00,0.00,0.00,0.00,0.00,0.00,0.00,0.00
1.00,0.00,0.00,0.00,0.00,0.00,0.00,0.00
1.00,0.00,0.00,0.00,0.00,0.00,0.00,0.00
1.00,0.00,0.00,0.00,0.00,0.00,0.00,0.00
0.00,0.00,0.00,0.00,0.00,0.00,0.00,0.00
0.00,0.00,0.00,0.00,0.00,0.00,0.00,0.00
0.00,0.00,0.00,0.00,0.00,0.00,0.00,0.00
32.00,10.00,2.00,0.00,0.00,0.00,1.00,0.00
43.00,9.00,2.00,0.00,0.00,0.00,2.00,0.00
42.00,9.00,3.00,0.00,0.00,0.00,2.00,0.00
46.00,14.00,3.00,0.00,0.00,0.00,2.00,0.00
48.00,15.00,4.00,0.00,0.00,0.00,2.00,0.00
45.00,17.00,5.00,0.00,0.00,0.00,2.00,0.00
44.00,16.00,4.00,0.00,0.00,0.00,2.00,0.00
44.00,24.00,6.00,0.00,0.00,0.00,2.00,0.00
42.00,30.00,9.00,0.00,0.00,0.00,2.00,0.00
47.00,40.00,30.00,0.00,1.00,0.00,5.00,0.00
35.00,40.00,58.00,1.00,2.00,0.00,11.00,0.00
37.00,68.00,54.00,2.00,3.00,1.00,10.00,0.00
38.00,50.00,48.00,3.00,4.00,0.00,9.00,0.00
31.00,33.00,37.00,4.00,4.00,0.00,7.00,0.00
34.00,29.00,30.00,6.00,2.00,0.00,8.00,0.00
33.00,31.00,25.00,7.00,3.00,1.00,4.00,0.00
31.00,32.00,17.00,9.00,2.00,0.00,4.00,0.00
38.00,32.00,15.00,16.00,3.00,0.00,5.00,0.00
33.00,30.00,10.00,10.00,1.00,0.00,4.00,0.00
40.00,19.00,8.00,8.00,0.00,0.00,3.00,0.00
30.00,5.00,3.00,5.00,0.00,0.00,2.00,0.00
23.00,1.00,1.00,1.00,0.00,0.00,1.00,0.00
28.00,3.00,0.00,0.00,0.00,0.00,1.00,0.00
24.00,1.00,1.00,0.00,0.00,0.00,1.00,0.00
17.00,1.00,0.00,0.00,0.00,0.00,1.00,0.00
15.00,1.00,0.00,0.00,0.00,0.00,0.00,0.00
9.00,0.00,0.00,0.00,0.00,0.00,0.00,0.00
3.00,0.00,0.00,0.00,0.00,0.00,0.00,0.00
2.00,0.00,0.00,0.00,0.00,0.00,0.00,0.00
0.00,0.00,0.00,0.00,0.00,0.00,0.00,0.00
35.00,9.00,4.00,0.00,0.00,0.00,2.00,0.00
43.00,10.00,3.00,0.00,0.00,0.00,2.00,0.00
42.00,11.00,3.00,0.00,0.00,0.00,2.00,0.00
46.00,10.00,3.00,0.00,0.00,0.00,2.00,0.00
46.00,14.00,3.00,0.00,0.00,0.00,3.00,0.00
56.00,13.00,5.00,0.00,0.00,0.00,3.00,0.00
55.00,19.00,9.00,0.00,0.00,0.00,3.00,0.00
60.00,24.00,11.00,1.00,0.00,0.00,3.00,0.00
59.00,42.00,22.00,1.00,0.00,0.00,4.00,0.00
46.00,25.00,30.00,1.00,1.00,0.00,5.00,0.00
43.00,46.00,46.00,2.00,1.00,0.00,9.00,0.00
37.00,77.00,61.00,1.00,2.00,0.00,11.00,0.00
41.00,76.00,48.00,2.00,2.00,0.00,10.00,0.00
38.00,64.00,45.00,3.00,2.00,0.00,8.00,0.00
41.00,44.00,37.00,3.00,1.00,0.00,7.00,0.00
34.00,37.00,32.00,4.00,2.00,0.00,6.00,0.00
38.00,34.00,22.00,9.00,1.00,0.00,6.00,0.00
37.00,33.00,23.00,14.00,1.00,0.00,6.00,0.00
31.00,30.00,15.00,12.00,0.00,0.00,4.00,0.00
39.00,30.00,14.00,11.00,1.00,0.00,4.00,0.00
34.00,25.00,8.00,10.00,0.00,0.00,3.00,0.00
35.00,10.00,4.00,3.00,0.00,0.00,2.00,0.00
33.00,3.00,2.00,2.00,0.00,0.00,1.00,0.00
27.00,1.00,1.00,0.00,0.00,0.00,1.00,0.00
29.00,3.00,1.00,0.00,0.00,0.00,1.00,0.00
20.00,2.00,0.00,0.00,0.00,0.00,1.00,0.00
17.00,2.00,0.00,0.00,0.00,0.00,1.00,0.00
10.00,0.00,0.00,0.00,0.00,0.00,0.00,0.00
3.00,0.00,0.00,0.00,0.00,0.00,0.00,0.00
1.00,0.00,0.00,0.00,0.00,0.00,0.00,0.00
31.00,11.00,1.00,0.00,0.00,0.00,2.00,0.00
48.00,15.00,3.00,0.00,0.00,0.00,3.00,0.00
58.00,22.00,4.00,0.00,0.00,0.00,3.00,0.00
58.00,22.00,4.00,0.00,0.00,0.00,3.00,0.00
53.00,18.00,4.00,0.00,0.00,0.00,3.00,0.00
56.00,17.00,7.00,0.00,0.00,0.00,3.00,0.00
49.00,25.00,9.00,0.00,0.00,0.00,3.00,0.00
47.00,23.00,8.00,0.00,0.00,0.00,3.00,0.00
50.00,33.00,22.00,0.00,1.00,0.00,3.00,0.00
43.00,29.00,38.00,1.00,1.00,0.00,7.00,0.00
40.00,57.00,56.00,2.00,2.00,1.00,11.00,0.00
40.00,60.00,50.00,2.00,1.00,0.00,11.00,0.00
40.00,55.00,35.00,2.00,2.00,1.00,8.00,0.00
34.00,44.00,27.00,3.00,2.00,0.00,6.00,0.00
40.00,41.00,28.00,7.00,2.00,0.00,5.00,0.00
34.00,43.00,25.00,6.00,2.00,0.00,5.00,0.00
33.00,41.00,18.00,9.00,2.00,0.00,5.00,0.00
38.00,42.00,18.00,18.00,1.00,1.00,5.00,0.00
33.00,39.00,11.00,14.00,1.00,0.00,5.00,0.00
39.00,33.00,10.00,8.00,1.00,0.00,4.00,0.00
35.00,19.00,6.00,4.00,0.00,0.00,2.00,0.00
36.00,5.00,4.00,3.00,0.00,0.00,2.00,0.00
24.00,2.00,1.00,0.00,0.00,0.00,1.00,0.00
24.00,3.00,0.00,0.00,0.00,0.00,1.00,0.00
19.00,2.00,0.00,0.00,0.00,0.00,1.00,0.00
11.00,1.00,0.00,0.00,0.00,0.00,0.00,0.00
5.00,0.00,0.00,0.00,0.00,0.00,0.00,0.00
2.00,0.00,0.00,0.00,0.00,0.00,0.00,0.00
1.00,0.00,0.00,0.00,0.00,0.00,0.00,0.00
0.00,0.00,0.00,0.00,0.00,0.00,0.00,0.00
39.00,10.00,5.00,0.00,0.00,0.00,2.00,0.00
58.00,16.00,4.00,0.00,0.00,0.00,3.00,0.00
61.00,19.00,6.00,0.00,0.00,0.00,4.00,0.00
65.00,19.00,5.00,0.00,0.00,0.00,4.00,0.00
68.00,23.00,6.00,0.00,0.00,0.00,4.00,0.00
65.00,22.00,5.00,0.00,0.00,0.00,4.00,0.00
69.00,21.00,6.00,0.00,0.00,0.00,4.00,0.00
64.00,29.00,9.00,0.00,0.00,0.00,4.00,0.00
63.00,27.00,8.00,0.00,1.00,0.00,3.00,0.00
66.00,37.00,15.00,0.00,1.00,0.00,4.00,0.00
62.00,50.00,29.00,0.00,1.00,0.00,5.00,0.00
50.00,35.00,50.00,1.00,1.00,0.00,9.00,0.00
44.00,46.00,63.00,3.00,3.00,0.00,12.00,0.00
35.00,61.00,58.00,3.00,3.00,0.00,11.00,0.00
36.00,73.00,51.00,2.00,3.00,0.00,11.00,0.00
39.00,78.00,43.00,3.00,3.00,1.00,10.00,0.00
36.00,56.00,35.00,4.00,3.00,0.00,8.00,0.00
40.00,53.00,30.00,5.00,3.00,1.00,6.00,0.00
39.00,50.00,25.00,7.00,3.00,0.00,6.00,0.00
39.00,51.00,25.00,13.00,2.00,0.00,7.00,0.00
34.00,46.00,14.00,10.00,2.00,1.00,6.00,0.00
39.00,46.00,13.00,11.00,1.00,0.00,5.00,0.00
35.00,39.00,10.00,13.00,0.00,0.00,5.00,0.00
35.00,19.00,5.00,4.00,0.00,0.00,2.00,0.00
34.00,4.00,3.00,3.00,0.00,0.00,2.00,0.00
30.00,3.00,1.00,0.00,0.00,0.00,1.00,0.00
28.00,3.00,0.00,0.00,0.00,0.00,1.00,0.00
20.00,1.00,1.00,0.00,0.00,0.00,1.00,0.00
15.00,1.00,0.00,0.00,0.00,0.00,0.00,0.00
6.00,0.00,0.00,0.00,0.00,0.00,0.00,0.00
45.00,12.00,5.00,0.00,0.00,0.00,2.00,0.00
48.00,14.00,6.00,0.00,0.00,0.00,2.00,0.00
44.00,14.00,7.00,0.00,0.00,0.00,2.00,0.00
47.00,16.00,8.00,0.00,0.00,0.00,2.00,0.00
47.00,28.00,10.00,0.00,0.00,0.00,2.00,0.00
46.00,38.00,16.00,0.00,0.00,0.00,3.00,0.00
41.00,37.00,22.00,1.00,1.00,0.00,4.00,0.00
33.00,33.00,36.00,1.00,1.00,0.00,6.00,0.00
35.00,41.00,49.00,2.00,2.00,0.00,9.00,0.00
31.00,57.00,68.00,1.00,3.00,0.00,12.00,0.00
29.00,66.00,71.00,1.00,2.00,0.00,13.00,0.00
36.00,63.00,60.00,1.00,2.00,0.00,11.00,0.00
35.00,55.00,52.00,2.00,3.00,0.00,9.00,0.00
33.00,39.00,39.00,2.00,3.00,0.00,7.00,0.00
37.00,34.00,33.00,2.00,2.00,0.00,6.00,0.00
32.00,34.00,34.00,3.00,3.00,0.00,6.00,0.00
31.00,23.00,26.00,3.00,2.00,0.00,7.00,0.00
30.00,28.00,23.00,6.00,2.00,0.00,6.00,0.00
32.00,26.00,17.00,10.00,2.00,0.00,5.00,0.00
32.00,27.00,18.00,9.00,1.00,0.00,3.00,0.00
29.00,26.00,14.00,12.00,2.00,0.00,4.00,0.00
33.00,27.00,11.00,9.00,0.00,0.00,3.00,0.00
34.00,25.00,8.00,5.00,0.00,0.00,3.00,0.00
31.00,8.00,5.00,3.00,0.00,0.00,2.00,0.00
26.00,2.00,1.00,0.00,0.00,0.00,1.00,0.00
27.00,3.00,1.00,0.00,0.00,0.00,1.00,0.00
21.00,1.00,0.00,0.00,0.00,0.00,1.00,0.00
18.00,2.00,0.00,0.00,0.00,0.00,1.00,0.00
9.00,1.00,0.00,0.00,0.00,0.00,0.00,0.00
3.00,0.00,0.00,0.00,0.00,0.00,0.00,0.00
24.00,12.00,3.00,0.00,0.00,0.00,1.00,0.00
28.00,19.00,10.00,0.00,0.00,0.00,2.00,0.00
28.00,17.00,11.00,0.00,0.00,0.00,2.00,0.00
32.00,20.00,12.00,0.00,0.00,0.00,2.00,0.00
36.00,27.00,10.00,0.00,0.00,0.00,2.00,0.00
35.00,29.00,10.00,0.00,0.00,0.00,2.00,0.00
28.00,28.00,12.00,0.00,1.00,0.00,2.00,0.00
24.00,23.00,13.00,0.00,0.00,0.00,2.00,0.00
26.00,18.00,14.00,0.00,1.00,0.00,3.00,0.00
26.00,29.00,25.00,0.00,2.00,0.00,5.00,0.00
26.00,27.00,35.00,1.00,1.00,0.00,8.00,0.00
29.00,24.00,36.00,2.00,1.00,0.00,8.00,0.00
25.00,35.00,41.00,3.00,1.00,1.00,9.00,0.00
17.00,35.00,44.00,4.00,1.00,0.00,7.00,0.00
25.00,19.00,31.00,5.00,0.00,0.00,7.00,0.00
27.00,21.00,39.00,6.00,0.00,0.00,10.00,0.00
27.00,25.00,42.00,9.00,1.00,0.00,12.00,0.00
28.00,25.00,38.00,15.00,1.00,0.00,10.00,0.00
25.00,29.00,37.00,18.00,2.00,0.00,7.00,0.00
23.00,32.00,37.00,17.00,1.00,0.00,7.00,0.00
20.00,26.00,29.00,13.00,1.00,0.00,6.00,0.00
18.00,21.00,21.00,14.00,1.00,0.00,5.00,0.00
26.00,10.00,12.00,14.00,1.00,0.00,5.00,0.00
26.00,10.00,10.00,5.00,0.00,0.00,2.00,0.00
15.00,7.00,5.00,5.00,0.00,0.00,1.00,0.00
13.00,2.00,1.00,3.00,0.00,0.00,1.00,0.00
18.00,3.00,1.00,2.00,0.00,0.00,1.00,0.00
18.00,2.00,1.00,2.00,0.00,0.00,1.00,0.00
19.00,3.00,1.00,1.00,0.00,0.00,1.00,0.00
17.00,2.00,0.00,1.00,0.00,0.00,0.00,0.00
32.00,20.00,1.00,0.00,0.00,0.00,1.00,0.00
29.00,25.00,6.00,0.00,0.00,0.00,2.00,0.00
29.00,23.00,8.00,0.00,0.00,0.00,2.00,0.00
28.00,13.00,11.00,0.00,0.00,0.00,2.00,0.00
26.00,25.00,16.00,0.00,0.00,0.00,4.00,0.00
19.00,29.00,36.00,1.00,0.00,1.00,8.00,0.00
15.00,29.00,30.00,3.00,0.00,0.00,7.00,0.00
19.00,28.00,24.00,3.00,0.00,0.00,5.00,0.00
23.00,25.00,25.00,3.00,1.00,0.00,5.00,0.00
23.00,19.00,24.00,5.00,1.00,0.00,5.00,0.00
18.00,21.00,26.00,5.00,0.00,0.00,6.00,0.00
12.00,22.00,21.00,8.00,1.00,0.00,4.00,0.00
20.00,17.00,18.00,9.00,0.00,0.00,3.00,0.00
11.00,12.00,17.00,6.00,1.00,0.00,2.00,0.00
8.00,6.00,10.00,6.00,1.00,0.00,3.00,0.00
11.00,7.00,8.00,9.00,1.00,0.00,3.00,0.00
13.00,6.00,7.00,6.00,1.00,0.00,2.00,0.00
14.00,6.00,7.00,6.00,0.00,0.00,2.00,0.00
11.00,6.00,6.00,5.00,0.00,0.00,1.00,0.00
5.00,5.00,4.00,11.00,0.00,0.00,4.00,0.00
12.00,5.00,5.00,3.00,0.00,0.00,1.00,0.00
12.00,5.00,4.00,4.00,0.00,0.00,1.00,0.00
4.00,3.00,2.00,2.00,0.00,0.00,0.00,0.00
2.00,0.00,0.00,0.00,0.00,0.00,0.00,0.00
4.00,1.00,1.00,0.00,0.00,0.00,0.00,0.00
5.00,1.00,0.00,0.00,0.00,0.00,0.00,0.00
5.00,0.00,0.00,0.00,0.00,0.00,0.00,0.00
8.00,0.00,0.00,0.00,0.00,0.00,0.00,0.00
2.00,0.00,0.00,0.00,0.00,0.00,0.00,0.00
1.00,0.00,0.00,0.00,0.00,0.00,0.00,0.00
26.00,15.00,3.00,0.00,0.00,0.00,1.00,0.00
28.00,17.00,2.00,0.00,0.00,0.00,1.00,0.00
30.00,14.00,3.00,0.00,0.00,0.00,1.00,0.00
33.00,11.00,7.00,0.00,0.00,0.00,1.00,0.00
36.00,14.00,11.00,0.00,1.00,0.00,2.00,0.00
25.00,20.00,16.00,1.00,0.00,0.00,3.00,0.00
34.00,22.00,21.00,2.00,2.00,0.00,4.00,0.00
24.00,32.00,21.00,4.00,1.00,0.00,5.00,0.00
27.00,27.00,17.00,4.00,1.00,0.00,4.00,0.00
30.00,25.00,17.00,3.00,0.00,0.00,4.00,0.00
31.00,29.00,23.00,3.00,1.00,0.00,5.00,0.00
25.00,28.00,20.00,9.00,1.00,0.00,4.00,0.00
21.00,31.00,15.00,5.00,1.00,0.00,4.00,0.00
24.00,27.00,9.00,4.00,1.00,0.00,4.00,0.00
30.00,28.00,14.00,6.00,1.00,0.00,4.00,0.00
22.00,29.00,16.00,10.00,1.00,0.00,4.00,0.00
25.00,20.00,7.00,8.00,2.00,0.00,3.00,0.00
25.00,19.00,11.00,6.00,1.00,0.00,2.00,0.00
21.00,12.00,6.00,5.00,1.00,0.00,1.00,0.00
20.00,9.00,4.00,3.00,0.00,0.00,1.00,0.00
20.00,4.00,1.00,3.00,0.00,0.00,1.00,0.00
15.00,1.00,0.00,2.00,0.00,0.00,0.00,0.00
17.00,1.00,0.00,0.00,0.00,0.00,0.00,0.00
15.00,1.00,0.00,0.00,0.00,0.00,0.00,0.00
8.00,0.00,0.00,0.00,0.00,0.00,0.00,0.00
5.00,0.00,0.00,0.00,0.00,0.00,0.00,0.00
4.00,0.00,0.00,0.00,0.00,0.00,0.00,0.00
4.00,0.00,0.00,0.00,0.00,0.00,0.00,0.00
3.00,0.00,0.00,0.00,0.00,0.00,0.00,0.00
2.00,0.00,0.00,0.00,0.00,0.00,0.00,0.00
37.00,16.00,4.00,0.00,0.00,0.00,2.00,0.00
32.00,28.00,10.00,0.00,0.00,0.00,2.00,0.00
25.00,31.00,5.00,0.00,0.00,0.00,2.00,0.00
30.00,25.00,5.00,0.00,0.00,0.00,2.00,0.00
33.00,20.00,9.00,0.00,0.00,0.00,2.00,0.00
25.00,16.00,15.00,1.00,0.00,0.00,3.00,0.00
18.00,19.00,21.00,1.00,0.00,0.00,5.00,0.00
21.00,20.00,34.00,2.00,0.00,0.00,8.00,0.00
27.00,28.00,27.00,3.00,0.00,0.00,6.00,0.00
18.00,32.00,22.00,4.00,1.00,0.00,4.00,0.00
22.00,28.00,17.00,7.00,1.00,0.00,4.00,0.00
22.00,25.00,18.00,5.00,1.00,0.00,4.00,0.00
17.00,28.00,22.00,9.00,1.00,0.00,5.00,0.00
10.00,24.00,20.00,7.00,1.00,0.00,3.00,0.00
18.00,26.00,18.00,12.00,0.00,0.00,5.00,0.00
24.00,28.00,20.00,8.00,0.00,0.00,6.00,0.00
24.00,31.00,16.00,9.00,2.00,0.00,5.00,0.00
16.00,26.00,15.00,9.00,1.00,0.00,3.00,0.00
14.00,18.00,12.00,5.00,0.00,0.00,2.00,0.00
24.00,13.00,4.00,3.00,0.00,0.00,2.00,0.00
14.00,7.00,4.00,6.00,0.00,0.00,2.00,0.00
14.00,2.00,1.00,0.00,0.00,0.00,0.00,0.00
17.00,1.00,0.00,0.00,0.00,0.00,0.00,0.00
15.00,1.00,1.00,0.00,0.00,0.00,0.00,0.00
5.00,1.00,1.00,0.00,0.00,0.00,0.00,0.00
1.00,1.00,0.00,0.00,0.00,0.00,0.00,0.00
3.00,0.00,0.00,0.00,0.00,0.00,0.00,0.00
7.00,0.00,0.00,0.00,0.00,0.00,0.00,0.00
4.00,0.00,0.00,0.00,0.00,0.00,0.00,0.00
2.00,0.00,0.00,0.00,0.00,0.00,0.00,0.00
30.00,17.00,4.00,0.00,0.00,0.00,1.00,0.00
33.00,27.00,6.00,0.00,0.00,0.00,2.00,0.00
32.00,27.00,6.00,0.00,0.00,0.00,2.00,0.00
22.00,20.00,7.00,1.00,0.00,0.00,1.00,0.00
31.00,20.00,13.00,1.00,0.00,0.00,2.00,0.00
24.00,25.00,17.00,1.00,0.00,0.00,3.00,0.00
22.00,26.00,23.00,2.00,0.00,0.00,5.00,0.00
27.00,28.00,23.00,3.00,0.00,0.00,5.00,0.00
30.00,34.00,25.00,4.00,0.00,0.00,6.00,0.00
25.00,36.00,23.00,4.00,1.00,0.00,5.00,0.00
17.00,33.00,25.00,5.00,0.00,0.00,5.00,0.00
19.00,30.00,20.00,6.00,0.00,0.00,5.00,0.00
24.00,31.00,24.00,9.00,0.00,0.00,7.00,0.00
27.00,31.00,28.00,12.00,1.00,0.00,8.00,0.00
20.00,38.00,30.00,12.00,1.00,0.00,9.00,0.00
23.00,35.00,25.00,11.00,2.00,0.00,7.00,0.00
24.00,33.00,19.00,14.00,1.00,0.00,6.00,0.00
20.00,28.00,17.00,12.00,1.00,0.00,4.00,0.00
17.00,20.00,10.00,10.00,0.00,0.00,3.00,0.00
22.00,13.00,4.00,6.00,0.00,0.00,2.00,0.00
24.00,8.00,4.00,2.00,0.00,0.00,1.00,0.00
20.00,4.00,1.00,1.00,0.00,0.00,1.00,0.00
16.00,1.00,0.00,0.00,0.00,0.00,0.00,0.00
9.00,1.00,0.00,0.00,0.00,0.00,0.00,0.00
8.00,1.00,0.00,0.00,0.00,0.00,0.00,0.00
6.00,0.00,0.00,0.00,0.00,0.00,0.00,0.00
8.00,0.00,0.00,0.00,0.00,0.00,0.00,0.00
4.00,0.00,0.00,0.00,0.00,0.00,0.00,0.00
1.00,0.00,0.00,0.00,0.00,0.00,0.00,0.00
1.00,0.00,0.00,0.00,0.00,0.00,0.00,0.00
34.00,16.00,8.00,0.00,0.00,0.00,2.00,0.00
34.00,20.00,10.00,0.00,0.00,0.00,2.00,0.00
36.00,23.00,9.00,0.00,0.00,0.00,2.00,0.00
38.00,14.00,12.00,0.00,1.00,0.00,2.00,0.00
33.00,14.00,11.00,0.00,1.00,0.00,2.00,0.00
39.00,15.00,12.00,0.00,1.00,0.00,2.00,0.00
46.00,26.00,22.00,2.00,1.00,0.00,4.00,0.00
36.00,41.00,27.00,2.00,1.00,0.00,5.00,0.00
27.00,45.00,24.00,1.00,1.00,0.00,6.00,0.00
35.00,39.00,20.00,4.00,1.00,0.00,6.00,0.00
23.00,47.00,34.00,7.00,1.00,0.00,7.00,0.00
27.00,39.00,15.00,10.00,1.00,0.00,5.00,0.00
29.00,36.00,23.00,15.00,1.00,0.00,7.00,0.00
25.00,33.00,26.00,14.00,2.00,0.00,8.00,0.00
19.00,30.00,26.00,17.00,1.00,0.00,8.00,0.00
21.00,26.00,21.00,11.00,1.00,0.00,6.00,0.00
26.00,25.00,16.00,10.00,1.00,0.00,5.00,0.00
24.00,24.00,16.00,13.00,0.00,0.00,5.00,0.00
17.00,20.00,13.00,6.00,0.00,0.00,3.00,0.00
23.00,14.00,6.00,5.00,0.00,0.00,2.00,0.00
20.00,11.00,5.00,4.00,0.00,0.00,1.00,0.00
13.00,6.00,2.00,2.00,0.00,0.00,0.00,0.00
9.00,2.00,1.00,0.00,0.00,0.00,0.00,0.00
10.00,1.00,1.00,0.00,0.00,0.00,0.00,0.00
8.00,1.00,0.00,0.00,0.00,0.00,0.00,0.00
8.00,0.00,0.00,0.00,0.00,0.00,0.00,0.00
4.00,0.00,0.00,0.00,0.00,0.00,0.00,0.00
4.00,0.00,0.00,0.00,0.00,0.00,0.00,0.00
4.00,0.00,0.00,0.00,0.00,0.00,0.00,0.00
1.00,0.00,0.00,0.00,0.00,0.00,0.00,0.00
26.00,14.00,6.00,0.00,0.00,0.00,1.00,0.00
23.00,23.00,3.00,0.00,0.00,0.00,2.00,0.00
22.00,24.00,5.00,0.00,0.00,0.00,2.00,0.00
16.00,22.00,8.00,0.00,0.00,0.00,1.00,0.00
16.00,21.00,8.00,0.00,0.00,0.00,1.00,0.00
23.00,18.00,11.00,0.00,0.00,0.00,2.00,0.00
19.00,18.00,15.00,0.00,0.00,0.00,2.00,0.00
24.00,24.00,14.00,0.00,0.00,0.00,3.00,0.00
25.00,28.00,21.00,1.00,0.00,0.00,5.00,0.00
18.00,32.00,41.00,2.00,0.00,0.00,10.00,0.00
20.00,31.00,44.00,3.00,1.00,0.00,10.00,0.00
26.00,30.00,34.00,4.00,1.00,0.00,8.00,0.00
26.00,37.00,26.00,7.00,1.00,0.00,6.00,0.00
20.00,35.00,27.00,12.00,1.00,0.00,7.00,0.00
14.00,33.00,26.00,12.00,0.00,0.00,7.00,0.00
25.00,32.00,24.00,9.00,1.00,0.00,7.00,0.00
19.00,39.00,31.00,19.00,0.00,0.00,9.00,0.00
23.00,37.00,19.00,11.00,0.00,0.00,6.00,0.00
26.00,35.00,16.00,14.00,0.00,0.00,5.00,0.00
19.00,25.00,15.00,6.00,0.00,0.00,3.00,0.00
13.00,12.00,12.00,7.00,0.00,0.00,2.00,0.00
8.00,8.00,7.00,12.00,1.00,0.00,4.00,0.00
12.00,10.00,3.00,5.00,0.00,0.00,2.00,0.00
16.00,7.00,1.00,2.00,0.00,0.00,0.00,0.00
17.00,2.00,1.00,0.00,0.00,0.00,0.00,0.00
14.00,1.00,0.00,0.00,0.00,0.00,0.00,0.00
17.00,1.00,0.00,0.00,0.00,0.00,1.00,0.00
13.00,1.00,0.00,0.00,0.00,0.00,0.00,0.00
8.00,0.00,0.00,0.00,0.00,0.00,0.00,0.00
5.00,0.00,0.00,0.00,0.00,0.00,0.00,0.00
29.00,17.00,5.00,0.00,0.00,0.00,1.00,0.00
25.00,18.00,11.00,0.00,0.00,0.00,2.00,0.00
20.00,15.00,11.00,0.00,0.00,0.00,2.00,0.00
20.00,12.00,14.00,0.00,0.00,0.00,2.00,0.00
21.00,13.00,16.00,1.00,0.00,0.00,3.00,0.00
18.00,20.00,14.00,1.00,0.00,0.00,3.00,0.00
11.00,18.00,14.00,1.00,1.00,0.00,2.00,0.00
8.00,16.00,16.00,2.00,0.00,0.00,2.00,0.00
15.00,18.00,13.00,3.00,0.00,0.00,2.00,0.00
20.00,17.00,15.00,6.00,1.00,0.00,3.00,0.00
10.00,12.00,15.00,3.00,0.00,0.00,2.00,0.00
12.00,13.00,12.00,4.00,0.00,0.00,3.00,0.00
16.00,13.00,15.00,6.00,0.00,0.00,3.00,0.00
14.00,12.00,17.00,7.00,0.00,0.00,3.00,0.00
7.00,8.00,13.00,4.00,1.00,0.00,3.00,0.00
10.00,9.00,9.00,5.00,1.00,0.00,2.00,0.00
20.00,13.00,10.00,5.00,0.00,0.00,2.00,0.00
20.00,16.00,8.00,7.00,1.00,0.00,2.00,0.00
15.00,15.00,11.00,4.00,1.00,0.00,2.00,0.00
14.00,11.00,7.00,2.00,0.00,0.00,1.00,0.00
21.00,6.00,2.00,2.00,0.00,0.00,1.00,0.00
12.00,1.00,1.00,0.00,0.00,0.00,0.00,0.00
12.00,1.00,1.00,0.00,0.00,0.00,0.00,0.00
7.00,1.00,1.00,0.00,0.00,0.00,0.00,0.00
6.00,1.00,0.00,0.00,0.00,0.00,0.00,0.00
4.00,0.00,0.00,0.00,0.00,0.00,0.00,0.00
5.00,0.00,0.00,0.00,0.00,0.00,0.00,0.00
4.00,0.00,0.00,0.00,0.00,0.00,0.00,0.00
0.00,0.00,0.00,0.00,0.00,0.00,0.00,0.00
0.00,0.00,0.00,0.00,0.00,0.00,0.00,0.00
42.00,21.00,9.00,0.00,1.00,0.00,2.00,0.00
40.00,28.00,13.00,0.00,0.00,0.00,2.00,0.00
43.00,28.00,16.00,1.00,0.00,0.00,2.00,0.00
36.00,20.00,16.00,1.00,1.00,0.00,2.00,0.00
42.00,25.00,19.00,1.00,1.00,0.00,3.00,0.00
33.00,44.00,28.00,1.00,1.00,0.00,5.00,0.00
29.00,41.00,31.00,1.00,3.00,1.00,5.00,0.00
32.00,32.00,32.00,2.00,2.00,0.00,5.00,0.00
33.00,29.00,34.00,4.00,2.00,0.00,6.00,0.00
33.00,36.00,40.00,5.00,1.00,0.00,6.00,0.00
24.00,40.00,35.00,5.00,1.00,0.00,5.00,0.00
24.00,35.00,25.00,2.00,1.00,0.00,5.00,0.00
28.00,31.00,20.00,3.00,1.00,0.00,4.00,0.00
31.00,32.00,24.00,10.00,1.00,0.00,5.00,0.00
22.00,32.00,21.00,6.00,1.00,0.00,4.00,0.00
31.00,27.00,15.00,8.00,1.00,0.00,4.00,0.00
29.00,26.00,19.00,10.00,1.00,0.00,3.00,0.00
23.00,23.00,13.00,11.00,1.00,0.00,4.00,0.00
23.00,16.00,5.00,4.00,1.00,0.00,2.00,0.00
27.00,9.00,3.00,1.00,0.00,0.00,1.00,0.00
26.00,6.00,2.00,2.00,0.00,0.00,1.00,0.00
14.00,1.00,0.00,0.00,0.00,0.00,0.00,0.00
15.00,1.00,0.00,0.00,0.00,0.00,0.00,0.00
11.00,1.00,0.00,0.00,0.00,0.00,0.00,0.00
7.00,0.00,0.00,0.00,0.00,0.00,0.00,0.00
6.00,1.00,1.00,0.00,0.00,0.00,0.00,0.00
7.00,0.00,0.00,0.00,0.00,0.00,0.00,0.00
2.00,0.00,0.00,0.00,0.00,0.00,0.00,0.00
1.00,0.00,0.00,0.00,0.00,0.00,0.00,0.00
1.00,0.00,0.00,0.00,0.00,0.00,0.00,0.00
28.00,13.00,4.00,0.00,0.00,0.00,1.00,0.00
36.00,18.00,12.00,0.00,0.00,0.00,2.00,0.00
32.00,21.00,11.00,0.00,0.00,0.00,2.00,0.00
31.00,17.00,14.00,0.00,0.00,0.00,2.00,0.00
35.00,16.00,14.00,0.00,0.00,0.00,2.00,0.00
31.00,34.00,24.00,1.00,0.00,0.00,4.00,0.00
26.00,28.00,16.00,1.00,0.00,0.00,4.00,0.00
31.00,32.00,26.00,3.00,0.00,0.00,6.00,0.00
30.00,35.00,23.00,3.00,0.00,0.00,6.00,0.00
24.00,33.00,24.00,6.00,1.00,1.00,6.00,0.00
17.00,34.00,23.00,7.00,1.00,0.00,5.00,0.00
20.00,28.00,17.00,8.00,0.00,0.00,5.00,0.00
24.00,24.00,18.00,8.00,0.00,0.00,5.00,0.00
20.00,24.00,17.00,6.00,1.00,0.00,4.00,0.00
14.00,18.00,13.00,6.00,0.00,0.00,3.00,0.00
22.00,18.00,10.00,6.00,0.00,0.00,2.00,0.00
18.00,18.00,10.00,6.00,1.00,0.00,2.00,0.00
11.00,16.00,13.00,5.00,0.00,0.00,2.00,0.00
13.00,10.00,8.00,5.00,0.00,0.00,1.00,0.00
17.00,9.00,4.00,6.00,0.00,0.00,2.00,0.00
18.00,6.00,3.00,5.00,1.00,0.00,2.00,0.00
15.00,5.00,2.00,3.00,0.00,0.00,1.00,0.00
8.00,2.00,1.00,2.00,0.00,0.00,1.00,0.00
9.00,1.00,0.00,0.00,0.00,0.00,0.00,0.00
11.00,1.00,0.00,0.00,0.00,0.00,0.00,0.00
6.00,1.00,0.00,0.00,0.00,0.00,0.00,0.00
6.00,0.00,0.00,0.00,0.00,0.00,0.00,0.00
4.00,0.00,0.00,0.00,0.00,0.00,0.00,0.00
1.00,0.00,0.00,0.00,0.00,0.00,0.00,0.00
1.00,0.00,0.00,0.00,0.00,0.00,0.00,0.00
28.00,10.00,2.00,0.00,0.00,0.00,1.00,0.00
27.00,8.00,4.00,0.00,0.00,0.00,1.00,0.00
29.00,16.00,5.00,0.00,0.00,0.00,1.00,0.00
28.00,25.00,8.00,1.00,0.00,0.00,2.00,0.00
31.00,36.00,7.00,0.00,0.00,0.00,3.00,0.00
24.00,24.00,16.00,1.00,0.00,0.00,3.00,0.00
22.00,26.00,31.00,2.00,1.00,0.00,7.00,0.00
23.00,22.00,39.00,3.00,0.00,0.00,9.00,0.00
25.00,20.00,36.00,2.00,1.00,0.00,8.00,0.00
26.00,20.00,36.00,2.00,1.00,0.00,8.00,0.00
29.00,21.00,32.00,3.00,1.00,0.00,7.00,0.00
28.00,20.00,30.00,6.00,2.00,0.00,7.00,0.00
28.00,16.00,27.00,4.00,2.00,0.00,8.00,0.00
27.00,17.00,35.00,15.00,3.00,0.00,10.00,0.00
27.00,13.00,22.00,8.00,1.00,0.00,6.00,0.00
29.00,16.00,12.00,10.00,1.00,0.00,3.00,0.00
29.00,14.00,7.00,5.00,1.00,0.00,2.00,0.00
28.00,4.00,3.00,4.00,1.00,0.00,1.00,0.00
23.00,3.00,1.00,2.00,0.00,0.00,1.00,0.00
17.00,2.00,1.00,1.00,0.00,0.00,1.00,0.00
14.00,1.00,0.00,0.00,0.00,0.00,0.00,0.00
10.00,1.00,0.00,0.00,0.00,0.00,0.00,0.00
7.00,0.00,0.00,0.00,0.00,0.00,0.00,0.00
4.00,0.00,0.00,0.00,0.00,0.00,0.00,0.00
3.00,0.00,0.00,0.00,0.00,0.00,0.00,0.00
1.00,0.00,0.00,0.00,0.00,0.00,0.00,0.00
1.00,0.00,0.00,0.00,0.00,0.00,0.00,0.00
1.00,0.00,0.00,0.00,0.00,0.00,0.00,0.00
1.00,0.00,0.00,0.00,0.00,0.00,0.00,0.00
1.00,0.00,0.00,0.00,0.00,0.00,0.00,0.00
39.00,5.00,2.00,0.00,0.00,0.00,2.00,0.00
42.00,13.00,3.00,0.00,0.00,0.00,2.00,0.00
43.00,17.00,3.00,0.00,0.00,0.00,2.00,0.00
39.00,17.00,5.00,0.00,0.00,0.00,2.00,0.00
47.00,44.00,13.00,0.00,0.00,0.00,4.00,0.00
33.00,46.00,19.00,1.00,0.00,0.00,4.00,0.00
40.00,46.00,23.00,2.00,0.00,0.00,4.00,0.00
26.00,28.00,36.00,3.00,1.00,0.00,8.00,0.00
29.00,30.00,56.00,4.00,1.00,0.00,12.00,0.00
25.00,34.00,36.00,2.00,1.00,0.00,8.00,0.00
27.00,30.00,31.00,2.00,1.00,0.00,7.00,0.00
23.00,26.00,34.00,2.00,1.00,0.00,9.00,0.00
26.00,24.00,35.00,3.00,2.00,0.00,9.00,0.00
25.00,22.00,28.00,4.00,2.00,0.00,7.00,0.00
28.00,21.00,25.00,10.00,2.00,0.00,6.00,0.00
26.00,21.00,27.00,9.00,3.00,0.00,8.00,0.00
30.00,21.00,32.00,19.00,2.00,0.00,10.00,0.00
24.00,22.00,32.00,17.00,3.00,0.00,10.00,0.00
27.00,22.00,29.00,20.00,4.00,0.00,9.00,0.00
25.00,25.00,18.00,15.00,1.00,0.00,5.00,0.00
29.00,21.00,12.00,9.00,2.00,0.00,3.00,0.00
30.00,9.00,6.00,3.00,1.00,0.00,1.00,0.00
24.00,3.00,3.00,3.00,0.00,0.00,1.00,0.00
23.00,2.00,1.00,2.00,0.00,0.00,1.00,0.00
19.00,3.00,1.00,0.00,0.00,0.00,1.00,0.00
14.00,1.00,1.00,0.00,0.00,0.00,0.00,0.00
7.00,1.00,0.00,0.00,0.00,0.00,0.00,0.00
4.00,0.00,0.00,0.00,0.00,0.00,0.00,0.00
2.00,0.00,0.00,0.00,0.00,0.00,0.00,0.00
1.00,0.00,0.00,0.00,0.00,0.00,0.00,0.00
43.00,9.00,3.00,0.00,0.00,0.00,2.00,0.00
50.00,23.00,7.00,0.00,0.00,0.00,3.00,0.00
40.00,22.00,11.00,0.00,0.00,0.00,2.00,0.00
43.00,47.00,17.00,1.00,0.00,0.00,4.00,0.00
30.00,50.00,27.00,1.00,1.00,0.00,5.00,0.00
23.00,32.00,36.00,1.00,1.00,0.00,6.00,0.00
26.00,34.00,34.00,3.00,2.00,0.00,6.00,0.00
19.00,33.00,48.00,5.00,2.00,0.00,10.00,0.00
23.00,21.00,50.00,4.00,2.00,0.00,9.00,0.00
20.00,29.00,58.00,7.00,4.00,0.00,10.00,0.00
21.00,41.00,63.00,11.00,4.00,0.00,10.00,0.00
23.00,28.00,59.00,9.00,4.00,0.00,10.00,0.00
19.00,24.00,53.00,8.00,4.00,0.00,13.00,0.00
21.00,16.00,44.00,15.00,3.00,0.00,11.00,0.00
18.00,16.00,38.00,16.00,3.00,0.00,10.00,0.00
21.00,17.00,36.00,26.00,5.00,0.00,8.00,0.00
19.00,17.00,42.00,35.00,5.00,0.00,13.00,0.00
21.00,19.00,35.00,35.00,8.00,0.00,11.00,0.00
21.00,21.00,35.00,26.00,6.00,0.00,10.00,0.00
20.00,25.00,22.00,28.00,7.00,0.00,10.00,0.00
24.00,28.00,17.00,18.00,9.00,0.00,6.00,0.00
26.00,24.00,10.00,8.00,4.00,0.00,3.00,0.00
29.00,12.00,6.00,3.00,1.00,0.00,1.00,0.00
27.00,5.00,2.00,4.00,0.00,0.00,1.00,0.00
28.00,6.00,1.00,3.00,0.00,0.00,1.00,0.00
21.00,2.00,0.00,0.00,0.00,0.00,1.00,0.00
18.00,3.00,0.00,0.00,0.00,0.00,1.00,0.00
12.00,1.00,0.00,0.00,0.00,0.00,0.00,0.00
6.00,1.00,0.00,0.00,0.00,0.00,0.00,0.00
4.00,0.00,0.00,0.00,0.00,0.00,0.00,0.00
30.00,12.00,4.00,0.00,0.00,0.00,1.00,0.00
36.00,22.00,6.00,0.00,0.00,0.00,2.00,0.00
34.00,26.00,10.00,0.00,0.00,0.00,2.00,0.00
42.00,43.00,13.00,1.00,0.00,0.00,4.00,0.00
31.00,32.00,11.00,1.00,0.00,0.00,3.00,0.00
35.00,28.00,9.00,1.00,1.00,0.00,2.00,0.00
28.00,32.00,24.00,3.00,2.00,0.00,5.00,0.00
25.00,37.00,56.00,2.00,2.00,0.00,13.00,0.00
24.00,25.00,79.00,2.00,1.00,0.00,18.00,0.00
24.00,20.00,84.00,5.00,2.00,0.00,19.00,0.00
23.00,17.00,73.00,4.00,1.00,0.00,16.00,0.00
24.00,13.00,58.00,6.00,2.00,0.00,13.00,0.00
25.00,17.00,47.00,9.00,1.00,0.00,12.00,0.00
25.00,16.00,36.00,8.00,1.00,0.00,9.00,0.00
26.00,20.00,30.00,15.00,2.00,0.00,9.00,0.00
26.00,22.00,40.00,15.00,2.00,0.00,12.00,0.00
29.00,23.00,36.00,23.00,3.00,0.00,11.00,0.00
29.00,21.00,25.00,18.00,1.00,0.00,7.00,0.00
28.00,20.00,17.00,15.00,2.00,0.00,5.00,0.00
29.00,18.00,8.00,6.00,1.00,0.00,2.00,0.00
29.00,14.00,4.00,3.00,1.00,0.00,1.00,0.00
31.00,8.00,2.00,2.00,0.00,0.00,2.00,0.00
27.00,2.00,1.00,2.00,0.00,0.00,1.00,0.00
22.00,3.00,1.00,1.00,0.00,0.00,1.00,0.00
21.00,2.00,1.00,0.00,0.00,0.00,1.00,0.00
14.00,1.00,0.00,0.00,0.00,0.00,0.00,0.00
8.00,1.00,0.00,0.00,0.00,0.00,0.00,0.00
6.00,1.00,0.00,0.00,0.00,0.00,0.00,0.00
3.00,1.00,0.00,0.00,0.00,0.00,0.00,0.00
1.00,0.00,0.00,0.00,0.00,0.00,0.00,0.00
43.00,5.00,4.00,0.00,0.00,0.00,2.00,0.00
56.00,23.00,6.00,1.00,1.00,0.00,3.00,0.00
49.00,16.00,8.00,1.00,0.00,0.00,3.00,0.00
53.00,36.00,12.00,1.00,1.00,0.00,3.00,0.00
39.00,45.00,20.00,1.00,1.00,0.00,4.00,0.00
38.00,41.00,36.00,2.00,1.00,0.00,6.00,0.00
20.00,27.00,32.00,3.00,1.00,0.00,6.00,0.00
17.00,25.00,49.00,5.00,1.00,0.00,10.00,0.00
19.00,15.00,59.00,6.00,2.00,0.00,12.00,0.00
19.00,12.00,49.00,7.00,3.00,0.00,10.00,0.00
20.00,19.00,36.00,6.00,3.00,0.00,7.00,0.00
20.00,11.00,32.00,7.00,2.00,0.00,6.00,0.00
18.00,13.00,29.00,7.00,2.00,1.00,6.00,0.00
20.00,9.00,39.00,6.00,4.00,0.00,11.00,0.00
20.00,14.00,48.00,7.00,3.00,0.00,13.00,0.00
21.00,9.00,21.00,16.00,3.00,0.00,6.00,0.00
20.00,7.00,16.00,18.00,4.00,0.00,5.00,0.00
20.00,11.00,12.00,19.00,3.00,0.00,6.00,0.00
21.00,12.00,12.00,17.00,5.00,0.00,6.00,0.00
21.00,16.00,11.00,12.00,5.00,0.00,4.00,0.00
22.00,15.00,8.00,8.00,6.00,0.00,4.00,0.00
25.00,10.00,3.00,5.00,2.00,0.00,2.00,0.00
26.00,5.00,2.00,2.00,0.00,0.00,1.00,0.00
24.00,5.00,1.00,2.00,0.00,0.00,1.00,0.00
21.00,3.00,0.00,1.00,0.00,0.00,1.00,0.00
16.00,2.00,0.00,0.00,0.00,0.00,1.00,0.00
10.00,2.00,0.00,0.00,0.00,0.00,0.00,0.00
6.00,0.00,0.00,0.00,0.00,0.00,0.00,0.00
2.00,0.00,0.00,0.00,0.00,0.00,0.00,0.00
1.00,0.00,0.00,0.00,0.00,0.00,0.00,0.00
35.00,7.00,2.00,0.00,0.00,0.00,2.00,0.00
45.00,4.00,3.00,0.00,0.00,0.00,2.00,0.00
46.00,15.00,5.00,0.00,0.00,0.00,3.00,0.00
43.00,18.00,8.00,1.00,0.00,0.00,2.00,0.00
42.00,51.00,20.00,2.00,0.00,0.00,5.00,0.00
26.00,23.00,31.00,2.00,1.00,0.00,5.00,0.00
24.00,24.00,44.00,2.00,2.00,0.00,9.00,0.00
23.00,18.00,45.00,4.00,3.00,0.00,9.00,0.00
19.00,21.00,37.00,5.00,3.00,0.00,7.00,0.00
19.00,20.00,34.00,8.00,1.00,0.00,5.00,0.00
19.00,11.00,28.00,8.00,2.00,0.00,6.00,0.00
18.00,11.00,35.00,9.00,2.00,0.00,9.00,0.00
18.00,16.00,29.00,14.00,2.00,0.00,8.00,0.00
19.00,17.00,26.00,16.00,3.00,0.00,7.00,0.00
20.00,19.00,26.00,27.00,2.00,0.00,8.00,0.00
20.00,14.00,25.00,27.00,1.00,0.00,8.00,0.00
20.00,11.00,14.00,19.00,2.00,0.00,6.00,0.00
22.00,6.00,9.00,18.00,1.00,0.00,6.00,0.00
23.00,3.00,6.00,15.00,1.00,0.00,5.00,0.00
25.00,5.00,4.00,7.00,1.00,0.00,2.00,0.00
18.00,5.00,1.00,2.00,0.00,0.00,1.00,0.00
14.00,2.00,1.00,1.00,0.00,0.00,0.00,0.00
11.00,3.00,0.00,0.00,0.00,0.00,0.00,0.00
10.00,1.00,0.00,0.00,0.00,0.00,0.00,0.00
8.00,2.00,0.00,0.00,0.00,0.00,0.00,0.00
5.00,0.00,0.00,0.00,0.00,0.00,0.00,0.00
3.00,0.00,0.00,0.00,0.00,0.00,0.00,0.00
1.00,0.00,0.00,0.00,0.00,0.00,0.00,0.00
0.00,0.00,0.00,0.00,0.00,0.00,0.00,0.00
0.00,0.00,0.00,0.00,0.00,0.00,0.00,0.00
31.00,15.00,3.00,0.00,0.00,0.00,1.00,0.00
33.00,22.00,6.00,0.00,0.00,0.00,2.00,0.00
31.00,28.00,11.00,0.00,0.00,0.00,2.00,0.00
28.00,25.00,17.00,1.00,1.00,0.00,2.00,0.00
26.00,33.00,17.00,1.00,1.00,0.00,4.00,0.00
27.00,41.00,32.00,1.00,2.00,0.00,7.00,0.00
26.00,39.00,47.00,2.00,1.00,0.00,11.00,0.00
28.00,33.00,58.00,2.00,1.00,0.00,13.00,0.00
26.00,33.00,46.00,4.00,2.00,0.00,11.00,0.00
28.00,27.00,41.00,5.00,2.00,0.00,9.00,0.00
25.00,26.00,40.00,5.00,2.00,0.00,9.00,0.00
26.00,30.00,38.00,6.00,4.00,0.00,8.00,0.00
26.00,23.00,37.00,5.00,3.00,0.00,6.00,0.00
22.00,27.00,37.00,11.00,3.00,0.00,7.00,0.00
20.00,13.00,24.00,16.00,1.00,0.00,6.00,0.00
19.00,15.00,19.00,23.00,2.00,0.00,7.00,0.00
21.00,19.00,15.00,17.00,3.00,0.00,6.00,0.00
22.00,21.00,12.00,11.00,3.00,0.00,4.00,0.00
26.00,11.00,7.00,4.00,1.00,0.00,1.00,0.00
25.00,3.00,3.00,2.00,0.00,0.00,1.00,0.00
25.00,4.00,1.00,1.00,0.00,0.00,1.00,0.00
20.00,3.00,0.00,0.00,0.00,0.00,1.00,0.00
15.00,2.00,0.00,0.00,0.00,0.00,1.00,0.00
12.00,1.00,0.00,0.00,0.00,0.00,0.00,0.00
5.00,0.00,0.00,0.00,0.00,0.00,0.00,0.00
2.00,0.00,0.00,0.00,0.00,0.00,0.00,0.00
1.00,0.00,0.00,0.00,0.00,0.00,0.00,0.00
1.00,0.00,0.00,0.00,0.00,0.00,0.00,0.00
0.00,0.00,0.00,0.00,0.00,0.00,0.00,0.00
0.00,0.00,0.00,0.00,0.00,0.00,0.00,0.00
26.00,16.00,3.00,0.00,0.00,0.00,1.00,0.00
25.00,11.00,3.00,0.00,0.00,0.00,1.00,0.00
24.00,14.00,4.00,0.00,0.00,0.00,1.00,0.00
21.00,19.00,6.00,1.00,0.00,0.00,1.00,0.00
18.00,12.00,11.00,1.00,0.00,0.00,1.00,0.00
20.00,22.00,10.00,2.00,1.00,0.00,2.00,0.00
19.00,30.00,28.00,2.00,1.00,0.00,6.00,0.00
20.00,34.00,49.00,5.00,1.00,0.00,11.00,0.00
19.00,28.00,53.00,2.00,1.00,0.00,12.00,0.00
23.00,29.00,38.00,3.00,1.00,0.00,9.00,0.00
23.00,25.00,43.00,3.00,1.00,0.00,9.00,0.00
28.00,23.00,34.00,4.00,1.00,0.00,8.00,0.00
24.00,21.00,35.00,4.00,2.00,0.00,9.00,0.00
28.00,19.00,27.00,5.00,1.00,0.00,7.00,0.00
25.00,20.00,21.00,9.00,3.00,0.00,5.00,0.00
27.00,19.00,22.00,13.00,2.00,0.00,6.00,0.00
26.00,17.00,26.00,8.00,2.00,0.00,7.00,0.00
25.00,19.00,20.00,17.00,3.00,0.00,6.00,0.00
26.00,18.00,12.00,15.00,2.00,0.00,5.00,0.00
26.00,19.00,10.00,12.00,2.00,0.00,4.00,0.00
27.00,13.00,6.00,7.00,2.00,0.00,2.00,0.00
27.00,7.00,4.00,4.00,1.00,0.00,1.00,0.00
23.00,2.00,2.00,1.00,0.00,0.00,1.00,0.00
23.00,4.00,1.00,1.00,0.00,0.00,1.00,0.00
18.00,1.00,0.00,0.00,0.00,0.00,1.00,0.00
12.00,2.00,0.00,0.00,0.00,0.00,0.00,0.00
6.00,0.00,0.00,0.00,0.00,0.00,0.00,0.00
3.00,0.00,0.00,0.00,0.00,0.00,0.00,0.00
1.00,0.00,0.00,0.00,0.00,0.00,0.00,0.00
0.00,0.00,0.00,0.00,0.00,0.00,0.00,0.00
27.00,11.00,4.00,0.00,0.00,0.00,1.00,0.00
30.00,12.00,4.00,0.00,0.00,0.00,1.00,0.00
33.00,23.00,4.00,0.00,0.00,0.00,2.00,0.00
30.00,26.00,6.00,0.00,0.00,0.00,2.00,0.00
33.00,48.00,15.00,1.00,0.00,0.00,4.00,0.00
35.00,39.00,22.00,1.00,0.00,0.00,3.00,0.00
29.00,33.00,36.00,2.00,0.00,0.00,7.00,0.00
29.00,34.00,34.00,3.00,1.00,0.00,8.00,0.00
26.00,31.00,43.00,3.00,1.00,0.00,10.00,0.00
28.00,27.00,35.00,3.00,1.00,0.00,8.00,0.00
26.00,25.00,36.00,3.00,1.00,0.00,8.00,0.00
28.00,22.00,26.00,5.00,3.00,0.00,6.00,0.00
24.00,25.00,34.00,6.00,4.00,0.00,5.00,0.00
24.00,20.00,38.00,8.00,3.00,0.00,6.00,0.00
19.00,20.00,38.00,8.00,3.00,0.00,6.00,0.00
21.00,26.00,32.00,16.00,3.00,0.00,6.00,0.00
22.00,19.00,27.00,11.00,3.00,0.00,5.00,0.00
20.00,20.00,25.00,17.00,3.00,0.00,5.00,0.00
22.00,18.00,21.00,16.00,2.00,0.00,5.00,0.00
20.00,20.00,16.00,12.00,3.00,0.00,4.00,0.00
22.00,14.00,8.00,8.00,2.00,0.00,2.00,0.00
21.00,7.00,4.00,4.00,0.00,0.00,1.00,0.00
23.00,6.00,1.00,1.00,0.00,0.00,1.00,0.00
23.00,5.00,1.00,0.00,0.00,0.00,1.00,0.00
19.00,4.00,0.00,0.00,0.00,0.00,1.00,0.00
15.00,1.00,0.00,0.00,0.00,0.00,0.00,0.00
9.00,1.00,0.00,0.00,0.00,0.00,0.00,0.00
5.00,0.00,0.00,0.00,0.00,0.00,0.00,0.00
3.00,0.00,0.00,0.00,0.00,0.00,0.00,0.00
1.00,0.00,0.00,0.00,0.00,0.00,0.00,0.00
35.00,18.00,1.00,0.00,0.00,0.00,2.00,0.00
34.00,18.00,2.00,0.00,0.00,0.00,2.00,0.00
39.00,24.00,3.00,0.00,0.00,0.00,2.00,0.00
36.00,25.00,4.00,0.00,0.00,0.00,2.00,0.00
46.00,46.00,7.00,1.00,0.00,0.00,4.00,0.00
40.00,51.00,13.00,1.00,0.00,0.00,5.00,0.00
35.00,60.00,17.00,1.00,0.00,0.00,5.00,0.00
35.00,65.00,26.00,2.00,0.00,0.00,6.00,0.00
27.00,48.00,33.00,3.00,1.00,0.00,5.00,0.00
27.00,37.00,28.00,4.00,1.00,0.00,5.00,0.00
23.00,33.00,32.00,5.00,1.00,0.00,7.00,0.00
24.00,37.00,53.00,5.00,1.00,0.00,12.00,0.00
24.00,37.00,43.00,7.00,2.00,0.00,10.00,0.00
25.00,32.00,43.00,6.00,3.00,0.00,8.00,0.00
20.00,28.00,47.00,5.00,3.00,0.00,7.00,0.00
21.00,35.00,48.00,7.00,3.00,0.00,8.00,0.00
21.00,23.00,41.00,7.00,3.00,0.00,6.00,0.00
21.00,29.00,36.00,15.00,3.00,0.00,6.00,0.00
22.00,21.00,30.00,13.00,4.00,0.00,9.00,0.00
24.00,22.00,26.00,18.00,4.00,0.00,8.00,0.00
23.00,23.00,20.00,18.00,6.00,0.00,6.00,0.00
25.00,24.00,15.00,15.00,3.00,0.00,5.00,0.00
24.00,18.00,8.00,7.00,1.00,0.00,2.00,0.00
24.00,6.00,2.00,1.00,0.00,0.00,1.00,0.00
26.00,5.00,1.00,2.00,1.00,0.00,1.00,0.00
25.00,7.00,1.00,1.00,0.00,0.00,1.00,0.00
21.00,2.00,0.00,0.00,0.00,0.00,1.00,0.00
19.00,4.00,1.00,0.00,0.00,0.00,1.00,0.00
16.00,1.00,0.00,0.00,0.00,0.00,1.00,0.00
12.00,2.00,0.00,0.00,0.00,0.00,0.00,0.00
45.00,5.00,2.00,0.00,0.00,0.00,3.00,0.00
51.00,20.00,3.00,0.00,0.00,0.00,3.00,0.00
41.00,10.00,3.00,0.00,0.00,0.00,2.00,0.00
41.00,24.00,7.00,0.00,0.00,0.00,2.00,0.00
33.00,43.00,13.00,1.00,1.00,0.00,4.00,0.00
21.00,65.00,29.00,0.00,1.00,0.00,7.00,0.00
18.00,22.00,60.00,2.00,2.00,0.00,12.00,0.00
19.00,15.00,71.00,4.00,2.00,0.00,14.00,0.00
18.00,15.00,46.00,6.00,2.00,0.00,9.00,0.00
19.00,11.00,72.00,10.00,2.00,0.00,20.00,0.00
22.00,12.00,108.00,8.00,3.00,0.00,30.00,0.00
23.00,8.00,67.00,10.00,3.00,0.00,19.00,0.00
25.00,9.00,31.00,14.00,3.00,0.00,9.00,0.00
27.00,11.00,12.00,17.00,3.00,0.00,5.00,0.00
27.00,5.00,7.00,10.00,1.00,0.00,3.00,0.00
19.00,6.00,5.00,5.00,1.00,0.00,1.00,0.00
18.00,3.00,2.00,1.00,0.00,0.00,1.00,0.00
13.00,2.00,1.00,1.00,0.00,0.00,0.00,0.00
7.00,1.00,1.00,0.00,0.00,0.00,0.00,0.00
3.00,0.00,0.00,0.00,0.00,0.00,0.00,0.00
2.00,0.00,0.00,0.00,0.00,0.00,0.00,0.00
0.00,0.00,0.00,0.00,0.00,0.00,0.00,0.00
0.00,0.00,0.00,0.00,0.00,0.00,0.00,0.00
1.00,0.00,0.00,0.00,0.00,0.00,0.00,0.00
0.00,0.00,0.00,0.00,0.00,0.00,0.00,0.00
0.00,0.00,0.00,0.00,0.00,0.00,0.00,0.00
1.00,0.00,0.00,0.00,0.00,0.00,0.00,0.00
0.00,0.00,0.00,0.00,0.00,0.00,0.00,0.00
0.00,0.00,0.00,0.00,0.00,0.00,0.00,0.00
0.00,0.00,0.00,0.00,0.00,0.00,0.00,0.00
37.00,20.00,10.00,0.00,0.00,0.00,2.00,0.00
33.00,28.00,9.00,1.00,1.00,0.00,3.00,0.00
26.00,68.00,20.00,1.00,1.00,0.00,7.00,0.00
20.00,66.00,56.00,2.00,1.00,0.00,12.00,0.00
25.00,27.00,85.00,3.00,3.00,0.00,18.00,0.00
27.00,20.00,61.00,6.00,3.00,0.00,13.00,0.00
28.00,19.00,45.00,10.00,3.00,0.00,9.00,0.00
25.00,22.00,40.00,19.00,3.00,0.00,11.00,0.00
26.00,25.00,43.00,14.00,2.00,0.00,13.00,0.00
26.00,18.00,32.00,15.00,1.00,0.00,9.00,0.00
29.00,6.00,19.00,17.00,2.00,0.00,5.00,0.00
27.00,10.00,8.00,11.00,0.00,0.00,3.00,0.00
14.00,3.00,2.00,3.00,0.00,0.00,1.00,0.00
10.00,1.00,2.00,1.00,0.00,0.00,0.00,0.00
5.00,1.00,1.00,0.00,0.00,0.00,0.00,0.00
4.00,1.00,0.00,1.00,0.00,0.00,0.00,0.00
2.00,0.00,0.00,0.00,0.00,0.00,0.00,0.00
0.00,0.00,0.00,0.00,0.00,0.00,0.00,0.00
0.00,0.00,0.00,0.00,0.00,0.00,0.00,0.00
0.00,0.00,0.00,0.00,0.00,0.00,0.00,0.00
0.00,0.00,0.00,0.00,0.00,0.00,0.00,0.00
0.00,0.00,0.00,0.00,0.00,0.00,0.00,0.00
1.00,0.00,0.00,0.00,0.00,0.00,0.00,0.00
0.00,0.00,0.00,0.00,0.00,0.00,0.00,0.00
0.00,0.00,0.00,0.00,0.00,0.00,0.00,0.00
0.00,0.00,0.00,0.00,0.00,0.00,0.00,0.00
0.00,0.00,0.00,0.00,0.00,0.00,0.00,0.00
0.00,0.00,0.00,0.00,0.00,0.00,0.00,0.00
0.00,0.00,0.00,0.00,0.00,0.00,0.00,0.00
1.00,0.00,0.00,0.00,0.00,0.00,0.00,0.00
49.00,15.00,3.00,0.00,0.00,0.00,3.00,0.00
40.00,21.00,6.00,0.00,0.00,0.00,2.00,0.00
32.00,30.00,9.00,1.00,0.00,0.00,3.00,0.00
18.00,76.00,16.00,1.00,0.00,0.00,8.00,0.00
23.00,38.00,55.00,2.00,1.00,0.00,12.00,0.00
24.00,33.00,64.00,3.00,2.00,0.00,14.00,0.00
23.00,31.00,32.00,7.00,2.00,0.00,7.00,0.00
24.00,14.00,57.00,22.00,3.00,0.00,17.00,0.00
27.00,13.00,20.00,30.00,2.00,0.00,10.00,0.00
27.00,7.00,7.00,14.00,1.00,0.00,4.00,0.00
21.00,5.00,5.00,3.00,0.00,0.00,1.00,0.00
13.00,6.00,3.00,4.00,0.00,0.00,1.00,0.00
11.00,4.00,2.00,1.00,0.00,0.00,0.00,0.00
5.00,1.00,0.00,0.00,0.00,0.00,0.00,0.00
1.00,0.00,0.00,0.00,0.00,0.00,0.00,0.00
3.00,0.00,0.00,0.00,0.00,0.00,0.00,0.00
2.00,0.00,0.00,0.00,0.00,0.00,0.00,0.00
0.00,0.00,0.00,0.00,0.00,0.00,0.00,0.00
1.00,0.00,0.00,0.00,0.00,0.00,0.00,0.00
0.00,0.00,0.00,0.00,0.00,0.00,0.00,0.00
1.00,0.00,0.00,0.00,0.00,0.00,0.00,0.00
0.00,0.00,0.00,0.00,0.00,0.00,0.00,0.00
0.00,0.00,0.00,0.00,0.00,0.00,0.00,0.00
0.00,0.00,0.00,0.00,0.00,0.00,0.00,0.00
0.00,0.00,0.00,0.00,0.00,0.00,0.00,0.00
0.00,0.00,0.00,0.00,0.00,0.00,0.00,0.00
0.00,0.00,0.00,0.00,0.00,0.00,0.00,0.00
0.00,0.00,0.00,0.00,0.00,0.00,0.00,0.00
0.00,0.00,0.00,0.00,0.00,0.00,0.00,0.00
0.00,0.00,0.00,0.00,0.00,0.00,0.00,0.00
35.00,16.00,3.00,0.00,0.00,0.00,2.00,0.00
44.00,20.00,4.00,0.00,0.00,0.00,3.00,0.00
26.00,23.00,6.00,0.00,1.00,0.00,2.00,0.00
4.00,57.00,16.00,1.00,1.00,0.00,6.00,0.00
13.00,28.00,55.00,3.00,1.00,0.00,12.00,0.00
12.00,25.00,44.00,18.00,2.00,0.00,13.00,0.00
26.00,13.00,28.00,20.00,2.00,0.00,8.00,0.00
28.00,12.00,10.00,20.00,4.00,0.00,6.00,0.00
22.00,7.00,4.00,5.00,1.00,0.00,1.00,0.00
16.00,8.00,1.00,2.00,1.00,0.00,1.00,0.00
11.00,2.00,1.00,1.00,0.00,0.00,0.00,0.00
8.00,2.00,1.00,1.00,0.00,0.00,0.00,0.00
3.00,1.00,1.00,0.00,0.00,0.00,0.00,0.00
2.00,1.00,0.00,0.00,0.00,0.00,0.00,0.00
5.00,0.00,0.00,0.00,0.00,0.00,0.00,0.00
4.00,0.00,0.00,0.00,0.00,0.00,0.00,0.00
1.00,0.00,0.00,0.00,0.00,0.00,0.00,0.00
0.00,0.00,0.00,0.00,0.00,0.00,0.00,0.00
0.00,0.00,0.00,0.00,0.00,0.00,0.00,0.00
0.00,0.00,0.00,0.00,0.00,0.00,0.00,0.00
0.00,0.00,0.00,0.00,0.00,0.00,0.00,0.00
0.00,0.00,0.00,0.00,0.00,0.00,0.00,0.00
0.00,0.00,0.00,0.00,0.00,0.00,0.00,0.00
0.00,0.00,0.00,0.00,0.00,0.00,0.00,0.00
0.00,0.00,0.00,0.00,0.00,0.00,0.00,0.00
0.00,0.00,0.00,0.00,0.00,0.00,0.00,0.00
0.00,0.00,0.00,0.00,0.00,0.00,0.00,0.00
0.00,0.00,0.00,0.00,0.00,0.00,0.00,0.00
0.00,0.00,0.00,0.00,0.00,0.00,0.00,0.00
0.00,0.00,0.00,0.00,0.00,0.00,0.00,0.00
36.00,13.00,3.00,0.00,0.00,0.00,2.00,0.00
37.00,19.00,3.00,0.00,0.00,0.00,2.00,0.00
35.00,15.00,3.00,0.00,0.00,0.00,2.00,0.00
43.00,18.00,4.00,0.00,1.00,0.00,3.00,0.00
30.00,25.00,10.00,0.00,1.00,0.00,2.00,0.00
28.00,58.00,18.00,2.00,1.00,0.00,6.00,0.00
28.00,59.00,33.00,2.00,1.00,0.00,7.00,0.00
19.00,13.00,67.00,4.00,2.00,0.00,14.00,0.00
18.00,19.00,31.00,5.00,3.00,0.00,8.00,0.00
24.00,16.00,30.00,9.00,2.00,0.00,8.00,0.00
24.00,10.00,44.00,10.00,3.00,0.00,13.00,0.00
22.00,6.00,23.00,21.00,3.00,0.00,7.00,0.00
22.00,6.00,10.00,12.00,1.00,0.00,4.00,0.00
20.00,9.00,4.00,3.00,1.00,0.00,1.00,0.00
16.00,5.00,1.00,2.00,0.00,0.00,1.00,0.00
12.00,4.00,1.00,2.00,0.00,0.00,0.00,0.00
10.00,3.00,0.00,0.00,0.00,0.00,0.00,0.00
6.00,1.00,0.00,0.00,0.00,0.00,0.00,0.00
3.00,1.00,0.00,0.00,0.00,0.00,0.00,0.00
3.00,0.00,0.00,0.00,0.00,0.00,0.00,0.00
0.00,0.00,0.00,0.00,0.00,0.00,0.00,0.00
0.00,0.00,0.00,0.00,0.00,0.00,0.00,0.00
0.00,0.00,0.00,0.00,0.00,0.00,0.00,0.00
1.00,0.00,0.00,0.00,0.00,0.00,0.00,0.00
0.00,0.00,0.00,0.00,0.00,0.00,0.00,0.00
0.00,0.00,0.00,0.00,0.00,0.00,0.00,0.00
1.00,0.00,0.00,0.00,0.00,0.00,0.00,0.00
0.00,0.00,0.00,0.00,0.00,0.00,0.00,0.00
0.00,0.00,0.00,0.00,0.00,0.00,0.00,0.00
0.00,0.00,0.00,0.00,0.00,0.00,0.00,0.00
28.00,10.00,1.00,0.00,0.00,0.00,1.00,0.00
37.00,10.00,1.00,0.00,0.00,0.00,2.00,0.00
42.00,18.00,3.00,0.00,0.00,0.00,2.00,0.00
36.00,11.00,4.00,0.00,0.00,0.00,2.00,0.00
32.00,21.00,8.00,0.00,0.00,0.00,2.00,0.00
19.00,28.00,11.00,0.00,0.00,0.00,2.00,0.00
13.00,42.00,19.00,0.00,0.00,0.00,4.00,0.00
19.00,15.00,24.00,1.00,0.00,0.00,4.00,0.00
22.00,13.00,51.00,1.00,1.00,0.00,11.00,0.00
21.00,14.00,55.00,3.00,1.00,0.00,12.00,0.00
21.00,14.00,37.00,4.00,2.00,0.00,7.00,0.00
20.00,14.00,26.00,5.00,2.00,0.00,6.00,0.00
21.00,13.00,41.00,14.00,4.00,0.00,12.00,0.00
22.00,9.00,42.00,15.00,4.00,0.00,12.00,0.00
22.00,10.00,19.00,25.00,1.00,0.00,8.00,0.00
24.00,6.00,6.00,15.00,1.00,0.00,5.00,0.00
20.00,5.00,2.00,6.00,1.00,0.00,2.00,0.00
15.00,6.00,1.00,4.00,1.00,0.00,1.00,0.00
14.00,2.00,1.00,2.00,0.00,0.00,1.00,0.00
13.00,4.00,0.00,0.00,0.00,0.00,0.00,0.00
9.00,2.00,0.00,0.00,0.00,0.00,0.00,0.00
6.00,1.00,0.00,0.00,0.00,0.00,0.00,0.00
2.00,0.00,0.00,0.00,0.00,0.00,0.00,0.00
1.00,0.00,0.00,0.00,0.00,0.00,0.00,0.00
0.00,0.00,0.00,0.00,0.00,0.00,0.00,0.00
0.00,0.00,0.00,0.00,0.00,0.00,0.00,0.00
0.00,0.00,0.00,0.00,0.00,0.00,0.00,0.00
1.00,0.00,0.00,0.00,0.00,0.00,0.00,0.00
0.00,0.00,0.00,0.00,0.00,0.00,0.00,0.00
0.00,0.00,0.00,0.00,0.00,0.00,0.00,0.00
34.00,11.00,2.00,0.00,0.00,0.00,2.00,0.00
29.00,10.00,4.00,0.00,0.00,0.00,2.00,0.00
32.00,7.00,2.00,0.00,0.00,0.00,2.00,0.00
39.00,17.00,4.00,0.00,0.00,0.00,2.00,0.00
32.00,17.00,6.00,1.00,0.00,0.00,2.00,0.00
24.00,39.00,11.00,1.00,1.00,0.00,4.00,0.00
21.00,64.00,44.00,2.00,1.00,0.00,9.00,0.00
18.00,21.00,44.00,4.00,2.00,0.00,9.00,0.00
15.00,11.00,22.00,3.00,3.00,0.00,5.00,0.00
19.00,12.00,50.00,4.00,4.00,0.00,14.00,0.00
20.00,13.00,51.00,4.00,3.00,0.00,14.00,0.00
20.00,13.00,32.00,12.00,3.00,0.00,9.00,0.00
21.00,11.00,18.00,16.00,2.00,0.00,5.00,0.00
22.00,8.00,9.00,13.00,2.00,0.00,4.00,0.00
21.00,4.00,8.00,6.00,1.00,0.00,2.00,0.00
21.00,9.00,4.00,3.00,0.00,0.00,1.00,0.00
17.00,3.00,1.00,1.00,0.00,0.00,1.00,0.00
12.00,4.00,1.00,1.00,0.00,0.00,0.00,0.00
12.00,4.00,1.00,0.00,0.00,0.00,0.00,0.00
10.00,2.00,1.00,0.00,0.00,0.00,0.00,0.00
7.00,2.00,0.00,0.00,0.00,0.00,0.00,0.00
3.00,0.00,0.00,0.00,0.00,0.00,0.00,0.00
1.00,0.00,0.00,0.00,0.00,0.00,0.00,0.00
1.00,0.00,0.00,0.00,0.00,0.00,0.00,0.00
1.00,0.00,0.00,0.00,0.00,0.00,0.00,0.00
0.00,0.00,0.00,0.00,0.00,0.00,0.00,0.00
0.00,0.00,0.00,0.00,0.00,0.00,0.00,0.00
1.00,0.00,0.00,0.00,0.00,0.00,0.00,0.00
0.00,0.00,0.00,0.00,0.00,0.00,0.00,0.00
0.00,0.00,0.00,0.00,0.00,0.00,0.00,0.00
34.00,17.00,5.00,0.00,0.00,0.00,2.00,0.00
27.00,16.00,7.00,1.00,0.00,0.00,2.00,0.00
30.00,38.00,11.00,3.00,1.00,0.00,4.00,0.00
24.00,65.00,37.00,2.00,1.00,0.00,8.00,0.00
17.00,31.00,82.00,2.00,2.00,0.00,18.00,0.00
19.00,15.00,86.00,5.00,2.00,0.00,19.00,0.00
22.00,11.00,45.00,6.00,1.00,0.00,9.00,0.00
24.00,12.00,40.00,7.00,3.00,1.00,11.00,0.00
24.00,10.00,46.00,12.00,2.00,0.00,13.00,0.00
25.00,12.00,30.00,14.00,3.00,0.00,9.00,0.00
24.00,7.00,21.00,14.00,2.00,1.00,6.00,0.00
24.00,8.00,11.00,8.00,1.00,0.00,3.00,0.00
22.00,10.00,5.00,4.00,1.00,0.00,1.00,0.00
17.00,4.00,1.00,3.00,1.00,0.00,1.00,0.00
14.00,5.00,2.00,1.00,1.00,0.00,1.00,0.00
15.00,4.00,2.00,0.00,0.00,0.00,1.00,0.00
14.00,3.00,1.00,0.00,0.00,0.00,0.00,0.00
12.00,4.00,1.00,0.00,0.00,0.00,0.00,0.00
9.00,2.00,0.00,0.00,0.00,0.00,0.00,0.00
5.00,1.00,0.00,0.00,0.00,0.00,0.00,0.00
2.00,0.00,0.00,0.00,0.00,0.00,0.00,0.00
3.00,0.00,0.00,0.00,0.00,0.00,0.00,0.00
2.00,0.00,0.00,0.00,0.00,0.00,0.00,0.00
2.00,0.00,0.00,0.00,0.00,0.00,0.00,0.00
0.00,0.00,0.00,0.00,0.00,0.00,0.00,0.00
0.00,0.00,0.00,0.00,0.00,0.00,0.00,0.00
0.00,0.00,0.00,0.00,0.00,0.00,0.00,0.00
1.00,0.00,0.00,0.00,0.00,0.00,0.00,0.00
0.00,0.00,0.00,0.00,0.00,0.00,0.00,0.00
0.00,0.00,0.00,0.00,0.00,0.00,0.00,0.00
32.00,18.00,3.00,0.00,0.00,0.00,2.00,0.00
30.00,12.00,4.00,0.00,0.00,0.00,2.00,0.00
25.00,15.00,5.00,1.00,0.00,0.00,1.00,0.00
22.00,29.00,6.00,1.00,0.00,0.00,3.00,0.00
15.00,53.00,14.00,1.00,1.00,0.00,6.00,0.00
13.00,45.00,48.00,2.00,1.00,0.00,10.00,0.00
15.00,24.00,84.00,3.00,1.00,0.00,19.00,0.00
18.00,22.00,76.00,4.00,1.00,0.00,17.00,0.00
20.00,22.00,55.00,4.00,2.00,0.00,12.00,0.00
19.00,20.00,36.00,14.00,2.00,0.00,10.00,0.00
20.00,19.00,40.00,13.00,3.00,0.00,12.00,0.00
21.00,15.00,27.00,11.00,2.00,0.00,8.00,0.00
22.00,8.00,21.00,12.00,2.00,1.00,6.00,0.00
22.00,7.00,12.00,4.00,0.00,0.00,3.00,0.00
20.00,10.00,6.00,2.00,1.00,0.00,1.00,0.00
17.00,5.00,1.00,1.00,0.00,0.00,1.00,0.00
12.00,3.00,2.00,1.00,0.00,0.00,0.00,0.00
11.00,4.00,1.00,0.00,0.00,0.00,0.00,0.00
9.00,2.00,1.00,0.00,0.00,0.00,0.00,0.00
9.00,3.00,1.00,0.00,0.00,0.00,0.00,0.00
6.00,2.00,0.00,0.00,0.00,0.00,0.00,0.00
3.00,1.00,0.00,0.00,0.00,0.00,0.00,0.00
1.00,0.00,0.00,0.00,0.00,0.00,0.00,0.00
2.00,0.00,0.00,0.00,0.00,0.00,0.00,0.00
1.00,0.00,0.00,0.00,0.00,0.00,0.00,0.00
0.00,0.00,0.00,0.00,0.00,0.00,0.00,0.00
0.00,0.00,0.00,0.00,0.00,0.00,0.00,0.00
0.00,0.00,0.00,0.00,0.00,0.00,0.00,0.00
0.00,0.00,0.00,0.00,0.00,0.00,0.00,0.00
0.00,0.00,0.00,0.00,0.00,0.00,0.00,0.00
34.00,9.00,2.00,0.00,0.00,0.00,2.00,0.00
32.00,15.00,2.00,0.00,0.00,0.00,2.00,0.00
37.00,18.00,4.00,0.00,0.00,0.00,2.00,0.00
37.00,16.00,5.00,1.00,0.00,0.00,2.00,0.00
37.00,13.00,5.00,1.00,0.00,0.00,2.00,0.00
27.00,25.00,5.00,2.00,0.00,0.00,2.00,0.00
19.00,44.00,9.00,2.00,0.00,0.00,4.00,0.00
20.00,69.00,21.00,3.00,1.00,0.00,7.00,0.00
20.00,87.00,45.00,3.00,1.00,0.00,10.00,0.00
25.00,33.00,67.00,2.00,2.00,0.00,14.00,0.00
22.00,21.00,70.00,6.00,2.00,0.00,15.00,0.00
18.00,17.00,61.00,7.00,3.00,0.00,13.00,0.00
17.00,13.00,44.00,8.00,3.00,0.00,9.00,0.00
18.00,11.00,39.00,15.00,2.00,0.00,11.00,0.00
20.00,10.00,46.00,10.00,2.00,0.00,13.00,0.00
21.00,11.00,23.00,15.00,1.00,0.00,6.00,0.00
21.00,6.00,8.00,15.00,1.00,0.00,4.00,0.00
21.00,6.00,6.00,8.00,1.00,0.00,2.00,0.00
21.00,8.00,4.00,3.00,0.00,0.00,1.00,0.00
20.00,4.00,1.00,2.00,0.00,0.00,1.00,0.00
14.00,4.00,1.00,1.00,0.00,0.00,0.00,0.00
8.00,1.00,0.00,0.00,0.00,0.00,0.00,0.00
7.00,2.00,0.00,0.00,0.00,0.00,0.00,0.00
3.00,1.00,0.00,0.00,0.00,0.00,0.00,0.00
1.00,0.00,0.00,0.00,0.00,0.00,0.00,0.00
1.00,0.00,0.00,0.00,0.00,0.00,0.00,0.00
0.00,0.00,0.00,0.00,0.00,0.00,0.00,0.00
0.00,0.00,0.00,0.00,0.00,0.00,0.00,0.00
0.00,0.00,0.00,0.00,0.00,0.00,0.00,0.00
1.00,0.00,0.00,0.00,0.00,0.00,0.00,0.00
52.00,49.00,41.00,2.00,1.00,0.00,7.00,0.00
25.00,81.00,75.00,8.00,4.00,0.00,15.00,0.00
20.00,93.00,94.00,10.00,4.00,1.00,20.00,0.00
17.00,59.00,104.00,10.00,4.00,2.00,21.00,0.00
15.00,56.00,78.00,10.00,4.00,2.00,13.00,0.00
10.00,45.00,51.00,8.00,3.00,2.00,8.00,0.00
27.00,23.00,13.00,10.00,2.00,0.00,3.00,0.00
11.00,5.00,11.00,4.00,0.00,0.00,1.00,0.00
5.00,4.00,7.00,2.00,0.00,0.00,1.00,0.00
4.00,1.00,2.00,0.00,0.00,0.00,0.00,0.00
3.00,1.00,1.00,0.00,0.00,0.00,0.00,0.00
2.00,0.00,0.00,0.00,0.00,0.00,0.00,0.00
0.00,0.00,0.00,0.00,0.00,0.00,0.00,0.00
0.00,0.00,0.00,0.00,0.00,0.00,0.00,0.00
1.00,0.00,0.00,0.00,0.00,0.00,0.00,0.00
0.00,0.00,0.00,0.00,0.00,0.00,0.00,0.00
1.00,0.00,0.00,0.00,0.00,0.00,0.00,0.00
0.00,0.00,0.00,0.00,0.00,0.00,0.00,0.00
0.00,0.00,0.00,0.00,0.00,0.00,0.00,0.00
0.00,0.00,0.00,0.00,0.00,0.00,0.00,0.00
1.00,0.00,0.00,0.00,0.00,0.00,0.00,0.00
0.00,0.00,0.00,0.00,0.00,0.00,0.00,0.00
0.00,0.00,0.00,0.00,0.00,0.00,0.00,0.00
0.00,0.00,0.00,0.00,0.00,0.00,0.00,0.00
0.00,0.00,0.00,0.00,0.00,0.00,0.00,0.00
0.00,0.00,0.00,0.00,0.00,0.00,0.00,0.00
0.00,0.00,0.00,0.00,0.00,0.00,0.00,0.00
0.00,0.00,0.00,0.00,0.00,0.00,0.00,0.00
1.00,0.00,0.00,0.00,0.00,0.00,0.00,0.00
0.00,0.00,0.00,0.00,0.00,0.00,0.00,0.00
42.00,13.00,3.00,0.00,0.00,0.00,3.00,0.00
24.00,25.00,17.00,0.00,0.00,0.00,2.00,0.00
35.00,45.00,24.00,1.00,1.00,0.00,4.00,0.00
28.00,31.00,57.00,4.00,2.00,1.00,9.00,0.00
14.00,67.00,62.00,8.00,3.00,2.00,12.00,0.00
14.00,96.00,112.00,10.00,11.00,2.00,24.00,0.00
14.00,49.00,95.00,12.00,9.00,3.00,16.00,0.00
13.00,49.00,88.00,13.00,6.00,2.00,14.00,0.00
12.00,30.00,36.00,8.00,2.00,0.00,6.00,0.00
9.00,22.00,14.00,6.00,1.00,0.00,2.00,0.00
7.00,11.00,14.00,6.00,0.00,0.00,2.00,0.00
7.00,4.00,6.00,1.00,0.00,0.00,1.00,0.00
7.00,2.00,3.00,0.00,0.00,0.00,0.00,0.00
5.00,1.00,1.00,0.00,0.00,0.00,0.00,0.00
1.00,1.00,0.00,0.00,0.00,0.00,0.00,0.00
1.00,0.00,0.00,0.00,0.00,0.00,0.00,0.00
0.00,0.00,0.00,0.00,0.00,0.00,0.00,0.00
0.00,0.00,0.00,0.00,0.00,0.00,0.00,0.00
1.00,0.00,0.00,0.00,0.00,0.00,0.00,0.00
0.00,0.00,0.00,0.00,0.00,0.00,0.00,0.00
0.00,0.00,0.00,0.00,0.00,0.00,0.00,0.00
0.00,0.00,0.00,0.00,0.00,0.00,0.00,0.00
0.00,0.00,0.00,0.00,0.00,0.00,0.00,0.00
0.00,0.00,0.00,0.00,0.00,0.00,0.00,0.00
0.00,0.00,0.00,0.00,0.00,0.00,0.00,0.00
0.00,0.00,0.00,0.00,0.00,0.00,0.00,0.00
0.00,0.00,0.00,0.00,0.00,0.00,0.00,0.00
1.00,0.00,0.00,0.00,0.00,0.00,0.00,0.00
0.00,0.00,0.00,0.00,0.00,0.00,0.00,0.00
0.00,0.00,0.00,0.00,0.00,0.00,0.00,0.00
27.00,21.00,7.00,0.00,0.00,0.00,1.00,0.00
44.00,34.00,28.00,1.00,1.00,0.00,5.00,0.00
23.00,48.00,45.00,3.00,2.00,1.00,9.00,0.00
17.00,94.00,58.00,7.00,1.00,1.00,12.00,0.00
17.00,49.00,86.00,10.00,4.00,3.00,14.00,0.00
13.00,33.00,68.00,7.00,4.00,2.00,11.00,0.00
10.00,26.00,30.00,6.00,4.00,2.00,5.00,0.00
9.00,29.00,29.00,6.00,2.00,1.00,4.00,0.00
22.00,9.00,5.00,5.00,1.00,0.00,1.00,0.00
10.00,4.00,5.00,2.00,0.00,0.00,0.00,0.00
4.00,2.00,3.00,1.00,0.00,0.00,0.00,0.00
2.00,0.00,1.00,0.00,0.00,0.00,0.00,0.00
4.00,1.00,0.00,0.00,0.00,0.00,0.00,0.00
0.00,0.00,0.00,0.00,0.00,0.00,0.00,0.00
0.00,0.00,0.00,0.00,0.00,0.00,0.00,0.00
0.00,0.00,0.00,0.00,0.00,0.00,0.00,0.00
1.00,0.00,0.00,0.00,0.00,0.00,0.00,0.00
1.00,0.00,0.00,0.00,0.00,0.00,0.00,0.00
0.00,0.00,0.00,0.00,0.00,0.00,0.00,0.00
1.00,0.00,0.00,0.00,0.00,0.00,0.00,0.00
0.00,0.00,0.00,0.00,0.00,0.00,0.00,0.00
0.00,0.00,0.00,0.00,0.00,0.00,0.00,0.00
0.00,0.00,0.00,0.00,0.00,0.00,0.00,0.00
0.00,0.00,0.00,0.00,0.00,0.00,0.00,0.00
0.00,0.00,0.00,0.00,0.00,0.00,0.00,0.00
0.00,0.00,0.00,0.00,0.00,0.00,0.00,0.00
0.00,0.00,0.00,0.00,0.00,0.00,0.00,0.00
0.00,0.00,0.00,0.00,0.00,0.00,0.00,0.00
0.00,0.00,0.00,0.00,0.00,0.00,0.00,0.00
0.00,0.00,0.00,0.00,0.00,0.00,0.00,0.00
57.00,26.00,6.00,0.00,0.00,0.00,4.00,0.00
53.00,32.00,19.00,1.00,1.00,0.00,4.00,0.00
45.00,35.00,32.00,2.00,0.00,0.00,5.00,0.00
30.00,44.00,38.00,4.00,1.00,1.00,7.00,0.00
13.00,56.00,70.00,3.00,2.00,1.00,17.00,0.00
17.00,61.00,72.00,4.00,4.00,1.00,12.00,0.00
14.00,57.00,64.00,7.00,6.00,1.00,12.00,0.00
14.00,37.00,46.00,14.00,3.00,0.00,7.00,0.00
11.00,20.00,25.00,8.00,2.00,0.00,4.00,0.00
12.00,7.00,8.00,4.00,0.00,0.00,1.00,0.00
12.00,6.00,3.00,0.00,0.00,0.00,0.00,0.00
7.00,1.00,2.00,0.00,0.00,0.00,0.00,0.00
3.00,1.00,1.00,0.00,0.00,0.00,0.00,0.00
1.00,0.00,0.00,0.00,0.00,0.00,0.00,0.00
1.00,0.00,0.00,0.00,0.00,0.00,0.00,0.00
1.00,0.00,0.00,0.00,0.00,0.00,0.00,0.00
0.00,0.00,0.00,0.00,0.00,0.00,0.00,0.00
1.00,0.00,0.00,0.00,0.00,0.00,0.00,0.00
0.00,0.00,0.00,0.00,0.00,0.00,0.00,0.00
0.00,0.00,0.00,0.00,0.00,0.00,0.00,0.00
0.00,0.00,0.00,0.00,0.00,0.00,0.00,0.00
1.00,0.00,0.00,0.00,0.00,0.00,0.00,0.00
0.00,0.00,0.00,0.00,0.00,0.00,0.00,0.00
0.00,0.00,0.00,0.00,0.00,0.00,0.00,0.00
0.00,0.00,0.00,0.00,0.00,0.00,0.00,0.00
0.00,0.00,0.00,0.00,0.00,0.00,0.00,0.00
0.00,0.00,0.00,0.00,0.00,0.00,0.00,0.00
0.00,0.00,0.00,0.00,0.00,0.00,0.00,0.00
0.00,0.00,0.00,0.00,0.00,0.00,0.00,0.00
0.00,0.00,0.00,0.00,0.00,0.00,0.00,0.00
29.00,18.00,9.00,0.00,0.00,0.00,2.00,0.00
44.00,29.00,25.00,1.00,1.00,0.00,4.00,0.00
32.00,41.00,34.00,3.00,1.00,0.00,6.00,0.00
14.00,57.00,70.00,6.00,1.00,0.00,16.00,0.00
13.00,66.00,93.00,4.00,2.00,1.00,22.00,0.00
13.00,73.00,75.00,5.00,3.00,1.00,16.00,0.00
13.00,67.00,74.00,7.00,3.00,2.00,16.00,0.00
14.00,52.00,61.00,17.00,3.00,1.00,10.00,0.00
13.00,32.00,38.00,13.00,3.00,1.00,6.00,0.00
9.00,16.00,17.00,9.00,4.00,1.00,3.00,0.00
17.00,5.00,5.00,2.00,0.00,0.00,1.00,0.00
15.00,4.00,3.00,1.00,0.00,0.00,0.00,0.00
4.00,1.00,2.00,0.00,0.00,0.00,0.00,0.00
2.00,0.00,0.00,0.00,0.00,0.00,0.00,0.00
2.00,0.00,0.00,0.00,0.00,0.00,0.00,0.00
0.00,0.00,0.00,0.00,0.00,0.00,0.00,0.00
0.00,0.00,0.00,0.00,0.00,0.00,0.00,0.00
0.00,0.00,0.00,0.00,0.00,0.00,0.00,0.00
0.00,0.00,0.00,0.00,0.00,0.00,0.00,0.00
1.00,0.00,0.00,0.00,0.00,0.00,0.00,0.00
0.00,0.00,0.00,0.00,0.00,0.00,0.00,0.00
0.00,0.00,0.00,0.00,0.00,0.00,0.00,0.00
1.00,0.00,0.00,0.00,0.00,0.00,0.00,0.00
1.00,0.00,0.00,0.00,0.00,0.00,0.00,0.00
0.00,0.00,0.00,0.00,0.00,0.00,0.00,0.00
0.00,0.00,0.00,0.00,0.00,0.00,0.00,0.00
0.00,0.00,0.00,0.00,0.00,0.00,0.00,0.00
0.00,0.00,0.00,0.00,0.00,0.00,0.00,0.00
0.00,0.00,0.00,0.00,0.00,0.00,0.00,0.00
1.00,0.00,0.00,0.00,0.00,0.00,0.00,0.00
51.00,29.00,4.00,0.00,0.00,0.00,3.00,0.00
49.00,31.00,26.00,2.00,0.00,0.00,4.00,0.00
43.00,34.00,38.00,2.00,1.00,0.00,6.00,0.00
27.00,48.00,42.00,3.00,1.00,0.00,7.00,0.00
20.00,52.00,59.00,6.00,2.00,1.00,13.00,0.00
14.00,61.00,66.00,5.00,5.00,2.00,11.00,0.00
13.00,52.00,55.00,11.00,3.00,2.00,10.00,0.00
14.00,38.00,41.00,13.00,3.00,1.00,6.00,0.00
10.00,21.00,21.00,10.00,4.00,0.00,4.00,0.00
12.00,7.00,5.00,2.00,0.00,0.00,0.00,0.00
10.00,4.00,1.00,0.00,0.00,0.00,0.00,0.00
9.00,3.00,1.00,0.00,0.00,0.00,0.00,0.00
9.00,1.00,0.00,0.00,0.00,0.00,0.00,0.00
9.00,0.00,0.00,0.00,0.00,0.00,0.00,0.00
2.00,0.00,0.00,0.00,0.00,0.00,0.00,0.00
1.00,0.00,0.00,0.00,0.00,0.00,0.00,0.00
0.00,0.00,0.00,0.00,0.00,0.00,0.00,0.00
0.00,0.00,0.00,0.00,0.00,0.00,0.00,0.00
1.00,0.00,0.00,0.00,0.00,0.00,0.00,0.00
0.00,0.00,0.00,0.00,0.00,0.00,0.00,0.00
0.00,0.00,0.00,0.00,0.00,0.00,0.00,0.00
0.00,0.00,0.00,0.00,0.00,0.00,0.00,0.00
0.00,0.00,0.00,0.00,0.00,0.00,0.00,0.00
0.00,0.00,0.00,0.00,0.00,0.00,0.00,0.00
0.00,0.00,0.00,0.00,0.00,0.00,0.00,0.00
0.00,0.00,0.00,0.00,0.00,0.00,0.00,0.00
0.00,0.00,0.00,0.00,0.00,0.00,0.00,0.00
0.00,0.00,0.00,0.00,0.00,0.00,0.00,0.00
0.00,0.00,0.00,0.00,0.00,0.00,0.00,0.00
1.00,0.00,0.00,0.00,0.00,0.00,0.00,0.00
41.00,13.00,12.00,0.00,0.00,0.00,2.00,0.00
54.00,20.00,11.00,1.00,0.00,0.00,3.00,0.00
46.00,26.00,23.00,1.00,0.00,0.00,4.00,0.00
23.00,41.00,32.00,2.00,1.00,1.00,6.00,0.00
12.00,55.00,54.00,3.00,1.00,1.00,12.00,0.00
16.00,66.00,78.00,7.00,3.00,1.00,18.00,0.00
15.00,59.00,52.00,13.00,3.00,0.00,12.00,0.00
13.00,49.00,32.00,15.00,2.00,1.00,7.00,0.00
12.00,31.00,20.00,13.00,1.00,0.00,4.00,0.00
13.00,12.00,8.00,4.00,0.00,0.00,1.00,0.00
12.00,4.00,3.00,2.00,0.00,0.00,0.00,0.00
7.00,4.00,1.00,1.00,0.00,0.00,0.00,0.00
14.00,1.00,0.00,0.00,0.00,0.00,0.00,0.00
9.00,0.00,0.00,0.00,0.00,0.00,0.00,0.00
5.00,0.00,0.00,0.00,0.00,0.00,0.00,0.00
2.00,0.00,0.00,0.00,0.00,0.00,0.00,0.00
2.00,0.00,0.00,0.00,0.00,0.00,0.00,0.00
0.00,0.00,0.00,0.00,0.00,0.00,0.00,0.00
0.00,0.00,0.00,0.00,0.00,0.00,0.00,0.00
0.00,0.00,0.00,0.00,0.00,0.00,0.00,0.00
0.00,0.00,0.00,0.00,0.00,0.00,0.00,0.00
1.00,0.00,0.00,0.00,0.00,0.00,0.00,0.00
1.00,0.00,0.00,0.00,0.00,0.00,0.00,0.00
0.00,0.00,0.00,0.00,0.00,0.00,0.00,0.00
0.00,0.00,0.00,0.00,0.00,0.00,0.00,0.00
1.00,0.00,0.00,0.00,0.00,0.00,0.00,0.00
1.00,0.00,0.00,0.00,0.00,0.00,0.00,0.00
1.00,0.00,0.00,0.00,0.00,0.00,0.00,0.00
0.00,0.00,0.00,0.00,0.00,0.00,0.00,0.00
0.00,0.00,0.00,0.00,0.00,0.00,0.00,0.00
30.00,10.00,2.00,0.00,0.00,0.00,1.00,0.00
36.00,17.00,7.00,1.00,0.00,0.00,2.00,0.00
36.00,46.00,23.00,2.00,0.00,0.00,5.00,0.00
24.00,60.00,51.00,2.00,2.00,0.00,9.00,0.00
13.00,57.00,68.00,5.00,2.00,0.00,16.00,0.00
14.00,69.00,73.00,10.00,4.00,0.00,17.00,0.00
14.00,59.00,73.00,8.00,5.00,1.00,13.00,0.00
10.00,53.00,62.00,6.00,1.00,0.00,12.00,0.00
11.00,39.00,45.00,9.00,1.00,1.00,7.00,0.00
9.00,28.00,29.00,11.00,1.00,0.00,4.00,0.00
11.00,12.00,13.00,3.00,0.00,0.00,2.00,0.00
9.00,2.00,2.00,0.00,0.00,0.00,0.00,0.00
7.00,2.00,2.00,0.00,0.00,0.00,0.00,0.00
8.00,3.00,0.00,0.00,0.00,0.00,0.00,0.00
3.00,1.00,0.00,0.00,0.00,0.00,0.00,0.00
4.00,0.00,0.00,0.00,0.00,0.00,0.00,0.00
1.00,0.00,0.00,0.00,0.00,0.00,0.00,0.00
0.00,0.00,0.00,0.00,0.00,0.00,0.00,0.00
1.00,0.00,0.00,0.00,0.00,0.00,0.00,0.00
0.00,0.00,0.00,0.00,0.00,0.00,0.00,0.00
0.00,0.00,0.00,0.00,0.00,0.00,0.00,0.00
0.00,0.00,0.00,0.00,0.00,0.00,0.00,0.00
0.00,0.00,0.00,0.00,0.00,0.00,0.00,0.00
0.00,0.00,0.00,0.00,0.00,0.00,0.00,0.00
0.00,0.00,0.00,0.00,0.00,0.00,0.00,0.00
0.00,0.00,0.00,0.00,0.00,0.00,0.00,0.00
0.00,0.00,0.00,0.00,0.00,0.00,0.00,0.00
0.00,0.00,0.00,0.00,0.00,0.00,0.00,0.00
0.00,0.00,0.00,0.00,0.00,0.00,0.00,0.00
0.00,0.00,0.00,0.00,0.00,0.00,0.00,0.00
62.00,30.00,5.00,0.00,0.00,0.00,4.00,0.00
56.00,21.00,17.00,1.00,0.00,0.00,4.00,0.00
50.00,21.00,21.00,1.00,1.00,0.00,4.00,0.00
29.00,43.00,26.00,1.00,3.00,1.00,5.00,0.00
19.00,39.00,46.00,3.00,5.00,0.00,10.00,0.00
22.00,46.00,82.00,7.00,6.00,0.00,19.00,0.00
28.00,23.00,33.00,10.00,5.00,1.00,7.00,0.00
29.00,14.00,36.00,20.00,3.00,0.00,11.00,0.00
28.00,14.00,15.00,7.00,1.00,0.00,3.00,0.00
23.00,14.00,7.00,6.00,2.00,0.00,2.00,0.00
17.00,6.00,2.00,2.00,0.00,0.00,1.00,0.00
8.00,3.00,1.00,1.00,0.00,0.00,0.00,0.00
6.00,1.00,0.00,0.00,0.00,0.00,0.00,0.00
5.00,0.00,0.00,0.00,0.00,0.00,0.00,0.00
5.00,1.00,0.00,0.00,0.00,0.00,0.00,0.00
2.00,0.00,0.00,0.00,0.00,0.00,0.00,0.00
0.00,0.00,0.00,0.00,0.00,0.00,0.00,0.00
1.00,0.00,0.00,0.00,0.00,0.00,0.00,0.00
1.00,0.00,0.00,0.00,0.00,0.00,0.00,0.00
0.00,0.00,0.00,0.00,0.00,0.00,0.00,0.00
0.00,0.00,0.00,0.00,0.00,0.00,0.00,0.00
0.00,0.00,0.00,0.00,0.00,0.00,0.00,0.00
0.00,0.00,0.00,0.00,0.00,0.00,0.00,0.00
0.00,0.00,0.00,0.00,0.00,0.00,0.00,0.00
0.00,0.00,0.00,0.00,0.00,0.00,0.00,0.00
0.00,0.00,0.00,0.00,0.00,0.00,0.00,0.00
0.00,0.00,0.00,0.00,0.00,0.00,0.00,0.00
0.00,0.00,0.00,0.00,0.00,0.00,0.00,0.00
0.00,0.00,0.00,0.00,0.00,0.00,0.00,0.00
0.00,0.00,0.00,0.00,0.00,0.00,0.00,0.00
42.00,18.00,5.00,0.00,0.00,0.00,2.00,0.00
83.00,19.00,17.00,1.00,1.00,0.00,5.00,0.00
90.00,35.00,38.00,2.00,2.00,0.00,7.00,0.00
66.00,82.00,58.00,4.00,4.00,0.00,10.00,0.00
44.00,107.00,85.00,4.00,6.00,0.00,17.00,0.00
25.00,64.00,128.00,8.00,7.00,0.00,36.00,0.00
26.00,61.00,91.00,12.00,5.00,1.00,20.00,0.00
29.00,49.00,51.00,18.00,4.00,2.00,10.00,0.00
32.00,32.00,41.00,13.00,6.00,2.00,9.00,0.00
28.00,30.00,21.00,22.00,1.00,1.00,7.00,0.00
19.00,18.00,13.00,17.00,2.00,0.00,6.00,0.00
19.00,8.00,5.00,4.00,0.00,0.00,1.00,0.00
12.00,3.00,1.00,1.00,0.00,0.00,0.00,0.00
7.00,2.00,0.00,0.00,0.00,0.00,0.00,0.00
2.00,0.00,0.00,0.00,0.00,0.00,0.00,0.00
1.00,0.00,0.00,0.00,0.00,0.00,0.00,0.00
0.00,0.00,0.00,0.00,0.00,0.00,0.00,0.00
1.00,0.00,0.00,0.00,0.00,0.00,0.00,0.00
1.00,0.00,0.00,0.00,0.00,0.00,0.00,0.00
1.00,0.00,0.00,0.00,0.00,0.00,0.00,0.00
0.00,0.00,0.00,0.00,0.00,0.00,0.00,0.00
0.00,0.00,0.00,0.00,0.00,0.00,0.00,0.00
1.00,0.00,0.00,0.00,0.00,0.00,0.00,0.00
0.00,0.00,0.00,0.00,0.00,0.00,0.00,0.00
0.00,0.00,0.00,0.00,0.00,0.00,0.00,0.00
0.00,0.00,0.00,0.00,0.00,0.00,0.00,0.00
1.00,0.00,0.00,0.00,0.00,0.00,0.00,0.00
0.00,0.00,0.00,0.00,0.00,0.00,0.00,0.00
0.00,0.00,0.00,0.00,0.00,0.00,0.00,0.00
1.00,0.00,0.00,0.00,0.00,0.00,0.00,0.00
20.00,12.00,9.00,0.00,0.00,0.00,1.00,0.00
21.00,11.00,16.00,0.00,1.00,0.00,2.00,0.00
22.00,24.00,25.00,0.00,1.00,0.00,4.00,0.00
21.00,41.00,39.00,1.00,1.00,0.00,7.00,0.00
21.00,26.00,46.00,1.00,3.00,0.00,8.00,0.00
19.00,32.00,37.00,1.00,3.00,0.00,8.00,0.00
17.00,35.00,37.00,1.00,3.00,0.00,8.00,0.00
16.00,32.00,34.00,2.00,4.00,0.00,8.00,0.00
15.00,32.00,30.00,4.00,5.00,0.00,6.00,0.00
16.00,27.00,30.00,4.00,5.00,0.00,6.00,0.00
17.00,23.00,27.00,5.00,4.00,0.00,5.00,0.00
16.00,21.00,27.00,5.00,4.00,0.00,5.00,0.00
15.00,18.00,27.00,4.00,3.00,0.00,6.00,0.00
15.00,21.00,28.00,4.00,3.00,0.00,5.00,0.00
15.00,21.00,27.00,5.00,3.00,0.00,5.00,0.00
16.00,23.00,25.00,6.00,3.00,0.00,6.00,0.00
15.00,20.00,19.00,5.00,2.00,0.00,5.00,0.00
15.00,23.00,20.00,6.00,2.00,0.00,3.00,0.00
14.00,21.00,16.00,6.00,1.00,0.00,3.00,0.00
14.00,21.00,15.00,8.00,1.00,0.00,3.00,0.00
13.00,18.00,13.00,7.00,1.00,0.00,2.00,0.00
11.00,17.00,10.00,5.00,1.00,0.00,2.00,0.00
11.00,14.00,8.00,4.00,1.00,0.00,1.00,0.00
12.00,12.00,5.00,5.00,0.00,0.00,1.00,0.00
11.00,7.00,2.00,3.00,0.00,0.00,1.00,0.00
8.00,2.00,1.00,2.00,0.00,0.00,0.00,0.00
5.00,1.00,0.00,0.00,0.00,0.00,0.00,0.00
3.00,0.00,0.00,0.00,0.00,0.00,0.00,0.00
1.00,1.00,0.00,0.00,0.00,0.00,0.00,0.00
1.00,0.00,0.00,0.00,0.00,0.00,0.00,0.00
21.00,20.00,1.00,0.00,0.00,0.00,2.00,0.00
23.00,19.00,4.00,0.00,0.00,0.00,2.00,0.00
26.00,17.00,5.00,0.00,1.00,0.00,1.00,0.00
28.00,18.00,9.00,0.00,1.00,0.00,1.00,0.00
26.00,15.00,10.00,0.00,1.00,0.00,1.00,0.00
21.00,13.00,14.00,0.00,2.00,0.00,2.00,0.00
22.00,23.00,29.00,0.00,2.00,0.00,5.00,0.00
19.00,34.00,36.00,1.00,3.00,0.00,6.00,0.00
19.00,41.00,40.00,2.00,3.00,0.00,7.00,0.00
19.00,27.00,33.00,2.00,4.00,0.00,7.00,0.00
16.00,19.00,26.00,2.00,5.00,0.00,5.00,0.00
17.00,23.00,29.00,2.00,5.00,0.00,5.00,0.00
17.00,23.00,23.00,2.00,3.00,0.00,4.00,0.00
18.00,32.00,35.00,2.00,2.00,0.00,6.00,0.00
17.00,37.00,36.00,3.00,3.00,0.00,6.00,0.00
16.00,33.00,36.00,4.00,3.00,0.00,6.00,0.00
17.00,32.00,32.00,4.00,3.00,0.00,6.00,0.00
16.00,28.00,29.00,5.00,3.00,0.00,5.00,0.00
16.00,28.00,27.00,5.00,2.00,0.00,5.00,0.00
15.00,27.00,25.00,5.00,3.00,0.00,4.00,0.00
16.00,27.00,25.00,8.00,3.00,0.00,4.00,0.00
14.00,27.00,23.00,9.00,2.00,0.00,5.00,0.00
14.00,27.00,20.00,9.00,2.00,0.00,5.00,0.00
14.00,27.00,21.00,7.00,2.00,0.00,4.00,0.00
13.00,27.00,19.00,9.00,2.00,0.00,4.00,0.00
13.00,25.00,17.00,7.00,2.00,0.00,3.00,0.00
13.00,25.00,14.00,8.00,2.00,0.00,3.00,0.00
13.00,25.00,13.00,9.00,2.00,0.00,3.00,0.00
16.00,22.00,10.00,9.00,2.00,0.00,3.00,0.00
15.00,15.00,7.00,7.00,2.00,0.00,2.00,0.00
17.00,13.00,13.00,0.00,1.00,0.00,2.00,0.00
20.00,11.00,21.00,0.00,1.00,0.00,3.00,0.00
19.00,15.00,28.00,1.00,1.00,0.00,5.00,0.00
18.00,19.00,39.00,1.00,1.00,0.00,7.00,0.00
20.00,19.00,44.00,1.00,1.00,0.00,8.00,0.00
20.00,21.00,45.00,1.00,3.00,0.00,8.00,0.00
18.00,27.00,37.00,1.00,2.00,0.00,7.00,0.00
16.00,39.00,35.00,1.00,3.00,0.00,8.00,0.00
15.00,36.00,33.00,2.00,3.00,0.00,7.00,0.00
14.00,32.00,27.00,2.00,2.00,0.00,6.00,0.00
14.00,28.00,25.00,2.00,2.00,0.00,5.00,0.00
14.00,27.00,26.00,2.00,2.00,0.00,4.00,0.00
15.00,26.00,26.00,2.00,2.00,0.00,4.00,0.00
16.00,21.00,23.00,2.00,3.00,0.00,5.00,0.00
16.00,22.00,22.00,2.00,2.00,0.00,4.00,0.00
17.00,22.00,20.00,4.00,3.00,0.00,5.00,0.00
16.00,21.00,17.00,5.00,3.00,0.00,5.00,0.00
15.00,19.00,17.00,6.00,1.00,0.00,4.00,0.00
13.00,18.00,13.00,6.00,2.00,0.00,3.00,0.00
12.00,20.00,13.00,5.00,1.00,0.00,3.00,0.00
13.00,19.00,10.00,4.00,2.00,0.00,2.00,0.00
15.00,18.00,8.00,5.00,1.00,0.00,2.00,0.00
15.00,15.00,5.00,7.00,1.00,0.00,2.00,0.00
15.00,10.00,4.00,7.00,1.00,0.00,2.00,0.00
13.00,5.00,3.00,5.00,0.00,0.00,1.00,0.00
12.00,2.00,1.00,1.00,0.00,0.00,0.00,0.00
10.00,1.00,1.00,1.00,0.00,0.00,0.00,0.00
9.00,1.00,1.00,0.00,0.00,0.00,0.00,0.00
7.00,1.00,0.00,0.00,0.00,0.00,0.00,0.00
5.00,1.00,0.00,0.00,0.00,0.00,0.00,0.00
20.00,7.00,15.00,0.00,0.00,0.00,2.00,0.00
21.00,10.00,16.00,0.00,0.00,0.00,2.00,0.00
20.00,13.00,18.00,1.00,1.00,0.00,3.00,0.00
21.00,17.00,18.00,0.00,1.00,0.00,3.00,0.00
20.00,19.00,18.00,0.00,1.00,0.00,3.00,0.00
21.00,22.00,19.00,1.00,1.00,0.00,3.00,0.00
19.00,26.00,25.00,0.00,1.00,0.00,4.00,0.00
18.00,23.00,29.00,0.00,1.00,0.00,5.00,0.00
17.00,20.00,25.00,0.00,1.00,0.00,4.00,0.00
17.00,24.00,25.00,1.00,2.00,0.00,5.00,0.00
16.00,28.00,25.00,1.00,4.00,0.00,5.00,0.00
16.00,28.00,29.00,1.00,3.00,0.00,6.00,0.00
15.00,26.00,30.00,1.00,4.00,0.00,6.00,0.00
16.00,26.00,30.00,2.00,2.00,0.00,6.00,0.00
16.00,24.00,31.00,2.00,3.00,0.00,5.00,0.00
16.00,24.00,31.00,2.00,3.00,0.00,5.00,0.00
17.00,21.00,28.00,2.00,3.00,0.00,5.00,0.00
17.00,23.00,20.00,5.00,3.00,0.00,3.00,0.00
18.00,30.00,22.00,5.00,2.00,0.00,4.00,0.00
18.00,28.00,19.00,7.00,2.00,0.00,4.00,0.00
17.00,25.00,18.00,8.00,2.00,0.00,3.00,0.00
16.00,23.00,15.00,9.00,3.00,0.00,3.00,0.00
17.00,23.00,11.00,12.00,2.00,0.00,3.00,0.00
17.00,23.00,10.00,11.00,2.00,0.00,3.00,0.00
17.00,21.00,10.00,10.00,1.00,0.00,3.00,0.00
16.00,19.00,8.00,10.00,3.00,0.00,3.00,0.00
16.00,15.00,5.00,6.00,1.00,0.00,2.00,0.00
15.00,9.00,5.00,6.00,1.00,0.00,2.00,0.00
12.00,4.00,3.00,3.00,1.00,0.00,1.00,0.00
9.00,2.00,1.00,1.00,0.00,0.00,0.00,0.00
17.00,11.00,11.00,0.00,0.00,0.00,2.00,0.00
18.00,13.00,15.00,0.00,2.00,0.00,2.00,0.00
19.00,20.00,19.00,0.00,3.00,0.00,3.00,0.00
19.00,22.00,24.00,1.00,4.00,0.00,4.00,0.00
19.00,15.00,28.00,1.00,3.00,0.00,5.00,0.00
18.00,19.00,33.00,2.00,4.00,0.00,6.00,0.00
19.00,25.00,32.00,2.00,3.00,0.00,6.00,0.00
17.00,29.00,31.00,2.00,2.00,0.00,6.00,0.00
18.00,35.00,27.00,2.00,3.00,0.00,5.00,0.00
18.00,36.00,26.00,2.00,4.00,0.00,5.00,0.00
16.00,32.00,28.00,2.00,3.00,0.00,5.00,0.00
18.00,34.00,25.00,3.00,2.00,0.00,5.00,0.00
17.00,31.00,24.00,4.00,3.00,1.00,4.00,0.00
18.00,31.00,22.00,5.00,2.00,0.00,4.00,0.00
16.00,30.00,27.00,5.00,2.00,0.00,5.00,0.00
14.00,26.00,24.00,5.00,1.00,0.00,4.00,0.00
14.00,21.00,20.00,6.00,2.00,0.00,3.00,0.00
14.00,22.00,18.00,6.00,1.00,0.00,3.00,0.00
13.00,22.00,16.00,7.00,1.00,0.00,3.00,0.00
13.00,21.00,14.00,6.00,1.00,0.00,2.00,0.00
14.00,18.00,12.00,7.00,1.00,0.00,2.00,0.00
12.00,14.00,9.00,8.00,1.00,0.00,2.00,0.00
14.00,8.00,5.00,5.00,1.00,0.00,2.00,0.00
10.00,4.00,2.00,2.00,1.00,0.00,1.00,0.00
10.00,2.00,0.00,0.00,0.00,0.00,0.00,0.00
11.00,1.00,0.00,0.00,0.00,0.00,0.00,0.00
9.00,1.00,0.00,0.00,0.00,0.00,0.00,0.00
7.00,1.00,0.00,0.00,0.00,0.00,0.00,0.00
7.00,0.00,0.00,0.00,0.00,0.00,0.00,0.00
4.00,0.00,0.00,0.00,0.00,0.00,0.00,0.00
20.00,11.00,12.00,0.00,1.00,0.00,2.00,0.00
22.00,20.00,16.00,0.00,2.00,0.00,3.00,0.00
21.00,22.00,29.00,0.00,1.00,0.00,5.00,0.00
20.00,13.00,41.00,1.00,2.00,0.00,7.00,0.00
20.00,15.00,50.00,0.00,3.00,0.00,9.00,0.00
19.00,22.00,47.00,1.00,2.00,0.00,9.00,0.00
19.00,27.00,38.00,1.00,2.00,0.00,7.00,0.00
18.00,29.00,36.00,1.00,3.00,0.00,6.00,0.00
19.00,32.00,32.00,2.00,3.00,0.00,7.00,0.00
18.00,35.00,30.00,2.00,2.00,0.00,7.00,0.00
17.00,32.00,35.00,4.00,2.00,0.00,6.00,0.00
16.00,27.00,34.00,3.00,2.00,0.00,6.00,0.00
16.00,23.00,34.00,5.00,2.00,0.00,6.00,0.00
17.00,23.00,32.00,5.00,2.00,0.00,5.00,0.00
16.00,25.00,31.00,4.00,2.00,0.00,5.00,0.00
16.00,24.00,33.00,6.00,2.00,0.00,5.00,0.00
16.00,23.00,30.00,6.00,2.00,0.00,5.00,0.00
15.00,24.00,28.00,6.00,2.00,0.00,4.00,0.00
16.00,22.00,24.00,7.00,3.00,0.00,4.00,0.00
16.00,22.00,19.00,9.00,3.00,0.00,3.00,0.00
15.00,21.00,15.00,10.00,2.00,0.00,3.00,0.00
14.00,18.00,9.00,10.00,2.00,0.00,3.00,0.00
15.00,13.00,5.00,7.00,1.00,0.00,2.00,0.00
13.00,6.00,3.00,3.00,0.00,0.00,1.00,0.00
12.00,1.00,1.00,1.00,0.00,0.00,0.00,0.00
11.00,1.00,0.00,0.00,0.00,0.00,0.00,0.00
11.00,1.00,0.00,0.00,0.00,0.00,0.00,0.00
10.00,1.00,0.00,0.00,0.00,0.00,0.00,0.00
9.00,0.00,0.00,0.00,0.00,0.00,0.00,0.00
8.00,0.00,0.00,0.00,0.00,0.00,0.00,0.00
18.00,14.00,9.00,0.00,0.00,0.00,1.00,0.00
20.00,19.00,13.00,0.00,0.00,0.00,2.00,0.00
18.00,28.00,20.00,0.00,1.00,0.00,3.00,0.00
16.00,35.00,24.00,1.00,1.00,0.00,4.00,0.00
16.00,31.00,26.00,1.00,1.00,0.00,4.00,0.00
15.00,22.00,26.00,1.00,1.00,0.00,4.00,0.00
15.00,20.00,27.00,1.00,1.00,0.00,5.00,0.00
14.00,20.00,25.00,1.00,3.00,0.00,4.00,0.00
14.00,20.00,26.00,1.00,2.00,0.00,5.00,0.00
14.00,22.00,30.00,2.00,3.00,0.00,7.00,0.00
15.00,24.00,23.00,3.00,3.00,0.00,5.00,0.00
16.00,21.00,21.00,3.00,2.00,0.00,4.00,0.00
15.00,16.00,20.00,4.00,3.00,0.00,3.00,0.00
13.00,17.00,19.00,5.00,3.00,0.00,3.00,0.00
13.00,19.00,18.00,7.00,4.00,1.00,4.00,0.00
13.00,19.00,17.00,7.00,4.00,0.00,4.00,0.00
12.00,19.00,16.00,9.00,4.00,0.00,4.00,0.00
13.00,19.00,17.00,9.00,3.00,0.00,5.00,0.00
12.00,18.00,17.00,9.00,3.00,0.00,5.00,0.00
12.00,17.00,13.00,7.00,3.00,0.00,4.00,0.00
12.00,15.00,10.00,3.00,4.00,0.00,4.00,0.00
12.00,13.00,8.00,5.00,3.00,0.00,3.00,0.00
11.00,10.00,7.00,6.00,2.00,0.00,2.00,0.00
11.00,7.00,6.00,5.00,1.00,0.00,2.00,0.00
10.00,5.00,4.00,3.00,1.00,0.00,1.00,0.00
9.00,3.00,2.00,2.00,1.00,0.00,1.00,0.00
6.00,1.00,1.00,0.00,0.00,0.00,0.00,0.00
7.00,1.00,0.00,0.00,0.00,0.00,0.00,0.00
6.00,1.00,0.00,0.00,0.00,0.00,0.00,0.00
6.00,0.00,0.00,0.00,0.00,0.00,0.00,0.00
20.00,14.00,13.00,0.00,0.00,0.00,2.00,0.00
20.00,22.00,16.00,0.00,0.00,0.00,2.00,0.00
20.00,32.00,18.00,0.00,0.00,0.00,3.00,0.00
20.00,39.00,19.00,0.00,0.00,0.00,4.00,0.00
18.00,36.00,25.00,1.00,1.00,0.00,4.00,0.00
17.00,24.00,28.00,1.00,1.00,0.00,5.00,0.00
16.00,19.00,25.00,2.00,2.00,0.00,4.00,0.00
14.00,18.00,23.00,3.00,2.00,0.00,5.00,0.00
13.00,16.00,26.00,3.00,2.00,0.00,4.00,0.00
13.00,15.00,29.00,2.00,2.00,0.00,4.00,0.00
14.00,17.00,28.00,3.00,1.00,0.00,4.00,0.00
14.00,26.00,30.00,3.00,2.00,0.00,5.00,0.00
13.00,26.00,31.00,3.00,4.00,0.00,5.00,0.00
13.00,26.00,32.00,4.00,2.00,0.00,5.00,0.00
14.00,25.00,33.00,4.00,2.00,0.00,5.00,0.00
13.00,23.00,31.00,4.00,3.00,0.00,5.00,0.00
13.00,13.00,26.00,5.00,4.00,0.00,4.00,0.00
12.00,13.00,20.00,6.00,3.00,0.00,3.00,0.00
13.00,16.00,17.00,7.00,3.00,0.00,3.00,0.00
13.00,16.00,14.00,6.00,2.00,0.00,2.00,0.00
14.00,14.00,11.00,6.00,2.00,0.00,2.00,0.00
14.00,10.00,9.00,6.00,1.00,0.00,2.00,0.00
14.00,7.00,8.00,5.00,1.00,0.00,1.00,0.00
13.00,5.00,6.00,4.00,1.00,0.00,1.00,0.00
14.00,5.00,4.00,4.00,2.00,0.00,2.00,0.00
12.00,4.00,2.00,3.00,1.00,0.00,1.00,0.00
11.00,4.00,1.00,2.00,1.00,0.00,1.00,0.00
8.00,1.00,0.00,0.00,0.00,0.00,0.00,0.00
7.00,1.00,0.00,0.00,0.00,0.00,0.00,0.00
7.00,0.00,0.00,0.00,0.00,0.00,0.00,0.00
17.00,12.00,13.00,0.00,0.00,0.00,2.00,0.00
17.00,18.00,15.00,0.00,0.00,0.00,2.00,0.00
16.00,31.00,16.00,0.00,0.00,0.00,3.00,0.00
16.00,40.00,19.00,0.00,0.00,0.00,4.00,0.00
16.00,27.00,21.00,1.00,1.00,0.00,4.00,0.00
15.00,18.00,25.00,1.00,1.00,0.00,5.00,0.00
15.00,15.00,25.00,2.00,2.00,0.00,5.00,0.00
13.00,14.00,23.00,2.00,2.00,0.00,4.00,0.00
13.00,14.00,20.00,2.00,3.00,0.00,4.00,0.00
13.00,15.00,18.00,1.00,3.00,0.00,3.00,0.00
13.00,14.00,20.00,1.00,3.00,0.00,3.00,0.00
13.00,13.00,20.00,2.00,3.00,0.00,4.00,0.00
12.00,12.00,22.00,3.00,2.00,0.00,4.00,0.00
13.00,12.00,19.00,5.00,2.00,0.00,3.00,0.00
13.00,13.00,17.00,7.00,2.00,0.00,3.00,0.00
12.00,19.00,19.00,9.00,2.00,0.00,3.00,0.00
12.00,15.00,17.00,7.00,3.00,0.00,3.00,0.00
12.00,14.00,13.00,8.00,2.00,0.00,3.00,0.00
12.00,14.00,11.00,6.00,2.00,0.00,3.00,0.00
12.00,14.00,7.00,3.00,3.00,0.00,3.00,0.00
11.00,13.00,6.00,4.00,3.00,0.00,2.00,0.00
11.00,10.00,4.00,5.00,2.00,0.00,2.00,0.00
12.00,8.00,3.00,5.00,0.00,0.00,2.00,0.00
12.00,6.00,3.00,5.00,0.00,0.00,2.00,0.00
12.00,4.00,1.00,3.00,0.00,0.00,1.00,0.00
9.00,1.00,0.00,2.00,0.00,0.00,0.00,0.00
9.00,1.00,0.00,0.00,0.00,0.00,0.00,0.00
9.00,1.00,0.00,0.00,0.00,0.00,0.00,0.00
6.00,1.00,0.00,0.00,0.00,0.00,0.00,0.00
4.00,0.00,0.00,0.00,0.00,0.00,0.00,0.00
21.00,11.00,7.00,0.00,0.00,0.00,1.00,0.00
23.00,13.00,10.00,0.00,0.00,0.00,1.00,0.00
24.00,16.00,13.00,0.00,0.00,0.00,2.00,0.00
21.00,20.00,17.00,0.00,0.00,0.00,2.00,0.00
20.00,29.00,21.00,0.00,0.00,0.00,3.00,0.00
19.00,37.00,23.00,0.00,1.00,0.00,4.00,0.00
18.00,39.00,25.00,1.00,1.00,0.00,4.00,0.00
17.00,29.00,24.00,1.00,1.00,0.00,5.00,0.00
16.00,20.00,31.00,0.00,1.00,0.00,7.00,0.00
16.00,22.00,30.00,1.00,2.00,0.00,6.00,0.00
16.00,22.00,27.00,2.00,2.00,0.00,6.00,0.00
14.00,14.00,25.00,2.00,2.00,0.00,5.00,0.00
14.00,16.00,20.00,2.00,2.00,0.00,4.00,0.00
14.00,16.00,22.00,2.00,3.00,0.00,5.00,0.00
13.00,17.00,21.00,2.00,2.00,0.00,5.00,0.00
13.00,18.00,21.00,2.00,2.00,0.00,4.00,0.00
13.00,19.00,16.00,3.00,2.00,0.00,3.00,0.00
14.00,18.00,16.00,4.00,3.00,0.00,3.00,0.00
13.00,17.00,15.00,5.00,3.00,0.00,3.00,0.00
13.00,17.00,13.00,6.00,2.00,0.00,3.00,0.00
13.00,21.00,13.00,6.00,1.00,0.00,3.00,0.00
13.00,14.00,11.00,7.00,2.00,0.00,2.00,0.00
13.00,14.00,11.00,8.00,2.00,0.00,3.00,0.00
14.00,13.00,10.00,7.00,2.00,0.00,3.00,0.00
12.00,13.00,8.00,5.00,2.00,0.00,2.00,0.00
13.00,10.00,5.00,3.00,1.00,0.00,1.00,0.00
11.00,7.00,3.00,3.00,1.00,0.00,1.00,0.00
11.00,5.00,3.00,3.00,1.00,0.00,1.00,0.00
11.00,4.00,2.00,3.00,1.00,0.00,1.00,0.00
8.00,2.00,1.00,1.00,0.00,0.00,0.00,0.00
27.00,12.00,3.00,0.00,0.00,0.00,1.00,0.00
35.00,13.00,5.00,0.00,0.00,0.00,2.00,0.00
36.00,22.00,9.00,1.00,1.00,0.00,2.00,0.00
35.00,32.00,11.00,0.00,0.00,0.00,3.00,0.00
40.00,43.00,24.00,1.00,0.00,0.00,4.00,0.00
27.00,22.00,39.00,0.00,1.00,0.00,7.00,0.00
27.00,23.00,39.00,1.00,1.00,0.00,7.00,0.00
27.00,26.00,41.00,1.00,2.00,0.00,7.00,0.00
24.00,38.00,51.00,3.00,2.00,0.00,10.00,0.00
25.00,45.00,60.00,5.00,2.00,0.00,12.00,0.00
26.00,34.00,40.00,2.00,2.00,0.00,8.00,0.00
25.00,47.00,48.00,2.00,5.00,0.00,10.00,0.00
23.00,46.00,57.00,3.00,6.00,0.00,12.00,0.00
23.00,40.00,37.00,3.00,3.00,0.00,7.00,0.00
19.00,44.00,46.00,3.00,4.00,0.00,11.00,0.00
19.00,38.00,31.00,4.00,5.00,0.00,8.00,0.00
19.00,34.00,36.00,4.00,3.00,0.00,7.00,0.00
17.00,29.00,34.00,4.00,5.00,0.00,7.00,0.00
18.00,25.00,24.00,6.00,3.00,0.00,5.00,0.00
18.00,24.00,23.00,8.00,1.00,0.00,5.00,0.00
20.00,28.00,24.00,10.00,2.00,0.00,5.00,0.00
18.00,27.00,26.00,11.00,3.00,0.00,4.00,0.00
17.00,22.00,20.00,9.00,3.00,0.00,3.00,0.00
18.00,17.00,14.00,5.00,2.00,0.00,2.00,0.00
15.00,9.00,6.00,6.00,2.00,0.00,2.00,0.00
16.00,4.00,4.00,4.00,1.00,0.00,1.00,0.00
12.00,2.00,1.00,2.00,0.00,0.00,0.00,0.00
11.00,1.00,0.00,1.00,0.00,0.00,0.00,0.00
7.00,0.00,0.00,1.00,0.00,0.00,0.00,0.00
4.00,0.00,0.00,0.00,0.00,0.00,0.00,0.00
28.00,11.00,5.00,0.00,0.00,0.00,1.00,0.00
25.00,15.00,8.00,0.00,0.00,0.00,1.00,0.00
22.00,19.00,12.00,1.00,1.00,0.00,2.00,0.00
19.00,19.00,16.00,1.00,1.00,0.00,2.00,0.00
18.00,24.00,25.00,2.00,3.00,0.00,5.00,0.00
18.00,37.00,34.00,4.00,5.00,0.00,8.00,0.00
13.00,8.00,66.00,3.00,4.00,0.00,15.00,0.00
14.00,11.00,49.00,3.00,4.00,0.00,11.00,0.00
15.00,10.00,42.00,3.00,3.00,0.00,9.00,0.00
17.00,14.00,43.00,5.00,3.00,0.00,10.00,0.00
17.00,11.00,37.00,6.00,3.00,0.00,8.00,0.00
17.00,11.00,28.00,7.00,2.00,0.00,6.00,0.00
19.00,13.00,21.00,8.00,2.00,0.00,5.00,0.00
20.00,14.00,21.00,8.00,3.00,0.00,5.00,0.00
21.00,15.00,22.00,10.00,4.00,0.00,6.00,0.00
19.00,12.00,21.00,10.00,2.00,0.00,6.00,0.00
19.00,12.00,18.00,9.00,2.00,0.00,5.00,0.00
21.00,14.00,14.00,9.00,3.00,0.00,4.00,0.00
21.00,14.00,11.00,9.00,4.00,0.00,3.00,0.00
21.00,12.00,8.00,13.00,3.00,0.00,5.00,0.00
19.00,8.00,4.00,9.00,2.00,0.00,3.00,0.00
11.00,4.00,1.00,1.00,0.00,0.00,0.00,0.00
11.00,3.00,1.00,0.00,0.00,0.00,0.00,0.00
8.00,1.00,0.00,0.00,0.00,0.00,1.00,0.00
6.00,0.00,0.00,0.00,0.00,0.00,0.00,0.00
5.00,0.00,0.00,0.00,0.00,0.00,0.00,0.00
1.00,0.00,0.00,0.00,0.00,0.00,0.00,0.00
2.00,0.00,0.00,0.00,0.00,0.00,0.00,0.00
1.00,0.00,0.00,0.00,0.00,0.00,0.00,0.00
0.00,0.00,0.00,0.00,0.00,0.00,0.00,0.00
29.00,10.00,7.00,0.00,0.00,0.00,1.00,0.00
28.00,20.00,10.00,1.00,0.00,0.00,1.00,0.00
27.00,24.00,18.00,1.00,0.00,0.00,3.00,0.00
28.00,18.00,35.00,1.00,1.00,0.00,6.00,0.00
28.00,30.00,51.00,1.00,2.00,0.00,9.00,0.00
25.00,53.00,56.00,4.00,3.00,0.00,11.00,0.00
22.00,38.00,56.00,4.00,3.00,0.00,13.00,0.00
23.00,25.00,75.00,4.00,3.00,0.00,18.00,0.00
24.00,29.00,60.00,5.00,3.00,0.00,14.00,0.00
23.00,30.00,54.00,5.00,4.00,0.00,13.00,0.00
20.00,21.00,40.00,3.00,3.00,0.00,9.00,0.00
21.00,16.00,27.00,6.00,2.00,0.00,6.00,0.00
21.00,17.00,26.00,7.00,3.00,0.00,6.00,0.00
20.00,17.00,20.00,9.00,3.00,0.00,4.00,0.00
21.00,19.00,16.00,12.00,4.00,1.00,4.00,0.00
20.00,20.00,16.00,14.00,4.00,1.00,4.00,0.00
19.00,16.00,15.00,13.00,6.00,0.00,4.00,0.00
19.00,12.00,12.00,7.00,7.00,0.00,5.00,0.00
18.00,10.00,5.00,3.00,4.00,0.00,3.00,0.00
17.00,7.00,3.00,5.00,0.00,0.00,2.00,0.00
14.00,4.00,2.00,3.00,0.00,0.00,1.00,0.00
8.00,2.00,0.00,1.00,0.00,0.00,0.00,0.00
9.00,1.00,0.00,0.00,0.00,0.00,0.00,0.00
7.00,0.00,0.00,1.00,0.00,0.00,0.00,0.00
4.00,0.00,0.00,0.00,0.00,0.00,0.00,0.00
1.00,0.00,0.00,1.00,0.00,0.00,0.00,0.00
0.00,0.00,0.00,1.00,0.00,0.00,0.00,0.00
0.00,0.00,0.00,1.00,0.00,0.00,0.00,0.00
0.00,0.00,0.00,2.00,0.00,0.00,0.00,0.00
1.00,0.00,0.00,0.00,0.00,0.00,0.00,0.00
26.00,8.00,5.00,2.00,0.00,0.00,1.00,0.00
31.00,15.00,7.00,0.00,0.00,0.00,1.00,0.00
34.00,27.00,14.00,0.00,0.00,0.00,2.00,0.00
30.00,20.00,31.00,0.00,0.00,0.00,5.00,0.00
28.00,31.00,49.00,1.00,1.00,0.00,8.00,0.00
25.00,56.00,57.00,2.00,3.00,0.00,12.00,0.00
22.00,52.00,54.00,4.00,2.00,1.00,12.00,0.00
22.00,28.00,78.00,6.00,2.00,1.00,19.00,0.00
22.00,29.00,57.00,5.00,3.00,0.00,13.00,0.00
23.00,30.00,41.00,6.00,3.00,0.00,10.00,0.00
21.00,28.00,33.00,10.00,3.00,0.00,7.00,0.00
22.00,29.00,28.00,17.00,1.00,0.00,7.00,0.00
24.00,35.00,35.00,20.00,3.00,0.00,6.00,0.00
23.00,25.00,26.00,20.00,2.00,0.00,7.00,0.00
25.00,23.00,23.00,21.00,5.00,1.00,6.00,0.00
23.00,23.00,21.00,11.00,5.00,0.00,3.00,0.00
22.00,18.00,15.00,7.00,2.00,0.00,2.00,0.00
24.00,18.00,11.00,6.00,1.00,0.00,2.00,0.00
19.00,8.00,5.00,3.00,1.00,0.00,1.00,0.00
18.00,3.00,2.00,2.00,0.00,0.00,1.00,0.00
18.00,0.00,1.00,0.00,0.00,0.00,1.00,0.00
16.00,0.00,0.00,0.00,0.00,0.00,0.00,0.00
11.00,1.00,0.00,0.00,0.00,0.00,0.00,0.00
7.00,1.00,0.00,0.00,0.00,0.00,0.00,0.00
6.00,0.00,0.00,0.00,0.00,0.00,0.00,0.00
4.00,0.00,0.00,0.00,0.00,0.00,0.00,0.00
2.00,0.00,0.00,0.00,0.00,0.00,0.00,0.00
0.00,0.00,0.00,0.00,0.00,0.00,0.00,0.00
0.00,0.00,0.00,0.00,0.00,0.00,0.00,0.00
0.00,0.00,0.00,0.00,0.00,0.00,0.00,0.00
33.00,14.00,10.00,0.00,0.00,0.00,2.00,0.00
33.00,25.00,22.00,0.00,0.00,0.00,4.00,0.00
31.00,32.00,38.00,1.00,1.00,0.00,7.00,0.00
27.00,26.00,46.00,2.00,3.00,0.00,8.00,0.00
22.00,50.00,60.00,4.00,3.00,0.00,13.00,0.00
20.00,63.00,50.00,8.00,2.00,0.00,12.00,0.00
17.00,58.00,59.00,12.00,1.00,0.00,13.00,0.00
17.00,53.00,48.00,11.00,2.00,0.00,13.00,0.00
18.00,56.00,46.00,11.00,2.00,0.00,12.00,0.00
18.00,46.00,49.00,9.00,2.00,0.00,12.00,0.00
19.00,35.00,39.00,8.00,2.00,0.00,9.00,0.00
22.00,36.00,26.00,9.00,3.00,0.00,5.00,0.00
23.00,26.00,26.00,12.00,2.00,0.00,4.00,0.00
22.00,20.00,15.00,13.00,1.00,0.00,4.00,0.00
24.00,22.00,12.00,5.00,2.00,0.00,2.00,0.00
20.00,16.00,8.00,6.00,2.00,0.00,2.00,0.00
16.00,3.00,3.00,2.00,0.00,0.00,0.00,0.00
20.00,0.00,0.00,1.00,0.00,0.00,1.00,0.00
16.00,1.00,0.00,0.00,0.00,0.00,1.00,0.00
13.00,0.00,0.00,0.00,0.00,0.00,0.00,0.00
8.00,0.00,0.00,0.00,0.00,0.00,0.00,0.00
2.00,0.00,1.00,0.00,0.00,0.00,0.00,0.00
1.00,0.00,1.00,0.00,0.00,0.00,0.00,0.00
1.00,0.00,0.00,0.00,0.00,0.00,0.00,0.00
0.00,0.00,0.00,0.00,0.00,0.00,0.00,0.00
0.00,0.00,0.00,1.00,0.00,0.00,0.00,0.00
1.00,0.00,0.00,1.00,0.00,0.00,0.00,0.00
0.00,0.00,0.00,1.00,0.00,0.00,0.00,0.00
0.00,0.00,0.00,1.00,0.00,0.00,0.00,0.00
0.00,0.00,0.00,2.00,0.00,0.00,0.00,0.00
30.00,6.00,3.00,1.00,0.00,0.00,1.00,0.00
38.00,10.00,7.00,1.00,0.00,0.00,2.00,0.00
43.00,25.00,19.00,0.00,0.00,0.00,3.00,0.00
40.00,47.00,38.00,1.00,0.00,0.00,7.00,0.00
24.00,29.00,51.00,2.00,0.00,0.00,9.00,0.00
22.00,52.00,57.00,5.00,2.00,0.00,11.00,0.00
20.00,55.00,58.00,5.00,2.00,0.00,12.00,0.00
25.00,39.00,45.00,3.00,2.00,0.00,11.00,0.00
24.00,38.00,58.00,4.00,2.00,0.00,14.00,0.00
21.00,30.00,47.00,4.00,2.00,0.00,11.00,0.00
21.00,25.00,35.00,7.00,2.00,0.00,8.00,0.00
24.00,28.00,32.00,13.00,2.00,0.00,7.00,0.00
25.00,32.00,33.00,17.00,3.00,0.00,6.00,0.00
22.00,21.00,25.00,17.00,3.00,0.00,5.00,0.00
24.00,19.00,17.00,13.00,3.00,1.00,4.00,0.00
23.00,16.00,13.00,6.00,4.00,0.00,3.00,0.00
22.00,6.00,6.00,3.00,2.00,0.00,3.00,0.00
21.00,2.00,1.00,2.00,0.00,0.00,1.00,0.00
21.00,1.00,1.00,0.00,0.00,0.00,1.00,0.00
16.00,0.00,0.00,0.00,0.00,0.00,1.00,0.00
13.00,1.00,0.00,0.00,0.00,0.00,0.00,0.00
10.00,1.00,0.00,0.00,0.00,0.00,0.00,0.00
4.00,1.00,0.00,0.00,0.00,0.00,0.00,0.00
2.00,0.00,1.00,0.00,0.00,0.00,0.00,0.00
1.00,0.00,0.00,0.00,0.00,0.00,0.00,0.00
1.00,0.00,0.00,0.00,0.00,0.00,0.00,0.00
0.00,0.00,0.00,0.00,0.00,0.00,0.00,0.00
0.00,0.00,0.00,0.00,0.00,0.00,0.00,0.00
1.00,0.00,0.00,1.00,0.00,0.00,0.00,0.00
0.00,0.00,0.00,0.00,0.00,0.00,0.00,0.00
28.00,10.00,2.00,0.00,0.00,0.00,1.00,0.00
33.00,13.00,8.00,0.00,0.00,0.00,1.00,0.00
27.00,13.00,14.00,0.00,0.00,0.00,2.00,0.00
24.00,12.00,22.00,1.00,0.00,0.00,4.00,0.00
22.00,20.00,36.00,1.00,1.00,0.00,6.00,0.00
20.00,23.00,31.00,1.00,2.00,0.00,6.00,0.00
20.00,18.00,32.00,1.00,2.00,0.00,7.00,0.00
19.00,12.00,66.00,2.00,3.00,0.00,16.00,0.00
15.00,10.00,50.00,2.00,2.00,0.00,11.00,0.00
18.00,11.00,37.00,3.00,1.00,0.00,9.00,0.00
18.00,12.00,27.00,6.00,3.00,0.00,6.00,0.00
17.00,10.00,19.00,8.00,3.00,0.00,4.00,0.00
16.00,9.00,17.00,9.00,1.00,1.00,5.00,0.00
18.00,9.00,11.00,4.00,1.00,0.00,2.00,0.00
19.00,9.00,8.00,5.00,2.00,0.00,2.00,0.00
18.00,9.00,6.00,6.00,2.00,0.00,2.00,0.00
17.00,8.00,5.00,7.00,2.00,0.00,2.00,0.00
15.00,6.00,3.00,6.00,1.00,0.00,2.00,0.00
11.00,4.00,2.00,3.00,1.00,0.00,1.00,0.00
6.00,2.00,1.00,0.00,0.00,0.00,0.00,0.00
5.00,0.00,1.00,0.00,0.00,0.00,0.00,0.00
3.00,0.00,0.00,0.00,0.00,0.00,0.00,0.00
1.00,0.00,0.00,0.00,0.00,0.00,0.00,0.00
0.00,0.00,0.00,0.00,0.00,0.00,0.00,0.00
0.00,0.00,0.00,0.00,0.00,0.00,0.00,0.00
0.00,0.00,0.00,0.00,0.00,0.00,0.00,0.00
0.00,0.00,0.00,0.00,0.00,0.00,0.00,0.00
1.00,0.00,0.00,0.00,0.00,0.00,0.00,0.00
1.00,0.00,0.00,1.00,0.00,0.00,0.00,0.00
0.00,0.00,0.00,1.00,0.00,0.00,0.00,0.00
29.00,9.00,6.00,0.00,0.00,0.00,1.00,0.00
38.00,16.00,15.00,0.00,0.00,0.00,2.00,0.00
32.00,26.00,30.00,0.00,0.00,0.00,5.00,0.00
31.00,18.00,47.00,1.00,0.00,0.00,8.00,0.00
28.00,37.00,73.00,1.00,1.00,0.00,13.00,0.00
24.00,44.00,87.00,1.00,4.00,0.00,16.00,0.00
20.00,26.00,56.00,2.00,4.00,0.00,11.00,0.00
21.00,21.00,54.00,3.00,4.00,0.00,13.00,0.00
22.00,24.00,59.00,4.00,3.00,1.00,14.00,0.00
21.00,20.00,36.00,5.00,4.00,0.00,8.00,0.00
23.00,24.00,25.00,9.00,5.00,0.00,6.00,0.00
20.00,19.00,19.00,12.00,4.00,1.00,3.00,0.00
19.00,12.00,13.00,8.00,4.00,0.00,3.00,0.00
20.00,10.00,8.00,3.00,3.00,0.00,2.00,0.00
18.00,10.00,6.00,2.00,1.00,0.00,1.00,0.00
16.00,4.00,4.00,1.00,0.00,0.00,1.00,0.00
12.00,1.00,1.00,2.00,0.00,0.00,0.00,0.00
14.00,0.00,0.00,0.00,0.00,0.00,0.00,0.00
10.00,0.00,0.00,0.00,0.00,0.00,0.00,0.00
4.00,0.00,0.00,0.00,0.00,0.00,0.00,0.00
3.00,0.00,0.00,0.00,0.00,0.00,0.00,0.00
1.00,0.00,0.00,0.00,0.00,0.00,0.00,0.00
0.00,0.00,0.00,0.00,0.00,0.00,0.00,0.00
0.00,0.00,0.00,1.00,0.00,0.00,0.00,0.00
0.00,0.00,0.00,1.00,0.00,0.00,0.00,0.00
0.00,0.00,0.00,0.00,0.00,0.00,0.00,0.00
0.00,0.00,0.00,0.00,0.00,0.00,0.00,0.00
0.00,0.00,0.00,0.00,0.00,0.00,0.00,0.00
0.00,0.00,0.00,0.00,0.00,0.00,0.00,0.00
0.00,0.00,0.00,0.00,0.00,0.00,0.00,0.00
35.00,12.00,12.00,0.00,0.00,0.00,2.00,0.00
33.00,20.00,18.00,1.00,0.00,0.00,3.00,0.00
28.00,15.00,18.00,1.00,0.00,0.00,3.00,0.00
29.00,18.00,33.00,2.00,1.00,0.00,6.00,0.00
25.00,36.00,46.00,3.00,2.00,0.00,9.00,0.00
22.00,36.00,52.00,2.00,3.00,0.00,11.00,0.00
24.00,28.00,54.00,4.00,3.00,0.00,13.00,0.00
24.00,25.00,53.00,5.00,2.00,0.00,13.00,0.00
24.00,21.00,39.00,5.00,2.00,0.00,9.00,0.00
24.00,19.00,29.00,6.00,3.00,0.00,8.00,0.00
26.00,19.00,30.00,10.00,2.00,0.00,5.00,0.00
24.00,23.00,26.00,10.00,3.00,0.00,4.00,0.00
22.00,14.00,18.00,7.00,1.00,0.00,3.00,0.00
23.00,17.00,14.00,5.00,2.00,0.00,2.00,0.00
20.00,6.00,7.00,4.00,2.00,0.00,1.00,0.00
19.00,2.00,1.00,2.00,0.00,0.00,1.00,0.00
22.00,0.00,1.00,1.00,0.00,0.00,1.00,0.00
16.00,1.00,1.00,0.00,0.00,0.00,0.00,0.00
11.00,2.00,1.00,0.00,0.00,0.00,0.00,0.00
6.00,0.00,1.00,0.00,0.00,0.00,0.00,0.00
6.00,0.00,0.00,1.00,0.00,0.00,0.00,0.00
1.00,0.00,0.00,1.00,0.00,0.00,0.00,0.00
1.00,0.00,0.00,1.00,0.00,0.00,0.00,0.00
0.00,0.00,0.00,2.00,0.00,0.00,0.00,0.00
1.00,0.00,0.00,1.00,0.00,0.00,0.00,0.00
0.00,0.00,0.00,1.00,0.00,0.00,0.00,0.00
0.00,0.00,0.00,1.00,0.00,0.00,0.00,0.00
0.00,0.00,0.00,0.00,0.00,0.00,0.00,0.00
0.00,0.00,1.00,0.00,0.00,0.00,0.00,0.00
0.00,0.00,0.00,0.00,0.00,0.00,0.00,0.00
33.00,10.00,8.00,0.00,0.00,0.00,1.00,0.00
30.00,18.00,11.00,0.00,0.00,0.00,2.00,0.00
24.00,12.00,25.00,1.00,0.00,0.00,4.00,0.00
25.00,22.00,42.00,1.00,2.00,0.00,7.00,0.00
25.00,42.00,35.00,1.00,2.00,0.00,7.00,0.00
25.00,39.00,54.00,3.00,2.00,0.00,13.00,0.00
23.00,21.00,49.00,4.00,2.00,0.00,12.00,0.00
26.00,17.00,36.00,6.00,3.00,0.00,8.00,0.00
25.00,21.00,29.00,8.00,3.00,0.00,7.00,0.00
23.00,14.00,22.00,13.00,3.00,0.00,5.00,0.00
25.00,16.00,22.00,18.00,4.00,0.00,6.00,0.00
27.00,22.00,25.00,19.00,4.00,0.00,6.00,0.00
24.00,19.00,21.00,16.00,4.00,0.00,5.00,0.00
22.00,14.00,14.00,9.00,4.00,0.00,3.00,0.00
24.00,14.00,11.00,6.00,3.00,0.00,2.00,0.00
26.00,15.00,10.00,4.00,1.00,0.00,1.00,0.00
21.00,4.00,4.00,2.00,1.00,0.00,1.00,0.00
13.00,2.00,1.00,2.00,0.00,0.00,0.00,0.00
14.00,0.00,0.00,0.00,0.00,0.00,0.00,0.00
10.00,1.00,0.00,0.00,0.00,0.00,0.00,0.00
6.00,0.00,0.00,0.00,0.00,0.00,0.00,0.00
3.00,0.00,0.00,0.00,0.00,0.00,0.00,0.00
2.00,0.00,0.00,0.00,0.00,0.00,0.00,0.00
0.00,0.00,0.00,0.00,0.00,0.00,0.00,0.00
0.00,0.00,0.00,0.00,0.00,0.00,0.00,0.00
1.00,0.00,0.00,0.00,0.00,0.00,0.00,0.00
0.00,0.00,0.00,1.00,0.00,0.00,0.00,0.00
0.00,0.00,0.00,0.00,0.00,0.00,0.00,0.00
0.00,0.00,0.00,0.00,0.00,0.00,0.00,0.00
0.00,0.00,0.00,0.00,0.00,0.00,0.00,0.00
60.00,17.00,3.00,0.00,0.00,0.00,4.00,0.00
76.00,14.00,6.00,0.00,0.00,0.00,4.00,0.00
61.00,44.00,15.00,2.00,1.00,0.00,4.00,0.00
30.00,67.00,34.00,4.00,1.00,0.00,7.00,0.00
27.00,21.00,41.00,4.00,2.00,0.00,8.00,0.00
32.00,39.00,47.00,8.00,2.00,0.00,11.00,0.00
35.00,35.00,56.00,9.00,2.00,0.00,15.00,0.00
34.00,13.00,20.00,17.00,5.00,1.00,7.00,0.00
35.00,8.00,12.00,17.00,5.00,0.00,8.00,0.00
37.00,9.00,6.00,9.00,2.00,0.00,5.00,0.00
39.00,15.00,3.00,7.00,1.00,0.00,4.00,0.00
34.00,10.00,3.00,3.00,3.00,0.00,2.00,0.00
29.00,12.00,2.00,2.00,3.00,0.00,2.00,0.00
23.00,8.00,1.00,2.00,1.00,0.00,1.00,0.00
16.00,5.00,1.00,2.00,1.00,0.00,1.00,0.00
10.00,4.00,0.00,0.00,0.00,0.00,0.00,0.00
4.00,0.00,0.00,3.00,2.00,0.00,2.00,0.00
0.00,0.00,1.00,3.00,9.00,0.00,9.00,0.00
1.00,0.00,1.00,5.00,3.00,0.00,3.00,0.00
0.00,0.00,0.00,3.00,2.00,0.00,2.00,0.00
1.00,0.00,0.00,3.00,0.00,0.00,1.00,0.00
9.00,5.00,1.00,1.00,0.00,0.00,0.00,0.00
15.00,12.00,17.00,11.00,2.00,0.00,5.00,0.00
24.00,17.00,17.00,4.00,1.00,0.00,5.00,0.00
14.00,7.00,26.00,8.00,1.00,0.00,7.00,0.00
11.00,15.00,13.00,2.00,1.00,0.00,2.00,0.00
7.00,7.00,11.00,1.00,0.00,0.00,2.00,0.00
10.00,3.00,8.00,1.00,0.00,0.00,2.00,0.00
12.00,1.00,2.00,0.00,0.00,0.00,0.00,0.00
2.00,1.00,1.00,0.00,0.00,0.00,0.00,0.00
31.00,17.00,8.00,0.00,0.00,0.00,2.00,0.00
40.00,44.00,11.00,1.00,0.00,0.00,4.00,0.00
20.00,32.00,34.00,1.00,0.00,0.00,7.00,0.00
23.00,18.00,30.00,3.00,0.00,0.00,6.00,0.00
23.00,24.00,33.00,5.00,1.00,0.00,8.00,0.00
27.00,20.00,25.00,8.00,1.00,0.00,7.00,0.00
26.00,13.00,29.00,8.00,1.00,0.00,8.00,0.00
28.00,15.00,22.00,12.00,3.00,0.00,6.00,0.00
30.00,14.00,19.00,8.00,2.00,0.00,5.00,0.00
30.00,20.00,9.00,7.00,2.00,0.00,2.00,0.00
29.00,14.00,5.00,7.00,4.00,0.00,3.00,0.00
21.00,7.00,1.00,2.00,0.00,0.00,1.00,0.00
12.00,5.00,1.00,0.00,0.00,0.00,0.00,0.00
8.00,3.00,1.00,0.00,0.00,0.00,0.00,0.00
9.00,3.00,1.00,0.00,0.00,0.00,0.00,0.00
6.00,2.00,0.00,0.00,0.00,0.00,0.00,0.00
6.00,2.00,0.00,0.00,0.00,0.00,0.00,0.00
2.00,0.00,0.00,0.00,0.00,0.00,0.00,0.00
1.00,0.00,0.00,0.00,0.00,0.00,0.00,0.00
1.00,0.00,0.00,2.00,0.00,0.00,0.00,0.00
0.00,0.00,0.00,0.00,0.00,0.00,0.00,0.00
0.00,0.00,0.00,1.00,0.00,0.00,0.00,0.00
0.00,0.00,0.00,0.00,0.00,0.00,0.00,0.00
0.00,0.00,0.00,0.00,0.00,0.00,0.00,0.00
0.00,0.00,0.00,0.00,0.00,0.00,0.00,0.00
0.00,0.00,0.00,0.00,0.00,0.00,0.00,0.00
0.00,0.00,0.00,0.00,0.00,0.00,0.00,0.00
1.00,0.00,0.00,0.00,0.00,0.00,0.00,0.00
0.00,0.00,0.00,0.00,0.00,0.00,0.00,0.00
0.00,0.00,0.00,0.00,0.00,0.00,0.00,0.00
28.00,11.00,2.00,0.00,0.00,0.00,1.00,0.00
52.00,32.00,9.00,0.00,0.00,0.00,3.00,0.00
39.00,50.00,18.00,3.00,0.00,0.00,5.00,0.00
27.00,41.00,58.00,4.00,1.00,0.00,12.00,0.00
28.00,33.00,44.00,2.00,1.00,0.00,9.00,0.00
24.00,35.00,48.00,7.00,2.00,0.00,13.00,0.00
23.00,36.00,65.00,17.00,2.00,1.00,19.00,0.00
20.00,24.00,24.00,29.00,4.00,0.00,9.00,0.00
15.00,13.00,14.00,19.00,2.00,0.00,10.00,0.00
12.00,13.00,10.00,12.00,5.00,0.00,5.00,0.00
9.00,15.00,7.00,11.00,8.00,0.00,6.00,0.00
11.00,9.00,3.00,5.00,3.00,0.00,2.00,0.00
7.00,5.00,1.00,2.00,0.00,0.00,1.00,0.00
5.00,1.00,0.00,2.00,0.00,0.00,1.00,0.00
1.00,1.00,0.00,1.00,1.00,0.00,1.00,0.00
1.00,0.00,0.00,3.00,3.00,0.00,3.00,0.00
1.00,0.00,0.00,2.00,1.00,0.00,1.00,0.00
0.00,0.00,0.00,1.00,1.00,0.00,1.00,0.00
1.00,0.00,0.00,1.00,0.00,0.00,0.00,0.00
0.00,0.00,0.00,0.00,0.00,0.00,0.00,0.00
0.00,0.00,0.00,0.00,0.00,0.00,0.00,0.00
0.00,0.00,0.00,0.00,0.00,0.00,0.00,0.00
0.00,0.00,0.00,0.00,0.00,0.00,0.00,0.00
0.00,0.00,0.00,0.00,0.00,0.00,0.00,0.00
1.00,0.00,0.00,0.00,0.00,0.00,0.00,0.00
1.00,0.00,0.00,0.00,0.00,0.00,0.00,0.00
0.00,0.00,0.00,0.00,0.00,0.00,0.00,0.00
0.00,0.00,0.00,0.00,0.00,0.00,0.00,0.00
0.00,0.00,0.00,0.00,0.00,0.00,0.00,0.00
1.00,0.00,0.00,0.00,0.00,0.00,0.00,0.00
42.00,19.00,7.00,0.00,0.00,0.00,2.00,0.00
36.00,24.00,19.00,1.00,0.00,0.00,3.00,0.00
25.00,43.00,24.00,2.00,2.00,0.00,5.00,0.00
12.00,39.00,46.00,2.00,2.00,0.00,10.00,0.00
7.00,21.00,28.00,6.00,3.00,0.00,6.00,0.00
9.00,23.00,21.00,14.00,5.00,1.00,5.00,0.00
9.00,27.00,17.00,19.00,3.00,0.00,6.00,0.00
7.00,24.00,18.00,15.00,4.00,1.00,4.00,0.00
8.00,24.00,11.00,6.00,6.00,1.00,6.00,0.00
9.00,21.00,8.00,7.00,3.00,0.00,3.00,0.00
11.00,16.00,6.00,11.00,2.00,0.00,5.00,0.00
13.00,6.00,3.00,6.00,1.00,0.00,2.00,0.00
14.00,2.00,1.00,1.00,0.00,0.00,0.00,0.00
0.00,0.00,0.00,11.00,2.00,0.00,4.00,0.00
2.00,1.00,0.00,12.00,2.00,0.00,5.00,0.00
1.00,1.00,2.00,7.00,2.00,0.00,3.00,0.00
1.00,0.00,0.00,4.00,1.00,0.00,2.00,0.00
1.00,0.00,1.00,4.00,0.00,0.00,1.00,0.00
1.00,1.00,0.00,1.00,0.00,0.00,0.00,0.00
1.00,3.00,2.00,3.00,0.00,0.00,0.00,0.00
0.00,1.00,0.00,0.00,0.00,0.00,0.00,0.00
1.00,0.00,0.00,0.00,0.00,0.00,0.00,0.00
1.00,0.00,0.00,0.00,0.00,0.00,0.00,0.00
1.00,0.00,0.00,0.00,0.00,0.00,0.00,0.00
0.00,0.00,0.00,0.00,0.00,0.00,0.00,0.00
0.00,0.00,0.00,0.00,0.00,0.00,0.00,0.00
1.00,0.00,0.00,0.00,0.00,0.00,0.00,0.00
0.00,0.00,0.00,0.00,0.00,0.00,0.00,0.00
0.00,0.00,0.00,0.00,0.00,0.00,0.00,0.00
1.00,0.00,0.00,0.00,0.00,0.00,0.00,0.00
34.00,20.00,9.00,0.00,0.00,0.00,2.00,0.00
38.00,33.00,11.00,0.00,0.00,0.00,3.00,0.00
21.00,47.00,12.00,2.00,0.00,0.00,5.00,0.00
16.00,15.00,39.00,5.00,2.00,0.00,8.00,0.00
15.00,24.00,37.00,4.00,2.00,0.00,8.00,0.00
19.00,24.00,42.00,4.00,3.00,0.00,9.00,0.00
13.00,12.00,26.00,7.00,3.00,0.00,5.00,0.00
9.00,13.00,16.00,9.00,3.00,0.00,4.00,0.00
7.00,15.00,13.00,16.00,4.00,0.00,5.00,0.00
9.00,27.00,20.00,10.00,2.00,0.00,6.00,0.00
8.00,25.00,11.00,12.00,1.00,0.00,4.00,0.00
12.00,23.00,4.00,9.00,1.00,0.00,3.00,0.00
13.00,4.00,3.00,4.00,0.00,0.00,1.00,0.00
14.00,3.00,1.00,1.00,0.00,0.00,0.00,0.00
16.00,1.00,1.00,0.00,0.00,0.00,0.00,0.00
9.00,0.00,0.00,1.00,0.00,0.00,0.00,0.00
6.00,0.00,1.00,2.00,1.00,0.00,1.00,0.00
4.00,0.00,1.00,9.00,0.00,0.00,4.00,0.00
2.00,0.00,1.00,1.00,0.00,0.00,0.00,0.00
0.00,0.00,0.00,0.00,0.00,0.00,0.00,0.00
8.00,3.00,3.00,1.00,0.00,0.00,0.00,0.00
2.00,2.00,1.00,3.00,0.00,0.00,1.00,0.00
1.00,1.00,0.00,0.00,0.00,0.00,0.00,0.00
1.00,0.00,0.00,0.00,0.00,0.00,0.00,0.00
1.00,0.00,0.00,0.00,0.00,0.00,0.00,0.00
0.00,0.00,0.00,0.00,0.00,0.00,0.00,0.00
0.00,0.00,0.00,0.00,0.00,0.00,0.00,0.00
0.00,0.00,0.00,0.00,0.00,0.00,0.00,0.00
0.00,0.00,0.00,0.00,0.00,0.00,0.00,0.00
0.00,0.00,0.00,0.00,0.00,0.00,0.00,0.00
27.00,15.00,3.00,0.00,0.00,0.00,1.00,0.00
34.00,30.00,7.00,0.00,0.00,0.00,2.00,0.00
30.00,57.00,23.00,3.00,0.00,0.00,5.00,0.00
35.00,34.00,26.00,2.00,0.00,0.00,5.00,0.00
28.00,22.00,34.00,4.00,2.00,0.00,8.00,0.00
23.00,37.00,33.00,2.00,1.00,0.00,9.00,0.00
29.00,37.00,40.00,12.00,4.00,0.00,11.00,0.00
21.00,15.00,53.00,15.00,4.00,0.00,16.00,0.00
15.00,15.00,30.00,26.00,7.00,0.00,9.00,0.00
7.00,21.00,13.00,15.00,3.00,1.00,6.00,0.00
8.00,28.00,14.00,11.00,6.00,0.00,7.00,0.00
12.00,27.00,6.00,5.00,1.00,0.00,3.00,0.00
11.00,5.00,2.00,3.00,0.00,0.00,1.00,0.00
14.00,1.00,3.00,2.00,0.00,0.00,0.00,0.00
13.00,1.00,0.00,0.00,0.00,0.00,0.00,0.00
5.00,0.00,0.00,0.00,0.00,0.00,0.00,0.00
3.00,0.00,0.00,0.00,0.00,0.00,0.00,0.00
3.00,0.00,0.00,1.00,0.00,0.00,0.00,0.00
1.00,0.00,0.00,0.00,0.00,0.00,0.00,0.00
0.00,0.00,0.00,0.00,0.00,0.00,0.00,0.00
1.00,0.00,0.00,0.00,0.00,0.00,0.00,0.00
1.00,1.00,0.00,0.00,0.00,0.00,0.00,0.00
0.00,0.00,0.00,0.00,0.00,0.00,0.00,0.00
1.00,0.00,0.00,0.00,0.00,0.00,0.00,0.00
0.00,0.00,0.00,0.00,0.00,0.00,0.00,0.00
0.00,0.00,0.00,0.00,0.00,0.00,0.00,0.00
0.00,0.00,0.00,0.00,0.00,0.00,0.00,0.00
0.00,0.00,0.00,0.00,0.00,0.00,0.00,0.00
0.00,0.00,0.00,0.00,0.00,0.00,0.00,0.00
0.00,0.00,0.00,0.00,0.00,0.00,0.00,0.00
46.00,10.00,4.00,0.00,0.00,0.00,3.00,0.00
64.00,20.00,4.00,0.00,0.00,0.00,4.00,0.00
36.00,20.00,10.00,0.00,0.00,0.00,2.00,0.00
27.00,56.00,32.00,1.00,0.00,0.00,7.00,0.00
24.00,23.00,33.00,1.00,1.00,0.00,7.00,0.00
22.00,25.00,26.00,7.00,3.00,0.00,5.00,0.00
16.00,14.00,24.00,9.00,2.00,0.00,7.00,0.00
12.00,14.00,18.00,22.00,3.00,0.00,7.00,0.00
8.00,19.00,15.00,17.00,1.00,0.00,5.00,0.00
8.00,19.00,15.00,10.00,2.00,0.00,5.00,0.00
9.00,22.00,9.00,9.00,2.00,0.00,5.00,0.00
11.00,16.00,5.00,6.00,0.00,0.00,3.00,0.00
12.00,4.00,2.00,2.00,0.00,0.00,1.00,0.00
10.00,1.00,0.00,0.00,0.00,0.00,0.00,0.00
7.00,1.00,1.00,1.00,0.00,0.00,0.00,0.00
2.00,0.00,1.00,5.00,0.00,0.00,2.00,0.00
0.00,1.00,0.00,7.00,2.00,0.00,3.00,0.00
1.00,0.00,1.00,4.00,0.00,0.00,2.00,0.00
0.00,0.00,0.00,3.00,0.00,0.00,1.00,0.00
0.00,0.00,0.00,1.00,0.00,0.00,0.00,0.00
7.00,4.00,2.00,0.00,0.00,0.00,0.00,0.00
5.00,5.00,7.00,3.00,0.00,0.00,2.00,0.00
5.00,1.00,1.00,0.00,0.00,0.00,0.00,0.00
3.00,1.00,1.00,0.00,0.00,0.00,0.00,0.00
1.00,0.00,0.00,0.00,0.00,0.00,0.00,0.00
0.00,0.00,0.00,0.00,0.00,0.00,0.00,0.00
0.00,0.00,0.00,0.00,0.00,0.00,0.00,0.00
1.00,0.00,0.00,0.00,0.00,0.00,0.00,0.00
0.00,0.00,0.00,0.00,0.00,0.00,0.00,0.00
0.00,0.00,0.00,0.00,0.00,0.00,0.00,0.00
50.00,13.00,2.00,0.00,0.00,0.00,3.00,0.00
65.00,29.00,2.00,0.00,0.00,0.00,4.00,0.00
64.00,30.00,6.00,0.00,0.00,0.00,4.00,0.00
34.00,32.00,17.00,1.00,0.00,0.00,3.00,0.00
23.00,53.00,49.00,1.00,0.00,0.00,11.00,0.00
24.00,16.00,20.00,2.00,1.00,0.00,5.00,0.00
15.00,17.00,27.00,10.00,2.00,0.00,8.00,0.00
12.00,12.00,42.00,22.00,1.00,0.00,12.00,0.00
11.00,13.00,19.00,15.00,2.00,0.00,6.00,0.00
7.00,18.00,11.00,7.00,3.00,0.00,4.00,0.00
8.00,20.00,10.00,7.00,1.00,1.00,4.00,0.00
10.00,21.00,5.00,4.00,1.00,0.00,2.00,0.00
9.00,12.00,3.00,5.00,0.00,0.00,2.00,0.00
11.00,5.00,2.00,2.00,0.00,0.00,1.00,0.00
12.00,2.00,1.00,1.00,0.00,0.00,0.00,0.00
9.00,1.00,0.00,1.00,0.00,0.00,0.00,0.00
1.00,0.00,1.00,5.00,1.00,0.00,2.00,0.00
1.00,0.00,1.00,10.00,1.00,0.00,4.00,0.00
0.00,0.00,1.00,7.00,1.00,0.00,3.00,0.00
0.00,0.00,0.00,2.00,0.00,0.00,1.00,0.00
8.00,3.00,3.00,1.00,0.00,0.00,0.00,0.00
5.00,8.00,13.00,8.00,0.00,0.00,4.00,0.00
8.00,3.00,7.00,1.00,0.00,0.00,1.00,0.00
3.00,1.00,1.00,0.00,0.00,0.00,0.00,0.00
1.00,1.00,1.00,0.00,0.00,0.00,0.00,0.00
0.00,0.00,0.00,0.00,0.00,0.00,0.00,0.00
1.00,0.00,0.00,0.00,0.00,0.00,0.00,0.00
0.00,0.00,0.00,0.00,0.00,0.00,0.00,0.00
0.00,0.00,0.00,0.00,0.00,0.00,0.00,0.00
0.00,0.00,0.00,0.00,0.00,0.00,0.00,0.00
35.00,20.00,3.00,0.00,0.00,0.00,2.00,0.00
40.00,19.00,8.00,0.00,0.00,0.00,2.00,0.00
22.00,46.00,26.00,1.00,1.00,0.00,5.00,0.00
14.00,62.00,29.00,5.00,1.00,0.00,7.00,0.00
13.00,26.00,57.00,4.00,2.00,0.00,13.00,0.00
5.00,34.00,34.00,10.00,3.00,0.00,8.00,0.00
9.00,50.00,61.00,13.00,5.00,0.00,17.00,0.00
7.00,48.00,83.00,20.00,7.00,2.00,23.00,0.00
10.00,42.00,71.00,13.00,7.00,0.00,20.00,0.00
11.00,39.00,45.00,23.00,4.00,0.00,12.00,0.00
10.00,33.00,25.00,27.00,2.00,0.00,9.00,0.00
9.00,38.00,19.00,18.00,3.00,1.00,7.00,0.00
8.00,37.00,24.00,15.00,2.00,1.00,5.00,0.00
8.00,30.00,5.00,10.00,1.00,0.00,3.00,0.00
7.00,6.00,3.00,4.00,1.00,0.00,1.00,0.00
3.00,2.00,1.00,1.00,0.00,0.00,0.00,0.00
1.00,1.00,0.00,0.00,0.00,0.00,0.00,0.00
0.00,1.00,0.00,1.00,0.00,0.00,0.00,0.00
1.00,0.00,0.00,1.00,0.00,0.00,1.00,0.00
1.00,0.00,0.00,0.00,0.00,0.00,0.00,0.00
2.00,1.00,0.00,0.00,0.00,0.00,0.00,0.00
1.00,1.00,0.00,0.00,0.00,0.00,0.00,0.00
1.00,0.00,0.00,0.00,0.00,0.00,0.00,0.00
0.00,0.00,0.00,0.00,0.00,0.00,0.00,0.00
0.00,0.00,0.00,0.00,0.00,0.00,0.00,0.00
0.00,0.00,0.00,0.00,0.00,0.00,0.00,0.00
1.00,0.00,0.00,0.00,0.00,0.00,0.00,0.00
0.00,0.00,0.00,0.00,0.00,0.00,0.00,0.00
0.00,0.00,0.00,0.00,0.00,0.00,0.00,0.00
1.00,0.00,0.00,0.00,0.00,0.00,0.00,0.00
31.00,8.00,4.00,0.00,0.00,0.00,1.00,0.00
45.00,34.00,11.00,1.00,0.00,0.00,3.00,0.00
24.00,46.00,22.00,3.00,0.00,0.00,4.00,0.00
17.00,31.00,42.00,5.00,1.00,0.00,8.00,0.00
22.00,29.00,42.00,6.00,2.00,0.00,10.00,0.00
26.00,31.00,47.00,7.00,3.00,0.00,13.00,0.00
24.00,36.00,57.00,6.00,3.00,0.00,16.00,0.00
25.00,25.00,21.00,16.00,7.00,1.00,7.00,0.00
18.00,10.00,11.00,19.00,2.00,0.00,6.00,0.00
12.00,12.00,7.00,9.00,4.00,0.00,5.00,0.00
6.00,16.00,5.00,4.00,1.00,0.00,2.00,0.00
8.00,7.00,3.00,2.00,1.00,0.00,1.00,0.00
11.00,4.00,2.00,4.00,0.00,0.00,1.00,0.00
10.00,2.00,0.00,1.00,0.00,0.00,0.00,0.00
2.00,1.00,0.00,5.00,2.00,0.00,2.00,0.00
1.00,0.00,1.00,5.00,1.00,0.00,2.00,0.00
1.00,0.00,0.00,5.00,1.00,0.00,2.00,0.00
0.00,0.00,0.00,7.00,2.00,0.00,3.00,0.00
1.00,0.00,1.00,3.00,1.00,0.00,1.00,0.00
1.00,0.00,1.00,1.00,1.00,0.00,1.00,0.00
5.00,4.00,1.00,2.00,0.00,0.00,0.00,0.00
1.00,2.00,1.00,1.00,0.00,0.00,0.00,0.00
1.00,2.00,1.00,0.00,0.00,0.00,0.00,0.00
1.00,0.00,0.00,0.00,0.00,0.00,0.00,0.00
1.00,0.00,0.00,0.00,0.00,0.00,0.00,0.00
0.00,0.00,0.00,0.00,0.00,0.00,0.00,0.00
0.00,0.00,0.00,0.00,0.00,0.00,0.00,0.00
1.00,0.00,0.00,0.00,0.00,0.00,0.00,0.00
0.00,0.00,0.00,0.00,0.00,0.00,0.00,0.00
0.00,0.00,0.00,0.00,0.00,0.00,0.00,0.00
