10.00,13.00,16.00,2.00,1.00,0.00,4.00,0.00
5.00,8.00,8.00,1.00,0.00,0.00,2.00,0.00
7.00,8.00,11.00,3.00,0.00,0.00,2.00,0.00
9.00,14.00,13.00,2.00,0.00,0.00,3.00,0.00
3.00,8.00,12.00,1.00,0.00,0.00,3.00,0.00
10.00,14.00,21.00,2.00,1.00,0.00,5.00,0.00
12.00,24.00,23.00,2.00,1.00,0.00,5.00,0.00
9.00,21.00,11.00,0.00,0.00,0.00,2.00,0.00
13.00,26.00,10.00,0.00,0.00,0.00,3.00,0.00
20.00,27.00,10.00,0.00,0.00,0.00,2.00,0.00
20.00,17.00,10.00,0.00,0.00,0.00,2.00,0.00
15.00,30.00,15.00,0.00,0.00,0.00,3.00,0.00
13.00,24.00,11.00,3.00,0.00,0.00,3.00,0.00
13.00,22.00,11.00,12.00,1.00,0.00,4.00,0.00
18.00,29.00,10.00,12.00,1.00,0.00,3.00,0.00
19.00,35.00,11.00,11.00,2.00,0.00,4.00,0.00
19.00,40.00,12.00,8.00,3.00,0.00,5.00,0.00
18.00,52.00,12.00,6.00,2.00,0.00,6.00,0.00
20.00,56.00,15.00,8.00,2.00,0.00,7.00,0.00
22.00,51.00,12.00,4.00,1.00,0.00,6.00,0.00
26.00,25.00,6.00,3.00,0.00,0.00,2.00,0.00
24.00,11.00,5.00,1.00,0.00,0.00,1.00,0.00
21.00,9.00,4.00,2.00,0.00,0.00,1.00,0.00
20.00,8.00,3.00,1.00,0.00,0.00,1.00,0.00
19.00,7.00,5.00,0.00,0.00,0.00,1.00,0.00
28.00,16.00,3.00,1.00,0.00,0.00,1.00,0.00
43.00,33.00,7.00,0.00,0.00,0.00,3.00,0.00
50.00,40.00,9.00,0.00,0.00,0.00,3.00,0.00
48.00,42.00,4.00,0.00,0.00,0.00,3.00,0.00
51.00,31.00,1.00,2.00,0.00,0.00,2.00,0.00
20.00,38.00,43.00,13.00,2.00,0.00,7.00,0.00
14.00,23.00,43.00,13.00,3.00,0.00,13.00,0.00
17.00,26.00,55.00,15.00,2.00,0.00,14.00,0.00
17.00,26.00,56.00,10.00,4.00,0.00,13.00,0.00
19.00,23.00,45.00,8.00,4.00,1.00,10.00,0.00
22.00,22.00,51.00,3.00,4.00,1.00,12.00,0.00
29.00,25.00,16.00,2.00,2.00,0.00,3.00,0.00
33.00,4.00,11.00,0.00,2.00,0.00,2.00,0.00
41.00,3.00,6.00,0.00,2.00,0.00,2.00,0.00
41.00,3.00,8.00,0.00,2.00,0.00,2.00,0.00
37.00,5.00,6.00,1.00,0.00,0.00,1.00,0.00
29.00,4.00,4.00,0.00,0.00,0.00,1.00,0.00
9.00,0.00,0.00,0.00,0.00,0.00,0.00,0.00
4.00,0.00,0.00,0.00,0.00,0.00,0.00,0.00
3.00,0.00,0.00,0.00,0.00,0.00,0.00,0.00
2.00,1.00,0.00,0.00,0.00,0.00,0.00,0.00
22.00,34.00,4.00,5.00,1.00,0.00,3.00,0.00
29.00,43.00,7.00,5.00,2.00,0.00,4.00,0.00
27.00,15.00,7.00,4.00,2.00,0.00,2.00,0.00
18.00,18.00,3.00,5.00,1.00,0.00,2.00,0.00
17.00,16.00,2.00,3.00,2.00,0.00,2.00,0.00
19.00,11.00,3.00,3.00,4.00,0.00,2.00,0.00
11.00,6.00,3.00,1.00,1.00,0.00,1.00,0.00
13.00,7.00,4.00,1.00,3.00,0.00,2.00,0.00
4.00,3.00,1.00,0.00,0.00,0.00,0.00,0.00
13.00,6.00,2.00,1.00,2.00,0.00,1.00,0.00
4.00,3.00,1.00,0.00,1.00,0.00,0.00,0.00
12.00,6.00,2.00,0.00,1.00,0.00,0.00,0.00
7.00,4.00,2.00,0.00,0.00,0.00,0.00,0.00
12.00,6.00,2.00,0.00,1.00,0.00,0.00,0.00
3.00,7.00,13.00,25.00,8.00,1.00,9.00,0.00
3.00,2.00,6.00,14.00,6.00,1.00,5.00,0.00
0.00,1.00,2.00,13.00,6.00,0.00,5.00,0.00
0.00,0.00,1.00,8.00,1.00,0.00,3.00,0.00
1.00,0.00,0.00,3.00,1.00,0.00,1.00,0.00
1.00,0.00,0.00,2.00,0.00,0.00,0.00,0.00
0.00,0.00,0.00,1.00,0.00,0.00,0.00,0.00
1.00,0.00,0.00,0.00,0.00,0.00,0.00,0.00
0.00,0.00,0.00,0.00,0.00,0.00,0.00,0.00
0.00,0.00,0.00,0.00,0.00,0.00,0.00,0.00
0.00,0.00,0.00,0.00,0.00,0.00,0.00,0.00
0.00,0.00,0.00,0.00,0.00,0.00,0.00,0.00
0.00,0.00,0.00,0.00,0.00,0.00,0.00,0.00
0.00,0.00,0.00,0.00,0.00,0.00,0.00,0.00
0.00,0.00,0.00,0.00,0.00,0.00,0.00,0.00
0.00,0.00,0.00,0.00,0.00,0.00,0.00,0.00
0.00,0.00,0.00,0.00,0.00,0.00,0.00,0.00
0.00,0.00,1.00,0.00,0.00,0.00,0.00,0.00
1.00,1.00,4.00,0.00,0.00,0.00,0.00,0.00
1.00,2.00,3.00,0.00,0.00,0.00,0.00,0.00
1.00,1.00,2.00,0.00,0.00,0.00,0.00,0.00
1.00,0.00,0.00,0.00,0.00,0.00,0.00,0.00
1.00,0.00,0.00,0.00,0.00,0.00,0.00,0.00
1.00,0.00,0.00,0.00,0.00,0.00,0.00,0.00
0.00,0.00,0.00,0.00,0.00,0.00,0.00,0.00
0.00,0.00,0.00,0.00,0.00,0.00,0.00,0.00
0.00,0.00,0.00,0.00,0.00,0.00,0.00,0.00
0.00,1.00,2.00,0.00,0.00,0.00,0.00,0.00
1.00,2.00,4.00,0.00,0.00,0.00,0.00,0.00
2.00,3.00,4.00,0.00,0.00,0.00,0.00,0.00
2.00,7.00,27.00,0.00,0.00,0.00,6.00,0.00
2.00,3.00,40.00,1.00,0.00,0.00,9.00,0.00
1.00,2.00,17.00,0.00,0.00,0.00,3.00,0.00
1.00,2.00,5.00,0.00,0.00,0.00,1.00,0.00
2.00,1.00,3.00,0.00,0.00,0.00,0.00,0.00
2.00,1.00,0.00,0.00,0.00,0.00,0.00,0.00
2.00,1.00,1.00,0.00,0.00,0.00,0.00,0.00
1.00,2.00,3.00,0.00,0.00,0.00,1.00,0.00
2.00,4.00,3.00,0.00,0.00,0.00,0.00,0.00
2.00,4.00,6.00,2.00,0.00,0.00,1.00,0.00
4.00,6.00,6.00,4.00,0.00,0.00,1.00,0.00
4.00,6.00,6.00,8.00,0.00,0.00,3.00,0.00
5.00,6.00,10.00,5.00,1.00,0.00,2.00,0.00
4.00,5.00,11.00,10.00,2.00,0.00,4.00,0.00
5.00,5.00,8.00,3.00,0.00,0.00,1.00,0.00
2.00,4.00,2.00,1.00,0.00,0.00,0.00,0.00
0.00,1.00,0.00,0.00,0.00,0.00,0.00,0.00
0.00,0.00,0.00,0.00,0.00,0.00,0.00,0.00
0.00,0.00,0.00,0.00,0.00,0.00,0.00,0.00
0.00,0.00,0.00,0.00,0.00,0.00,0.00,0.00
1.00,0.00,0.00,0.00,0.00,0.00,0.00,0.00
0.00,1.00,0.00,0.00,0.00,0.00,0.00,0.00
11.00,14.00,8.00,0.00,0.00,0.00,1.00,0.00
8.00,5.00,8.00,0.00,0.00,0.00,1.00,0.00
6.00,5.00,11.00,1.00,0.00,0.00,2.00,0.00
5.00,5.00,3.00,0.00,0.00,0.00,0.00,0.00
3.00,6.00,9.00,1.00,0.00,0.00,1.00,0.00
3.00,8.00,16.00,1.00,1.00,0.00,2.00,0.00
4.00,10.00,19.00,2.00,1.00,0.00,3.00,0.00
4.00,12.00,22.00,1.00,1.00,0.00,3.00,0.00
12.00,18.00,13.00,0.00,0.00,0.00,2.00,0.00
16.00,7.00,4.00,0.00,0.00,0.00,0.00,0.00
22.00,2.00,2.00,0.00,0.00,0.00,1.00,0.00
18.00,1.00,0.00,0.00,0.00,0.00,0.00,0.00
23.00,1.00,1.00,0.00,0.00,0.00,1.00,0.00
29.00,7.00,2.00,0.00,0.00,0.00,1.00,0.00
25.00,21.00,22.00,2.00,0.00,0.00,5.00,0.00
20.00,22.00,30.00,2.00,1.00,0.00,7.00,0.00
15.00,19.00,25.00,2.00,0.00,0.00,6.00,0.00
16.00,30.00,22.00,2.00,0.00,0.00,5.00,0.00
19.00,4.00,4.00,1.00,0.00,0.00,1.00,0.00
28.00,5.00,2.00,0.00,0.00,0.00,1.00,0.00
31.00,2.00,3.00,0.00,0.00,0.00,1.00,0.00
26.00,5.00,4.00,1.00,0.00,0.00,1.00,0.00
28.00,8.00,3.00,1.00,0.00,0.00,1.00,0.00
27.00,24.00,38.00,2.00,1.00,0.00,9.00,0.00
26.00,31.00,27.00,2.00,1.00,0.00,6.00,0.00
27.00,31.00,18.00,9.00,1.00,0.00,4.00,0.00
28.00,23.00,13.00,17.00,0.00,0.00,5.00,0.00
27.00,24.00,8.00,9.00,1.00,0.00,3.00,0.00
25.00,21.00,9.00,14.00,1.00,0.00,5.00,0.00
28.00,22.00,10.00,13.00,2.00,0.00,6.00,0.00
31.00,28.00,6.00,10.00,0.00,0.00,4.00,0.00
21.00,10.00,2.00,5.00,0.00,0.00,2.00,0.00
15.00,5.00,0.00,1.00,0.00,0.00,0.00,0.00
4.00,0.00,0.00,0.00,0.00,0.00,0.00,0.00
0.00,0.00,0.00,0.00,0.00,0.00,0.00,0.00
3.00,9.00,14.00,0.00,1.00,0.00,2.00,0.00
0.00,3.00,6.00,0.00,0.00,0.00,1.00,0.00
18.00,10.00,5.00,0.00,0.00,0.00,1.00,0.00
25.00,27.00,21.00,5.00,2.00,0.00,5.00,0.00
19.00,21.00,13.00,3.00,0.00,0.00,3.00,0.00
27.00,24.00,16.00,4.00,3.00,0.00,4.00,0.00
22.00,21.00,15.00,3.00,2.00,0.00,3.00,0.00
22.00,14.00,12.00,1.00,1.00,0.00,3.00,0.00
28.00,11.00,10.00,1.00,1.00,0.00,2.00,0.00
25.00,10.00,6.00,1.00,1.00,0.00,1.00,0.00
21.00,9.00,5.00,0.00,0.00,0.00,1.00,0.00
20.00,12.00,14.00,1.00,2.00,0.00,3.00,0.00
5.00,10.00,8.00,1.00,0.00,0.00,2.00,0.00
10.00,6.00,9.00,0.00,0.00,0.00,2.00,0.00
4.00,2.00,5.00,0.00,0.00,0.00,1.00,0.00
4.00,1.00,1.00,0.00,0.00,0.00,0.00,0.00
3.00,0.00,0.00,0.00,0.00,0.00,0.00,0.00
4.00,1.00,0.00,0.00,0.00,0.00,0.00,0.00
3.00,0.00,0.00,0.00,0.00,0.00,0.00,0.00
1.00,0.00,0.00,0.00,0.00,0.00,0.00,0.00
0.00,0.00,0.00,0.00,0.00,0.00,0.00,0.00
1.00,0.00,0.00,0.00,0.00,0.00,0.00,0.00
0.00,0.00,0.00,0.00,0.00,0.00,0.00,0.00
0.00,0.00,0.00,0.00,0.00,0.00,0.00,0.00
0.00,0.00,0.00,0.00,0.00,0.00,0.00,0.00
0.00,0.00,0.00,0.00,0.00,0.00,0.00,0.00
0.00,0.00,0.00,0.00,0.00,0.00,0.00,0.00
1.00,0.00,0.00,0.00,0.00,0.00,0.00,0.00
0.00,0.00,0.00,0.00,0.00,0.00,0.00,0.00
0.00,0.00,0.00,0.00,0.00,0.00,0.00,0.00
1.00,0.00,0.00,0.00,0.00,0.00,0.00,0.00
0.00,0.00,0.00,0.00,0.00,0.00,0.00,0.00
1.00,0.00,0.00,0.00,0.00,0.00,0.00,0.00
21.00,13.00,5.00,0.00,0.00,0.00,1.00,0.00
6.00,8.00,2.00,0.00,0.00,0.00,1.00,0.00
21.00,25.00,7.00,0.00,0.00,0.00,2.00,0.00
20.00,30.00,19.00,1.00,0.00,0.00,4.00,0.00
13.00,28.00,11.00,3.00,0.00,0.00,3.00,0.00
27.00,26.00,6.00,5.00,1.00,0.00,3.00,0.00
16.00,38.00,3.00,5.00,1.00,0.00,4.00,0.00
12.00,37.00,2.00,3.00,1.00,0.00,4.00,0.00
14.00,28.00,1.00,7.00,6.00,0.00,4.00,0.00
21.00,31.00,2.00,7.00,6.00,0.00,4.00,0.00
20.00,36.00,1.00,6.00,6.00,0.00,4.00,0.00
20.00,35.00,1.00,7.00,5.00,0.00,4.00,0.00
12.00,8.00,0.00,1.00,1.00,0.00,1.00,0.00
6.00,4.00,1.00,0.00,1.00,0.00,0.00,0.00
10.00,1.00,0.00,0.00,0.00,0.00,0.00,0.00
1.00,0.00,0.00,0.00,0.00,0.00,0.00,0.00
1.00,0.00,0.00,0.00,0.00,0.00,0.00,0.00
0.00,0.00,0.00,0.00,0.00,0.00,0.00,0.00
1.00,0.00,0.00,0.00,0.00,0.00,0.00,0.00
1.00,0.00,0.00,0.00,0.00,0.00,0.00,0.00
0.00,0.00,0.00,0.00,0.00,0.00,0.00,0.00
0.00,0.00,0.00,0.00,0.00,0.00,0.00,0.00
0.00,0.00,0.00,0.00,0.00,0.00,0.00,0.00
0.00,0.00,0.00,0.00,0.00,0.00,0.00,0.00
0.00,0.00,0.00,0.00,0.00,0.00,0.00,0.00
0.00,0.00,0.00,0.00,0.00,0.00,0.00,0.00
1.00,0.00,0.00,0.00,0.00,0.00,0.00,0.00
0.00,0.00,0.00,0.00,0.00,0.00,0.00,0.00
1.00,0.00,0.00,0.00,0.00,0.00,0.00,0.00
0.00,0.00,0.00,0.00,0.00,0.00,0.00,0.00
14.00,16.00,15.00,0.00,0.00,0.00,3.00,0.00
11.00,14.00,3.00,2.00,0.00,0.00,1.00,0.00
19.00,25.00,10.00,8.00,0.00,0.00,3.00,0.00
26.00,36.00,8.00,4.00,0.00,0.00,3.00,0.00
14.00,23.00,5.00,8.00,1.00,0.00,3.00,0.00
21.00,37.00,3.00,7.00,1.00,0.00,4.00,0.00
25.00,24.00,3.00,7.00,1.00,0.00,4.00,0.00
19.00,24.00,4.00,8.00,2.00,0.00,4.00,0.00
16.00,19.00,1.00,8.00,4.00,0.00,4.00,0.00
13.00,17.00,1.00,3.00,2.00,0.00,2.00,0.00
4.00,9.00,0.00,1.00,1.00,0.00,1.00,0.00
4.00,4.00,0.00,0.00,0.00,0.00,0.00,0.00
3.00,1.00,0.00,0.00,0.00,0.00,0.00,0.00
2.00,0.00,0.00,0.00,0.00,0.00,0.00,0.00
1.00,0.00,0.00,0.00,0.00,0.00,0.00,0.00
1.00,0.00,0.00,0.00,0.00,0.00,0.00,0.00
1.00,0.00,0.00,0.00,0.00,0.00,0.00,0.00
0.00,0.00,0.00,0.00,0.00,0.00,0.00,0.00
1.00,0.00,0.00,0.00,0.00,0.00,0.00,0.00
0.00,0.00,0.00,0.00,0.00,0.00,0.00,0.00
0.00,0.00,0.00,0.00,0.00,0.00,0.00,0.00
0.00,0.00,0.00,0.00,0.00,0.00,0.00,0.00
1.00,0.00,0.00,0.00,0.00,0.00,0.00,0.00
1.00,0.00,0.00,0.00,0.00,0.00,0.00,0.00
1.00,0.00,0.00,0.00,0.00,0.00,0.00,0.00
1.00,0.00,0.00,0.00,0.00,0.00,0.00,0.00
0.00,0.00,0.00,0.00,0.00,0.00,0.00,0.00
0.00,0.00,0.00,0.00,0.00,0.00,0.00,0.00
0.00,0.00,0.00,0.00,0.00,0.00,0.00,0.00
0.00,0.00,0.00,0.00,0.00,0.00,0.00,0.00
10.00,8.00,19.00,3.00,3.00,0.00,4.00,0.00
17.00,20.00,27.00,7.00,7.00,0.00,6.00,0.00
17.00,19.00,38.00,10.00,8.00,0.00,9.00,0.00
16.00,13.00,49.00,8.00,7.00,0.00,12.00,0.00
15.00,13.00,49.00,8.00,9.00,0.00,12.00,0.00
15.00,15.00,46.00,7.00,9.00,0.00,12.00,0.00
18.00,16.00,46.00,8.00,9.00,0.00,12.00,0.00
17.00,12.00,26.00,4.00,7.00,0.00,6.00,0.00
15.00,9.00,24.00,4.00,6.00,0.00,5.00,0.00
12.00,8.00,23.00,2.00,5.00,0.00,5.00,0.00
11.00,7.00,19.00,4.00,3.00,0.00,5.00,0.00
8.00,5.00,17.00,2.00,2.00,0.00,4.00,0.00
4.00,1.00,4.00,1.00,0.00,0.00,1.00,0.00
1.00,1.00,1.00,0.00,0.00,0.00,0.00,0.00
0.00,0.00,0.00,0.00,0.00,0.00,0.00,0.00
1.00,0.00,0.00,0.00,0.00,0.00,0.00,0.00
2.00,0.00,0.00,0.00,0.00,0.00,0.00,0.00
0.00,0.00,0.00,0.00,0.00,0.00,0.00,0.00
0.00,0.00,0.00,0.00,0.00,0.00,0.00,0.00
1.00,0.00,0.00,0.00,0.00,0.00,0.00,0.00
0.00,0.00,0.00,0.00,0.00,0.00,0.00,0.00
0.00,0.00,0.00,0.00,0.00,0.00,0.00,0.00
0.00,0.00,0.00,0.00,0.00,0.00,0.00,0.00
0.00,0.00,0.00,0.00,0.00,0.00,0.00,0.00
0.00,0.00,0.00,0.00,0.00,0.00,0.00,0.00
0.00,0.00,0.00,0.00,0.00,0.00,0.00,0.00
0.00,0.00,0.00,0.00,0.00,0.00,0.00,0.00
1.00,0.00,0.00,0.00,0.00,0.00,0.00,0.00
0.00,0.00,0.00,0.00,0.00,0.00,0.00,0.00
0.00,0.00,0.00,0.00,0.00,0.00,0.00,0.00
16.00,30.00,12.00,0.00,0.00,0.00,3.00,0.00
16.00,30.00,24.00,0.00,0.00,0.00,4.00,0.00
16.00,33.00,32.00,1.00,0.00,0.00,6.00,0.00
17.00,38.00,30.00,1.00,0.00,0.00,5.00,0.00
16.00,37.00,27.00,1.00,0.00,0.00,5.00,0.00
19.00,31.00,19.00,1.00,0.00,0.00,3.00,0.00
19.00,20.00,15.00,0.00,0.00,0.00,2.00,0.00
28.00,27.00,13.00,0.00,0.00,0.00,2.00,0.00
18.00,23.00,10.00,0.00,0.00,0.00,2.00,0.00
18.00,18.00,7.00,0.00,0.00,0.00,1.00,0.00
16.00,15.00,5.00,0.00,0.00,0.00,1.00,0.00
14.00,15.00,5.00,0.00,0.00,0.00,1.00,0.00
15.00,16.00,3.00,0.00,0.00,0.00,1.00,0.00
8.00,8.00,1.00,0.00,0.00,0.00,0.00,0.00
5.00,4.00,1.00,0.00,0.00,0.00,0.00,0.00
2.00,0.00,0.00,0.00,0.00,0.00,0.00,0.00
0.00,0.00,0.00,0.00,0.00,0.00,0.00,0.00
1.00,0.00,0.00,0.00,0.00,0.00,0.00,0.00
1.00,0.00,0.00,0.00,0.00,0.00,0.00,0.00
0.00,0.00,0.00,0.00,0.00,0.00,0.00,0.00
0.00,0.00,0.00,0.00,0.00,0.00,0.00,0.00
1.00,0.00,0.00,0.00,0.00,0.00,0.00,0.00
0.00,0.00,0.00,0.00,0.00,0.00,0.00,0.00
1.00,0.00,0.00,0.00,0.00,0.00,0.00,0.00
0.00,0.00,0.00,0.00,0.00,0.00,0.00,0.00
0.00,0.00,0.00,0.00,0.00,0.00,0.00,0.00
0.00,0.00,0.00,0.00,0.00,0.00,0.00,0.00
1.00,0.00,0.00,0.00,0.00,0.00,0.00,0.00
0.00,0.00,0.00,0.00,0.00,0.00,0.00,0.00
0.00,0.00,0.00,0.00,0.00,0.00,0.00,0.00
10.00,18.00,7.00,3.00,0.00,0.00,2.00,0.00
14.00,22.00,8.00,2.00,1.00,0.00,2.00,0.00
15.00,22.00,14.00,5.00,1.00,0.00,4.00,0.00
17.00,23.00,14.00,5.00,1.00,0.00,4.00,0.00
17.00,24.00,11.00,5.00,1.00,0.00,3.00,0.00
17.00,29.00,12.00,3.00,2.00,0.00,3.00,0.00
16.00,31.00,11.00,4.00,1.00,0.00,3.00,0.00
16.00,32.00,10.00,5.00,1.00,0.00,3.00,0.00
17.00,25.00,10.00,4.00,1.00,0.00,2.00,0.00
16.00,21.00,10.00,5.00,1.00,0.00,2.00,0.00
12.00,17.00,8.00,4.00,0.00,0.00,2.00,0.00
10.00,11.00,5.00,2.00,1.00,0.00,1.00,0.00
5.00,7.00,4.00,2.00,0.00,0.00,1.00,0.00
1.00,5.00,2.00,1.00,0.00,0.00,0.00,0.00
2.00,2.00,1.00,0.00,0.00,0.00,0.00,0.00
1.00,0.00,0.00,0.00,0.00,0.00,0.00,0.00
1.00,0.00,0.00,0.00,0.00,0.00,0.00,0.00
0.00,0.00,0.00,0.00,0.00,0.00,0.00,0.00
0.00,0.00,0.00,0.00,0.00,0.00,0.00,0.00
0.00,0.00,0.00,0.00,0.00,0.00,0.00,0.00
1.00,0.00,0.00,0.00,0.00,0.00,0.00,0.00
0.00,0.00,0.00,0.00,0.00,0.00,0.00,0.00
0.00,0.00,0.00,0.00,0.00,0.00,0.00,0.00
0.00,0.00,0.00,0.00,0.00,0.00,0.00,0.00
0.00,0.00,0.00,0.00,0.00,0.00,0.00,0.00
1.00,0.00,0.00,0.00,0.00,0.00,0.00,0.00
0.00,0.00,0.00,0.00,0.00,0.00,0.00,0.00
0.00,0.00,0.00,0.00,0.00,0.00,0.00,0.00
0.00,0.00,0.00,0.00,0.00,0.00,0.00,0.00
0.00,0.00,0.00,0.00,0.00,0.00,0.00,0.00
14.00,16.00,8.00,0.00,0.00,0.00,2.00,0.00
12.00,18.00,10.00,2.00,0.00,0.00,2.00,0.00
13.00,21.00,7.00,8.00,0.00,0.00,2.00,0.00
23.00,21.00,5.00,6.00,1.00,0.00,2.00,0.00
10.00,11.00,1.00,3.00,0.00,0.00,1.00,0.00
22.00,25.00,2.00,4.00,1.00,0.00,2.00,0.00
25.00,19.00,2.00,3.00,3.00,0.00,2.00,0.00
15.00,8.00,1.00,1.00,1.00,0.00,1.00,0.00
15.00,10.00,1.00,2.00,1.00,0.00,1.00,0.00
10.00,11.00,0.00,2.00,1.00,0.00,1.00,0.00
7.00,9.00,0.00,1.00,0.00,0.00,0.00,0.00
4.00,0.00,0.00,0.00,0.00,0.00,0.00,0.00
2.00,1.00,0.00,0.00,0.00,0.00,0.00,0.00
1.00,0.00,0.00,0.00,0.00,0.00,0.00,0.00
0.00,0.00,0.00,0.00,0.00,0.00,0.00,0.00
0.00,0.00,0.00,0.00,0.00,0.00,0.00,0.00
0.00,0.00,0.00,0.00,0.00,0.00,0.00,0.00
1.00,0.00,0.00,0.00,0.00,0.00,0.00,0.00
0.00,0.00,0.00,0.00,0.00,0.00,0.00,0.00
0.00,0.00,0.00,0.00,0.00,0.00,0.00,0.00
0.00,0.00,0.00,0.00,0.00,0.00,0.00,0.00
0.00,0.00,0.00,0.00,0.00,0.00,0.00,0.00
0.00,0.00,0.00,0.00,0.00,0.00,0.00,0.00
0.00,0.00,0.00,0.00,0.00,0.00,0.00,0.00
0.00,0.00,0.00,0.00,0.00,0.00,0.00,0.00
1.00,0.00,0.00,0.00,0.00,0.00,0.00,0.00
1.00,0.00,0.00,0.00,0.00,0.00,0.00,0.00
0.00,0.00,0.00,0.00,0.00,0.00,0.00,0.00
0.00,0.00,0.00,0.00,0.00,0.00,0.00,0.00
1.00,0.00,0.00,0.00,0.00,0.00,0.00,0.00
11.00,22.00,5.00,3.00,0.00,0.00,2.00,0.00
13.00,25.00,6.00,4.00,0.00,0.00,2.00,0.00
16.00,28.00,7.00,5.00,0.00,0.00,3.00,0.00
17.00,31.00,11.00,6.00,1.00,0.00,3.00,0.00
17.00,33.00,13.00,2.00,1.00,0.00,3.00,0.00
16.00,27.00,10.00,5.00,1.00,0.00,3.00,0.00
13.00,25.00,11.00,6.00,1.00,0.00,2.00,0.00
12.00,20.00,9.00,6.00,0.00,0.00,2.00,0.00
11.00,19.00,8.00,2.00,1.00,0.00,2.00,0.00
9.00,15.00,5.00,1.00,1.00,0.00,1.00,0.00
6.00,6.00,2.00,0.00,0.00,0.00,0.00,0.00
9.00,3.00,1.00,0.00,0.00,0.00,0.00,0.00
0.00,2.00,0.00,0.00,0.00,0.00,0.00,0.00
0.00,0.00,0.00,0.00,0.00,0.00,0.00,0.00
0.00,0.00,0.00,0.00,0.00,0.00,0.00,0.00
0.00,0.00,0.00,0.00,0.00,0.00,0.00,0.00
0.00,0.00,0.00,0.00,0.00,0.00,0.00,0.00
0.00,0.00,0.00,0.00,0.00,0.00,0.00,0.00
1.00,0.00,0.00,0.00,0.00,0.00,0.00,0.00
1.00,0.00,0.00,0.00,0.00,0.00,0.00,0.00
0.00,0.00,0.00,0.00,0.00,0.00,0.00,0.00
1.00,0.00,0.00,0.00,0.00,0.00,0.00,0.00
1.00,0.00,0.00,0.00,0.00,0.00,0.00,0.00
0.00,0.00,0.00,0.00,0.00,0.00,0.00,0.00
1.00,0.00,0.00,0.00,0.00,0.00,0.00,0.00
0.00,0.00,0.00,0.00,0.00,0.00,0.00,0.00
0.00,0.00,0.00,0.00,0.00,0.00,0.00,0.00
0.00,0.00,0.00,0.00,0.00,0.00,0.00,0.00
0.00,0.00,0.00,0.00,0.00,0.00,0.00,0.00
0.00,0.00,0.00,0.00,0.00,0.00,0.00,0.00
15.00,13.00,20.00,7.00,2.00,0.00,4.00,0.00
20.00,17.00,24.00,9.00,3.00,0.00,5.00,0.00
19.00,19.00,28.00,5.00,4.00,0.00,6.00,0.00
17.00,15.00,33.00,8.00,5.00,0.00,8.00,0.00
16.00,11.00,30.00,5.00,6.00,0.00,6.00,0.00
18.00,11.00,28.00,7.00,4.00,0.00,5.00,0.00
19.00,11.00,27.00,10.00,8.00,0.00,6.00,0.00
23.00,14.00,28.00,10.00,7.00,0.00,7.00,0.00
24.00,14.00,30.00,11.00,8.00,0.00,7.00,0.00
22.00,10.00,22.00,9.00,4.00,0.00,5.00,0.00
20.00,7.00,16.00,4.00,1.00,0.00,3.00,0.00
18.00,7.00,11.00,1.00,2.00,0.00,1.00,0.00
13.00,5.00,5.00,2.00,2.00,0.00,1.00,0.00
4.00,2.00,3.00,1.00,0.00,0.00,0.00,0.00
1.00,0.00,0.00,0.00,0.00,0.00,0.00,0.00
0.00,0.00,0.00,0.00,0.00,0.00,0.00,0.00
0.00,0.00,0.00,0.00,0.00,0.00,0.00,0.00
0.00,0.00,0.00,0.00,0.00,0.00,0.00,0.00
0.00,0.00,0.00,0.00,0.00,0.00,0.00,0.00
0.00,0.00,0.00,0.00,0.00,0.00,0.00,0.00
1.00,0.00,0.00,0.00,0.00,0.00,0.00,0.00
0.00,0.00,0.00,0.00,0.00,0.00,0.00,0.00
1.00,0.00,0.00,0.00,0.00,0.00,0.00,0.00
0.00,0.00,0.00,0.00,0.00,0.00,0.00,0.00
1.00,0.00,0.00,0.00,0.00,0.00,0.00,0.00
1.00,0.00,0.00,0.00,0.00,0.00,0.00,0.00
0.00,0.00,0.00,0.00,0.00,0.00,0.00,0.00
0.00,0.00,0.00,0.00,0.00,0.00,0.00,0.00
1.00,0.00,0.00,0.00,0.00,0.00,0.00,0.00
0.00,0.00,0.00,0.00,0.00,0.00,0.00,0.00
16.00,20.00,33.00,8.00,1.00,0.00,8.00,0.00
18.00,13.00,44.00,5.00,3.00,0.00,10.00,0.00
16.00,18.00,64.00,13.00,3.00,0.00,15.00,0.00
12.00,16.00,47.00,19.00,3.00,0.00,11.00,0.00
13.00,17.00,33.00,16.00,2.00,0.00,7.00,0.00
15.00,17.00,29.00,12.00,2.00,0.00,5.00,0.00
13.00,13.00,9.00,11.00,3.00,0.00,4.00,0.00
9.00,10.00,6.00,5.00,1.00,0.00,3.00,0.00
6.00,6.00,3.00,4.00,1.00,0.00,2.00,0.00
3.00,3.00,0.00,2.00,0.00,0.00,1.00,0.00
1.00,1.00,0.00,0.00,0.00,0.00,0.00,0.00
1.00,0.00,0.00,0.00,0.00,0.00,0.00,0.00
0.00,0.00,0.00,0.00,0.00,0.00,0.00,0.00
0.00,0.00,0.00,0.00,0.00,0.00,0.00,0.00
0.00,0.00,0.00,0.00,0.00,0.00,0.00,0.00
0.00,0.00,0.00,0.00,0.00,0.00,0.00,0.00
0.00,0.00,0.00,0.00,0.00,0.00,0.00,0.00
0.00,0.00,0.00,0.00,0.00,0.00,0.00,0.00
0.00,0.00,0.00,0.00,0.00,0.00,0.00,0.00
0.00,0.00,0.00,0.00,0.00,0.00,0.00,0.00
0.00,0.00,0.00,0.00,0.00,0.00,0.00,0.00
0.00,0.00,0.00,0.00,0.00,0.00,0.00,0.00
0.00,0.00,0.00,0.00,0.00,0.00,0.00,0.00
0.00,0.00,0.00,0.00,0.00,0.00,0.00,0.00
0.00,0.00,0.00,0.00,0.00,0.00,0.00,0.00
0.00,0.00,0.00,0.00,0.00,0.00,0.00,0.00
0.00,0.00,0.00,0.00,0.00,0.00,0.00,0.00
0.00,0.00,0.00,0.00,0.00,0.00,0.00,0.00
0.00,0.00,0.00,0.00,0.00,0.00,0.00,0.00
0.00,0.00,0.00,0.00,0.00,0.00,0.00,0.00
19.00,24.00,21.00,3.00,2.00,0.00,4.00,0.00
23.00,20.00,20.00,6.00,3.00,0.00,5.00,0.00
26.00,27.00,24.00,13.00,8.00,0.00,6.00,0.00
25.00,28.00,32.00,16.00,6.00,0.00,8.00,0.00
25.00,28.00,25.00,9.00,2.00,0.00,6.00,0.00
20.00,22.00,17.00,10.00,2.00,0.00,4.00,0.00
12.00,9.00,11.00,4.00,0.00,0.00,2.00,0.00
8.00,6.00,8.00,4.00,1.00,0.00,1.00,0.00
11.00,8.00,7.00,2.00,1.00,0.00,1.00,0.00
3.00,2.00,1.00,7.00,0.00,0.00,2.00,0.00
2.00,2.00,2.00,3.00,0.00,0.00,1.00,0.00
1.00,3.00,1.00,2.00,0.00,0.00,0.00,0.00
1.00,2.00,0.00,1.00,1.00,0.00,0.00,0.00
0.00,1.00,0.00,0.00,0.00,0.00,0.00,0.00
1.00,0.00,0.00,1.00,0.00,0.00,0.00,0.00
0.00,0.00,0.00,0.00,0.00,0.00,0.00,0.00
0.00,0.00,0.00,0.00,0.00,0.00,0.00,0.00
1.00,0.00,0.00,0.00,0.00,0.00,0.00,0.00
0.00,0.00,0.00,0.00,0.00,0.00,0.00,0.00
0.00,0.00,0.00,0.00,0.00,0.00,0.00,0.00
0.00,0.00,0.00,0.00,0.00,0.00,0.00,0.00
0.00,0.00,0.00,0.00,0.00,0.00,0.00,0.00
0.00,0.00,0.00,0.00,0.00,0.00,0.00,0.00
0.00,0.00,0.00,0.00,0.00,0.00,0.00,0.00
0.00,0.00,0.00,0.00,0.00,0.00,0.00,0.00
0.00,0.00,0.00,0.00,0.00,0.00,0.00,0.00
1.00,0.00,0.00,0.00,0.00,0.00,0.00,0.00
0.00,0.00,0.00,0.00,0.00,0.00,0.00,0.00
0.00,0.00,0.00,0.00,0.00,0.00,0.00,0.00
0.00,0.00,0.00,0.00,0.00,0.00,0.00,0.00
34.00,39.00,21.00,0.00,0.00,0.00,4.00,0.00
48.00,53.00,36.00,0.00,0.00,0.00,6.00,0.00
46.00,54.00,32.00,0.00,0.00,0.00,6.00,0.00
61.00,69.00,25.00,1.00,1.00,0.00,6.00,0.00
53.00,61.00,29.00,1.00,0.00,0.00,5.00,0.00
43.00,31.00,27.00,1.00,0.00,0.00,4.00,0.00
27.00,25.00,15.00,1.00,0.00,0.00,2.00,0.00
14.00,15.00,18.00,1.00,0.00,0.00,3.00,0.00
15.00,18.00,4.00,0.00,0.00,0.00,1.00,0.00
17.00,13.00,8.00,0.00,0.00,0.00,1.00,0.00
2.00,5.00,1.00,0.00,0.00,0.00,0.00,0.00
3.00,1.00,1.00,0.00,0.00,0.00,0.00,0.00
1.00,0.00,0.00,0.00,0.00,0.00,0.00,0.00
1.00,0.00,0.00,0.00,0.00,0.00,0.00,0.00
2.00,0.00,0.00,0.00,0.00,0.00,0.00,0.00
1.00,0.00,0.00,0.00,0.00,0.00,0.00,0.00
1.00,0.00,0.00,0.00,0.00,0.00,0.00,0.00
0.00,0.00,0.00,0.00,0.00,0.00,0.00,0.00
0.00,0.00,0.00,0.00,0.00,0.00,0.00,0.00
1.00,0.00,0.00,0.00,0.00,0.00,0.00,0.00
0.00,0.00,0.00,0.00,0.00,0.00,0.00,0.00
1.00,0.00,0.00,0.00,0.00,0.00,0.00,0.00
0.00,0.00,0.00,0.00,0.00,0.00,0.00,0.00
1.00,0.00,0.00,0.00,0.00,0.00,0.00,0.00
1.00,0.00,0.00,0.00,0.00,0.00,0.00,0.00
0.00,0.00,0.00,0.00,0.00,0.00,0.00,0.00
0.00,0.00,0.00,0.00,0.00,0.00,0.00,0.00
1.00,0.00,0.00,0.00,0.00,0.00,0.00,0.00
1.00,0.00,0.00,0.00,0.00,0.00,0.00,0.00
0.00,0.00,0.00,0.00,0.00,0.00,0.00,0.00
42.00,15.00,2.00,7.00,1.00,0.00,3.00,0.00
51.00,18.00,2.00,5.00,1.00,0.00,3.00,0.00
56.00,35.00,2.00,10.00,1.00,0.00,5.00,0.00
41.00,27.00,2.00,8.00,1.00,0.00,4.00,0.00
18.00,24.00,1.00,7.00,0.00,0.00,4.00,0.00
4.00,4.00,0.00,2.00,0.00,0.00,1.00,0.00
5.00,1.00,0.00,1.00,0.00,0.00,0.00,0.00
3.00,0.00,0.00,0.00,0.00,0.00,0.00,0.00
1.00,0.00,0.00,0.00,0.00,0.00,0.00,0.00
1.00,0.00,0.00,0.00,0.00,0.00,0.00,0.00
1.00,0.00,0.00,0.00,0.00,0.00,0.00,0.00
0.00,0.00,0.00,0.00,0.00,0.00,0.00,0.00
1.00,0.00,0.00,0.00,0.00,0.00,0.00,0.00
0.00,0.00,0.00,0.00,0.00,0.00,0.00,0.00
1.00,0.00,0.00,0.00,0.00,0.00,0.00,0.00
1.00,0.00,0.00,0.00,0.00,0.00,0.00,0.00
1.00,0.00,0.00,0.00,0.00,0.00,0.00,0.00
0.00,0.00,0.00,0.00,0.00,0.00,0.00,0.00
0.00,0.00,0.00,0.00,0.00,0.00,0.00,0.00
0.00,0.00,0.00,0.00,0.00,0.00,0.00,0.00
0.00,0.00,0.00,0.00,0.00,0.00,0.00,0.00
0.00,0.00,0.00,0.00,0.00,0.00,0.00,0.00
0.00,0.00,0.00,0.00,0.00,0.00,0.00,0.00
0.00,0.00,0.00,0.00,0.00,0.00,0.00,0.00
2.00,0.00,0.00,0.00,0.00,0.00,0.00,0.00
0.00,0.00,0.00,0.00,0.00,0.00,0.00,0.00
1.00,0.00,0.00,0.00,0.00,0.00,0.00,0.00
0.00,0.00,0.00,0.00,0.00,0.00,0.00,0.00
1.00,0.00,0.00,0.00,0.00,0.00,0.00,0.00
0.00,0.00,0.00,0.00,0.00,0.00,0.00,0.00
17.00,21.00,64.00,2.00,2.00,0.00,15.00,0.00
19.00,43.00,54.00,4.00,2.00,0.00,12.00,0.00
18.00,26.00,53.00,3.00,4.00,0.00,13.00,0.00
14.00,17.00,80.00,3.00,2.00,0.00,19.00,0.00
11.00,15.00,62.00,3.00,2.00,0.00,15.00,0.00
11.00,15.00,40.00,4.00,3.00,0.00,9.00,0.00
10.00,16.00,30.00,0.00,2.00,0.00,7.00,0.00
8.00,10.00,15.00,1.00,1.00,0.00,3.00,0.00
5.00,2.00,5.00,0.00,0.00,0.00,1.00,0.00
2.00,1.00,1.00,0.00,0.00,0.00,0.00,0.00
1.00,0.00,0.00,0.00,0.00,0.00,0.00,0.00
0.00,0.00,0.00,0.00,0.00,0.00,0.00,0.00
0.00,0.00,0.00,0.00,0.00,0.00,0.00,0.00
0.00,0.00,0.00,0.00,0.00,0.00,0.00,0.00
1.00,0.00,0.00,0.00,0.00,0.00,0.00,0.00
1.00,0.00,0.00,0.00,0.00,0.00,0.00,0.00
1.00,0.00,0.00,0.00,0.00,0.00,0.00,0.00
0.00,0.00,0.00,0.00,0.00,0.00,0.00,0.00
0.00,0.00,0.00,0.00,0.00,0.00,0.00,0.00
1.00,0.00,0.00,0.00,0.00,0.00,0.00,0.00
1.00,0.00,0.00,0.00,0.00,0.00,0.00,0.00
1.00,0.00,0.00,0.00,0.00,0.00,0.00,0.00
1.00,0.00,0.00,0.00,0.00,0.00,0.00,0.00
0.00,0.00,0.00,0.00,0.00,0.00,0.00,0.00
0.00,0.00,0.00,0.00,0.00,0.00,0.00,0.00
0.00,0.00,0.00,0.00,0.00,0.00,0.00,0.00
1.00,0.00,0.00,0.00,0.00,0.00,0.00,0.00
0.00,0.00,0.00,0.00,0.00,0.00,0.00,0.00
0.00,0.00,0.00,0.00,0.00,0.00,0.00,0.00
1.00,0.00,0.00,0.00,0.00,0.00,0.00,0.00
23.00,17.00,3.00,3.00,0.00,0.00,2.00,0.00
43.00,17.00,14.00,6.00,0.00,0.00,4.00,0.00
57.00,19.00,18.00,14.00,2.00,0.00,5.00,0.00
51.00,28.00,11.00,14.00,2.00,0.00,4.00,0.00
48.00,28.00,12.00,14.00,2.00,0.00,4.00,0.00
46.00,23.00,18.00,11.00,1.00,0.00,5.00,0.00
48.00,19.00,20.00,10.00,1.00,0.00,6.00,0.00
48.00,14.00,13.00,12.00,1.00,0.00,4.00,0.00
31.00,17.00,5.00,8.00,1.00,0.00,2.00,0.00
11.00,7.00,4.00,4.00,0.00,0.00,1.00,0.00
17.00,6.00,4.00,3.00,0.00,0.00,1.00,0.00
4.00,1.00,2.00,1.00,0.00,0.00,0.00,0.00
7.00,1.00,1.00,1.00,0.00,0.00,0.00,0.00
3.00,1.00,0.00,0.00,0.00,0.00,0.00,0.00
2.00,0.00,0.00,0.00,0.00,0.00,0.00,0.00
1.00,0.00,0.00,0.00,0.00,0.00,0.00,0.00
1.00,0.00,0.00,0.00,0.00,0.00,0.00,0.00
1.00,0.00,0.00,0.00,0.00,0.00,0.00,0.00
0.00,0.00,0.00,0.00,0.00,0.00,0.00,0.00
1.00,0.00,0.00,0.00,0.00,0.00,0.00,0.00
1.00,0.00,0.00,0.00,0.00,0.00,0.00,0.00
1.00,0.00,0.00,0.00,0.00,0.00,0.00,0.00
0.00,0.00,0.00,0.00,0.00,0.00,0.00,0.00
0.00,0.00,0.00,0.00,0.00,0.00,0.00,0.00
0.00,0.00,0.00,0.00,0.00,0.00,0.00,0.00
0.00,0.00,0.00,0.00,0.00,0.00,0.00,0.00
0.00,0.00,0.00,0.00,0.00,0.00,0.00,0.00
0.00,0.00,0.00,0.00,0.00,0.00,0.00,0.00
0.00,0.00,0.00,0.00,0.00,0.00,0.00,0.00
0.00,0.00,0.00,0.00,0.00,0.00,0.00,0.00
35.00,7.00,3.00,1.00,1.00,0.00,2.00,0.00
35.00,9.00,3.00,1.00,1.00,0.00,2.00,0.00
43.00,16.00,5.00,2.00,3.00,0.00,3.00,0.00
51.00,19.00,6.00,3.00,6.00,0.00,4.00,0.00
56.00,18.00,4.00,2.00,3.00,0.00,3.00,0.00
53.00,13.00,5.00,2.00,5.00,0.00,4.00,0.00
52.00,10.00,7.00,3.00,4.00,0.00,3.00,0.00
49.00,9.00,2.00,2.00,2.00,0.00,2.00,0.00
37.00,9.00,1.00,1.00,1.00,0.00,1.00,0.00
32.00,4.00,2.00,0.00,1.00,0.00,1.00,0.00
36.00,4.00,1.00,0.00,0.00,0.00,1.00,0.00
4.00,2.00,0.00,0.00,0.00,0.00,0.00,0.00
12.00,0.00,0.00,0.00,0.00,0.00,0.00,0.00
2.00,0.00,0.00,0.00,0.00,0.00,0.00,0.00
1.00,0.00,0.00,0.00,0.00,0.00,0.00,0.00
2.00,0.00,0.00,0.00,0.00,0.00,0.00,0.00
1.00,0.00,0.00,0.00,0.00,0.00,0.00,0.00
1.00,0.00,0.00,0.00,0.00,0.00,0.00,0.00
0.00,0.00,0.00,0.00,0.00,0.00,0.00,0.00
1.00,0.00,0.00,0.00,0.00,0.00,0.00,0.00
0.00,0.00,0.00,0.00,0.00,0.00,0.00,0.00
0.00,0.00,0.00,0.00,0.00,0.00,0.00,0.00
0.00,0.00,0.00,0.00,0.00,0.00,0.00,0.00
0.00,0.00,0.00,0.00,0.00,0.00,0.00,0.00
0.00,0.00,0.00,0.00,0.00,0.00,0.00,0.00
1.00,0.00,0.00,0.00,0.00,0.00,0.00,0.00
0.00,0.00,0.00,0.00,0.00,0.00,0.00,0.00
0.00,0.00,0.00,0.00,0.00,0.00,0.00,0.00
0.00,0.00,0.00,0.00,0.00,0.00,0.00,0.00
0.00,0.00,0.00,0.00,0.00,0.00,0.00,0.00
22.00,17.00,1.00,2.00,0.00,0.00,1.00,0.00
27.00,37.00,4.00,4.00,3.00,0.00,3.00,0.00
24.00,43.00,8.00,9.00,2.00,0.00,4.00,0.00
30.00,53.00,9.00,3.00,2.00,0.00,5.00,0.00
29.00,36.00,9.00,7.00,3.00,0.00,3.00,0.00
24.00,43.00,6.00,5.00,2.00,0.00,5.00,0.00
24.00,33.00,5.00,7.00,2.00,0.00,3.00,0.00
8.00,38.00,2.00,5.00,2.00,0.00,4.00,0.00
2.00,4.00,1.00,1.00,0.00,0.00,0.00,0.00
1.00,1.00,0.00,0.00,0.00,0.00,0.00,0.00
1.00,0.00,0.00,0.00,0.00,0.00,0.00,0.00
0.00,1.00,0.00,0.00,0.00,0.00,0.00,0.00
0.00,0.00,0.00,0.00,0.00,0.00,0.00,0.00
1.00,0.00,0.00,0.00,0.00,0.00,0.00,0.00
0.00,0.00,0.00,0.00,0.00,0.00,0.00,0.00
0.00,0.00,0.00,0.00,0.00,0.00,0.00,0.00
0.00,0.00,0.00,0.00,0.00,0.00,0.00,0.00
1.00,0.00,0.00,0.00,0.00,0.00,0.00,0.00
0.00,0.00,0.00,0.00,0.00,0.00,0.00,0.00
1.00,0.00,0.00,0.00,0.00,0.00,0.00,0.00
0.00,0.00,0.00,0.00,0.00,0.00,0.00,0.00
0.00,0.00,0.00,0.00,0.00,0.00,0.00,0.00
0.00,0.00,0.00,0.00,0.00,0.00,0.00,0.00
0.00,0.00,0.00,0.00,0.00,0.00,0.00,0.00
0.00,0.00,0.00,0.00,0.00,0.00,0.00,0.00
1.00,0.00,0.00,0.00,0.00,0.00,0.00,0.00
0.00,0.00,0.00,0.00,0.00,0.00,0.00,0.00
1.00,0.00,0.00,0.00,0.00,0.00,0.00,0.00
0.00,0.00,0.00,0.00,0.00,0.00,0.00,0.00
0.00,0.00,0.00,0.00,0.00,0.00,0.00,0.00
56.00,128.00,41.00,36.00,3.00,0.00,20.00,0.00
54.00,128.00,22.00,15.00,4.00,0.00,21.00,0.00
44.00,120.00,13.00,23.00,7.00,0.00,15.00,0.00
36.00,67.00,12.00,7.00,9.00,0.00,8.00,0.00
25.00,13.00,4.00,4.00,2.00,0.00,1.00,0.00
33.00,10.00,3.00,1.00,2.00,0.00,1.00,0.00
31.00,5.00,2.00,0.00,1.00,0.00,1.00,0.00
28.00,4.00,1.00,0.00,1.00,0.00,1.00,0.00
22.00,2.00,0.00,0.00,0.00,0.00,1.00,0.00
2.00,0.00,0.00,0.00,0.00,0.00,0.00,0.00
1.00,0.00,0.00,0.00,0.00,0.00,0.00,0.00
0.00,0.00,0.00,0.00,0.00,0.00,0.00,0.00
0.00,0.00,0.00,0.00,0.00,0.00,0.00,0.00
1.00,0.00,0.00,0.00,0.00,0.00,0.00,0.00
0.00,0.00,0.00,0.00,0.00,0.00,0.00,0.00
1.00,0.00,0.00,0.00,0.00,0.00,0.00,0.00
0.00,0.00,0.00,0.00,0.00,0.00,0.00,0.00
1.00,0.00,0.00,0.00,0.00,0.00,0.00,0.00
0.00,0.00,0.00,0.00,0.00,0.00,0.00,0.00
0.00,0.00,0.00,0.00,0.00,0.00,0.00,0.00
0.00,0.00,0.00,0.00,0.00,0.00,0.00,0.00
0.00,0.00,0.00,0.00,0.00,0.00,0.00,0.00
0.00,0.00,0.00,0.00,0.00,0.00,0.00,0.00
0.00,0.00,0.00,0.00,0.00,0.00,0.00,0.00
0.00,0.00,0.00,0.00,0.00,0.00,0.00,0.00
0.00,0.00,0.00,0.00,0.00,0.00,0.00,0.00
0.00,0.00,0.00,0.00,0.00,0.00,0.00,0.00
0.00,0.00,0.00,0.00,0.00,0.00,0.00,0.00
0.00,0.00,0.00,0.00,0.00,0.00,0.00,0.00
1.00,0.00,0.00,0.00,0.00,0.00,0.00,0.00
38.00,3.00,1.00,0.00,0.00,0.00,1.00,0.00
40.00,3.00,1.00,0.00,0.00,0.00,2.00,0.00
34.00,2.00,1.00,0.00,0.00,0.00,1.00,0.00
17.00,2.00,0.00,0.00,0.00,0.00,0.00,0.00
7.00,4.00,2.00,0.00,0.00,0.00,0.00,0.00
55.00,104.00,26.00,8.00,3.00,0.00,13.00,0.00
53.00,128.00,24.00,17.00,4.00,0.00,17.00,0.00
43.00,92.00,15.00,12.00,5.00,0.00,12.00,0.00
27.00,34.00,5.00,11.00,2.00,0.00,4.00,0.00
28.00,12.00,1.00,1.00,1.00,0.00,1.00,0.00
25.00,8.00,2.00,1.00,1.00,0.00,1.00,0.00
22.00,4.00,1.00,0.00,1.00,0.00,1.00,0.00
19.00,1.00,0.00,0.00,0.00,0.00,0.00,0.00
4.00,1.00,0.00,0.00,0.00,0.00,0.00,0.00
0.00,0.00,0.00,0.00,0.00,0.00,0.00,0.00
1.00,0.00,0.00,0.00,0.00,0.00,0.00,0.00
1.00,0.00,0.00,0.00,0.00,0.00,0.00,0.00
0.00,0.00,0.00,0.00,0.00,0.00,0.00,0.00
0.00,0.00,0.00,0.00,0.00,0.00,0.00,0.00
1.00,0.00,0.00,0.00,0.00,0.00,0.00,0.00
1.00,0.00,0.00,0.00,0.00,0.00,0.00,0.00
0.00,0.00,0.00,0.00,0.00,0.00,0.00,0.00
0.00,0.00,0.00,0.00,0.00,0.00,0.00,0.00
0.00,0.00,0.00,0.00,0.00,0.00,0.00,0.00
0.00,0.00,0.00,0.00,0.00,0.00,0.00,0.00
0.00,0.00,0.00,0.00,0.00,0.00,0.00,0.00
0.00,0.00,0.00,0.00,0.00,0.00,0.00,0.00
1.00,0.00,0.00,0.00,0.00,0.00,0.00,0.00
1.00,0.00,0.00,0.00,0.00,0.00,0.00,0.00
0.00,0.00,0.00,0.00,0.00,0.00,0.00,0.00
11.00,27.00,9.00,9.00,3.00,0.00,4.00,0.00
10.00,22.00,16.00,9.00,2.00,0.00,4.00,0.00
14.00,20.00,20.00,12.00,5.00,0.00,4.00,0.00
13.00,18.00,19.00,14.00,3.00,0.00,4.00,0.00
14.00,15.00,15.00,16.00,4.00,0.00,6.00,0.00
16.00,18.00,11.00,12.00,1.00,0.00,4.00,0.00
13.00,23.00,7.00,5.00,1.00,0.00,3.00,0.00
15.00,19.00,5.00,3.00,1.00,0.00,2.00,0.00
7.00,4.00,0.00,1.00,0.00,0.00,0.00,0.00
6.00,3.00,1.00,1.00,0.00,0.00,0.00,0.00
3.00,1.00,0.00,0.00,0.00,0.00,0.00,0.00
0.00,0.00,0.00,0.00,0.00,0.00,0.00,0.00
1.00,0.00,0.00,0.00,0.00,0.00,0.00,0.00
1.00,0.00,0.00,0.00,0.00,0.00,0.00,0.00
0.00,0.00,0.00,0.00,0.00,0.00,0.00,0.00
0.00,0.00,0.00,0.00,0.00,0.00,0.00,0.00
0.00,0.00,0.00,0.00,0.00,0.00,0.00,0.00
0.00,0.00,0.00,0.00,0.00,0.00,0.00,0.00
0.00,0.00,0.00,0.00,0.00,0.00,0.00,0.00
0.00,0.00,0.00,0.00,0.00,0.00,0.00,0.00
0.00,0.00,0.00,0.00,0.00,0.00,0.00,0.00
0.00,0.00,0.00,0.00,0.00,0.00,0.00,0.00
0.00,0.00,0.00,0.00,0.00,0.00,0.00,0.00
0.00,0.00,0.00,0.00,0.00,0.00,0.00,0.00
0.00,0.00,0.00,0.00,0.00,0.00,0.00,0.00
0.00,0.00,0.00,0.00,0.00,0.00,0.00,0.00
0.00,0.00,0.00,0.00,0.00,0.00,0.00,0.00
0.00,0.00,0.00,0.00,0.00,0.00,0.00,0.00
0.00,0.00,0.00,0.00,0.00,0.00,0.00,0.00
1.00,0.00,0.00,0.00,0.00,0.00,0.00,0.00
22.00,14.00,0.00,3.00,5.00,0.00,4.00,0.00
29.00,19.00,1.00,3.00,9.00,0.00,6.00,0.00
34.00,20.00,1.00,6.00,6.00,0.00,5.00,0.00
33.00,20.00,1.00,6.00,9.00,0.00,7.00,0.00
27.00,15.00,1.00,6.00,6.00,0.00,4.00,0.00
27.00,15.00,1.00,6.00,4.00,0.00,3.00,0.00
22.00,16.00,1.00,5.00,2.00,0.00,2.00,0.00
14.00,9.00,0.00,1.00,2.00,0.00,2.00,0.00
7.00,4.00,0.00,1.00,0.00,0.00,0.00,0.00
2.00,1.00,0.00,0.00,0.00,0.00,0.00,0.00
1.00,0.00,0.00,0.00,0.00,0.00,0.00,0.00
0.00,0.00,0.00,0.00,0.00,0.00,0.00,0.00
0.00,0.00,0.00,0.00,0.00,0.00,0.00,0.00
0.00,0.00,0.00,0.00,0.00,0.00,0.00,0.00
0.00,0.00,0.00,0.00,0.00,0.00,0.00,0.00
1.00,0.00,0.00,0.00,0.00,0.00,0.00,0.00
1.00,0.00,0.00,0.00,0.00,0.00,0.00,0.00
1.00,0.00,0.00,0.00,0.00,0.00,0.00,0.00
0.00,0.00,0.00,0.00,0.00,0.00,0.00,0.00
0.00,0.00,0.00,0.00,0.00,0.00,0.00,0.00
0.00,0.00,0.00,0.00,0.00,0.00,0.00,0.00
1.00,0.00,0.00,0.00,0.00,0.00,0.00,0.00
0.00,0.00,0.00,0.00,0.00,0.00,0.00,0.00
0.00,0.00,0.00,0.00,0.00,0.00,0.00,0.00
0.00,0.00,0.00,0.00,0.00,0.00,0.00,0.00
0.00,0.00,0.00,0.00,0.00,0.00,0.00,0.00
1.00,0.00,0.00,0.00,0.00,0.00,0.00,0.00
0.00,0.00,0.00,0.00,0.00,0.00,0.00,0.00
0.00,0.00,0.00,0.00,0.00,0.00,0.00,0.00
1.00,0.00,0.00,0.00,0.00,0.00,0.00,0.00
13.00,11.00,13.00,3.00,0.00,0.00,3.00,0.00
14.00,15.00,14.00,2.00,0.00,0.00,3.00,0.00
17.00,15.00,16.00,9.00,0.00,0.00,3.00,0.00
17.00,20.00,17.00,11.00,1.00,0.00,4.00,0.00
20.00,15.00,16.00,9.00,0.00,0.00,4.00,0.00
18.00,16.00,21.00,10.00,0.00,0.00,6.00,0.00
14.00,15.00,16.00,12.00,0.00,0.00,5.00,0.00
17.00,17.00,21.00,11.00,1.00,0.00,6.00,0.00
20.00,21.00,13.00,6.00,0.00,0.00,3.00,0.00
10.00,8.00,10.00,7.00,0.00,0.00,3.00,0.00
6.00,10.00,6.00,2.00,0.00,0.00,1.00,0.00
3.00,2.00,2.00,0.00,0.00,0.00,0.00,0.00
0.00,2.00,1.00,1.00,0.00,0.00,0.00,0.00
0.00,0.00,0.00,0.00,0.00,0.00,0.00,0.00
0.00,0.00,0.00,0.00,0.00,0.00,0.00,0.00
1.00,0.00,0.00,0.00,0.00,0.00,0.00,0.00
0.00,0.00,0.00,0.00,0.00,0.00,0.00,0.00
0.00,0.00,0.00,0.00,0.00,0.00,0.00,0.00
0.00,0.00,0.00,0.00,0.00,0.00,0.00,0.00
0.00,0.00,0.00,0.00,0.00,0.00,0.00,0.00
0.00,0.00,0.00,0.00,0.00,0.00,0.00,0.00
0.00,0.00,0.00,0.00,0.00,0.00,0.00,0.00
0.00,0.00,0.00,0.00,0.00,0.00,0.00,0.00
0.00,0.00,0.00,0.00,0.00,0.00,0.00,0.00
0.00,0.00,0.00,0.00,0.00,0.00,0.00,0.00
0.00,0.00,0.00,0.00,0.00,0.00,0.00,0.00
0.00,0.00,0.00,0.00,0.00,0.00,0.00,0.00
0.00,0.00,0.00,0.00,0.00,0.00,0.00,0.00
0.00,0.00,0.00,0.00,0.00,0.00,0.00,0.00
0.00,0.00,0.00,0.00,0.00,0.00,0.00,0.00
12.00,14.00,8.00,7.00,1.00,0.00,2.00,0.00
11.00,23.00,14.00,11.00,2.00,0.00,4.00,0.00
15.00,24.00,16.00,9.00,4.00,0.00,4.00,0.00
17.00,26.00,13.00,11.00,2.00,0.00,4.00,0.00
17.00,25.00,11.00,10.00,3.00,0.00,3.00,0.00
15.00,20.00,7.00,6.00,1.00,0.00,2.00,0.00
17.00,21.00,5.00,4.00,1.00,0.00,2.00,0.00
13.00,16.00,5.00,3.00,1.00,0.00,1.00,0.00
11.00,13.00,3.00,3.00,0.00,0.00,1.00,0.00
7.00,9.00,1.00,1.00,0.00,0.00,1.00,0.00
3.00,2.00,0.00,0.00,0.00,0.00,0.00,0.00
1.00,0.00,0.00,0.00,0.00,0.00,0.00,0.00
0.00,0.00,0.00,0.00,0.00,0.00,0.00,0.00
0.00,0.00,0.00,0.00,0.00,0.00,0.00,0.00
0.00,0.00,0.00,0.00,0.00,0.00,0.00,0.00
0.00,0.00,0.00,0.00,0.00,0.00,0.00,0.00
1.00,0.00,0.00,0.00,0.00,0.00,0.00,0.00
0.00,0.00,0.00,0.00,0.00,0.00,0.00,0.00
0.00,0.00,0.00,0.00,0.00,0.00,0.00,0.00
0.00,0.00,0.00,0.00,0.00,0.00,0.00,0.00
0.00,0.00,0.00,0.00,0.00,0.00,0.00,0.00
0.00,0.00,0.00,0.00,0.00,0.00,0.00,0.00
0.00,0.00,0.00,0.00,0.00,0.00,0.00,0.00
0.00,0.00,0.00,0.00,0.00,0.00,0.00,0.00
0.00,0.00,0.00,0.00,0.00,0.00,0.00,0.00
1.00,0.00,0.00,0.00,0.00,0.00,0.00,0.00
1.00,0.00,0.00,0.00,0.00,0.00,0.00,0.00
1.00,0.00,0.00,0.00,0.00,0.00,0.00,0.00
0.00,0.00,0.00,0.00,0.00,0.00,0.00,0.00
0.00,0.00,0.00,0.00,0.00,0.00,0.00,0.00
27.00,13.00,0.00,1.00,2.00,0.00,1.00,0.00
33.00,17.00,0.00,3.00,3.00,0.00,3.00,0.00
34.00,19.00,1.00,5.00,4.00,0.00,3.00,0.00
44.00,18.00,1.00,6.00,6.00,0.00,5.00,0.00
45.00,20.00,1.00,7.00,9.00,0.00,7.00,0.00
44.00,13.00,1.00,7.00,5.00,0.00,4.00,0.00
43.00,17.00,1.00,4.00,7.00,0.00,5.00,0.00
32.00,12.00,1.00,4.00,3.00,0.00,2.00,0.00
18.00,4.00,1.00,1.00,0.00,0.00,1.00,0.00
8.00,3.00,0.00,1.00,0.00,0.00,0.00,0.00
1.00,1.00,0.00,0.00,0.00,0.00,0.00,0.00
1.00,0.00,0.00,0.00,0.00,0.00,0.00,0.00
0.00,0.00,0.00,0.00,0.00,0.00,0.00,0.00
0.00,0.00,0.00,0.00,0.00,0.00,0.00,0.00
0.00,0.00,0.00,0.00,0.00,0.00,0.00,0.00
0.00,0.00,0.00,0.00,0.00,0.00,0.00,0.00
0.00,0.00,0.00,0.00,0.00,0.00,0.00,0.00
1.00,0.00,0.00,0.00,0.00,0.00,0.00,0.00
0.00,0.00,0.00,0.00,0.00,0.00,0.00,0.00
0.00,0.00,0.00,0.00,0.00,0.00,0.00,0.00
1.00,0.00,0.00,0.00,0.00,0.00,0.00,0.00
0.00,0.00,0.00,0.00,0.00,0.00,0.00,0.00
1.00,0.00,0.00,0.00,0.00,0.00,0.00,0.00
0.00,0.00,0.00,0.00,0.00,0.00,0.00,0.00
1.00,0.00,0.00,0.00,0.00,0.00,0.00,0.00
0.00,0.00,0.00,0.00,0.00,0.00,0.00,0.00
0.00,0.00,0.00,0.00,0.00,0.00,0.00,0.00
0.00,0.00,0.00,0.00,0.00,0.00,0.00,0.00
0.00,0.00,0.00,0.00,0.00,0.00,0.00,0.00
0.00,0.00,0.00,0.00,0.00,0.00,0.00,0.00
21.00,29.00,9.00,11.00,0.00,0.00,3.00,0.00
21.00,48.00,16.00,7.00,1.00,0.00,5.00,0.00
18.00,29.00,21.00,12.00,3.00,0.00,6.00,0.00
20.00,25.00,27.00,17.00,3.00,0.00,8.00,0.00
17.00,23.00,24.00,17.00,4.00,0.00,7.00,0.00
19.00,26.00,15.00,8.00,3.00,0.00,4.00,0.00
17.00,27.00,12.00,13.00,2.00,0.00,4.00,0.00
15.00,24.00,9.00,6.00,2.00,0.00,2.00,0.00
17.00,22.00,6.00,5.00,2.00,0.00,2.00,0.00
14.00,14.00,4.00,5.00,0.00,0.00,1.00,0.00
7.00,9.00,3.00,5.00,0.00,0.00,1.00,0.00
7.00,4.00,2.00,2.00,0.00,0.00,0.00,0.00
5.00,2.00,0.00,1.00,0.00,0.00,0.00,0.00
1.00,1.00,0.00,0.00,0.00,0.00,0.00,0.00
2.00,0.00,0.00,0.00,0.00,0.00,0.00,0.00
1.00,0.00,0.00,0.00,0.00,0.00,0.00,0.00
1.00,0.00,0.00,0.00,0.00,0.00,0.00,0.00
1.00,0.00,0.00,0.00,0.00,0.00,0.00,0.00
0.00,0.00,0.00,0.00,0.00,0.00,0.00,0.00
0.00,0.00,0.00,0.00,0.00,0.00,0.00,0.00
0.00,0.00,0.00,0.00,0.00,0.00,0.00,0.00
0.00,0.00,0.00,0.00,0.00,0.00,0.00,0.00
0.00,0.00,0.00,0.00,0.00,0.00,0.00,0.00
0.00,0.00,0.00,0.00,0.00,0.00,0.00,0.00
0.00,0.00,0.00,0.00,0.00,0.00,0.00,0.00
0.00,0.00,0.00,0.00,0.00,0.00,0.00,0.00
0.00,0.00,0.00,0.00,0.00,0.00,0.00,0.00
0.00,0.00,0.00,0.00,0.00,0.00,0.00,0.00
0.00,0.00,0.00,0.00,0.00,0.00,0.00,0.00
1.00,0.00,0.00,0.00,0.00,0.00,0.00,0.00
14.00,15.00,9.00,2.00,0.00,0.00,2.00,0.00
15.00,16.00,18.00,2.00,1.00,0.00,4.00,0.00
15.00,11.00,20.00,5.00,1.00,0.00,4.00,0.00
14.00,12.00,25.00,8.00,1.00,0.00,6.00,0.00
11.00,13.00,26.00,5.00,0.00,0.00,6.00,0.00
14.00,11.00,15.00,7.00,1.00,0.00,3.00,0.00
20.00,13.00,19.00,11.00,1.00,0.00,5.00,0.00
25.00,18.00,24.00,4.00,1.00,0.00,5.00,0.00
29.00,16.00,14.00,7.00,0.00,0.00,3.00,0.00
17.00,11.00,11.00,7.00,0.00,0.00,3.00,0.00
15.00,19.00,10.00,5.00,0.00,0.00,3.00,0.00
7.00,9.00,7.00,1.00,0.00,0.00,2.00,0.00
5.00,5.00,6.00,4.00,0.00,0.00,1.00,0.00
2.00,2.00,2.00,2.00,0.00,0.00,0.00,0.00
4.00,2.00,1.00,0.00,0.00,0.00,0.00,0.00
3.00,0.00,1.00,0.00,0.00,0.00,0.00,0.00
2.00,0.00,1.00,1.00,0.00,0.00,0.00,0.00
0.00,0.00,0.00,0.00,0.00,0.00,0.00,0.00
0.00,0.00,0.00,0.00,0.00,0.00,0.00,0.00
0.00,0.00,0.00,0.00,0.00,0.00,0.00,0.00
0.00,0.00,0.00,0.00,0.00,0.00,0.00,0.00
0.00,0.00,0.00,0.00,0.00,0.00,0.00,0.00
1.00,0.00,0.00,0.00,0.00,0.00,0.00,0.00
0.00,0.00,0.00,0.00,0.00,0.00,0.00,0.00
0.00,0.00,0.00,0.00,0.00,0.00,0.00,0.00
0.00,0.00,0.00,0.00,0.00,0.00,0.00,0.00
0.00,0.00,0.00,0.00,0.00,0.00,0.00,0.00
0.00,0.00,0.00,0.00,0.00,0.00,0.00,0.00
0.00,0.00,0.00,0.00,0.00,0.00,0.00,0.00
1.00,0.00,0.00,0.00,0.00,0.00,0.00,0.00
17.00,19.00,11.00,1.00,0.00,0.00,2.00,0.00
23.00,16.00,11.00,2.00,1.00,0.00,2.00,0.00
22.00,19.00,17.00,4.00,0.00,0.00,4.00,0.00
20.00,21.00,10.00,3.00,0.00,0.00,2.00,0.00
12.00,19.00,13.00,2.00,0.00,0.00,3.00,0.00
19.00,23.00,17.00,4.00,1.00,0.00,4.00,0.00
24.00,17.00,11.00,4.00,0.00,0.00,2.00,0.00
19.00,19.00,9.00,2.00,0.00,0.00,2.00,0.00
14.00,22.00,8.00,3.00,0.00,0.00,2.00,0.00
16.00,18.00,10.00,2.00,0.00,0.00,2.00,0.00
12.00,10.00,5.00,1.00,1.00,0.00,1.00,0.00
7.00,3.00,2.00,0.00,0.00,0.00,0.00,0.00
4.00,2.00,1.00,0.00,0.00,0.00,0.00,0.00
1.00,0.00,0.00,0.00,0.00,0.00,0.00,0.00
2.00,0.00,0.00,0.00,0.00,0.00,0.00,0.00
1.00,0.00,0.00,0.00,0.00,0.00,0.00,0.00
1.00,0.00,0.00,0.00,0.00,0.00,0.00,0.00
0.00,0.00,0.00,0.00,0.00,0.00,0.00,0.00
1.00,0.00,0.00,0.00,0.00,0.00,0.00,0.00
0.00,0.00,0.00,0.00,0.00,0.00,0.00,0.00
1.00,0.00,0.00,0.00,0.00,0.00,0.00,0.00
0.00,0.00,0.00,0.00,0.00,0.00,0.00,0.00
0.00,0.00,0.00,0.00,0.00,0.00,0.00,0.00
1.00,0.00,0.00,0.00,0.00,0.00,0.00,0.00
0.00,0.00,0.00,0.00,0.00,0.00,0.00,0.00
0.00,0.00,0.00,0.00,0.00,0.00,0.00,0.00
1.00,0.00,0.00,0.00,0.00,0.00,0.00,0.00
0.00,0.00,0.00,0.00,0.00,0.00,0.00,0.00
0.00,0.00,0.00,0.00,0.00,0.00,0.00,0.00
0.00,0.00,0.00,0.00,0.00,0.00,0.00,0.00
18.00,33.00,10.00,7.00,0.00,0.00,3.00,0.00
21.00,46.00,20.00,8.00,0.00,0.00,6.00,0.00
25.00,82.00,20.00,19.00,0.00,0.00,9.00,0.00
23.00,69.00,22.00,19.00,1.00,0.00,7.00,0.00
21.00,43.00,14.00,14.00,1.00,0.00,8.00,0.00
22.00,52.00,11.00,13.00,1.00,0.00,7.00,0.00
27.00,36.00,6.00,9.00,1.00,0.00,5.00,0.00
20.00,20.00,4.00,3.00,1.00,0.00,2.00,0.00
11.00,17.00,2.00,4.00,1.00,0.00,2.00,0.00
9.00,4.00,1.00,1.00,1.00,0.00,1.00,0.00
1.00,2.00,0.00,1.00,0.00,0.00,0.00,0.00
1.00,0.00,0.00,0.00,0.00,0.00,0.00,0.00
1.00,0.00,0.00,0.00,0.00,0.00,0.00,0.00
2.00,0.00,0.00,0.00,0.00,0.00,0.00,0.00
0.00,0.00,0.00,0.00,0.00,0.00,0.00,0.00
1.00,0.00,0.00,0.00,0.00,0.00,0.00,0.00
0.00,0.00,0.00,0.00,0.00,0.00,0.00,0.00
1.00,0.00,0.00,0.00,0.00,0.00,0.00,0.00
0.00,0.00,0.00,0.00,0.00,0.00,0.00,0.00
1.00,0.00,0.00,0.00,0.00,0.00,0.00,0.00
0.00,0.00,0.00,0.00,0.00,0.00,0.00,0.00
0.00,0.00,0.00,0.00,0.00,0.00,0.00,0.00
0.00,0.00,0.00,0.00,0.00,0.00,0.00,0.00
0.00,0.00,0.00,0.00,0.00,0.00,0.00,0.00
1.00,0.00,0.00,0.00,0.00,0.00,0.00,0.00
1.00,0.00,0.00,0.00,0.00,0.00,0.00,0.00
0.00,0.00,0.00,0.00,0.00,0.00,0.00,0.00
0.00,0.00,0.00,0.00,0.00,0.00,0.00,0.00
0.00,0.00,0.00,0.00,0.00,0.00,0.00,0.00
1.00,0.00,0.00,0.00,0.00,0.00,0.00,0.00
26.00,20.00,1.00,2.00,1.00,0.00,1.00,0.00
37.00,37.00,2.00,9.00,4.00,0.00,5.00,0.00
40.00,37.00,3.00,14.00,3.00,0.00,7.00,0.00
32.00,32.00,2.00,9.00,1.00,0.00,4.00,0.00
14.00,7.00,1.00,3.00,0.00,0.00,1.00,0.00
7.00,2.00,0.00,1.00,0.00,0.00,0.00,0.00
7.00,4.00,0.00,0.00,0.00,0.00,0.00,0.00
20.00,23.00,7.00,8.00,0.00,0.00,2.00,0.00
19.00,37.00,23.00,26.00,1.00,0.00,8.00,0.00
19.00,42.00,21.00,27.00,1.00,0.00,8.00,0.00
18.00,67.00,26.00,16.00,1.00,0.00,8.00,0.00
17.00,42.00,17.00,7.00,1.00,0.00,5.00,0.00
14.00,29.00,9.00,4.00,0.00,0.00,3.00,0.00
4.00,10.00,4.00,1.00,0.00,0.00,1.00,0.00
6.00,4.00,5.00,2.00,1.00,0.00,1.00,0.00
0.00,0.00,0.00,0.00,0.00,0.00,0.00,0.00
0.00,1.00,0.00,0.00,0.00,0.00,0.00,0.00
0.00,0.00,0.00,0.00,0.00,0.00,0.00,0.00
0.00,0.00,0.00,0.00,0.00,0.00,0.00,0.00
0.00,0.00,0.00,0.00,0.00,0.00,0.00,0.00
0.00,0.00,0.00,0.00,0.00,0.00,0.00,0.00
0.00,0.00,0.00,0.00,0.00,0.00,0.00,0.00
0.00,0.00,0.00,0.00,0.00,0.00,0.00,0.00
0.00,0.00,0.00,0.00,0.00,0.00,0.00,0.00
1.00,0.00,0.00,0.00,0.00,0.00,0.00,0.00
0.00,0.00,0.00,0.00,0.00,0.00,0.00,0.00
0.00,0.00,0.00,0.00,0.00,0.00,0.00,0.00
1.00,0.00,0.00,0.00,0.00,0.00,0.00,0.00
0.00,0.00,0.00,0.00,0.00,0.00,0.00,0.00
0.00,0.00,0.00,0.00,0.00,0.00,0.00,0.00
13.00,14.00,9.00,7.00,0.00,0.00,2.00,0.00
7.00,8.00,3.00,1.00,0.00,0.00,1.00,0.00
10.00,8.00,3.00,2.00,0.00,0.00,1.00,0.00
14.00,7.00,8.00,3.00,0.00,0.00,2.00,0.00
11.00,6.00,4.00,3.00,0.00,0.00,1.00,0.00
12.00,9.00,8.00,4.00,0.00,0.00,2.00,0.00
13.00,7.00,4.00,2.00,0.00,0.00,1.00,0.00
6.00,9.00,2.00,2.00,0.00,0.00,1.00,0.00
8.00,8.00,6.00,3.00,0.00,0.00,1.00,0.00
5.00,8.00,6.00,2.00,0.00,0.00,2.00,0.00
7.00,9.00,8.00,4.00,0.00,0.00,2.00,0.00
7.00,9.00,5.00,1.00,0.00,0.00,1.00,0.00
6.00,7.00,5.00,3.00,0.00,0.00,1.00,0.00
7.00,8.00,1.00,3.00,0.00,0.00,1.00,0.00
5.00,5.00,1.00,1.00,0.00,0.00,0.00,0.00
6.00,2.00,0.00,0.00,0.00,0.00,0.00,0.00
10.00,2.00,0.00,0.00,0.00,0.00,0.00,0.00
18.00,1.00,1.00,0.00,0.00,0.00,0.00,0.00
20.00,3.00,0.00,0.00,0.00,0.00,1.00,0.00
21.00,2.00,1.00,0.00,0.00,0.00,1.00,0.00
19.00,6.00,1.00,1.00,0.00,0.00,1.00,0.00
15.00,12.00,2.00,3.00,1.00,0.00,1.00,0.00
13.00,52.00,8.00,7.00,1.00,0.00,6.00,0.00
12.00,71.00,8.00,10.00,3.00,0.00,9.00,0.00
15.00,58.00,5.00,16.00,4.00,0.00,9.00,0.00
16.00,24.00,4.00,22.00,3.00,0.00,11.00,0.00
19.00,6.00,1.00,2.00,0.00,0.00,1.00,0.00
6.00,2.00,0.00,0.00,0.00,0.00,0.00,0.00
0.00,1.00,0.00,0.00,0.00,0.00,0.00,0.00
4.00,4.00,4.00,4.00,0.00,0.00,1.00,0.00
15.00,16.00,13.00,14.00,0.00,0.00,4.00,0.00
11.00,35.00,19.00,3.00,0.00,0.00,5.00,0.00
10.00,27.00,16.00,5.00,0.00,0.00,4.00,0.00
17.00,7.00,6.00,1.00,0.00,0.00,1.00,0.00
18.00,5.00,6.00,1.00,0.00,0.00,1.00,0.00
24.00,5.00,9.00,1.00,0.00,0.00,2.00,0.00
27.00,4.00,8.00,2.00,0.00,0.00,2.00,0.00
37.00,31.00,27.00,5.00,1.00,0.00,6.00,0.00
32.00,28.00,34.00,11.00,1.00,0.00,8.00,0.00
28.00,25.00,31.00,17.00,2.00,0.00,8.00,0.00
28.00,21.00,31.00,18.00,2.00,0.00,9.00,0.00
27.00,18.00,31.00,20.00,2.00,0.00,9.00,0.00
27.00,24.00,31.00,21.00,3.00,0.00,9.00,0.00
29.00,30.00,32.00,13.00,1.00,0.00,9.00,0.00
27.00,22.00,28.00,15.00,2.00,0.00,8.00,0.00
17.00,15.00,15.00,9.00,2.00,0.00,4.00,0.00
6.00,4.00,8.00,2.00,1.00,0.00,2.00,0.00
4.00,6.00,9.00,3.00,0.00,0.00,2.00,0.00
3.00,2.00,3.00,1.00,0.00,0.00,1.00,0.00
4.00,1.00,0.00,0.00,0.00,0.00,0.00,0.00
1.00,0.00,0.00,0.00,0.00,0.00,0.00,0.00
0.00,0.00,0.00,0.00,0.00,0.00,0.00,0.00
0.00,0.00,0.00,0.00,0.00,0.00,0.00,0.00
0.00,0.00,0.00,0.00,0.00,0.00,0.00,0.00
0.00,0.00,0.00,0.00,0.00,0.00,0.00,0.00
0.00,0.00,0.00,0.00,0.00,0.00,0.00,0.00
0.00,0.00,0.00,0.00,0.00,0.00,0.00,0.00
0.00,0.00,0.00,0.00,0.00,0.00,0.00,0.00
0.00,0.00,0.00,0.00,0.00,0.00,0.00,0.00
0.00,0.00,0.00,0.00,0.00,0.00,0.00,0.00
13.00,18.00,11.00,8.00,1.00,0.00,2.00,0.00
14.00,19.00,19.00,16.00,2.00,0.00,6.00,0.00
17.00,17.00,27.00,19.00,1.00,0.00,8.00,0.00
20.00,16.00,32.00,21.00,2.00,0.00,9.00,0.00
23.00,17.00,33.00,24.00,3.00,0.00,10.00,0.00
26.00,22.00,34.00,17.00,3.00,0.00,10.00,0.00
24.00,16.00,30.00,8.00,1.00,0.00,9.00,0.00
23.00,16.00,28.00,10.00,1.00,0.00,8.00,0.00
20.00,17.00,30.00,21.00,1.00,0.00,9.00,0.00
23.00,23.00,27.00,29.00,1.00,0.00,9.00,0.00
26.00,19.00,20.00,19.00,1.00,0.00,6.00,0.00
26.00,20.00,12.00,9.00,1.00,0.00,3.00,0.00
21.00,10.00,6.00,1.00,1.00,0.00,1.00,0.00
25.00,4.00,1.00,0.00,0.00,0.00,1.00,0.00
30.00,3.00,1.00,1.00,0.00,0.00,1.00,0.00
24.00,6.00,0.00,0.00,0.00,0.00,1.00,0.00
24.00,3.00,0.00,0.00,0.00,0.00,1.00,0.00
12.00,3.00,1.00,0.00,0.00,0.00,0.00,0.00
10.00,2.00,1.00,0.00,0.00,0.00,0.00,0.00
13.00,2.00,1.00,0.00,0.00,0.00,0.00,0.00
14.00,1.00,1.00,0.00,0.00,0.00,0.00,0.00
12.00,3.00,1.00,0.00,0.00,0.00,0.00,0.00
14.00,1.00,1.00,0.00,0.00,0.00,1.00,0.00
9.00,3.00,1.00,0.00,0.00,0.00,0.00,0.00
15.00,3.00,1.00,0.00,0.00,0.00,0.00,0.00
6.00,12.00,6.00,1.00,0.00,0.00,1.00,0.00
10.00,14.00,13.00,2.00,0.00,0.00,3.00,0.00
4.00,8.00,6.00,1.00,1.00,0.00,1.00,0.00
10.00,13.00,7.00,4.00,0.00,0.00,2.00,0.00
5.00,3.00,4.00,0.00,0.00,0.00,1.00,0.00
10.00,12.00,11.00,5.00,0.00,0.00,2.00,0.00
8.00,10.00,11.00,0.00,0.00,0.00,2.00,0.00
11.00,12.00,9.00,5.00,0.00,0.00,2.00,0.00
8.00,12.00,9.00,1.00,0.00,0.00,2.00,0.00
10.00,11.00,8.00,4.00,0.00,0.00,2.00,0.00
13.00,14.00,11.00,5.00,0.00,0.00,3.00,0.00
13.00,14.00,12.00,3.00,1.00,0.00,3.00,0.00
11.00,14.00,10.00,4.00,0.00,0.00,3.00,0.00
14.00,14.00,12.00,7.00,0.00,0.00,3.00,0.00
13.00,14.00,8.00,5.00,0.00,0.00,2.00,0.00
11.00,8.00,8.00,2.00,0.00,0.00,2.00,0.00
15.00,9.00,7.00,4.00,0.00,0.00,2.00,0.00
17.00,4.00,4.00,2.00,0.00,0.00,1.00,0.00
12.00,5.00,4.00,1.00,0.00,0.00,1.00,0.00
10.00,3.00,2.00,1.00,0.00,0.00,0.00,0.00
6.00,2.00,1.00,0.00,0.00,0.00,0.00,0.00
4.00,2.00,1.00,0.00,0.00,0.00,0.00,0.00
1.00,0.00,0.00,0.00,0.00,0.00,0.00,0.00
0.00,0.00,0.00,0.00,0.00,0.00,0.00,0.00
0.00,0.00,0.00,0.00,0.00,0.00,0.00,0.00
1.00,0.00,0.00,0.00,0.00,0.00,0.00,0.00
0.00,0.00,0.00,0.00,0.00,0.00,0.00,0.00
0.00,0.00,0.00,0.00,0.00,0.00,0.00,0.00
1.00,0.00,0.00,0.00,0.00,0.00,0.00,0.00
0.00,0.00,0.00,0.00,0.00,0.00,0.00,0.00
1.00,0.00,0.00,0.00,0.00,0.00,0.00,0.00
0.00,0.00,0.00,0.00,0.00,0.00,0.00,0.00
0.00,0.00,0.00,0.00,0.00,0.00,0.00,0.00
0.00,0.00,0.00,0.00,0.00,0.00,0.00,0.00
0.00,0.00,0.00,0.00,0.00,0.00,0.00,0.00
31.00,9.00,0.00,0.00,1.00,0.00,1.00,0.00
31.00,9.00,0.00,0.00,1.00,0.00,1.00,0.00
29.00,7.00,0.00,0.00,0.00,0.00,1.00,0.00
29.00,8.00,0.00,0.00,1.00,0.00,1.00,0.00
35.00,11.00,1.00,1.00,1.00,0.00,1.00,0.00
35.00,9.00,1.00,1.00,1.00,0.00,1.00,0.00
34.00,9.00,0.00,1.00,1.00,0.00,1.00,0.00
36.00,13.00,1.00,2.00,1.00,0.00,1.00,0.00
30.00,10.00,0.00,1.00,1.00,0.00,1.00,0.00
25.00,9.00,1.00,1.00,0.00,0.00,1.00,0.00
19.00,8.00,1.00,1.00,1.00,0.00,1.00,0.00
6.00,2.00,0.00,0.00,0.00,0.00,0.00,0.00
14.00,2.00,0.00,0.00,0.00,0.00,0.00,0.00
10.00,0.00,0.00,0.00,0.00,0.00,0.00,0.00
2.00,0.00,0.00,0.00,0.00,0.00,0.00,0.00
3.00,0.00,0.00,0.00,0.00,0.00,0.00,0.00
0.00,0.00,0.00,0.00,0.00,0.00,0.00,0.00
0.00,0.00,0.00,0.00,0.00,0.00,0.00,0.00
1.00,0.00,0.00,0.00,0.00,0.00,0.00,0.00
5.00,3.00,4.00,3.00,0.00,0.00,2.00,0.00
2.00,3.00,2.00,4.00,1.00,1.00,3.00,0.00
16.00,28.00,4.00,6.00,1.00,0.00,3.00,0.00
11.00,21.00,6.00,4.00,1.00,0.00,2.00,0.00
11.00,16.00,12.00,13.00,1.00,0.00,4.00,0.00
14.00,15.00,14.00,19.00,1.00,0.00,6.00,0.00
15.00,13.00,19.00,26.00,0.00,0.00,8.00,0.00
20.00,16.00,26.00,21.00,1.00,0.00,8.00,0.00
22.00,18.00,30.00,18.00,1.00,0.00,9.00,0.00
24.00,20.00,28.00,13.00,2.00,0.00,8.00,0.00
26.00,24.00,27.00,11.00,1.00,0.00,8.00,0.00
31.00,5.00,2.00,1.00,0.00,0.00,1.00,0.00
28.00,4.00,2.00,1.00,0.00,0.00,1.00,0.00
30.00,2.00,3.00,0.00,0.00,0.00,1.00,0.00
29.00,5.00,2.00,0.00,0.00,0.00,1.00,0.00
24.00,10.00,6.00,1.00,0.00,0.00,1.00,0.00
18.00,26.00,19.00,3.00,0.00,0.00,4.00,0.00
6.00,18.00,12.00,1.00,0.00,0.00,3.00,0.00
6.00,12.00,20.00,4.00,0.00,0.00,4.00,0.00
10.00,9.00,13.00,2.00,0.00,0.00,3.00,0.00
10.00,9.00,16.00,3.00,0.00,0.00,4.00,0.00
5.00,11.00,13.00,6.00,0.00,0.00,3.00,0.00
7.00,11.00,15.00,7.00,0.00,0.00,3.00,0.00
10.00,12.00,15.00,4.00,0.00,0.00,3.00,0.00
6.00,7.00,7.00,3.00,0.00,0.00,1.00,0.00
10.00,11.00,17.00,4.00,0.00,0.00,4.00,0.00
6.00,8.00,11.00,3.00,0.00,0.00,2.00,0.00
9.00,11.00,13.00,5.00,0.00,0.00,3.00,0.00
5.00,8.00,11.00,3.00,0.00,0.00,2.00,0.00
11.00,11.00,12.00,5.00,0.00,0.00,3.00,0.00
7.00,9.00,10.00,2.00,0.00,0.00,2.00,0.00
8.00,12.00,9.00,3.00,0.00,0.00,2.00,0.00
11.00,11.00,11.00,2.00,0.00,0.00,3.00,0.00
5.00,10.00,7.00,3.00,0.00,0.00,2.00,0.00
12.00,12.00,11.00,6.00,0.00,0.00,3.00,0.00
11.00,14.00,9.00,4.00,0.00,0.00,2.00,0.00
11.00,10.00,6.00,6.00,0.00,0.00,2.00,0.00
13.00,15.00,7.00,7.00,1.00,0.00,2.00,0.00
13.00,9.00,5.00,3.00,0.00,0.00,1.00,0.00
13.00,8.00,6.00,4.00,0.00,0.00,2.00,0.00
15.00,7.00,7.00,4.00,0.00,0.00,2.00,0.00
24.00,10.00,13.00,2.00,1.00,0.00,2.00,0.00
3.00,8.00,5.00,1.00,0.00,0.00,2.00,0.00
4.00,9.00,7.00,3.00,0.00,0.00,2.00,0.00
15.00,7.00,11.00,3.00,1.00,0.00,2.00,0.00
4.00,12.00,5.00,2.00,1.00,0.00,1.00,0.00
4.00,6.00,6.00,1.00,1.00,0.00,1.00,0.00
6.00,10.00,6.00,3.00,1.00,0.00,1.00,0.00
6.00,2.00,3.00,1.00,1.00,0.00,1.00,0.00
10.00,6.00,8.00,1.00,2.00,0.00,2.00,0.00
2.00,4.00,5.00,1.00,1.00,0.00,1.00,0.00
6.00,5.00,4.00,2.00,1.00,0.00,2.00,0.00
4.00,3.00,3.00,1.00,1.00,0.00,2.00,0.00
2.00,1.00,1.00,1.00,0.00,0.00,1.00,0.00
9.00,3.00,4.00,2.00,1.00,0.00,2.00,0.00
2.00,3.00,2.00,1.00,1.00,0.00,1.00,0.00
1.00,1.00,1.00,0.00,1.00,0.00,1.00,0.00
1.00,0.00,0.00,0.00,0.00,0.00,0.00,0.00
0.00,0.00,0.00,0.00,0.00,0.00,0.00,0.00
1.00,0.00,0.00,0.00,0.00,0.00,0.00,0.00
1.00,0.00,0.00,0.00,0.00,0.00,0.00,0.00
0.00,0.00,0.00,0.00,0.00,0.00,0.00,0.00
2.00,1.00,0.00,0.00,0.00,0.00,0.00,0.00
1.00,0.00,0.00,0.00,0.00,0.00,0.00,0.00
1.00,0.00,0.00,0.00,0.00,0.00,0.00,0.00
1.00,0.00,0.00,0.00,0.00,0.00,0.00,0.00
0.00,1.00,0.00,0.00,0.00,0.00,0.00,0.00
1.00,1.00,0.00,0.00,0.00,0.00,0.00,0.00
2.00,0.00,0.00,0.00,0.00,0.00,0.00,0.00
1.00,1.00,0.00,0.00,0.00,0.00,0.00,0.00
2.00,1.00,0.00,0.00,0.00,0.00,0.00,0.00
69.00,88.00,128.00,128.00,128.00,38.00,128.00,0.00
12.00,15.00,14.00,38.00,14.00,4.00,20.00,0.00
6.00,3.00,8.00,24.00,7.00,3.00,11.00,0.00
2.00,3.00,7.00,15.00,4.00,1.00,6.00,0.00
0.00,2.00,2.00,8.00,2.00,0.00,3.00,0.00
1.00,1.00,2.00,3.00,1.00,0.00,2.00,0.00
1.00,0.00,1.00,3.00,1.00,0.00,1.00,0.00
0.00,0.00,1.00,1.00,0.00,0.00,0.00,0.00
0.00,0.00,0.00,1.00,0.00,0.00,0.00,0.00
0.00,0.00,0.00,0.00,0.00,0.00,0.00,0.00
0.00,0.00,0.00,0.00,0.00,0.00,0.00,0.00
0.00,0.00,0.00,0.00,0.00,0.00,0.00,0.00
0.00,0.00,0.00,0.00,0.00,0.00,0.00,0.00
0.00,0.00,0.00,0.00,0.00,0.00,0.00,0.00
0.00,0.00,0.00,0.00,0.00,0.00,0.00,0.00
0.00,0.00,0.00,0.00,0.00,0.00,0.00,0.00
0.00,0.00,0.00,0.00,0.00,0.00,0.00,0.00
0.00,0.00,0.00,0.00,0.00,0.00,0.00,0.00
1.00,0.00,0.00,0.00,0.00,0.00,0.00,0.00
0.00,0.00,0.00,0.00,0.00,0.00,0.00,0.00
0.00,0.00,0.00,0.00,0.00,0.00,0.00,0.00
1.00,0.00,0.00,0.00,0.00,0.00,0.00,0.00
1.00,0.00,0.00,0.00,0.00,0.00,0.00,0.00
0.00,0.00,0.00,0.00,0.00,0.00,0.00,0.00
1.00,0.00,0.00,0.00,0.00,0.00,0.00,0.00
1.00,0.00,0.00,0.00,0.00,0.00,0.00,0.00
0.00,0.00,0.00,0.00,0.00,0.00,0.00,0.00
0.00,0.00,0.00,0.00,0.00,0.00,0.00,0.00
0.00,0.00,0.00,0.00,0.00,0.00,0.00,0.00
0.00,0.00,0.00,0.00,0.00,0.00,0.00,0.00
45.00,51.00,46.00,107.00,109.00,49.00,128.00,0.00
6.00,1.00,3.00,10.00,10.00,9.00,14.00,0.00
4.00,3.00,3.00,6.00,8.00,2.00,8.00,0.00
1.00,1.00,1.00,2.00,4.00,0.00,4.00,0.00
2.00,0.00,1.00,0.00,1.00,0.00,1.00,0.00
1.00,0.00,0.00,1.00,0.00,0.00,1.00,0.00
0.00,0.00,0.00,0.00,0.00,0.00,0.00,0.00
0.00,0.00,0.00,0.00,0.00,0.00,0.00,0.00
0.00,0.00,0.00,0.00,0.00,0.00,0.00,0.00
0.00,0.00,0.00,0.00,0.00,0.00,0.00,0.00
0.00,0.00,0.00,0.00,0.00,0.00,0.00,0.00
0.00,0.00,0.00,0.00,0.00,0.00,0.00,0.00
56.00,33.00,46.00,47.00,27.00,18.00,72.00,0.00
9.00,6.00,11.00,11.00,15.00,1.00,11.00,0.00
5.00,2.00,4.00,3.00,6.00,1.00,6.00,0.00
1.00,3.00,3.00,3.00,2.00,0.00,2.00,0.00
1.00,0.00,1.00,2.00,1.00,0.00,2.00,0.00
2.00,0.00,1.00,0.00,1.00,0.00,1.00,0.00
1.00,1.00,0.00,0.00,0.00,0.00,0.00,0.00
0.00,0.00,0.00,0.00,0.00,0.00,0.00,0.00
0.00,0.00,0.00,0.00,0.00,0.00,0.00,0.00
0.00,0.00,0.00,0.00,0.00,0.00,0.00,0.00
0.00,0.00,0.00,0.00,0.00,0.00,0.00,0.00
0.00,0.00,0.00,0.00,0.00,0.00,0.00,0.00
0.00,0.00,0.00,0.00,0.00,0.00,0.00,0.00
0.00,0.00,0.00,0.00,0.00,0.00,0.00,0.00
0.00,0.00,0.00,0.00,0.00,0.00,0.00,0.00
1.00,0.00,0.00,0.00,0.00,0.00,0.00,0.00
0.00,0.00,0.00,0.00,0.00,0.00,0.00,0.00
1.00,0.00,0.00,0.00,0.00,0.00,0.00,0.00
86.00,100.00,128.00,128.00,86.00,48.00,128.00,0.00
11.00,8.00,20.00,20.00,9.00,3.00,11.00,0.00
4.00,4.00,8.00,21.00,3.00,1.00,10.00,0.00
4.00,3.00,3.00,4.00,2.00,0.00,2.00,0.00
2.00,1.00,4.00,3.00,1.00,0.00,1.00,0.00
2.00,1.00,2.00,3.00,0.00,0.00,1.00,0.00
1.00,0.00,1.00,1.00,0.00,0.00,0.00,0.00
0.00,0.00,0.00,1.00,0.00,0.00,0.00,0.00
1.00,0.00,0.00,0.00,0.00,0.00,0.00,0.00
1.00,0.00,0.00,0.00,0.00,0.00,0.00,0.00
1.00,0.00,0.00,0.00,0.00,0.00,0.00,0.00
1.00,0.00,0.00,0.00,0.00,0.00,0.00,0.00
0.00,0.00,0.00,0.00,0.00,0.00,0.00,0.00
21.00,32.00,66.00,128.00,100.00,62.00,128.00,0.00
9.00,6.00,10.00,19.00,8.00,3.00,14.00,0.00
4.00,5.00,4.00,14.00,4.00,2.00,9.00,0.00
0.00,2.00,1.00,3.00,1.00,1.00,4.00,0.00
1.00,1.00,1.00,3.00,1.00,0.00,2.00,0.00
1.00,0.00,0.00,2.00,0.00,0.00,1.00,0.00
1.00,0.00,0.00,1.00,0.00,0.00,0.00,0.00
0.00,0.00,0.00,0.00,0.00,0.00,0.00,0.00
0.00,0.00,0.00,0.00,0.00,0.00,0.00,0.00
0.00,0.00,0.00,0.00,0.00,0.00,0.00,0.00
0.00,0.00,0.00,0.00,0.00,0.00,0.00,0.00
0.00,0.00,0.00,0.00,0.00,0.00,0.00,0.00
0.00,0.00,0.00,0.00,0.00,0.00,0.00,0.00
0.00,0.00,0.00,0.00,0.00,0.00,0.00,0.00
0.00,0.00,0.00,0.00,0.00,0.00,0.00,0.00
0.00,0.00,0.00,0.00,0.00,0.00,0.00,0.00
0.00,0.00,0.00,0.00,0.00,0.00,0.00,0.00
74.00,53.00,51.00,78.00,93.00,31.00,65.00,0.00
7.00,7.00,14.00,25.00,8.00,5.00,9.00,0.00
2.00,6.00,4.00,12.00,3.00,2.00,5.00,0.00
2.00,1.00,2.00,4.00,2.00,1.00,1.00,0.00
1.00,1.00,1.00,2.00,1.00,0.00,1.00,0.00
2.00,0.00,1.00,2.00,1.00,0.00,1.00,0.00
1.00,1.00,0.00,1.00,0.00,0.00,0.00,0.00
1.00,0.00,0.00,0.00,0.00,0.00,0.00,0.00
0.00,0.00,0.00,0.00,0.00,0.00,0.00,0.00
1.00,0.00,0.00,0.00,0.00,0.00,0.00,0.00
0.00,0.00,0.00,0.00,0.00,0.00,0.00,0.00
1.00,0.00,0.00,0.00,0.00,0.00,0.00,0.00
0.00,0.00,0.00,0.00,0.00,0.00,0.00,0.00
0.00,0.00,0.00,0.00,0.00,0.00,0.00,0.00
0.00,0.00,0.00,0.00,0.00,0.00,0.00,0.00
1.00,0.00,0.00,0.00,0.00,0.00,0.00,0.00
1.00,0.00,0.00,0.00,0.00,0.00,0.00,0.00
0.00,0.00,0.00,0.00,0.00,0.00,0.00,0.00
0.00,0.00,0.00,0.00,0.00,0.00,0.00,0.00
0.00,0.00,0.00,0.00,0.00,0.00,0.00,0.00
0.00,0.00,0.00,0.00,0.00,0.00,0.00,0.00
0.00,0.00,0.00,0.00,0.00,0.00,0.00,0.00
0.00,0.00,0.00,0.00,0.00,0.00,0.00,0.00
0.00,0.00,0.00,0.00,0.00,0.00,0.00,0.00
0.00,0.00,0.00,0.00,0.00,0.00,0.00,0.00
1.00,0.00,0.00,0.00,0.00,0.00,0.00,0.00
0.00,0.00,0.00,0.00,0.00,0.00,0.00,0.00
0.00,0.00,0.00,0.00,0.00,0.00,0.00,0.00
0.00,0.00,0.00,0.00,0.00,0.00,0.00,0.00
0.00,0.00,0.00,0.00,0.00,0.00,0.00,0.00
83.00,55.00,67.00,128.00,49.00,24.00,70.00,0.00
4.00,2.00,6.00,14.00,9.00,4.00,11.00,0.00
1.00,0.00,2.00,10.00,4.00,1.00,6.00,0.00
2.00,0.00,1.00,5.00,2.00,0.00,2.00,0.00
2.00,1.00,0.00,2.00,1.00,0.00,1.00,0.00
0.00,0.00,0.00,2.00,1.00,0.00,1.00,0.00
0.00,0.00,0.00,0.00,0.00,0.00,0.00,0.00
0.00,0.00,0.00,0.00,0.00,0.00,0.00,0.00
0.00,0.00,0.00,0.00,0.00,0.00,0.00,0.00
0.00,0.00,0.00,0.00,0.00,0.00,0.00,0.00
0.00,0.00,0.00,0.00,0.00,0.00,0.00,0.00
0.00,0.00,0.00,0.00,0.00,0.00,0.00,0.00
0.00,0.00,0.00,0.00,0.00,0.00,0.00,0.00
0.00,0.00,0.00,0.00,0.00,0.00,0.00,0.00
0.00,0.00,0.00,0.00,0.00,0.00,0.00,0.00
1.00,0.00,0.00,0.00,0.00,0.00,0.00,0.00
1.00,0.00,0.00,0.00,0.00,0.00,0.00,0.00
0.00,0.00,0.00,0.00,0.00,0.00,0.00,0.00
0.00,0.00,0.00,0.00,0.00,0.00,0.00,0.00
0.00,0.00,0.00,0.00,0.00,0.00,0.00,0.00
0.00,0.00,0.00,0.00,0.00,0.00,0.00,0.00
0.00,0.00,0.00,0.00,0.00,0.00,0.00,0.00
0.00,0.00,0.00,0.00,0.00,0.00,0.00,0.00
0.00,0.00,0.00,0.00,0.00,0.00,0.00,0.00
1.00,0.00,0.00,0.00,0.00,0.00,0.00,0.00
0.00,0.00,0.00,0.00,0.00,0.00,0.00,0.00
0.00,0.00,0.00,0.00,0.00,0.00,0.00,0.00
0.00,0.00,0.00,0.00,0.00,0.00,0.00,0.00
0.00,0.00,0.00,0.00,0.00,0.00,0.00,0.00
0.00,0.00,0.00,0.00,0.00,0.00,0.00,0.00
81.00,123.00,128.00,128.00,128.00,50.00,128.00,0.00
4.00,7.00,19.00,22.00,5.00,3.00,13.00,0.00
5.00,2.00,8.00,15.00,6.00,1.00,9.00,0.00
3.00,4.00,3.00,10.00,5.00,0.00,5.00,0.00
2.00,1.00,4.00,5.00,2.00,0.00,2.00,0.00
1.00,0.00,1.00,5.00,2.00,0.00,2.00,0.00
0.00,0.00,0.00,2.00,0.00,0.00,1.00,0.00
1.00,0.00,0.00,1.00,0.00,0.00,0.00,0.00
1.00,0.00,0.00,1.00,0.00,0.00,0.00,0.00
0.00,0.00,0.00,0.00,0.00,0.00,0.00,0.00
0.00,0.00,0.00,0.00,0.00,0.00,0.00,0.00
0.00,0.00,0.00,0.00,0.00,0.00,0.00,0.00
0.00,0.00,0.00,0.00,0.00,0.00,0.00,0.00
0.00,0.00,0.00,0.00,0.00,0.00,0.00,0.00
0.00,0.00,0.00,0.00,0.00,0.00,0.00,0.00
0.00,0.00,0.00,0.00,0.00,0.00,0.00,0.00
0.00,0.00,0.00,0.00,0.00,0.00,0.00,0.00
1.00,0.00,0.00,0.00,0.00,0.00,0.00,0.00
0.00,0.00,0.00,0.00,0.00,0.00,0.00,0.00
62.00,71.00,87.00,102.00,43.00,33.00,113.00,0.00
3.00,9.00,29.00,26.00,11.00,5.00,15.00,0.00
4.00,6.00,9.00,8.00,6.00,2.00,9.00,0.00
3.00,3.00,2.00,6.00,1.00,1.00,3.00,0.00
2.00,2.00,3.00,2.00,3.00,0.00,2.00,0.00
1.00,1.00,2.00,2.00,0.00,0.00,0.00,0.00
1.00,1.00,1.00,1.00,0.00,0.00,0.00,0.00
1.00,0.00,1.00,0.00,0.00,0.00,0.00,0.00
1.00,0.00,0.00,0.00,0.00,0.00,0.00,0.00
1.00,0.00,0.00,0.00,0.00,0.00,0.00,0.00
0.00,0.00,0.00,0.00,0.00,0.00,0.00,0.00
21.00,14.00,7.00,7.00,3.00,1.00,4.00,0.00
27.00,31.00,86.00,20.00,21.00,4.00,28.00,0.00
7.00,18.00,17.00,11.00,4.00,1.00,4.00,0.00
5.00,5.00,4.00,4.00,2.00,0.00,2.00,0.00
2.00,4.00,2.00,2.00,0.00,0.00,1.00,0.00
2.00,2.00,2.00,2.00,0.00,0.00,0.00,0.00
1.00,1.00,1.00,0.00,0.00,0.00,0.00,0.00
1.00,0.00,1.00,0.00,0.00,0.00,0.00,0.00
1.00,0.00,1.00,0.00,0.00,0.00,0.00,0.00
0.00,0.00,0.00,0.00,0.00,0.00,0.00,0.00
0.00,0.00,0.00,0.00,0.00,0.00,0.00,0.00
0.00,0.00,0.00,0.00,0.00,0.00,0.00,0.00
0.00,0.00,0.00,0.00,0.00,0.00,0.00,0.00
1.00,0.00,0.00,0.00,0.00,0.00,0.00,0.00
0.00,0.00,0.00,0.00,0.00,0.00,0.00,0.00
1.00,0.00,0.00,0.00,0.00,0.00,0.00,0.00
2.00,0.00,0.00,0.00,0.00,0.00,0.00,0.00
0.00,0.00,0.00,0.00,0.00,0.00,0.00,0.00
128.00,128.00,113.00,128.00,70.00,35.00,128.00,0.00
6.00,9.00,9.00,14.00,3.00,1.00,7.00,0.00
6.00,4.00,5.00,6.00,3.00,0.00,2.00,0.00
1.00,5.00,1.00,4.00,1.00,0.00,2.00,0.00
1.00,1.00,2.00,2.00,0.00,0.00,1.00,0.00
3.00,1.00,1.00,1.00,0.00,0.00,0.00,0.00
2.00,1.00,0.00,1.00,0.00,0.00,0.00,0.00
1.00,0.00,0.00,0.00,0.00,0.00,0.00,0.00
0.00,0.00,0.00,0.00,0.00,0.00,0.00,0.00
0.00,0.00,0.00,0.00,0.00,0.00,0.00,0.00
0.00,0.00,0.00,0.00,0.00,0.00,0.00,0.00
0.00,0.00,0.00,0.00,0.00,0.00,0.00,0.00
26.00,67.00,25.00,79.00,45.00,37.00,95.00,0.00
16.00,12.00,9.00,9.00,14.00,7.00,19.00,0.00
3.00,3.00,4.00,14.00,5.00,1.00,8.00,0.00
2.00,1.00,1.00,2.00,3.00,0.00,3.00,0.00
1.00,1.00,1.00,2.00,1.00,0.00,1.00,0.00
1.00,0.00,0.00,1.00,0.00,0.00,0.00,0.00
0.00,0.00,0.00,0.00,0.00,0.00,0.00,0.00
0.00,0.00,0.00,0.00,0.00,0.00,0.00,0.00
0.00,0.00,0.00,0.00,0.00,0.00,0.00,0.00
0.00,0.00,0.00,0.00,0.00,0.00,0.00,0.00
0.00,0.00,0.00,0.00,0.00,0.00,0.00,0.00
0.00,0.00,0.00,0.00,0.00,0.00,0.00,0.00
0.00,0.00,0.00,0.00,0.00,0.00,0.00,0.00
0.00,0.00,0.00,0.00,0.00,0.00,0.00,0.00
0.00,0.00,0.00,0.00,0.00,0.00,0.00,0.00
0.00,0.00,0.00,0.00,0.00,0.00,0.00,0.00
0.00,0.00,0.00,0.00,0.00,0.00,0.00,0.00
1.00,0.00,0.00,0.00,0.00,0.00,0.00,0.00
0.00,0.00,0.00,0.00,0.00,0.00,0.00,0.00
1.00,0.00,0.00,0.00,0.00,0.00,0.00,0.00
1.00,0.00,0.00,0.00,0.00,0.00,0.00,0.00
0.00,0.00,0.00,0.00,0.00,0.00,0.00,0.00
0.00,0.00,0.00,0.00,0.00,0.00,0.00,0.00
0.00,0.00,0.00,0.00,0.00,0.00,0.00,0.00
0.00,0.00,0.00,0.00,0.00,0.00,0.00,0.00
0.00,0.00,0.00,0.00,0.00,0.00,0.00,0.00
0.00,0.00,0.00,0.00,0.00,0.00,0.00,0.00
0.00,0.00,0.00,0.00,0.00,0.00,0.00,0.00
0.00,0.00,0.00,0.00,0.00,0.00,0.00,0.00
0.00,0.00,0.00,0.00,0.00,0.00,0.00,0.00
128.00,128.00,128.00,128.00,128.00,74.00,128.00,0.00
26.00,110.00,128.00,37.00,12.00,5.00,81.00,0.00
39.00,75.00,128.00,18.00,9.00,2.00,42.00,0.00
12.00,68.00,49.00,16.00,4.00,1.00,12.00,0.00
9.00,32.00,56.00,11.00,2.00,1.00,13.00,0.00
10.00,17.00,27.00,3.00,1.00,0.00,6.00,0.00
8.00,9.00,20.00,1.00,1.00,0.00,4.00,0.00
5.00,4.00,12.00,1.00,0.00,0.00,3.00,0.00
3.00,2.00,6.00,0.00,0.00,0.00,1.00,0.00
2.00,4.00,3.00,0.00,0.00,0.00,0.00,0.00
1.00,1.00,3.00,0.00,0.00,0.00,0.00,0.00
1.00,1.00,1.00,0.00,0.00,0.00,0.00,0.00
1.00,0.00,1.00,0.00,0.00,0.00,0.00,0.00
0.00,1.00,0.00,0.00,0.00,0.00,0.00,0.00
1.00,0.00,0.00,0.00,0.00,0.00,0.00,0.00
1.00,0.00,0.00,0.00,0.00,0.00,0.00,0.00
0.00,0.00,0.00,0.00,0.00,0.00,0.00,0.00
0.00,0.00,0.00,0.00,0.00,0.00,0.00,0.00
0.00,0.00,0.00,0.00,0.00,0.00,0.00,0.00
1.00,0.00,0.00,0.00,0.00,0.00,0.00,0.00
1.00,0.00,0.00,0.00,0.00,0.00,0.00,0.00
1.00,0.00,0.00,0.00,0.00,0.00,0.00,0.00
0.00,0.00,0.00,0.00,0.00,0.00,0.00,0.00
0.00,0.00,0.00,0.00,0.00,0.00,0.00,0.00
0.00,0.00,0.00,0.00,0.00,0.00,0.00,0.00
0.00,0.00,0.00,0.00,0.00,0.00,0.00,0.00
1.00,0.00,0.00,0.00,0.00,0.00,0.00,0.00
0.00,0.00,0.00,0.00,0.00,0.00,0.00,0.00
0.00,0.00,0.00,0.00,0.00,0.00,0.00,0.00
0.00,0.00,0.00,0.00,0.00,0.00,0.00,0.00
40.00,39.00,25.00,27.00,7.00,4.00,10.00,0.00
128.00,128.00,128.00,108.00,128.00,39.00,128.00,0.00
57.00,128.00,105.00,39.00,36.00,11.00,47.00,0.00
48.00,77.00,54.00,13.00,16.00,7.00,25.00,0.00
13.00,29.00,31.00,9.00,9.00,2.00,9.00,0.00
14.00,13.00,21.00,7.00,5.00,1.00,7.00,0.00
11.00,8.00,6.00,3.00,2.00,0.00,3.00,0.00
4.00,4.00,8.00,2.00,2.00,0.00,2.00,0.00
3.00,4.00,7.00,1.00,1.00,0.00,1.00,0.00
2.00,2.00,2.00,1.00,0.00,0.00,1.00,0.00
2.00,4.00,0.00,0.00,0.00,0.00,0.00,0.00
2.00,1.00,1.00,0.00,0.00,0.00,0.00,0.00
0.00,1.00,1.00,0.00,0.00,0.00,0.00,0.00
0.00,0.00,0.00,0.00,0.00,0.00,0.00,0.00
0.00,0.00,0.00,0.00,0.00,0.00,0.00,0.00
0.00,0.00,0.00,0.00,0.00,0.00,0.00,0.00
1.00,0.00,0.00,0.00,0.00,0.00,0.00,0.00
1.00,0.00,0.00,0.00,0.00,0.00,0.00,0.00
0.00,0.00,0.00,0.00,0.00,0.00,0.00,0.00
0.00,0.00,0.00,0.00,0.00,0.00,0.00,0.00
0.00,0.00,0.00,0.00,0.00,0.00,0.00,0.00
0.00,0.00,0.00,0.00,0.00,0.00,0.00,0.00
0.00,0.00,0.00,0.00,0.00,0.00,0.00,0.00
1.00,0.00,0.00,0.00,0.00,0.00,0.00,0.00
0.00,0.00,0.00,0.00,0.00,0.00,0.00,0.00
1.00,0.00,0.00,0.00,0.00,0.00,0.00,0.00
0.00,0.00,0.00,0.00,0.00,0.00,0.00,0.00
0.00,0.00,0.00,0.00,0.00,0.00,0.00,0.00
0.00,0.00,0.00,0.00,0.00,0.00,0.00,0.00
0.00,0.00,0.00,0.00,0.00,0.00,0.00,0.00
13.00,16.00,27.00,20.00,65.00,13.00,56.00,0.00
13.00,4.00,8.00,10.00,12.00,5.00,15.00,0.00
5.00,4.00,3.00,5.00,6.00,1.00,7.00,0.00
1.00,1.00,2.00,2.00,3.00,0.00,3.00,0.00
1.00,1.00,1.00,1.00,4.00,0.00,3.00,0.00
1.00,0.00,1.00,1.00,1.00,0.00,1.00,0.00
1.00,1.00,0.00,0.00,1.00,0.00,0.00,0.00
2.00,1.00,0.00,0.00,0.00,0.00,0.00,0.00
2.00,1.00,0.00,0.00,0.00,0.00,0.00,0.00
1.00,1.00,0.00,0.00,0.00,0.00,0.00,0.00
1.00,0.00,0.00,0.00,0.00,0.00,0.00,0.00
1.00,1.00,0.00,0.00,0.00,0.00,0.00,0.00
1.00,0.00,0.00,0.00,0.00,0.00,0.00,0.00
1.00,0.00,0.00,0.00,0.00,0.00,0.00,0.00
1.00,0.00,0.00,0.00,0.00,0.00,0.00,0.00
2.00,0.00,0.00,0.00,0.00,0.00,0.00,0.00
1.00,1.00,0.00,0.00,0.00,0.00,0.00,0.00
0.00,0.00,0.00,0.00,0.00,0.00,0.00,0.00
1.00,0.00,0.00,0.00,0.00,0.00,0.00,0.00
1.00,0.00,0.00,0.00,0.00,0.00,0.00,0.00
1.00,0.00,0.00,0.00,0.00,0.00,0.00,0.00
1.00,0.00,0.00,0.00,0.00,0.00,0.00,0.00
0.00,0.00,0.00,0.00,0.00,0.00,0.00,0.00
1.00,0.00,0.00,0.00,0.00,0.00,0.00,0.00
1.00,0.00,0.00,0.00,0.00,0.00,0.00,0.00
0.00,0.00,0.00,0.00,0.00,0.00,0.00,0.00
0.00,0.00,0.00,0.00,0.00,0.00,0.00,0.00
0.00,0.00,0.00,0.00,0.00,0.00,0.00,0.00
1.00,0.00,0.00,0.00,0.00,0.00,0.00,0.00
0.00,0.00,0.00,0.00,0.00,0.00,0.00,0.00
44.00,23.00,19.00,28.00,37.00,16.00,37.00,0.00
5.00,5.00,5.00,6.00,7.00,2.00,7.00,0.00
2.00,1.00,1.00,3.00,5.00,1.00,6.00,0.00
2.00,2.00,1.00,2.00,2.00,0.00,2.00,0.00
1.00,0.00,0.00,1.00,1.00,0.00,1.00,0.00
2.00,0.00,0.00,0.00,1.00,0.00,1.00,0.00
1.00,0.00,0.00,0.00,0.00,0.00,0.00,0.00
1.00,0.00,0.00,0.00,0.00,0.00,0.00,0.00
0.00,0.00,0.00,0.00,0.00,0.00,0.00,0.00
0.00,0.00,0.00,0.00,0.00,0.00,0.00,0.00
0.00,0.00,0.00,0.00,0.00,0.00,0.00,0.00
0.00,0.00,0.00,0.00,0.00,0.00,0.00,0.00
0.00,0.00,0.00,0.00,0.00,0.00,0.00,0.00
0.00,0.00,0.00,0.00,0.00,0.00,0.00,0.00
0.00,0.00,0.00,0.00,0.00,0.00,0.00,0.00
1.00,0.00,0.00,0.00,0.00,0.00,0.00,0.00
0.00,0.00,0.00,0.00,0.00,0.00,0.00,0.00
0.00,0.00,0.00,0.00,0.00,0.00,0.00,0.00
1.00,0.00,0.00,0.00,0.00,0.00,0.00,0.00
1.00,0.00,0.00,0.00,0.00,0.00,0.00,0.00
0.00,0.00,0.00,0.00,0.00,0.00,0.00,0.00
0.00,0.00,0.00,0.00,0.00,0.00,0.00,0.00
0.00,0.00,0.00,0.00,0.00,0.00,0.00,0.00
0.00,0.00,0.00,0.00,0.00,0.00,0.00,0.00
0.00,0.00,0.00,0.00,0.00,0.00,0.00,0.00
1.00,0.00,0.00,0.00,0.00,0.00,0.00,0.00
0.00,0.00,0.00,0.00,0.00,0.00,0.00,0.00
0.00,0.00,0.00,0.00,0.00,0.00,0.00,0.00
0.00,0.00,0.00,0.00,0.00,0.00,0.00,0.00
1.00,0.00,0.00,0.00,0.00,0.00,0.00,0.00
51.00,26.00,49.00,46.00,80.00,46.00,115.00,0.00
11.00,2.00,4.00,12.00,14.00,6.00,19.00,0.00
1.00,1.00,5.00,7.00,14.00,3.00,19.00,0.00
2.00,1.00,1.00,3.00,4.00,1.00,6.00,0.00
1.00,0.00,1.00,3.00,2.00,0.00,2.00,0.00
3.00,0.00,1.00,1.00,2.00,0.00,3.00,0.00
0.00,0.00,0.00,1.00,0.00,0.00,1.00,0.00
0.00,0.00,0.00,0.00,0.00,0.00,0.00,0.00
1.00,0.00,0.00,0.00,0.00,0.00,0.00,0.00
1.00,0.00,0.00,0.00,0.00,0.00,0.00,0.00
0.00,0.00,0.00,0.00,0.00,0.00,0.00,0.00
1.00,0.00,0.00,0.00,0.00,0.00,0.00,0.00
1.00,0.00,0.00,0.00,0.00,0.00,0.00,0.00
0.00,0.00,0.00,0.00,0.00,0.00,0.00,0.00
1.00,0.00,0.00,0.00,0.00,0.00,0.00,0.00
1.00,0.00,0.00,0.00,0.00,0.00,0.00,0.00
0.00,0.00,0.00,0.00,0.00,0.00,0.00,0.00
1.00,0.00,0.00,0.00,0.00,0.00,0.00,0.00
1.00,0.00,0.00,0.00,0.00,0.00,0.00,0.00
0.00,0.00,0.00,0.00,0.00,0.00,0.00,0.00
1.00,0.00,0.00,0.00,0.00,0.00,0.00,0.00
1.00,0.00,0.00,0.00,0.00,0.00,0.00,0.00
0.00,0.00,0.00,0.00,0.00,0.00,0.00,0.00
0.00,0.00,0.00,0.00,0.00,0.00,0.00,0.00
0.00,0.00,0.00,0.00,0.00,0.00,0.00,0.00
0.00,0.00,0.00,0.00,0.00,0.00,0.00,0.00
0.00,0.00,0.00,0.00,0.00,0.00,0.00,0.00
0.00,0.00,0.00,0.00,0.00,0.00,0.00,0.00
1.00,0.00,0.00,0.00,0.00,0.00,0.00,0.00
1.00,0.00,0.00,0.00,0.00,0.00,0.00,0.00
128.00,128.00,128.00,128.00,65.00,26.00,80.00,0.00
41.00,98.00,70.00,30.00,15.00,4.00,15.00,0.00
28.00,58.00,37.00,18.00,9.00,3.00,11.00,0.00
4.00,24.00,16.00,6.00,3.00,1.00,4.00,0.00
11.00,13.00,11.00,4.00,4.00,0.00,3.00,0.00
14.00,13.00,11.00,3.00,1.00,0.00,2.00,0.00
6.00,5.00,3.00,1.00,0.00,0.00,1.00,0.00
3.00,3.00,3.00,1.00,0.00,0.00,0.00,0.00
1.00,1.00,1.00,1.00,0.00,0.00,0.00,0.00
1.00,2.00,2.00,0.00,0.00,0.00,0.00,0.00
0.00,0.00,2.00,0.00,0.00,0.00,0.00,0.00
1.00,0.00,1.00,0.00,0.00,0.00,0.00,0.00
0.00,0.00,0.00,0.00,0.00,0.00,0.00,0.00
0.00,0.00,0.00,0.00,0.00,0.00,0.00,0.00
0.00,0.00,0.00,0.00,0.00,0.00,0.00,0.00
0.00,0.00,0.00,0.00,0.00,0.00,0.00,0.00
1.00,0.00,0.00,0.00,0.00,0.00,0.00,0.00
0.00,0.00,0.00,0.00,0.00,0.00,0.00,0.00
0.00,0.00,0.00,0.00,0.00,0.00,0.00,0.00
0.00,0.00,0.00,0.00,0.00,0.00,0.00,0.00
1.00,0.00,0.00,0.00,0.00,0.00,0.00,0.00
0.00,0.00,0.00,0.00,0.00,0.00,0.00,0.00
0.00,0.00,0.00,0.00,0.00,0.00,0.00,0.00
0.00,0.00,0.00,0.00,0.00,0.00,0.00,0.00
0.00,0.00,0.00,0.00,0.00,0.00,0.00,0.00
1.00,0.00,0.00,0.00,0.00,0.00,0.00,0.00
1.00,0.00,0.00,0.00,0.00,0.00,0.00,0.00
0.00,0.00,0.00,0.00,0.00,0.00,0.00,0.00
0.00,0.00,0.00,0.00,0.00,0.00,0.00,0.00
0.00,0.00,0.00,0.00,0.00,0.00,0.00,0.00
20.00,26.00,21.00,47.00,43.00,22.00,75.00,0.00
7.00,7.00,6.00,16.00,13.00,3.00,9.00,0.00
3.00,3.00,3.00,8.00,6.00,1.00,9.00,0.00
2.00,1.00,1.00,6.00,5.00,1.00,4.00,0.00
1.00,0.00,1.00,2.00,1.00,0.00,3.00,0.00
1.00,0.00,1.00,2.00,1.00,0.00,1.00,0.00
1.00,0.00,0.00,1.00,0.00,0.00,0.00,0.00
0.00,0.00,0.00,0.00,0.00,0.00,0.00,0.00
0.00,0.00,0.00,0.00,0.00,0.00,0.00,0.00
0.00,0.00,0.00,0.00,0.00,0.00,0.00,0.00
1.00,0.00,0.00,0.00,0.00,0.00,0.00,0.00
0.00,0.00,0.00,0.00,0.00,0.00,0.00,0.00
1.00,0.00,0.00,0.00,0.00,0.00,0.00,0.00
0.00,0.00,0.00,0.00,0.00,0.00,0.00,0.00
0.00,0.00,0.00,0.00,0.00,0.00,0.00,0.00
40.00,66.00,128.00,80.00,40.00,24.00,76.00,0.00
20.00,61.00,128.00,128.00,30.00,10.00,100.00,0.00
8.00,38.00,61.00,128.00,20.00,4.00,63.00,0.00
7.00,15.00,59.00,97.00,13.00,3.00,41.00,0.00
7.00,6.00,28.00,29.00,6.00,2.00,13.00,0.00
3.00,8.00,28.00,14.00,5.00,1.00,6.00,0.00
1.00,3.00,15.00,20.00,3.00,0.00,8.00,0.00
1.00,0.00,8.00,3.00,1.00,0.00,2.00,0.00
0.00,0.00,3.00,4.00,0.00,0.00,2.00,0.00
0.00,1.00,3.00,3.00,0.00,0.00,1.00,0.00
1.00,0.00,1.00,4.00,0.00,0.00,2.00,0.00
0.00,0.00,1.00,1.00,0.00,0.00,0.00,0.00
0.00,0.00,0.00,1.00,0.00,0.00,0.00,0.00
0.00,0.00,0.00,1.00,0.00,0.00,0.00,0.00
0.00,0.00,0.00,0.00,0.00,0.00,0.00,0.00
50.00,121.00,123.00,68.00,98.00,26.00,96.00,0.00
6.00,24.00,14.00,9.00,8.00,2.00,7.00,0.00
3.00,4.00,9.00,9.00,6.00,1.00,5.00,0.00
2.00,4.00,4.00,3.00,3.00,0.00,2.00,0.00
1.00,2.00,2.00,2.00,2.00,0.00,2.00,0.00
2.00,2.00,3.00,1.00,1.00,0.00,1.00,0.00
1.00,1.00,1.00,0.00,0.00,0.00,0.00,0.00
0.00,0.00,0.00,0.00,0.00,0.00,0.00,0.00
1.00,0.00,0.00,0.00,0.00,0.00,0.00,0.00
0.00,0.00,0.00,0.00,0.00,0.00,0.00,0.00
0.00,0.00,0.00,0.00,0.00,0.00,0.00,0.00
1.00,0.00,0.00,0.00,0.00,0.00,0.00,0.00
0.00,0.00,0.00,0.00,0.00,0.00,0.00,0.00
1.00,0.00,0.00,0.00,0.00,0.00,0.00,0.00
0.00,0.00,0.00,0.00,0.00,0.00,0.00,0.00
1.00,0.00,0.00,0.00,0.00,0.00,0.00,0.00
0.00,0.00,0.00,0.00,0.00,0.00,0.00,0.00
0.00,0.00,0.00,0.00,0.00,0.00,0.00,0.00
1.00,0.00,0.00,0.00,0.00,0.00,0.00,0.00
0.00,0.00,0.00,0.00,0.00,0.00,0.00,0.00
0.00,0.00,0.00,0.00,0.00,0.00,0.00,0.00
0.00,0.00,0.00,0.00,0.00,0.00,0.00,0.00
0.00,0.00,0.00,0.00,0.00,0.00,0.00,0.00
0.00,0.00,0.00,0.00,0.00,0.00,0.00,0.00
0.00,0.00,0.00,0.00,0.00,0.00,0.00,0.00
0.00,0.00,0.00,0.00,0.00,0.00,0.00,0.00
0.00,0.00,0.00,0.00,0.00,0.00,0.00,0.00
0.00,0.00,0.00,0.00,0.00,0.00,0.00,0.00
0.00,0.00,0.00,0.00,0.00,0.00,0.00,0.00
1.00,0.00,0.00,0.00,0.00,0.00,0.00,0.00
8.00,10.00,24.00,39.00,13.00,2.00,17.00,0.00
10.00,8.00,10.00,19.00,5.00,1.00,7.00,0.00
2.00,2.00,7.00,13.00,2.00,0.00,5.00,0.00
0.00,1.00,3.00,6.00,1.00,0.00,2.00,0.00
1.00,1.00,1.00,4.00,0.00,0.00,1.00,0.00
1.00,0.00,1.00,3.00,0.00,0.00,1.00,0.00
0.00,0.00,1.00,1.00,0.00,0.00,0.00,0.00
0.00,0.00,0.00,0.00,0.00,0.00,0.00,0.00
0.00,0.00,0.00,0.00,0.00,0.00,0.00,0.00
0.00,0.00,0.00,0.00,0.00,0.00,0.00,0.00
0.00,0.00,0.00,0.00,0.00,0.00,0.00,0.00
1.00,0.00,0.00,0.00,0.00,0.00,0.00,0.00
0.00,0.00,0.00,0.00,0.00,0.00,0.00,0.00
0.00,0.00,0.00,0.00,0.00,0.00,0.00,0.00
0.00,0.00,0.00,0.00,0.00,0.00,0.00,0.00
0.00,0.00,0.00,0.00,0.00,0.00,0.00,0.00
0.00,0.00,0.00,0.00,0.00,0.00,0.00,0.00
0.00,0.00,0.00,0.00,0.00,0.00,0.00,0.00
0.00,0.00,0.00,0.00,0.00,0.00,0.00,0.00
1.00,0.00,0.00,0.00,0.00,0.00,0.00,0.00
0.00,0.00,0.00,0.00,0.00,0.00,0.00,0.00
0.00,0.00,0.00,0.00,0.00,0.00,0.00,0.00
1.00,0.00,0.00,0.00,0.00,0.00,0.00,0.00
0.00,0.00,0.00,0.00,0.00,0.00,0.00,0.00
0.00,0.00,0.00,0.00,0.00,0.00,0.00,0.00
0.00,0.00,0.00,0.00,0.00,0.00,0.00,0.00
0.00,0.00,0.00,0.00,0.00,0.00,0.00,0.00
1.00,0.00,0.00,0.00,0.00,0.00,0.00,0.00
0.00,0.00,0.00,0.00,0.00,0.00,0.00,0.00
0.00,0.00,0.00,0.00,0.00,0.00,0.00,0.00
124.00,128.00,128.00,128.00,45.00,19.00,104.00,0.00
27.00,72.00,103.00,27.00,6.00,4.00,21.00,0.00
3.00,17.00,36.00,14.00,3.00,1.00,6.00,0.00
6.00,12.00,20.00,6.00,3.00,0.00,4.00,0.00
4.00,12.00,11.00,3.00,1.00,0.00,2.00,0.00
2.00,6.00,12.00,6.00,1.00,0.00,2.00,0.00
1.00,1.00,10.00,2.00,0.00,0.00,2.00,0.00
0.00,2.00,5.00,1.00,0.00,0.00,1.00,0.00
1.00,1.00,3.00,1.00,0.00,0.00,0.00,0.00
0.00,1.00,2.00,1.00,0.00,0.00,0.00,0.00
1.00,1.00,1.00,0.00,0.00,0.00,0.00,0.00
1.00,0.00,1.00,0.00,0.00,0.00,0.00,0.00
0.00,0.00,0.00,0.00,0.00,0.00,0.00,0.00
0.00,0.00,0.00,0.00,0.00,0.00,0.00,0.00
0.00,0.00,0.00,0.00,0.00,0.00,0.00,0.00
0.00,0.00,0.00,0.00,0.00,0.00,0.00,0.00
120.00,128.00,128.00,104.00,79.00,25.00,89.00,0.00
3.00,29.00,29.00,27.00,7.00,5.00,14.00,0.00
1.00,8.00,26.00,19.00,4.00,2.00,7.00,0.00
3.00,5.00,10.00,5.00,2.00,1.00,3.00,0.00
4.00,4.00,6.00,4.00,1.00,1.00,3.00,0.00
1.00,3.00,7.00,2.00,1.00,0.00,2.00,0.00
1.00,1.00,3.00,0.00,1.00,0.00,1.00,0.00
0.00,0.00,1.00,1.00,0.00,0.00,0.00,0.00
0.00,0.00,1.00,0.00,0.00,0.00,0.00,0.00
0.00,1.00,1.00,0.00,0.00,0.00,0.00,0.00
0.00,0.00,0.00,0.00,0.00,0.00,0.00,0.00
0.00,0.00,0.00,0.00,0.00,0.00,0.00,0.00
0.00,0.00,0.00,0.00,0.00,0.00,0.00,0.00
0.00,0.00,0.00,0.00,0.00,0.00,0.00,0.00
41.00,58.00,128.00,128.00,42.00,11.00,114.00,0.00
6.00,31.00,66.00,65.00,10.00,3.00,26.00,0.00
7.00,11.00,27.00,38.00,6.00,1.00,14.00,0.00
3.00,2.00,12.00,9.00,1.00,0.00,3.00,0.00
2.00,5.00,15.00,14.00,1.00,0.00,5.00,0.00
1.00,1.00,4.00,5.00,0.00,0.00,2.00,0.00
1.00,0.00,6.00,4.00,0.00,0.00,1.00,0.00
1.00,1.00,3.00,3.00,0.00,0.00,1.00,0.00
0.00,0.00,2.00,2.00,0.00,0.00,1.00,0.00
35.00,51.00,82.00,66.00,63.00,9.00,66.00,0.00
7.00,7.00,10.00,48.00,4.00,1.00,20.00,0.00
2.00,2.00,5.00,22.00,3.00,0.00,9.00,0.00
1.00,1.00,2.00,5.00,1.00,0.00,2.00,0.00
2.00,1.00,1.00,4.00,0.00,0.00,1.00,0.00
1.00,0.00,1.00,2.00,0.00,0.00,1.00,0.00
8.00,17.00,10.00,15.00,17.00,2.00,17.00,0.00
1.00,0.00,2.00,6.00,2.00,0.00,2.00,0.00
1.00,1.00,1.00,4.00,1.00,0.00,1.00,0.00
0.00,0.00,0.00,2.00,0.00,0.00,0.00,0.00
0.00,0.00,0.00,0.00,0.00,0.00,0.00,0.00
0.00,0.00,0.00,0.00,0.00,0.00,0.00,0.00
0.00,0.00,0.00,0.00,0.00,0.00,0.00,0.00
0.00,0.00,0.00,0.00,0.00,0.00,0.00,0.00
0.00,0.00,0.00,0.00,0.00,0.00,0.00,0.00
0.00,0.00,0.00,0.00,0.00,0.00,0.00,0.00
0.00,0.00,0.00,0.00,0.00,0.00,0.00,0.00
1.00,0.00,0.00,0.00,0.00,0.00,0.00,0.00
0.00,0.00,0.00,0.00,0.00,0.00,0.00,0.00
0.00,0.00,0.00,0.00,0.00,0.00,0.00,0.00
0.00,0.00,0.00,0.00,0.00,0.00,0.00,0.00
111.00,128.00,128.00,128.00,128.00,49.00,128.00,0.00
26.00,65.00,62.00,34.00,17.00,13.00,30.00,0.00
16.00,33.00,47.00,26.00,11.00,6.00,15.00,0.00
3.00,13.00,30.00,16.00,8.00,1.00,8.00,0.00
4.00,9.00,26.00,13.00,4.00,1.00,8.00,0.00
7.00,11.00,15.00,7.00,3.00,0.00,4.00,0.00
2.00,2.00,7.00,2.00,1.00,0.00,2.00,0.00
1.00,2.00,3.00,2.00,1.00,0.00,1.00,0.00
0.00,1.00,2.00,2.00,1.00,0.00,1.00,0.00
0.00,1.00,2.00,1.00,0.00,0.00,0.00,0.00
0.00,0.00,2.00,0.00,0.00,0.00,0.00,0.00
0.00,0.00,1.00,0.00,0.00,0.00,0.00,0.00
0.00,0.00,0.00,0.00,0.00,0.00,0.00,0.00
1.00,0.00,0.00,0.00,0.00,0.00,0.00,0.00
1.00,0.00,0.00,0.00,0.00,0.00,0.00,0.00
0.00,0.00,0.00,0.00,0.00,0.00,0.00,0.00
0.00,0.00,0.00,0.00,0.00,0.00,0.00,0.00
0.00,0.00,0.00,0.00,0.00,0.00,0.00,0.00
1.00,0.00,0.00,0.00,0.00,0.00,0.00,0.00
0.00,0.00,0.00,0.00,0.00,0.00,0.00,0.00
0.00,0.00,0.00,0.00,0.00,0.00,0.00,0.00
0.00,0.00,0.00,0.00,0.00,0.00,0.00,0.00
1.00,0.00,0.00,0.00,0.00,0.00,0.00,0.00
0.00,0.00,0.00,0.00,0.00,0.00,0.00,0.00
0.00,0.00,0.00,0.00,0.00,0.00,0.00,0.00
1.00,0.00,0.00,0.00,0.00,0.00,0.00,0.00
0.00,0.00,0.00,0.00,0.00,0.00,0.00,0.00
0.00,1.00,0.00,0.00,0.00,0.00,0.00,0.00
0.00,0.00,0.00,0.00,0.00,0.00,0.00,0.00
0.00,0.00,0.00,0.00,0.00,0.00,0.00,0.00
20.00,18.00,71.00,61.00,32.00,12.00,64.00,0.00
5.00,13.00,20.00,5.00,4.00,2.00,7.00,0.00
5.00,3.00,7.00,6.00,2.00,1.00,3.00,0.00
3.00,1.00,5.00,4.00,1.00,0.00,2.00,0.00
1.00,2.00,3.00,1.00,0.00,0.00,1.00,0.00
1.00,1.00,2.00,1.00,0.00,0.00,1.00,0.00
0.00,0.00,1.00,1.00,0.00,0.00,0.00,0.00
1.00,0.00,0.00,0.00,0.00,0.00,0.00,0.00
0.00,0.00,1.00,0.00,0.00,0.00,0.00,0.00
0.00,0.00,0.00,0.00,0.00,0.00,0.00,0.00
96.00,128.00,128.00,49.00,31.00,14.00,46.00,0.00
15.00,30.00,19.00,9.00,3.00,2.00,5.00,0.00
12.00,12.00,21.00,7.00,1.00,1.00,4.00,0.00
1.00,8.00,7.00,3.00,0.00,0.00,2.00,0.00
3.00,6.00,6.00,3.00,0.00,0.00,1.00,0.00
5.00,6.00,5.00,1.00,0.00,0.00,0.00,0.00
1.00,1.00,2.00,2.00,0.00,0.00,0.00,0.00
1.00,1.00,1.00,0.00,0.00,0.00,0.00,0.00
0.00,1.00,1.00,0.00,0.00,0.00,0.00,0.00
0.00,0.00,1.00,0.00,0.00,0.00,0.00,0.00
1.00,0.00,0.00,0.00,0.00,0.00,0.00,0.00
0.00,0.00,0.00,0.00,0.00,0.00,0.00,0.00
0.00,0.00,0.00,0.00,0.00,0.00,0.00,0.00
0.00,0.00,0.00,0.00,0.00,0.00,0.00,0.00
0.00,0.00,0.00,0.00,0.00,0.00,0.00,0.00
0.00,0.00,0.00,0.00,0.00,0.00,0.00,0.00
0.00,0.00,0.00,0.00,0.00,0.00,0.00,0.00
0.00,0.00,0.00,0.00,0.00,0.00,0.00,0.00
1.00,0.00,0.00,0.00,0.00,0.00,0.00,0.00
1.00,0.00,0.00,0.00,0.00,0.00,0.00,0.00
23.00,17.00,27.00,128.00,119.00,7.00,90.00,0.00
4.00,3.00,3.00,13.00,25.00,0.00,20.00,0.00
3.00,1.00,2.00,9.00,9.00,1.00,7.00,0.00
1.00,2.00,2.00,6.00,2.00,0.00,3.00,0.00
0.00,0.00,1.00,2.00,2.00,0.00,2.00,0.00
1.00,0.00,0.00,2.00,2.00,0.00,2.00,0.00
0.00,0.00,0.00,1.00,1.00,0.00,1.00,0.00
1.00,0.00,0.00,1.00,1.00,0.00,1.00,0.00
0.00,0.00,0.00,0.00,0.00,0.00,0.00,0.00
1.00,0.00,0.00,0.00,0.00,0.00,0.00,0.00
27.00,18.00,29.00,66.00,40.00,31.00,52.00,0.00
3.00,1.00,6.00,13.00,5.00,3.00,11.00,0.00
1.00,1.00,2.00,10.00,4.00,1.00,5.00,0.00
1.00,1.00,1.00,7.00,1.00,0.00,4.00,0.00
1.00,0.00,0.00,3.00,1.00,0.00,2.00,0.00
0.00,0.00,0.00,2.00,0.00,0.00,1.00,0.00
0.00,0.00,0.00,0.00,0.00,0.00,0.00,0.00
1.00,0.00,0.00,0.00,0.00,0.00,0.00,0.00
1.00,0.00,0.00,0.00,0.00,0.00,0.00,0.00
2.00,1.00,1.00,1.00,0.00,0.00,0.00,0.00
20.00,18.00,128.00,48.00,12.00,2.00,31.00,0.00
5.00,15.00,23.00,9.00,8.00,1.00,7.00,0.00
4.00,5.00,16.00,10.00,4.00,0.00,4.00,0.00
2.00,2.00,7.00,2.00,2.00,0.00,2.00,0.00
0.00,2.00,6.00,1.00,1.00,0.00,1.00,0.00
1.00,1.00,3.00,1.00,1.00,0.00,0.00,0.00
1.00,0.00,2.00,0.00,0.00,0.00,0.00,0.00
0.00,0.00,1.00,0.00,0.00,0.00,0.00,0.00
1.00,0.00,1.00,0.00,0.00,0.00,0.00,0.00
0.00,0.00,0.00,0.00,0.00,0.00,0.00,0.00
28.00,71.00,107.00,58.00,30.00,5.00,28.00,0.00
6.00,10.00,19.00,12.00,6.00,1.00,5.00,0.00
6.00,4.00,14.00,8.00,4.00,0.00,3.00,0.00
2.00,3.00,9.00,5.00,1.00,0.00,2.00,0.00
3.00,2.00,2.00,2.00,0.00,0.00,0.00,0.00
1.00,0.00,3.00,3.00,0.00,0.00,1.00,0.00
0.00,0.00,4.00,2.00,0.00,0.00,1.00,0.00
0.00,0.00,0.00,0.00,0.00,0.00,0.00,0.00
0.00,0.00,0.00,0.00,0.00,0.00,0.00,0.00
1.00,0.00,0.00,0.00,0.00,0.00,0.00,0.00
12.00,9.00,14.00,72.00,38.00,6.00,42.00,0.00
6.00,5.00,3.00,13.00,15.00,1.00,10.00,0.00
3.00,1.00,1.00,9.00,8.00,1.00,6.00,0.00
1.00,1.00,1.00,4.00,2.00,0.00,2.00,0.00
1.00,1.00,0.00,2.00,2.00,0.00,1.00,0.00
0.00,0.00,0.00,1.00,2.00,0.00,1.00,0.00
0.00,0.00,0.00,1.00,1.00,0.00,1.00,0.00
1.00,0.00,0.00,1.00,1.00,0.00,1.00,0.00
0.00,0.00,0.00,0.00,0.00,0.00,0.00,0.00
0.00,0.00,0.00,0.00,0.00,0.00,0.00,0.00
0.00,0.00,0.00,0.00,0.00,0.00,0.00,0.00
13.00,55.00,29.00,98.00,128.00,11.00,128.00,0.00
4.00,3.00,14.00,16.00,37.00,3.00,41.00,0.00
3.00,3.00,4.00,14.00,29.00,2.00,31.00,0.00
2.00,2.00,3.00,5.00,9.00,0.00,10.00,0.00
1.00,1.00,1.00,3.00,7.00,0.00,8.00,0.00
1.00,0.00,2.00,2.00,5.00,0.00,6.00,0.00
0.00,1.00,1.00,1.00,3.00,0.00,4.00,0.00
0.00,0.00,0.00,1.00,2.00,0.00,2.00,0.00
1.00,0.00,0.00,0.00,1.00,0.00,1.00,0.00
128.00,128.00,128.00,128.00,22.00,16.00,60.00,0.00
56.00,79.00,43.00,11.00,3.00,1.00,8.00,0.00
19.00,15.00,23.00,10.00,2.00,0.00,4.00,0.00
7.00,19.00,16.00,4.00,2.00,0.00,3.00,0.00
14.00,11.00,7.00,2.00,1.00,0.00,1.00,0.00
12.00,10.00,5.00,2.00,0.00,0.00,1.00,0.00
6.00,3.00,4.00,0.00,0.00,0.00,0.00,0.00
2.00,2.00,1.00,0.00,0.00,0.00,0.00,0.00
1.00,1.00,1.00,0.00,0.00,0.00,0.00,0.00
0.00,1.00,1.00,0.00,0.00,0.00,0.00,0.00
0.00,0.00,1.00,0.00,0.00,0.00,0.00,0.00
0.00,0.00,0.00,0.00,0.00,0.00,0.00,0.00
1.00,0.00,0.00,0.00,0.00,0.00,0.00,0.00
0.00,0.00,0.00,0.00,0.00,0.00,0.00,0.00
0.00,0.00,0.00,0.00,0.00,0.00,0.00,0.00
0.00,0.00,0.00,0.00,0.00,0.00,0.00,0.00
0.00,0.00,0.00,0.00,0.00,0.00,0.00,0.00
0.00,0.00,0.00,0.00,0.00,0.00,0.00,0.00
0.00,0.00,0.00,0.00,0.00,0.00,0.00,0.00
0.00,0.00,0.00,0.00,0.00,0.00,0.00,0.00
0.00,0.00,0.00,0.00,0.00,0.00,0.00,0.00
0.00,0.00,0.00,0.00,0.00,0.00,0.00,0.00
1.00,0.00,0.00,0.00,0.00,0.00,0.00,0.00
0.00,0.00,0.00,0.00,0.00,0.00,0.00,0.00
0.00,0.00,0.00,0.00,0.00,0.00,0.00,0.00
1.00,0.00,0.00,0.00,0.00,0.00,0.00,0.00
1.00,0.00,0.00,0.00,0.00,0.00,0.00,0.00
0.00,0.00,0.00,0.00,0.00,0.00,0.00,0.00
1.00,0.00,0.00,0.00,0.00,0.00,0.00,0.00
0.00,0.00,0.00,0.00,0.00,0.00,0.00,0.00
24.00,20.00,26.00,71.00,77.00,13.00,78.00,0.00
9.00,9.00,28.00,25.00,8.00,4.00,12.00,0.00
6.00,5.00,12.00,22.00,6.00,1.00,8.00,0.00
1.00,1.00,7.00,6.00,3.00,0.00,3.00,0.00
1.00,1.00,4.00,3.00,2.00,0.00,2.00,0.00
1.00,1.00,1.00,2.00,1.00,0.00,1.00,0.00
1.00,0.00,1.00,1.00,0.00,0.00,0.00,0.00
1.00,0.00,0.00,1.00,0.00,0.00,0.00,0.00
1.00,0.00,0.00,0.00,0.00,0.00,0.00,0.00
1.00,0.00,0.00,0.00,0.00,0.00,0.00,0.00
0.00,0.00,0.00,0.00,0.00,0.00,0.00,0.00
0.00,0.00,0.00,0.00,0.00,0.00,0.00,0.00
0.00,0.00,0.00,0.00,0.00,0.00,0.00,0.00
0.00,0.00,0.00,0.00,0.00,0.00,0.00,0.00
0.00,0.00,0.00,0.00,0.00,0.00,0.00,0.00
0.00,0.00,0.00,0.00,0.00,0.00,0.00,0.00
1.00,0.00,0.00,0.00,0.00,0.00,0.00,0.00
0.00,0.00,0.00,0.00,0.00,0.00,0.00,0.00
0.00,0.00,0.00,0.00,0.00,0.00,0.00,0.00
0.00,0.00,0.00,0.00,0.00,0.00,0.00,0.00
0.00,0.00,0.00,0.00,0.00,0.00,0.00,0.00
1.00,0.00,0.00,0.00,0.00,0.00,0.00,0.00
1.00,0.00,0.00,0.00,0.00,0.00,0.00,0.00
0.00,0.00,0.00,0.00,0.00,0.00,0.00,0.00
0.00,0.00,0.00,0.00,0.00,0.00,0.00,0.00
0.00,0.00,0.00,0.00,0.00,0.00,0.00,0.00
0.00,0.00,0.00,0.00,0.00,0.00,0.00,0.00
1.00,0.00,0.00,0.00,0.00,0.00,0.00,0.00
0.00,0.00,0.00,0.00,0.00,0.00,0.00,0.00
0.00,0.00,0.00,0.00,0.00,0.00,0.00,0.00
56.00,75.00,128.00,128.00,25.00,10.00,65.00,0.00
3.00,9.00,15.00,62.00,4.00,1.00,25.00,0.00
1.00,3.00,18.00,14.00,3.00,0.00,5.00,0.00
2.00,4.00,9.00,18.00,1.00,0.00,7.00,0.00
1.00,1.00,5.00,10.00,0.00,0.00,4.00,0.00
1.00,1.00,4.00,3.00,0.00,0.00,1.00,0.00
1.00,0.00,2.00,3.00,0.00,0.00,1.00,0.00
0.00,0.00,1.00,0.00,0.00,0.00,0.00,0.00
1.00,0.00,0.00,1.00,0.00,0.00,0.00,0.00
0.00,0.00,0.00,0.00,0.00,0.00,0.00,0.00
0.00,0.00,0.00,0.00,0.00,0.00,0.00,0.00
0.00,0.00,0.00,0.00,0.00,0.00,0.00,0.00
0.00,0.00,0.00,0.00,0.00,0.00,0.00,0.00
1.00,0.00,0.00,0.00,0.00,0.00,0.00,0.00
0.00,0.00,0.00,0.00,0.00,0.00,0.00,0.00
0.00,0.00,0.00,0.00,0.00,0.00,0.00,0.00
0.00,0.00,0.00,0.00,0.00,0.00,0.00,0.00
1.00,0.00,0.00,0.00,0.00,0.00,0.00,0.00
0.00,0.00,0.00,0.00,0.00,0.00,0.00,0.00
0.00,0.00,0.00,0.00,0.00,0.00,0.00,0.00
1.00,0.00,0.00,0.00,0.00,0.00,0.00,0.00
0.00,0.00,0.00,0.00,0.00,0.00,0.00,0.00
1.00,0.00,0.00,0.00,0.00,0.00,0.00,0.00
0.00,0.00,0.00,0.00,0.00,0.00,0.00,0.00
0.00,0.00,0.00,0.00,0.00,0.00,0.00,0.00
0.00,0.00,0.00,0.00,0.00,0.00,0.00,0.00
0.00,0.00,0.00,0.00,0.00,0.00,0.00,0.00
1.00,0.00,0.00,0.00,0.00,0.00,0.00,0.00
0.00,0.00,0.00,0.00,0.00,0.00,0.00,0.00
0.00,0.00,0.00,0.00,0.00,0.00,0.00,0.00
13.00,48.00,68.00,121.00,93.00,52.00,128.00,0.00
19.00,25.00,16.00,22.00,27.00,6.00,31.00,0.00
11.00,7.00,8.00,12.00,12.00,3.00,16.00,0.00
8.00,3.00,9.00,10.00,10.00,2.00,12.00,0.00
3.00,2.00,4.00,6.00,3.00,1.00,4.00,0.00
5.00,1.00,2.00,5.00,2.00,0.00,3.00,0.00
1.00,1.00,2.00,3.00,1.00,0.00,2.00,0.00
1.00,0.00,0.00,1.00,1.00,0.00,1.00,0.00
1.00,1.00,1.00,0.00,0.00,0.00,0.00,0.00
1.00,0.00,0.00,0.00,0.00,0.00,0.00,0.00
2.00,1.00,0.00,0.00,0.00,0.00,0.00,0.00
1.00,1.00,0.00,0.00,0.00,0.00,0.00,0.00
0.00,0.00,0.00,0.00,0.00,0.00,0.00,0.00
1.00,1.00,0.00,0.00,0.00,0.00,0.00,0.00
0.00,0.00,0.00,0.00,0.00,0.00,0.00,0.00
1.00,0.00,0.00,0.00,0.00,0.00,0.00,0.00
0.00,0.00,0.00,0.00,0.00,0.00,0.00,0.00
0.00,0.00,0.00,0.00,0.00,0.00,0.00,0.00
1.00,0.00,0.00,0.00,0.00,0.00,0.00,0.00
0.00,0.00,0.00,0.00,0.00,0.00,0.00,0.00
0.00,0.00,0.00,0.00,0.00,0.00,0.00,0.00
1.00,0.00,0.00,0.00,0.00,0.00,0.00,0.00
0.00,0.00,0.00,0.00,0.00,0.00,0.00,0.00
0.00,0.00,0.00,0.00,0.00,0.00,0.00,0.00
0.00,0.00,0.00,0.00,0.00,0.00,0.00,0.00
1.00,0.00,0.00,0.00,0.00,0.00,0.00,0.00
0.00,0.00,0.00,0.00,0.00,0.00,0.00,0.00
0.00,0.00,0.00,0.00,0.00,0.00,0.00,0.00
0.00,0.00,0.00,0.00,0.00,0.00,0.00,0.00
1.00,0.00,0.00,0.00,0.00,0.00,0.00,0.00
19.00,22.00,26.00,54.00,25.00,9.00,28.00,0.00
8.00,10.00,17.00,32.00,39.00,4.00,43.00,0.00
4.00,5.00,12.00,12.00,18.00,2.00,21.00,0.00
3.00,3.00,7.00,7.00,9.00,0.00,9.00,0.00
2.00,2.00,3.00,5.00,5.00,0.00,6.00,0.00
1.00,0.00,3.00,2.00,2.00,0.00,3.00,0.00
1.00,0.00,1.00,2.00,2.00,0.00,2.00,0.00
0.00,0.00,1.00,1.00,1.00,0.00,1.00,0.00
1.00,0.00,0.00,1.00,0.00,0.00,0.00,0.00
0.00,0.00,0.00,0.00,0.00,0.00,0.00,0.00
0.00,0.00,0.00,0.00,0.00,0.00,0.00,0.00
0.00,0.00,0.00,0.00,0.00,0.00,0.00,0.00
0.00,0.00,0.00,0.00,0.00,0.00,0.00,0.00
0.00,0.00,0.00,0.00,0.00,0.00,0.00,0.00
1.00,0.00,0.00,0.00,0.00,0.00,0.00,0.00
0.00,0.00,0.00,0.00,0.00,0.00,0.00,0.00
0.00,0.00,0.00,0.00,0.00,0.00,0.00,0.00
0.00,0.00,0.00,0.00,0.00,0.00,0.00,0.00
0.00,0.00,0.00,0.00,0.00,0.00,0.00,0.00
0.00,0.00,0.00,0.00,0.00,0.00,0.00,0.00
1.00,0.00,0.00,0.00,0.00,0.00,0.00,0.00
0.00,0.00,0.00,0.00,0.00,0.00,0.00,0.00
0.00,0.00,0.00,0.00,0.00,0.00,0.00,0.00
0.00,0.00,0.00,0.00,0.00,0.00,0.00,0.00
1.00,0.00,0.00,0.00,0.00,0.00,0.00,0.00
0.00,0.00,0.00,0.00,0.00,0.00,0.00,0.00
0.00,0.00,0.00,0.00,0.00,0.00,0.00,0.00
0.00,0.00,0.00,0.00,0.00,0.00,0.00,0.00
0.00,0.00,0.00,0.00,0.00,0.00,0.00,0.00
1.00,0.00,0.00,0.00,0.00,0.00,0.00,0.00
21.00,26.00,17.00,65.00,36.00,10.00,53.00,0.00
5.00,6.00,7.00,16.00,13.00,3.00,14.00,0.00
1.00,2.00,9.00,8.00,8.00,3.00,10.00,0.00
2.00,1.00,3.00,5.00,2.00,1.00,4.00,0.00
1.00,1.00,1.00,2.00,2.00,1.00,3.00,0.00
0.00,0.00,1.00,3.00,1.00,0.00,2.00,0.00
0.00,0.00,1.00,1.00,0.00,0.00,0.00,0.00
1.00,0.00,0.00,1.00,0.00,0.00,0.00,0.00
0.00,0.00,0.00,0.00,0.00,0.00,0.00,0.00
0.00,0.00,0.00,0.00,0.00,0.00,0.00,0.00
0.00,0.00,0.00,0.00,0.00,0.00,0.00,0.00
0.00,0.00,0.00,0.00,0.00,0.00,0.00,0.00
1.00,0.00,0.00,0.00,0.00,0.00,0.00,0.00
0.00,0.00,0.00,0.00,0.00,0.00,0.00,0.00
1.00,0.00,0.00,0.00,0.00,0.00,0.00,0.00
1.00,0.00,0.00,0.00,0.00,0.00,0.00,0.00
1.00,0.00,0.00,0.00,0.00,0.00,0.00,0.00
0.00,0.00,0.00,0.00,0.00,0.00,0.00,0.00
0.00,0.00,0.00,0.00,0.00,0.00,0.00,0.00
0.00,0.00,0.00,0.00,0.00,0.00,0.00,0.00
1.00,0.00,0.00,0.00,0.00,0.00,0.00,0.00
1.00,0.00,0.00,0.00,0.00,0.00,0.00,0.00
1.00,0.00,0.00,0.00,0.00,0.00,0.00,0.00
0.00,0.00,0.00,0.00,0.00,0.00,0.00,0.00
1.00,0.00,0.00,0.00,0.00,0.00,0.00,0.00
1.00,0.00,0.00,0.00,0.00,0.00,0.00,0.00
0.00,0.00,0.00,0.00,0.00,0.00,0.00,0.00
0.00,0.00,0.00,0.00,0.00,0.00,0.00,0.00
0.00,0.00,0.00,0.00,0.00,0.00,0.00,0.00
1.00,0.00,0.00,0.00,0.00,0.00,0.00,0.00
26.00,41.00,75.00,119.00,16.00,5.00,56.00,0.00
9.00,16.00,25.00,31.00,5.00,2.00,12.00,0.00
12.00,11.00,11.00,13.00,2.00,1.00,5.00,0.00
4.00,5.00,5.00,8.00,1.00,0.00,3.00,0.00
2.00,1.00,6.00,4.00,2.00,0.00,2.00,0.00
2.00,1.00,3.00,4.00,1.00,0.00,2.00,0.00
1.00,1.00,2.00,2.00,1.00,0.00,1.00,0.00
1.00,0.00,1.00,1.00,0.00,0.00,0.00,0.00
1.00,0.00,0.00,1.00,0.00,0.00,0.00,0.00
0.00,0.00,1.00,0.00,0.00,0.00,0.00,0.00
0.00,0.00,0.00,0.00,0.00,0.00,0.00,0.00
0.00,0.00,0.00,0.00,0.00,0.00,0.00,0.00
0.00,0.00,0.00,0.00,0.00,0.00,0.00,0.00
1.00,0.00,0.00,0.00,0.00,0.00,0.00,0.00
0.00,0.00,0.00,0.00,0.00,0.00,0.00,0.00
1.00,0.00,0.00,0.00,0.00,0.00,0.00,0.00
0.00,0.00,0.00,0.00,0.00,0.00,0.00,0.00
0.00,0.00,0.00,0.00,0.00,0.00,0.00,0.00
0.00,0.00,0.00,0.00,0.00,0.00,0.00,0.00
1.00,0.00,0.00,0.00,0.00,0.00,0.00,0.00
0.00,0.00,0.00,0.00,0.00,0.00,0.00,0.00
0.00,0.00,0.00,0.00,0.00,0.00,0.00,0.00
0.00,0.00,0.00,0.00,0.00,0.00,0.00,0.00
1.00,0.00,0.00,0.00,0.00,0.00,0.00,0.00
1.00,0.00,0.00,0.00,0.00,0.00,0.00,0.00
0.00,0.00,0.00,0.00,0.00,0.00,0.00,0.00
0.00,0.00,0.00,0.00,0.00,0.00,0.00,0.00
0.00,0.00,0.00,0.00,0.00,0.00,0.00,0.00
0.00,0.00,0.00,0.00,0.00,0.00,0.00,0.00
0.00,0.00,0.00,0.00,0.00,0.00,0.00,0.00
57.00,94.00,128.00,20.00,13.00,7.00,27.00,0.00
5.00,37.00,67.00,14.00,3.00,1.00,14.00,0.00
8.00,20.00,32.00,8.00,1.00,1.00,9.00,0.00
6.00,10.00,23.00,7.00,1.00,0.00,4.00,0.00
1.00,1.00,7.00,3.00,0.00,0.00,2.00,0.00
2.00,3.00,7.00,1.00,0.00,0.00,1.00,0.00
1.00,1.00,6.00,1.00,0.00,0.00,1.00,0.00
0.00,1.00,3.00,0.00,0.00,0.00,0.00,0.00
0.00,0.00,2.00,0.00,0.00,0.00,0.00,0.00
0.00,0.00,1.00,0.00,0.00,0.00,0.00,0.00
0.00,0.00,1.00,0.00,0.00,0.00,0.00,0.00
0.00,0.00,0.00,0.00,0.00,0.00,0.00,0.00
1.00,0.00,0.00,0.00,0.00,0.00,0.00,0.00
1.00,0.00,0.00,0.00,0.00,0.00,0.00,0.00
0.00,0.00,0.00,0.00,0.00,0.00,0.00,0.00
1.00,0.00,0.00,0.00,0.00,0.00,0.00,0.00
0.00,0.00,0.00,0.00,0.00,0.00,0.00,0.00
0.00,0.00,0.00,0.00,0.00,0.00,0.00,0.00
0.00,0.00,0.00,0.00,0.00,0.00,0.00,0.00
0.00,0.00,0.00,0.00,0.00,0.00,0.00,0.00
0.00,0.00,0.00,0.00,0.00,0.00,0.00,0.00
1.00,0.00,0.00,0.00,0.00,0.00,0.00,0.00
0.00,0.00,0.00,0.00,0.00,0.00,0.00,0.00
0.00,0.00,0.00,0.00,0.00,0.00,0.00,0.00
1.00,0.00,0.00,0.00,0.00,0.00,0.00,0.00
0.00,0.00,0.00,0.00,0.00,0.00,0.00,0.00
0.00,0.00,0.00,0.00,0.00,0.00,0.00,0.00
0.00,0.00,0.00,0.00,0.00,0.00,0.00,0.00
0.00,0.00,0.00,0.00,0.00,0.00,0.00,0.00
0.00,0.00,0.00,0.00,0.00,0.00,0.00,0.00
16.00,20.00,15.00,71.00,48.00,14.00,94.00,0.00
2.00,8.00,6.00,16.00,6.00,2.00,9.00,0.00
4.00,4.00,4.00,12.00,5.00,1.00,9.00,0.00
1.00,1.00,2.00,4.00,2.00,1.00,4.00,0.00
0.00,1.00,3.00,4.00,1.00,0.00,2.00,0.00
0.00,1.00,1.00,1.00,0.00,0.00,1.00,0.00
0.00,0.00,1.00,1.00,0.00,0.00,1.00,0.00
1.00,1.00,0.00,0.00,0.00,0.00,0.00,0.00
0.00,0.00,0.00,0.00,0.00,0.00,0.00,0.00
1.00,0.00,0.00,0.00,0.00,0.00,0.00,0.00
0.00,0.00,0.00,0.00,0.00,0.00,0.00,0.00
1.00,0.00,0.00,0.00,0.00,0.00,0.00,0.00
1.00,0.00,0.00,0.00,0.00,0.00,0.00,0.00
0.00,0.00,0.00,0.00,0.00,0.00,0.00,0.00
0.00,0.00,0.00,0.00,0.00,0.00,0.00,0.00
1.00,0.00,0.00,0.00,0.00,0.00,0.00,0.00
0.00,0.00,0.00,0.00,0.00,0.00,0.00,0.00
1.00,0.00,0.00,0.00,0.00,0.00,0.00,0.00
0.00,0.00,0.00,0.00,0.00,0.00,0.00,0.00
1.00,0.00,0.00,0.00,0.00,0.00,0.00,0.00
0.00,0.00,0.00,0.00,0.00,0.00,0.00,0.00
0.00,0.00,0.00,0.00,0.00,0.00,0.00,0.00
0.00,0.00,0.00,0.00,0.00,0.00,0.00,0.00
0.00,0.00,0.00,0.00,0.00,0.00,0.00,0.00
1.00,0.00,0.00,0.00,0.00,0.00,0.00,0.00
1.00,0.00,0.00,0.00,0.00,0.00,0.00,0.00
0.00,0.00,0.00,0.00,0.00,0.00,0.00,0.00
0.00,0.00,0.00,0.00,0.00,0.00,0.00,0.00
0.00,0.00,0.00,0.00,0.00,0.00,0.00,0.00
0.00,0.00,0.00,0.00,0.00,0.00,0.00,0.00
2.00,3.00,10.00,29.00,18.00,5.00,19.00,0.00
2.00,3.00,4.00,14.00,10.00,2.00,12.00,0.00
1.00,1.00,3.00,9.00,5.00,2.00,5.00,0.00
0.00,0.00,1.00,4.00,2.00,0.00,4.00,0.00
1.00,1.00,1.00,3.00,2.00,0.00,2.00,0.00
0.00,0.00,1.00,1.00,1.00,0.00,1.00,0.00
0.00,0.00,0.00,1.00,0.00,0.00,0.00,0.00
0.00,0.00,0.00,0.00,0.00,0.00,0.00,0.00
0.00,0.00,0.00,0.00,0.00,0.00,0.00,0.00
0.00,0.00,0.00,0.00,0.00,0.00,0.00,0.00
1.00,0.00,0.00,0.00,0.00,0.00,0.00,0.00
0.00,0.00,0.00,0.00,0.00,0.00,0.00,0.00
0.00,0.00,0.00,0.00,0.00,0.00,0.00,0.00
1.00,0.00,0.00,0.00,0.00,0.00,0.00,0.00
0.00,0.00,0.00,0.00,0.00,0.00,0.00,0.00
0.00,0.00,0.00,0.00,0.00,0.00,0.00,0.00
0.00,0.00,0.00,0.00,0.00,0.00,0.00,0.00
0.00,0.00,0.00,0.00,0.00,0.00,0.00,0.00
0.00,0.00,0.00,0.00,0.00,0.00,0.00,0.00
0.00,0.00,0.00,0.00,0.00,0.00,0.00,0.00
0.00,0.00,0.00,0.00,0.00,0.00,0.00,0.00
1.00,0.00,0.00,0.00,0.00,0.00,0.00,0.00
0.00,0.00,0.00,0.00,0.00,0.00,0.00,0.00
1.00,0.00,0.00,0.00,0.00,0.00,0.00,0.00
0.00,0.00,0.00,0.00,0.00,0.00,0.00,0.00
0.00,0.00,0.00,0.00,0.00,0.00,0.00,0.00
0.00,0.00,0.00,0.00,0.00,0.00,0.00,0.00
1.00,0.00,0.00,0.00,0.00,0.00,0.00,0.00
0.00,0.00,0.00,0.00,0.00,0.00,0.00,0.00
0.00,0.00,0.00,0.00,0.00,0.00,0.00,0.00
6.00,10.00,21.00,22.00,5.00,2.00,7.00,0.00
3.00,8.00,7.00,6.00,3.00,0.00,4.00,0.00
1.00,5.00,4.00,3.00,1.00,0.00,1.00,0.00
1.00,1.00,3.00,2.00,0.00,0.00,0.00,0.00
1.00,1.00,1.00,1.00,0.00,0.00,0.00,0.00
0.00,0.00,1.00,1.00,0.00,0.00,0.00,0.00
0.00,0.00,1.00,0.00,0.00,0.00,0.00,0.00
0.00,0.00,0.00,0.00,0.00,0.00,0.00,0.00
1.00,0.00,0.00,0.00,0.00,0.00,0.00,0.00
0.00,0.00,0.00,0.00,0.00,0.00,0.00,0.00
0.00,0.00,0.00,0.00,0.00,0.00,0.00,0.00
0.00,0.00,0.00,0.00,0.00,0.00,0.00,0.00
2.00,0.00,0.00,0.00,0.00,0.00,0.00,0.00
1.00,0.00,0.00,0.00,0.00,0.00,0.00,0.00
1.00,0.00,0.00,0.00,0.00,0.00,0.00,0.00
1.00,0.00,0.00,0.00,0.00,0.00,0.00,0.00
0.00,0.00,0.00,0.00,0.00,0.00,0.00,0.00
0.00,0.00,0.00,0.00,0.00,0.00,0.00,0.00
1.00,0.00,0.00,0.00,0.00,0.00,0.00,0.00
0.00,0.00,0.00,0.00,0.00,0.00,0.00,0.00
0.00,0.00,0.00,0.00,0.00,0.00,0.00,0.00
0.00,0.00,0.00,0.00,0.00,0.00,0.00,0.00
1.00,0.00,0.00,0.00,0.00,0.00,0.00,0.00
2.00,1.00,0.00,0.00,0.00,0.00,0.00,0.00
1.00,0.00,0.00,0.00,0.00,0.00,0.00,0.00
0.00,0.00,0.00,0.00,0.00,0.00,0.00,0.00
0.00,0.00,0.00,0.00,0.00,0.00,0.00,0.00
0.00,0.00,0.00,0.00,0.00,0.00,0.00,0.00
0.00,0.00,0.00,0.00,0.00,0.00,0.00,0.00
0.00,0.00,0.00,0.00,0.00,0.00,0.00,0.00
58.00,74.00,115.00,54.00,10.00,2.00,29.00,0.00
10.00,11.00,24.00,16.00,4.00,1.00,7.00,0.00
6.00,8.00,11.00,3.00,3.00,0.00,3.00,0.00
8.00,4.00,8.00,2.00,1.00,0.00,2.00,0.00
3.00,1.00,5.00,2.00,1.00,0.00,1.00,0.00
4.00,1.00,3.00,0.00,0.00,0.00,1.00,0.00
1.00,1.00,3.00,0.00,0.00,0.00,0.00,0.00
1.00,0.00,1.00,0.00,0.00,0.00,0.00,0.00
1.00,0.00,1.00,0.00,0.00,0.00,0.00,0.00
1.00,0.00,0.00,0.00,0.00,0.00,0.00,0.00
1.00,0.00,0.00,0.00,0.00,0.00,0.00,0.00
0.00,0.00,0.00,0.00,0.00,0.00,0.00,0.00
1.00,0.00,0.00,0.00,0.00,0.00,0.00,0.00
0.00,0.00,0.00,0.00,0.00,0.00,0.00,0.00
0.00,0.00,0.00,0.00,0.00,0.00,0.00,0.00
0.00,0.00,0.00,0.00,0.00,0.00,0.00,0.00
0.00,0.00,0.00,0.00,0.00,0.00,0.00,0.00
0.00,0.00,0.00,0.00,0.00,0.00,0.00,0.00
0.00,0.00,0.00,0.00,0.00,0.00,0.00,0.00
0.00,0.00,0.00,0.00,0.00,0.00,0.00,0.00
1.00,0.00,0.00,0.00,0.00,0.00,0.00,0.00
1.00,0.00,0.00,0.00,0.00,0.00,0.00,0.00
0.00,0.00,0.00,0.00,0.00,0.00,0.00,0.00
1.00,0.00,0.00,0.00,0.00,0.00,0.00,0.00
1.00,0.00,0.00,0.00,0.00,0.00,0.00,0.00
0.00,0.00,0.00,0.00,0.00,0.00,0.00,0.00
0.00,0.00,0.00,0.00,0.00,0.00,0.00,0.00
0.00,0.00,0.00,0.00,0.00,0.00,0.00,0.00
0.00,0.00,0.00,0.00,0.00,0.00,0.00,0.00
0.00,0.00,0.00,0.00,0.00,0.00,0.00,0.00
13.00,12.00,8.00,17.00,5.00,2.00,8.00,0.00
6.00,4.00,2.00,5.00,2.00,0.00,2.00,0.00
2.00,0.00,2.00,3.00,1.00,0.00,2.00,0.00
3.00,1.00,2.00,1.00,0.00,0.00,0.00,0.00
0.00,0.00,1.00,1.00,0.00,0.00,0.00,0.00
0.00,0.00,0.00,1.00,0.00,0.00,0.00,0.00
1.00,0.00,0.00,0.00,0.00,0.00,0.00,0.00
1.00,0.00,0.00,0.00,0.00,0.00,0.00,0.00
1.00,0.00,0.00,0.00,0.00,0.00,0.00,0.00
0.00,0.00,0.00,0.00,0.00,0.00,0.00,0.00
0.00,0.00,0.00,0.00,0.00,0.00,0.00,0.00
0.00,0.00,0.00,0.00,0.00,0.00,0.00,0.00
1.00,0.00,0.00,0.00,0.00,0.00,0.00,0.00
0.00,0.00,0.00,0.00,0.00,0.00,0.00,0.00
1.00,0.00,0.00,0.00,0.00,0.00,0.00,0.00
1.00,0.00,0.00,0.00,0.00,0.00,0.00,0.00
1.00,0.00,0.00,0.00,0.00,0.00,0.00,0.00
0.00,0.00,0.00,0.00,0.00,0.00,0.00,0.00
0.00,0.00,0.00,0.00,0.00,0.00,0.00,0.00
0.00,0.00,0.00,0.00,0.00,0.00,0.00,0.00
1.00,0.00,0.00,0.00,0.00,0.00,0.00,0.00
0.00,0.00,0.00,0.00,0.00,0.00,0.00,0.00
0.00,0.00,0.00,0.00,0.00,0.00,0.00,0.00
0.00,0.00,0.00,0.00,0.00,0.00,0.00,0.00
0.00,0.00,0.00,0.00,0.00,0.00,0.00,0.00
0.00,0.00,0.00,0.00,0.00,0.00,0.00,0.00
0.00,0.00,0.00,0.00,0.00,0.00,0.00,0.00
1.00,0.00,0.00,0.00,0.00,0.00,0.00,0.00
0.00,0.00,0.00,0.00,0.00,0.00,0.00,0.00
0.00,0.00,0.00,0.00,0.00,0.00,0.00,0.00
128.00,128.00,128.00,80.00,12.00,8.00,50.00,0.00
12.00,55.00,27.00,15.00,8.00,2.00,8.00,0.00
18.00,40.00,36.00,7.00,5.00,1.00,5.00,0.00
20.00,17.00,16.00,3.00,3.00,0.00,3.00,0.00
11.00,7.00,4.00,5.00,1.00,0.00,1.00,0.00
9.00,6.00,7.00,1.00,1.00,0.00,1.00,0.00
6.00,3.00,2.00,2.00,0.00,0.00,0.00,0.00
2.00,4.00,1.00,1.00,0.00,0.00,0.00,0.00
1.00,2.00,1.00,0.00,0.00,0.00,0.00,0.00
0.00,1.00,0.00,0.00,0.00,0.00,0.00,0.00
0.00,0.00,0.00,0.00,0.00,0.00,0.00,0.00
1.00,0.00,0.00,0.00,0.00,0.00,0.00,0.00
1.00,0.00,0.00,0.00,0.00,0.00,0.00,0.00
0.00,0.00,0.00,0.00,0.00,0.00,0.00,0.00
1.00,0.00,0.00,0.00,0.00,0.00,0.00,0.00
0.00,0.00,0.00,0.00,0.00,0.00,0.00,0.00
1.00,0.00,0.00,0.00,0.00,0.00,0.00,0.00
0.00,0.00,0.00,0.00,0.00,0.00,0.00,0.00
0.00,0.00,0.00,0.00,0.00,0.00,0.00,0.00
0.00,0.00,0.00,0.00,0.00,0.00,0.00,0.00
1.00,0.00,0.00,0.00,0.00,0.00,0.00,0.00
0.00,0.00,0.00,0.00,0.00,0.00,0.00,0.00
0.00,0.00,0.00,0.00,0.00,0.00,0.00,0.00
1.00,0.00,0.00,0.00,0.00,0.00,0.00,0.00
0.00,0.00,0.00,0.00,0.00,0.00,0.00,0.00
1.00,0.00,0.00,0.00,0.00,0.00,0.00,0.00
0.00,0.00,0.00,0.00,0.00,0.00,0.00,0.00
0.00,0.00,0.00,0.00,0.00,0.00,0.00,0.00
0.00,0.00,0.00,0.00,0.00,0.00,0.00,0.00
0.00,0.00,0.00,0.00,0.00,0.00,0.00,0.00
45.00,107.00,109.00,128.00,24.00,12.00,47.00,0.00
7.00,12.00,44.00,43.00,7.00,3.00,17.00,0.00
4.00,11.00,23.00,36.00,4.00,1.00,14.00,0.00
3.00,3.00,15.00,9.00,4.00,0.00,5.00,0.00
1.00,2.00,4.00,8.00,2.00,0.00,3.00,0.00
1.00,1.00,6.00,3.00,1.00,0.00,1.00,0.00
0.00,1.00,1.00,1.00,0.00,0.00,0.00,0.00
0.00,1.00,1.00,2.00,0.00,0.00,0.00,0.00
0.00,0.00,1.00,1.00,0.00,0.00,0.00,0.00
1.00,0.00,0.00,0.00,0.00,0.00,0.00,0.00
0.00,0.00,0.00,1.00,0.00,0.00,0.00,0.00
0.00,0.00,0.00,0.00,0.00,0.00,0.00,0.00
1.00,0.00,0.00,0.00,0.00,0.00,0.00,0.00
0.00,0.00,0.00,0.00,0.00,0.00,0.00,0.00
0.00,0.00,0.00,0.00,0.00,0.00,0.00,0.00
0.00,0.00,0.00,0.00,0.00,0.00,0.00,0.00
0.00,0.00,0.00,0.00,0.00,0.00,0.00,0.00
0.00,0.00,0.00,0.00,0.00,0.00,0.00,0.00
0.00,0.00,0.00,0.00,0.00,0.00,0.00,0.00
0.00,0.00,0.00,0.00,0.00,0.00,0.00,0.00
0.00,0.00,0.00,0.00,0.00,0.00,0.00,0.00
0.00,0.00,0.00,0.00,0.00,0.00,0.00,0.00
1.00,0.00,0.00,0.00,0.00,0.00,0.00,0.00
0.00,0.00,0.00,0.00,0.00,0.00,0.00,0.00
1.00,0.00,0.00,0.00,0.00,0.00,0.00,0.00
0.00,0.00,0.00,0.00,0.00,0.00,0.00,0.00
0.00,0.00,0.00,0.00,0.00,0.00,0.00,0.00
0.00,0.00,0.00,0.00,0.00,0.00,0.00,0.00
0.00,0.00,0.00,0.00,0.00,0.00,0.00,0.00
0.00,0.00,0.00,0.00,0.00,0.00,0.00,0.00
13.00,50.00,64.00,20.00,13.00,6.00,19.00,0.00
4.00,20.00,24.00,14.00,6.00,1.00,10.00,0.00
11.00,24.00,7.00,5.00,2.00,0.00,4.00,0.00
1.00,6.00,6.00,2.00,1.00,0.00,3.00,0.00
1.00,4.00,3.00,1.00,1.00,0.00,1.00,0.00
2.00,3.00,5.00,1.00,0.00,0.00,0.00,0.00
0.00,1.00,1.00,0.00,0.00,0.00,0.00,0.00
1.00,1.00,1.00,0.00,0.00,0.00,0.00,0.00
1.00,0.00,0.00,0.00,0.00,0.00,0.00,0.00
0.00,0.00,0.00,0.00,0.00,0.00,0.00,0.00
1.00,0.00,0.00,0.00,0.00,0.00,0.00,0.00
0.00,0.00,0.00,0.00,0.00,0.00,0.00,0.00
2.00,0.00,0.00,0.00,0.00,0.00,0.00,0.00
1.00,0.00,0.00,0.00,0.00,0.00,0.00,0.00
0.00,0.00,0.00,0.00,0.00,0.00,0.00,0.00
0.00,0.00,0.00,0.00,0.00,0.00,0.00,0.00
1.00,0.00,0.00,0.00,0.00,0.00,0.00,0.00
1.00,0.00,0.00,0.00,0.00,0.00,0.00,0.00
1.00,0.00,0.00,0.00,0.00,0.00,0.00,0.00
0.00,0.00,0.00,0.00,0.00,0.00,0.00,0.00
2.00,0.00,0.00,0.00,0.00,0.00,0.00,0.00
1.00,0.00,0.00,0.00,0.00,0.00,0.00,0.00
0.00,0.00,0.00,0.00,0.00,0.00,0.00,0.00
0.00,0.00,0.00,0.00,0.00,0.00,0.00,0.00
0.00,0.00,0.00,0.00,0.00,0.00,0.00,0.00
1.00,0.00,0.00,0.00,0.00,0.00,0.00,0.00
0.00,0.00,0.00,0.00,0.00,0.00,0.00,0.00
0.00,0.00,0.00,0.00,0.00,0.00,0.00,0.00
1.00,0.00,0.00,0.00,0.00,0.00,0.00,0.00
1.00,0.00,0.00,0.00,0.00,0.00,0.00,0.00
8.00,13.00,13.00,22.00,19.00,1.00,19.00,0.00
7.00,7.00,8.00,7.00,9.00,0.00,7.00,0.00
3.00,3.00,2.00,4.00,3.00,0.00,2.00,0.00
3.00,2.00,2.00,3.00,2.00,0.00,2.00,0.00
1.00,1.00,1.00,1.00,1.00,0.00,1.00,0.00
0.00,0.00,0.00,0.00,0.00,0.00,0.00,0.00
1.00,0.00,0.00,0.00,0.00,0.00,0.00,0.00
1.00,0.00,0.00,0.00,0.00,0.00,0.00,0.00
0.00,0.00,0.00,0.00,0.00,0.00,0.00,0.00
0.00,0.00,0.00,0.00,0.00,0.00,0.00,0.00
0.00,0.00,0.00,0.00,0.00,0.00,0.00,0.00
0.00,0.00,0.00,0.00,0.00,0.00,0.00,0.00
1.00,0.00,0.00,0.00,0.00,0.00,0.00,0.00
1.00,0.00,0.00,0.00,0.00,0.00,0.00,0.00
1.00,0.00,0.00,0.00,0.00,0.00,0.00,0.00
0.00,0.00,0.00,0.00,0.00,0.00,0.00,0.00
0.00,0.00,0.00,0.00,0.00,0.00,0.00,0.00
0.00,0.00,0.00,0.00,0.00,0.00,0.00,0.00
1.00,0.00,0.00,0.00,0.00,0.00,0.00,0.00
0.00,0.00,0.00,0.00,0.00,0.00,0.00,0.00
0.00,0.00,0.00,0.00,0.00,0.00,0.00,0.00
0.00,0.00,0.00,0.00,0.00,0.00,0.00,0.00
0.00,0.00,0.00,0.00,0.00,0.00,0.00,0.00
0.00,0.00,0.00,0.00,0.00,0.00,0.00,0.00
1.00,0.00,0.00,0.00,0.00,0.00,0.00,0.00
0.00,0.00,0.00,0.00,0.00,0.00,0.00,0.00
1.00,0.00,0.00,0.00,0.00,0.00,0.00,0.00
0.00,0.00,0.00,0.00,0.00,0.00,0.00,0.00
1.00,0.00,0.00,0.00,0.00,0.00,0.00,0.00
0.00,0.00,0.00,0.00,0.00,0.00,0.00,0.00
8.00,40.00,73.00,11.00,6.00,2.00,14.00,0.00
16.00,27.00,35.00,6.00,2.00,0.00,5.00,0.00
11.00,9.00,26.00,3.00,3.00,0.00,4.00,0.00
3.00,3.00,7.00,4.00,1.00,0.00,1.00,0.00
2.00,8.00,14.00,2.00,0.00,0.00,2.00,0.00
1.00,1.00,4.00,1.00,0.00,0.00,0.00,0.00
2.00,2.00,3.00,0.00,0.00,0.00,0.00,0.00
0.00,1.00,2.00,0.00,0.00,0.00,0.00,0.00
1.00,0.00,1.00,0.00,0.00,0.00,0.00,0.00
1.00,0.00,1.00,0.00,0.00,0.00,0.00,0.00
0.00,0.00,0.00,0.00,0.00,0.00,0.00,0.00
0.00,0.00,0.00,0.00,0.00,0.00,0.00,0.00
1.00,0.00,0.00,0.00,0.00,0.00,0.00,0.00
1.00,0.00,0.00,0.00,0.00,0.00,0.00,0.00
1.00,0.00,0.00,0.00,0.00,0.00,0.00,0.00
0.00,0.00,0.00,0.00,0.00,0.00,0.00,0.00
1.00,0.00,0.00,0.00,0.00,0.00,0.00,0.00
2.00,0.00,0.00,0.00,0.00,0.00,0.00,0.00
1.00,0.00,0.00,0.00,0.00,0.00,0.00,0.00
0.00,0.00,0.00,0.00,0.00,0.00,0.00,0.00
1.00,0.00,0.00,0.00,0.00,0.00,0.00,0.00
0.00,0.00,0.00,0.00,0.00,0.00,0.00,0.00
0.00,0.00,0.00,0.00,0.00,0.00,0.00,0.00
0.00,0.00,0.00,0.00,0.00,0.00,0.00,0.00
0.00,0.00,0.00,0.00,0.00,0.00,0.00,0.00
0.00,0.00,0.00,0.00,0.00,0.00,0.00,0.00
1.00,0.00,0.00,0.00,0.00,0.00,0.00,0.00
0.00,0.00,0.00,0.00,0.00,0.00,0.00,0.00
0.00,0.00,0.00,0.00,0.00,0.00,0.00,0.00
0.00,0.00,0.00,0.00,0.00,0.00,0.00,0.00
6.00,13.00,16.00,35.00,2.00,3.00,17.00,0.00
2.00,3.00,6.00,9.00,1.00,0.00,3.00,0.00
2.00,2.00,3.00,7.00,1.00,0.00,3.00,0.00
2.00,0.00,1.00,2.00,0.00,0.00,1.00,0.00
1.00,1.00,0.00,3.00,0.00,0.00,1.00,0.00
1.00,0.00,0.00,2.00,0.00,0.00,0.00,0.00
0.00,0.00,0.00,1.00,0.00,0.00,0.00,0.00
1.00,0.00,0.00,0.00,0.00,0.00,0.00,0.00
0.00,0.00,0.00,0.00,0.00,0.00,0.00,0.00
0.00,0.00,0.00,0.00,0.00,0.00,0.00,0.00
0.00,0.00,0.00,0.00,0.00,0.00,0.00,0.00
1.00,0.00,0.00,0.00,0.00,0.00,0.00,0.00
0.00,0.00,0.00,0.00,0.00,0.00,0.00,0.00
0.00,0.00,0.00,0.00,0.00,0.00,0.00,0.00
1.00,0.00,0.00,0.00,0.00,0.00,0.00,0.00
0.00,0.00,0.00,0.00,0.00,0.00,0.00,0.00
0.00,0.00,0.00,0.00,0.00,0.00,0.00,0.00
1.00,0.00,0.00,0.00,0.00,0.00,0.00,0.00
1.00,0.00,0.00,0.00,0.00,0.00,0.00,0.00
0.00,0.00,0.00,0.00,0.00,0.00,0.00,0.00
0.00,0.00,0.00,0.00,0.00,0.00,0.00,0.00
0.00,0.00,0.00,0.00,0.00,0.00,0.00,0.00
0.00,0.00,0.00,0.00,0.00,0.00,0.00,0.00
1.00,0.00,0.00,0.00,0.00,0.00,0.00,0.00
0.00,0.00,0.00,0.00,0.00,0.00,0.00,0.00
0.00,0.00,0.00,0.00,0.00,0.00,0.00,0.00
0.00,0.00,0.00,0.00,0.00,0.00,0.00,0.00
0.00,0.00,0.00,0.00,0.00,0.00,0.00,0.00
0.00,0.00,0.00,0.00,0.00,0.00,0.00,0.00
0.00,0.00,0.00,0.00,0.00,0.00,0.00,0.00
35.00,93.00,128.00,64.00,26.00,6.00,43.00,0.00
17.00,25.00,72.00,22.00,9.00,2.00,16.00,0.00
12.00,24.00,27.00,10.00,7.00,1.00,6.00,0.00
7.00,12.00,14.00,6.00,2.00,0.00,3.00,0.00
4.00,7.00,19.00,2.00,1.00,0.00,4.00,0.00
2.00,8.00,16.00,3.00,2.00,0.00,3.00,0.00
1.00,1.00,6.00,1.00,0.00,0.00,1.00,0.00
1.00,3.00,3.00,1.00,0.00,0.00,0.00,0.00
0.00,0.00,4.00,0.00,0.00,0.00,1.00,0.00
1.00,0.00,1.00,0.00,0.00,0.00,0.00,0.00
1.00,0.00,0.00,0.00,0.00,0.00,0.00,0.00
1.00,0.00,0.00,0.00,0.00,0.00,0.00,0.00
0.00,0.00,0.00,0.00,0.00,0.00,0.00,0.00
0.00,0.00,0.00,0.00,0.00,0.00,0.00,0.00
0.00,0.00,0.00,0.00,0.00,0.00,0.00,0.00
0.00,0.00,0.00,0.00,0.00,0.00,0.00,0.00
1.00,0.00,0.00,0.00,0.00,0.00,0.00,0.00
1.00,0.00,0.00,0.00,0.00,0.00,0.00,0.00
2.00,0.00,0.00,0.00,0.00,0.00,0.00,0.00
0.00,0.00,0.00,0.00,0.00,0.00,0.00,0.00
1.00,0.00,0.00,0.00,0.00,0.00,0.00,0.00
0.00,0.00,0.00,0.00,0.00,0.00,0.00,0.00
1.00,0.00,0.00,0.00,0.00,0.00,0.00,0.00
0.00,0.00,0.00,0.00,0.00,0.00,0.00,0.00
0.00,0.00,0.00,0.00,0.00,0.00,0.00,0.00
0.00,0.00,0.00,0.00,0.00,0.00,0.00,0.00
0.00,0.00,0.00,0.00,0.00,0.00,0.00,0.00
0.00,0.00,0.00,0.00,0.00,0.00,0.00,0.00
0.00,0.00,0.00,0.00,0.00,0.00,0.00,0.00
1.00,0.00,0.00,0.00,0.00,0.00,0.00,0.00
22.00,48.00,120.00,128.00,30.00,18.00,55.00,0.00
2.00,22.00,27.00,41.00,22.00,4.00,24.00,0.00
1.00,5.00,24.00,52.00,26.00,2.00,21.00,0.00
1.00,6.00,18.00,16.00,13.00,1.00,11.00,0.00
1.00,1.00,4.00,14.00,4.00,0.00,7.00,0.00
0.00,1.00,4.00,5.00,1.00,0.00,2.00,0.00
1.00,1.00,3.00,6.00,2.00,0.00,3.00,0.00
0.00,0.00,2.00,2.00,1.00,0.00,1.00,0.00
0.00,0.00,0.00,2.00,0.00,0.00,1.00,0.00
1.00,0.00,1.00,1.00,0.00,0.00,0.00,0.00
1.00,0.00,0.00,1.00,0.00,0.00,0.00,0.00
1.00,0.00,0.00,0.00,0.00,0.00,0.00,0.00
0.00,0.00,0.00,0.00,0.00,0.00,0.00,0.00
0.00,0.00,0.00,0.00,0.00,0.00,0.00,0.00
1.00,0.00,0.00,0.00,0.00,0.00,0.00,0.00
0.00,0.00,0.00,0.00,0.00,0.00,0.00,0.00
1.00,0.00,0.00,0.00,0.00,0.00,0.00,0.00
1.00,0.00,0.00,0.00,0.00,0.00,0.00,0.00
1.00,0.00,0.00,0.00,0.00,0.00,0.00,0.00
0.00,0.00,0.00,0.00,0.00,0.00,0.00,0.00
0.00,0.00,0.00,0.00,0.00,0.00,0.00,0.00
1.00,0.00,0.00,0.00,0.00,0.00,0.00,0.00
0.00,0.00,0.00,0.00,0.00,0.00,0.00,0.00
0.00,0.00,0.00,0.00,0.00,0.00,0.00,0.00
1.00,0.00,0.00,0.00,0.00,0.00,0.00,0.00
0.00,0.00,0.00,0.00,0.00,0.00,0.00,0.00
1.00,0.00,0.00,0.00,0.00,0.00,0.00,0.00
1.00,0.00,0.00,0.00,0.00,0.00,0.00,0.00
1.00,0.00,0.00,0.00,0.00,0.00,0.00,0.00
1.00,0.00,0.00,0.00,0.00,0.00,0.00,0.00
9.00,24.00,27.00,46.00,18.00,9.00,37.00,0.00
2.00,4.00,6.00,14.00,5.00,1.00,6.00,0.00
2.00,3.00,3.00,6.00,4.00,0.00,5.00,0.00
3.00,2.00,1.00,2.00,2.00,0.00,2.00,0.00
0.00,0.00,1.00,4.00,1.00,0.00,2.00,0.00
2.00,0.00,0.00,2.00,0.00,0.00,1.00,0.00
0.00,0.00,1.00,1.00,0.00,0.00,0.00,0.00
1.00,0.00,0.00,0.00,0.00,0.00,0.00,0.00
1.00,0.00,0.00,0.00,0.00,0.00,0.00,0.00
0.00,0.00,0.00,0.00,0.00,0.00,0.00,0.00
0.00,0.00,0.00,0.00,0.00,0.00,0.00,0.00
0.00,0.00,0.00,0.00,0.00,0.00,0.00,0.00
0.00,0.00,0.00,0.00,0.00,0.00,0.00,0.00
1.00,0.00,0.00,0.00,0.00,0.00,0.00,0.00
0.00,0.00,0.00,0.00,0.00,0.00,0.00,0.00
1.00,0.00,0.00,0.00,0.00,0.00,0.00,0.00
1.00,0.00,0.00,0.00,0.00,0.00,0.00,0.00
1.00,0.00,0.00,0.00,0.00,0.00,0.00,0.00
0.00,0.00,0.00,0.00,0.00,0.00,0.00,0.00
0.00,0.00,0.00,0.00,0.00,0.00,0.00,0.00
1.00,0.00,0.00,0.00,0.00,0.00,0.00,0.00
0.00,0.00,0.00,0.00,0.00,0.00,0.00,0.00
2.00,0.00,0.00,0.00,0.00,0.00,0.00,0.00
1.00,0.00,0.00,0.00,0.00,0.00,0.00,0.00
0.00,0.00,0.00,0.00,0.00,0.00,0.00,0.00
0.00,0.00,0.00,0.00,0.00,0.00,0.00,0.00
1.00,0.00,0.00,0.00,0.00,0.00,0.00,0.00
0.00,0.00,0.00,0.00,0.00,0.00,0.00,0.00
1.00,0.00,0.00,0.00,0.00,0.00,0.00,0.00
0.00,0.00,0.00,0.00,0.00,0.00,0.00,0.00
26.00,8.00,3.00,7.00,1.00,0.00,2.00,0.00
12.00,5.00,0.00,2.00,0.00,0.00,0.00,0.00
5.00,1.00,0.00,1.00,0.00,0.00,0.00,0.00
1.00,1.00,0.00,0.00,0.00,0.00,0.00,0.00
18.00,17.00,2.00,0.00,0.00,0.00,1.00,0.00
17.00,18.00,2.00,2.00,0.00,0.00,1.00,0.00
3.00,1.00,0.00,1.00,0.00,0.00,0.00,0.00
3.00,1.00,0.00,0.00,0.00,0.00,0.00,0.00
1.00,0.00,0.00,0.00,0.00,0.00,0.00,0.00
1.00,0.00,0.00,0.00,0.00,0.00,0.00,0.00
0.00,0.00,0.00,0.00,0.00,0.00,0.00,0.00
2.00,1.00,0.00,0.00,0.00,0.00,0.00,0.00
9.00,9.00,3.00,5.00,4.00,0.00,3.00,0.00
3.00,1.00,0.00,1.00,0.00,0.00,0.00,0.00
2.00,2.00,0.00,0.00,0.00,0.00,0.00,0.00
0.00,0.00,0.00,0.00,0.00,0.00,0.00,0.00
3.00,1.00,0.00,0.00,0.00,0.00,0.00,0.00
8.00,7.00,2.00,0.00,0.00,0.00,0.00,0.00
5.00,2.00,0.00,0.00,0.00,0.00,0.00,0.00
2.00,1.00,0.00,0.00,0.00,0.00,0.00,0.00
3.00,2.00,0.00,0.00,0.00,0.00,0.00,0.00
16.00,12.00,1.00,2.00,1.00,0.00,1.00,0.00
86.00,27.00,14.00,7.00,10.00,1.00,7.00,0.00
78.00,69.00,12.00,13.00,4.00,0.00,6.00,0.00
11.00,5.00,2.00,4.00,0.00,0.00,1.00,0.00
12.00,4.00,1.00,0.00,0.00,0.00,0.00,0.00
3.00,1.00,0.00,0.00,0.00,0.00,0.00,0.00
3.00,3.00,0.00,0.00,0.00,0.00,0.00,0.00
2.00,1.00,0.00,0.00,0.00,0.00,0.00,0.00
7.00,1.00,0.00,1.00,0.00,0.00,0.00,0.00
8.00,9.00,5.00,17.00,5.00,0.00,8.00,0.00
3.00,0.00,0.00,3.00,0.00,0.00,1.00,0.00
7.00,0.00,0.00,0.00,0.00,0.00,0.00,0.00
7.00,0.00,0.00,0.00,0.00,0.00,0.00,0.00
6.00,0.00,0.00,0.00,0.00,0.00,0.00,0.00
4.00,0.00,0.00,0.00,0.00,0.00,0.00,0.00
4.00,0.00,0.00,0.00,0.00,0.00,0.00,0.00
4.00,0.00,0.00,0.00,0.00,0.00,0.00,0.00
1.00,0.00,0.00,0.00,0.00,0.00,0.00,0.00
1.00,0.00,0.00,0.00,0.00,0.00,0.00,0.00
0.00,0.00,0.00,0.00,0.00,0.00,0.00,0.00
0.00,0.00,0.00,0.00,0.00,0.00,0.00,0.00
0.00,0.00,0.00,0.00,0.00,0.00,0.00,0.00
0.00,0.00,0.00,0.00,0.00,0.00,0.00,0.00
1.00,0.00,1.00,3.00,0.00,0.00,1.00,0.00
1.00,0.00,0.00,0.00,0.00,0.00,0.00,0.00
0.00,0.00,0.00,0.00,0.00,0.00,0.00,0.00
0.00,0.00,0.00,0.00,0.00,0.00,0.00,0.00
0.00,0.00,0.00,0.00,0.00,0.00,0.00,0.00
0.00,0.00,0.00,0.00,0.00,0.00,0.00,0.00
0.00,0.00,0.00,0.00,0.00,0.00,0.00,0.00
0.00,0.00,0.00,0.00,0.00,0.00,0.00,0.00
0.00,0.00,0.00,0.00,0.00,0.00,0.00,0.00
3.00,1.00,1.00,3.00,1.00,0.00,1.00,0.00
2.00,0.00,0.00,1.00,0.00,0.00,0.00,0.00
1.00,0.00,0.00,0.00,0.00,0.00,0.00,0.00
0.00,0.00,0.00,0.00,0.00,0.00,0.00,0.00
1.00,0.00,0.00,0.00,0.00,0.00,0.00,0.00
1.00,0.00,0.00,0.00,0.00,0.00,0.00,0.00
1.00,0.00,0.00,0.00,0.00,0.00,0.00,0.00
11.00,24.00,16.00,49.00,16.00,7.00,23.00,0.00
26.00,0.00,3.00,28.00,7.00,0.00,13.00,0.00
20.00,12.00,5.00,18.00,4.00,0.00,7.00,0.00
4.00,7.00,4.00,8.00,2.00,0.00,3.00,0.00
3.00,2.00,2.00,3.00,1.00,0.00,1.00,0.00
2.00,2.00,0.00,1.00,0.00,0.00,0.00,0.00
3.00,0.00,0.00,0.00,0.00,0.00,0.00,0.00
1.00,0.00,0.00,0.00,0.00,0.00,0.00,0.00
1.00,0.00,0.00,0.00,0.00,0.00,0.00,0.00
1.00,0.00,0.00,0.00,0.00,0.00,0.00,0.00
1.00,0.00,0.00,0.00,0.00,0.00,0.00,0.00
0.00,0.00,0.00,0.00,0.00,0.00,0.00,0.00
0.00,0.00,0.00,0.00,0.00,0.00,0.00,0.00
0.00,0.00,0.00,0.00,0.00,0.00,0.00,0.00
0.00,0.00,0.00,0.00,0.00,0.00,0.00,0.00
0.00,0.00,0.00,0.00,0.00,0.00,0.00,0.00
0.00,0.00,0.00,0.00,0.00,0.00,0.00,0.00
0.00,0.00,0.00,0.00,0.00,0.00,0.00,0.00
0.00,0.00,0.00,0.00,0.00,0.00,0.00,0.00
0.00,0.00,0.00,0.00,0.00,0.00,0.00,0.00
0.00,0.00,0.00,0.00,0.00,0.00,0.00,0.00
0.00,0.00,0.00,0.00,0.00,0.00,0.00,0.00
0.00,0.00,0.00,0.00,0.00,0.00,0.00,0.00
1.00,0.00,0.00,0.00,0.00,0.00,0.00,0.00
0.00,0.00,0.00,0.00,0.00,0.00,0.00,0.00
0.00,0.00,0.00,0.00,0.00,0.00,0.00,0.00
0.00,0.00,0.00,0.00,0.00,0.00,0.00,0.00
0.00,0.00,0.00,0.00,0.00,0.00,0.00,0.00
0.00,0.00,0.00,0.00,0.00,0.00,0.00,0.00
1.00,0.00,0.00,0.00,0.00,0.00,0.00,0.00
15.00,3.00,25.00,31.00,17.00,6.00,22.00,0.00
9.00,1.00,6.00,25.00,7.00,0.00,11.00,0.00
8.00,0.00,0.00,8.00,2.00,0.00,3.00,0.00
4.00,1.00,1.00,2.00,1.00,0.00,1.00,0.00
2.00,4.00,7.00,13.00,11.00,0.00,8.00,0.00
6.00,0.00,0.00,2.00,4.00,0.00,2.00,0.00
4.00,0.00,0.00,0.00,2.00,0.00,1.00,0.00
3.00,0.00,0.00,0.00,0.00,0.00,0.00,0.00
3.00,0.00,0.00,0.00,0.00,0.00,0.00,0.00
4.00,0.00,0.00,0.00,0.00,0.00,0.00,0.00
3.00,0.00,0.00,0.00,0.00,0.00,0.00,0.00
1.00,0.00,0.00,0.00,0.00,0.00,0.00,0.00
1.00,0.00,0.00,0.00,0.00,0.00,0.00,0.00
1.00,0.00,0.00,0.00,0.00,0.00,0.00,0.00
1.00,0.00,0.00,0.00,0.00,0.00,0.00,0.00
1.00,0.00,0.00,0.00,0.00,0.00,0.00,0.00
20.00,21.00,31.00,128.00,89.00,4.00,120.00,0.00
21.00,2.00,8.00,32.00,25.00,0.00,19.00,0.00
17.00,1.00,2.00,3.00,7.00,0.00,5.00,0.00
12.00,2.00,0.00,1.00,1.00,0.00,1.00,0.00
7.00,1.00,0.00,1.00,1.00,0.00,0.00,0.00
3.00,0.00,0.00,1.00,1.00,0.00,1.00,0.00
5.00,0.00,0.00,1.00,0.00,0.00,0.00,0.00
6.00,0.00,0.00,1.00,0.00,0.00,0.00,0.00
4.00,0.00,0.00,0.00,0.00,0.00,0.00,0.00
4.00,0.00,0.00,0.00,0.00,0.00,0.00,0.00
3.00,0.00,0.00,0.00,0.00,0.00,0.00,0.00
2.00,0.00,0.00,0.00,0.00,0.00,0.00,0.00
2.00,0.00,0.00,0.00,0.00,0.00,0.00,0.00
3.00,0.00,0.00,0.00,0.00,0.00,0.00,0.00
1.00,2.00,3.00,76.00,17.00,3.00,34.00,0.00
0.00,0.00,0.00,14.00,5.00,0.00,6.00,0.00
1.00,1.00,0.00,72.00,16.00,1.00,34.00,0.00
0.00,0.00,0.00,10.00,4.00,0.00,4.00,0.00
0.00,0.00,0.00,0.00,1.00,0.00,0.00,0.00
1.00,0.00,0.00,0.00,0.00,0.00,0.00,0.00
0.00,0.00,0.00,0.00,0.00,0.00,0.00,0.00
1.00,0.00,0.00,0.00,0.00,0.00,0.00,0.00
0.00,0.00,0.00,0.00,0.00,0.00,0.00,0.00
0.00,0.00,0.00,0.00,0.00,0.00,0.00,0.00
0.00,0.00,0.00,0.00,0.00,0.00,0.00,0.00
1.00,0.00,0.00,0.00,0.00,0.00,0.00,0.00
0.00,0.00,0.00,0.00,0.00,0.00,0.00,0.00
0.00,0.00,0.00,0.00,0.00,0.00,0.00,0.00
0.00,0.00,0.00,0.00,0.00,0.00,0.00,0.00
1.00,0.00,0.00,0.00,0.00,0.00,0.00,0.00
0.00,0.00,0.00,0.00,0.00,0.00,0.00,0.00
1.00,0.00,0.00,0.00,0.00,0.00,0.00,0.00
1.00,0.00,0.00,0.00,0.00,0.00,0.00,0.00
1.00,0.00,0.00,0.00,0.00,0.00,0.00,0.00
1.00,0.00,0.00,0.00,0.00,0.00,0.00,0.00
1.00,0.00,0.00,0.00,0.00,0.00,0.00,0.00
1.00,0.00,0.00,0.00,0.00,0.00,0.00,0.00
1.00,0.00,0.00,0.00,0.00,0.00,0.00,0.00
0.00,0.00,0.00,0.00,0.00,0.00,0.00,0.00
1.00,0.00,0.00,0.00,0.00,0.00,0.00,0.00
0.00,0.00,0.00,0.00,0.00,0.00,0.00,0.00
0.00,0.00,0.00,0.00,0.00,0.00,0.00,0.00
2.00,0.00,0.00,0.00,0.00,0.00,0.00,0.00
0.00,0.00,0.00,0.00,0.00,0.00,0.00,0.00
128.00,128.00,128.00,128.00,70.00,4.00,103.00,0.00
128.00,128.00,97.00,128.00,32.00,3.00,46.00,0.00
84.00,17.00,12.00,24.00,2.00,0.00,7.00,0.00
66.00,16.00,8.00,11.00,0.00,0.00,3.00,0.00
27.00,22.00,4.00,7.00,0.00,0.00,2.00,0.00
10.00,7.00,2.00,4.00,0.00,0.00,1.00,0.00
17.00,19.00,14.00,6.00,2.00,0.00,2.00,0.00
28.00,14.00,3.00,4.00,0.00,0.00,1.00,0.00
9.00,4.00,0.00,2.00,0.00,0.00,0.00,0.00
6.00,6.00,1.00,1.00,0.00,0.00,0.00,0.00
5.00,1.00,0.00,1.00,0.00,0.00,0.00,0.00
3.00,1.00,0.00,1.00,0.00,0.00,0.00,0.00
1.00,1.00,0.00,0.00,0.00,0.00,0.00,0.00
2.00,1.00,0.00,0.00,0.00,0.00,0.00,0.00
1.00,0.00,0.00,0.00,0.00,0.00,0.00,0.00
1.00,0.00,0.00,0.00,0.00,0.00,0.00,0.00
2.00,1.00,0.00,0.00,0.00,0.00,0.00,0.00
1.00,0.00,0.00,0.00,0.00,0.00,0.00,0.00
0.00,0.00,0.00,0.00,0.00,0.00,0.00,0.00
1.00,0.00,0.00,0.00,0.00,0.00,1.00,0.00
1.00,1.00,0.00,0.00,0.00,0.00,0.00,0.00
1.00,2.00,0.00,0.00,0.00,0.00,0.00,0.00
1.00,0.00,0.00,0.00,0.00,0.00,0.00,0.00
1.00,0.00,0.00,0.00,0.00,0.00,1.00,0.00
0.00,0.00,0.00,0.00,0.00,0.00,0.00,0.00
0.00,0.00,0.00,0.00,0.00,0.00,0.00,0.00
1.00,0.00,0.00,0.00,0.00,0.00,0.00,0.00
2.00,0.00,0.00,0.00,0.00,0.00,0.00,0.00
1.00,0.00,0.00,0.00,0.00,0.00,1.00,0.00
0.00,0.00,0.00,0.00,0.00,0.00,0.00,0.00
21.00,10.00,5.00,3.00,0.00,0.00,1.00,0.00
2.00,2.00,0.00,1.00,0.00,0.00,0.00,0.00
1.00,2.00,1.00,1.00,0.00,0.00,0.00,0.00
1.00,0.00,0.00,0.00,0.00,0.00,0.00,0.00
0.00,0.00,0.00,0.00,0.00,0.00,0.00,0.00
1.00,0.00,0.00,0.00,0.00,0.00,0.00,0.00
1.00,0.00,0.00,0.00,0.00,0.00,0.00,0.00
0.00,0.00,0.00,0.00,0.00,0.00,0.00,0.00
1.00,0.00,0.00,0.00,0.00,0.00,0.00,0.00
1.00,0.00,0.00,0.00,0.00,0.00,0.00,0.00
1.00,0.00,0.00,0.00,0.00,0.00,0.00,0.00
0.00,0.00,0.00,0.00,0.00,0.00,0.00,0.00
0.00,0.00,0.00,0.00,0.00,0.00,0.00,0.00
0.00,0.00,0.00,0.00,0.00,0.00,0.00,0.00
0.00,0.00,0.00,0.00,0.00,0.00,0.00,0.00
1.00,0.00,0.00,0.00,0.00,0.00,0.00,0.00
0.00,0.00,0.00,0.00,0.00,0.00,0.00,0.00
0.00,0.00,0.00,0.00,0.00,0.00,0.00,0.00
0.00,0.00,0.00,0.00,0.00,0.00,0.00,0.00
0.00,0.00,0.00,0.00,0.00,0.00,0.00,0.00
1.00,0.00,0.00,0.00,0.00,0.00,0.00,0.00
1.00,0.00,0.00,0.00,0.00,0.00,0.00,0.00
1.00,0.00,0.00,0.00,0.00,0.00,0.00,0.00
0.00,0.00,0.00,0.00,0.00,0.00,0.00,0.00
1.00,0.00,0.00,0.00,0.00,0.00,0.00,0.00
0.00,0.00,0.00,0.00,0.00,0.00,0.00,0.00
0.00,0.00,0.00,0.00,0.00,0.00,0.00,0.00
0.00,0.00,0.00,0.00,0.00,0.00,0.00,0.00
1.00,0.00,0.00,0.00,0.00,0.00,0.00,0.00
0.00,0.00,0.00,0.00,0.00,0.00,0.00,0.00
128.00,128.00,128.00,91.00,41.00,4.00,101.00,0.00
128.00,128.00,128.00,102.00,62.00,5.00,75.00,0.00
128.00,37.00,24.00,43.00,8.00,0.00,14.00,0.00
90.00,62.00,17.00,12.00,2.00,0.00,6.00,0.00
78.00,17.00,8.00,6.00,2.00,0.00,3.00,0.00
128.00,32.00,6.00,15.00,3.00,0.00,6.00,0.00
47.00,24.00,1.00,5.00,0.00,0.00,3.00,0.00
79.00,40.00,15.00,11.00,3.00,0.00,4.00,0.00
86.00,33.00,4.00,5.00,2.00,0.00,4.00,0.00
9.00,6.00,2.00,2.00,0.00,0.00,0.00,0.00
7.00,5.00,0.00,2.00,0.00,0.00,0.00,0.00
7.00,3.00,1.00,2.00,0.00,0.00,0.00,0.00
3.00,1.00,0.00,1.00,0.00,0.00,0.00,0.00
5.00,2.00,0.00,1.00,0.00,0.00,0.00,0.00
2.00,1.00,0.00,2.00,0.00,0.00,0.00,0.00
5.00,1.00,0.00,2.00,0.00,0.00,0.00,0.00
1.00,0.00,0.00,1.00,0.00,0.00,0.00,0.00
1.00,0.00,0.00,1.00,0.00,0.00,0.00,0.00
1.00,1.00,0.00,0.00,0.00,0.00,0.00,0.00
0.00,0.00,0.00,0.00,0.00,0.00,0.00,0.00
0.00,0.00,0.00,0.00,0.00,0.00,0.00,0.00
2.00,2.00,1.00,0.00,0.00,0.00,0.00,0.00
3.00,3.00,1.00,0.00,0.00,0.00,0.00,0.00
0.00,0.00,0.00,0.00,0.00,0.00,0.00,0.00
3.00,1.00,0.00,0.00,0.00,0.00,0.00,0.00
1.00,0.00,0.00,0.00,0.00,0.00,0.00,0.00
2.00,0.00,0.00,0.00,0.00,0.00,0.00,0.00
0.00,0.00,0.00,0.00,0.00,0.00,0.00,0.00
1.00,0.00,0.00,0.00,0.00,0.00,0.00,0.00
2.00,1.00,0.00,0.00,0.00,0.00,0.00,0.00
38.00,17.00,3.00,1.00,2.00,0.00,2.00,0.00
57.00,23.00,10.00,6.00,1.00,0.00,3.00,0.00
26.00,11.00,4.00,1.00,0.00,0.00,1.00,0.00
6.00,5.00,0.00,0.00,0.00,0.00,0.00,0.00
7.00,2.00,0.00,0.00,0.00,0.00,0.00,0.00
3.00,1.00,0.00,0.00,0.00,0.00,0.00,0.00
1.00,0.00,0.00,0.00,0.00,0.00,0.00,0.00
3.00,1.00,0.00,0.00,0.00,0.00,0.00,0.00
1.00,0.00,0.00,0.00,0.00,0.00,0.00,0.00
1.00,0.00,0.00,0.00,0.00,0.00,0.00,0.00
0.00,0.00,0.00,0.00,0.00,0.00,0.00,0.00
0.00,0.00,0.00,0.00,0.00,0.00,0.00,0.00
0.00,0.00,0.00,0.00,0.00,0.00,0.00,0.00
0.00,0.00,0.00,0.00,0.00,0.00,0.00,0.00
128.00,128.00,14.00,12.00,13.00,0.00,22.00,0.00
35.00,19.00,9.00,2.00,1.00,0.00,2.00,0.00
25.00,20.00,6.00,2.00,1.00,0.00,2.00,0.00
8.00,4.00,1.00,2.00,1.00,0.00,1.00,0.00
4.00,1.00,0.00,0.00,0.00,0.00,0.00,0.00
3.00,2.00,0.00,0.00,0.00,0.00,0.00,0.00
5.00,2.00,0.00,0.00,0.00,0.00,0.00,0.00
2.00,1.00,0.00,0.00,0.00,0.00,0.00,0.00
1.00,1.00,0.00,0.00,0.00,0.00,0.00,0.00
2.00,0.00,0.00,0.00,0.00,0.00,0.00,0.00
2.00,0.00,0.00,0.00,0.00,0.00,0.00,0.00
1.00,1.00,0.00,0.00,0.00,0.00,0.00,0.00
1.00,0.00,0.00,0.00,0.00,0.00,0.00,0.00
1.00,0.00,0.00,0.00,0.00,0.00,0.00,0.00
0.00,0.00,0.00,0.00,0.00,0.00,0.00,0.00
1.00,0.00,0.00,0.00,0.00,0.00,0.00,0.00
128.00,128.00,128.00,128.00,60.00,3.00,121.00,0.00
128.00,117.00,55.00,30.00,3.00,0.00,13.00,0.00
21.00,38.00,39.00,9.00,2.00,0.00,7.00,0.00
36.00,14.00,8.00,4.00,0.00,0.00,3.00,0.00
12.00,6.00,3.00,1.00,0.00,0.00,1.00,0.00
11.00,3.00,3.00,0.00,0.00,0.00,0.00,0.00
6.00,4.00,1.00,1.00,0.00,0.00,0.00,0.00
8.00,1.00,1.00,0.00,0.00,0.00,0.00,0.00
2.00,1.00,1.00,0.00,0.00,0.00,0.00,0.00
2.00,1.00,0.00,0.00,0.00,0.00,0.00,0.00
3.00,0.00,0.00,0.00,0.00,0.00,0.00,0.00
2.00,1.00,0.00,0.00,0.00,0.00,0.00,0.00
128.00,128.00,128.00,128.00,56.00,1.00,81.00,0.00
128.00,59.00,42.00,39.00,4.00,0.00,15.00,0.00
72.00,38.00,19.00,5.00,1.00,0.00,4.00,0.00
11.00,8.00,4.00,3.00,0.00,0.00,1.00,0.00
19.00,4.00,3.00,2.00,0.00,0.00,0.00,0.00
13.00,3.00,2.00,1.00,0.00,0.00,0.00,0.00
7.00,1.00,1.00,0.00,0.00,0.00,0.00,0.00
11.00,0.00,0.00,0.00,0.00,0.00,0.00,0.00
2.00,0.00,0.00,0.00,0.00,0.00,0.00,0.00
3.00,1.00,0.00,0.00,0.00,0.00,0.00,0.00
4.00,0.00,0.00,0.00,0.00,0.00,0.00,0.00
3.00,0.00,0.00,0.00,0.00,0.00,0.00,0.00
0.00,0.00,0.00,0.00,0.00,0.00,0.00,0.00
3.00,0.00,0.00,0.00,0.00,0.00,0.00,0.00
1.00,0.00,0.00,0.00,0.00,0.00,0.00,0.00
1.00,0.00,0.00,0.00,0.00,0.00,0.00,0.00
2.00,0.00,0.00,0.00,0.00,0.00,0.00,0.00
2.00,1.00,0.00,0.00,0.00,0.00,0.00,0.00
128.00,128.00,102.00,65.00,9.00,0.00,33.00,0.00
53.00,54.00,18.00,7.00,2.00,0.00,7.00,0.00
18.00,21.00,6.00,3.00,0.00,0.00,2.00,0.00
5.00,4.00,1.00,0.00,0.00,0.00,0.00,0.00
12.00,7.00,3.00,0.00,0.00,0.00,0.00,0.00
1.00,3.00,1.00,0.00,0.00,0.00,0.00,0.00
6.00,4.00,0.00,0.00,0.00,0.00,0.00,0.00
4.00,2.00,0.00,0.00,0.00,0.00,0.00,0.00
2.00,0.00,0.00,0.00,0.00,0.00,0.00,0.00
1.00,1.00,0.00,0.00,0.00,0.00,0.00,0.00
1.00,0.00,0.00,0.00,0.00,0.00,0.00,0.00
128.00,128.00,128.00,59.00,15.00,2.00,37.00,0.00
102.00,74.00,33.00,15.00,3.00,0.00,9.00,0.00
28.00,12.00,12.00,8.00,1.00,0.00,2.00,0.00
18.00,7.00,5.00,2.00,0.00,0.00,1.00,0.00
7.00,7.00,2.00,1.00,0.00,0.00,1.00,0.00
7.00,3.00,2.00,0.00,0.00,0.00,0.00,0.00
12.00,3.00,1.00,0.00,0.00,0.00,0.00,0.00
6.00,1.00,0.00,0.00,0.00,0.00,0.00,0.00
1.00,1.00,0.00,0.00,0.00,0.00,0.00,0.00
2.00,1.00,0.00,0.00,0.00,0.00,0.00,0.00
2.00,1.00,0.00,0.00,0.00,0.00,0.00,0.00
1.00,1.00,0.00,0.00,0.00,0.00,0.00,0.00
0.00,0.00,0.00,0.00,0.00,0.00,0.00,0.00
0.00,0.00,0.00,0.00,0.00,0.00,0.00,0.00
3.00,0.00,0.00,0.00,0.00,0.00,0.00,0.00
0.00,0.00,0.00,0.00,0.00,0.00,0.00,0.00
1.00,0.00,0.00,0.00,0.00,0.00,0.00,0.00
1.00,0.00,0.00,0.00,0.00,0.00,0.00,0.00
1.00,0.00,0.00,0.00,0.00,0.00,0.00,0.00
128.00,128.00,128.00,25.00,15.00,1.00,33.00,0.00
107.00,23.00,11.00,7.00,1.00,0.00,5.00,0.00
50.00,23.00,10.00,4.00,2.00,0.00,2.00,0.00
68.00,28.00,17.00,13.00,2.00,0.00,4.00,0.00
28.00,14.00,10.00,6.00,0.00,0.00,2.00,0.00
4.00,5.00,2.00,1.00,0.00,0.00,0.00,0.00
2.00,2.00,1.00,1.00,0.00,0.00,0.00,0.00
7.00,1.00,0.00,0.00,0.00,0.00,0.00,0.00
3.00,1.00,0.00,0.00,0.00,0.00,0.00,0.00
6.00,0.00,0.00,0.00,0.00,0.00,0.00,0.00
2.00,0.00,0.00,0.00,0.00,0.00,0.00,0.00
128.00,128.00,109.00,29.00,9.00,0.00,27.00,0.00
109.00,20.00,19.00,3.00,1.00,0.00,5.00,0.00
15.00,18.00,5.00,1.00,0.00,0.00,1.00,0.00
16.00,9.00,2.00,1.00,0.00,0.00,1.00,0.00
8.00,8.00,1.00,0.00,0.00,0.00,0.00,0.00
2.00,2.00,1.00,0.00,0.00,0.00,0.00,0.00
3.00,2.00,1.00,0.00,0.00,0.00,0.00,0.00
3.00,1.00,0.00,0.00,0.00,0.00,0.00,0.00
114.00,128.00,63.00,31.00,4.00,0.00,21.00,0.00
29.00,11.00,11.00,5.00,0.00,0.00,2.00,0.00
8.00,20.00,3.00,3.00,0.00,0.00,2.00,0.00
11.00,14.00,1.00,1.00,0.00,0.00,1.00,0.00
3.00,5.00,1.00,0.00,0.00,0.00,0.00,0.00
3.00,3.00,0.00,0.00,0.00,0.00,0.00,0.00
1.00,2.00,0.00,0.00,0.00,0.00,0.00,0.00
1.00,1.00,0.00,0.00,0.00,0.00,0.00,0.00
1.00,2.00,0.00,0.00,0.00,0.00,0.00,0.00
1.00,0.00,0.00,0.00,0.00,0.00,0.00,0.00
0.00,0.00,0.00,0.00,0.00,0.00,0.00,0.00
128.00,128.00,28.00,13.00,3.00,0.00,26.00,0.00
116.00,35.00,15.00,8.00,5.00,0.00,7.00,0.00
55.00,23.00,12.00,8.00,3.00,0.00,6.00,0.00
20.00,26.00,9.00,3.00,3.00,0.00,2.00,0.00
27.00,4.00,5.00,2.00,1.00,0.00,1.00,0.00
7.00,5.00,2.00,2.00,0.00,0.00,0.00,0.00
6.00,3.00,2.00,1.00,0.00,0.00,0.00,0.00
6.00,2.00,1.00,0.00,0.00,0.00,0.00,0.00
2.00,2.00,1.00,0.00,0.00,0.00,0.00,0.00
4.00,1.00,0.00,0.00,0.00,0.00,0.00,0.00
3.00,1.00,0.00,0.00,0.00,0.00,0.00,0.00
1.00,2.00,0.00,0.00,0.00,0.00,0.00,0.00
0.00,1.00,0.00,0.00,0.00,0.00,0.00,0.00
2.00,1.00,0.00,0.00,0.00,0.00,0.00,0.00
1.00,0.00,0.00,0.00,0.00,0.00,0.00,0.00
2.00,1.00,0.00,0.00,0.00,0.00,0.00,0.00
1.00,1.00,0.00,0.00,0.00,0.00,0.00,0.00
0.00,0.00,0.00,0.00,0.00,0.00,0.00,0.00
1.00,0.00,0.00,0.00,0.00,0.00,0.00,0.00
8.00,6.00,1.00,0.00,0.00,0.00,0.00,0.00
0.00,0.00,0.00,0.00,0.00,0.00,0.00,0.00
6.00,1.00,0.00,0.00,0.00,0.00,0.00,0.00
0.00,0.00,0.00,0.00,0.00,0.00,0.00,0.00
1.00,0.00,0.00,0.00,0.00,0.00,0.00,0.00
0.00,0.00,0.00,0.00,0.00,0.00,0.00,0.00
0.00,0.00,0.00,0.00,0.00,0.00,0.00,0.00
1.00,0.00,0.00,0.00,0.00,0.00,0.00,0.00
0.00,0.00,0.00,0.00,0.00,0.00,0.00,0.00
0.00,0.00,0.00,0.00,0.00,0.00,0.00,0.00
0.00,0.00,0.00,0.00,0.00,0.00,0.00,0.00
128.00,128.00,128.00,128.00,61.00,6.00,128.00,0.00
128.00,128.00,89.00,128.00,33.00,2.00,97.00,0.00
128.00,128.00,128.00,128.00,37.00,6.00,128.00,0.00
112.00,48.00,28.00,90.00,4.00,0.00,29.00,0.00
90.00,14.00,7.00,33.00,3.00,0.00,11.00,0.00
49.00,15.00,6.00,13.00,2.00,0.00,4.00,0.00
30.00,20.00,15.00,19.00,1.00,0.00,7.00,0.00
59.00,47.00,10.00,56.00,5.00,0.00,20.00,0.00
57.00,17.00,4.00,10.00,0.00,0.00,4.00,0.00
88.00,34.00,12.00,22.00,2.00,0.00,8.00,0.00
16.00,6.00,1.00,5.00,0.00,0.00,1.00,0.00
7.00,6.00,1.00,1.00,0.00,0.00,0.00,0.00
5.00,2.00,1.00,1.00,0.00,0.00,0.00,0.00
3.00,2.00,0.00,4.00,0.00,0.00,1.00,0.00
7.00,1.00,0.00,2.00,0.00,0.00,0.00,0.00
2.00,1.00,0.00,1.00,0.00,0.00,0.00,0.00
3.00,0.00,0.00,0.00,0.00,0.00,0.00,0.00
2.00,1.00,0.00,0.00,0.00,0.00,0.00,0.00
1.00,0.00,0.00,0.00,0.00,0.00,0.00,0.00
1.00,0.00,0.00,1.00,0.00,0.00,0.00,0.00
3.00,2.00,0.00,0.00,0.00,0.00,0.00,0.00
1.00,0.00,0.00,0.00,0.00,0.00,0.00,0.00
1.00,1.00,0.00,0.00,0.00,0.00,0.00,0.00
0.00,0.00,0.00,0.00,0.00,0.00,0.00,0.00
1.00,0.00,0.00,0.00,0.00,0.00,0.00,0.00
0.00,0.00,0.00,0.00,0.00,0.00,0.00,0.00
0.00,0.00,0.00,0.00,0.00,0.00,0.00,0.00
1.00,0.00,0.00,0.00,0.00,0.00,0.00,0.00
0.00,0.00,0.00,0.00,0.00,0.00,0.00,0.00
1.00,1.00,0.00,0.00,0.00,0.00,0.00,0.00
8.00,6.00,16.00,18.00,1.00,0.00,5.00,0.00
28.00,16.00,13.00,9.00,3.00,0.00,5.00,0.00
43.00,34.00,18.00,24.00,3.00,2.00,7.00,0.00
119.00,23.00,28.00,31.00,2.00,2.00,10.00,0.00
128.00,26.00,30.00,16.00,3.00,1.00,8.00,0.00
109.00,25.00,51.00,24.00,2.00,1.00,15.00,0.00
94.00,31.00,43.00,31.00,3.00,1.00,10.00,0.00
107.00,87.00,43.00,61.00,2.00,1.00,20.00,0.00
112.00,128.00,75.00,109.00,7.00,1.00,34.00,0.00
90.00,128.00,79.00,40.00,3.00,0.00,24.00,0.00
39.00,100.00,39.00,39.00,9.00,1.00,12.00,0.00
53.00,53.00,49.00,27.00,5.00,0.00,15.00,0.00
38.00,44.00,26.00,40.00,4.00,0.00,12.00,0.00
29.00,121.00,26.00,34.00,5.00,0.00,15.00,0.00
48.00,47.00,26.00,32.00,5.00,0.00,10.00,0.00
52.00,37.00,29.00,32.00,2.00,0.00,10.00,0.00
31.00,22.00,13.00,13.00,1.00,0.00,4.00,0.00
16.00,8.00,4.00,3.00,1.00,0.00,1.00,0.00
9.00,4.00,1.00,4.00,0.00,0.00,1.00,0.00
5.00,0.00,1.00,1.00,0.00,0.00,0.00,0.00
0.00,0.00,2.00,2.00,0.00,0.00,0.00,0.00
3.00,0.00,0.00,0.00,0.00,0.00,0.00,0.00
0.00,0.00,0.00,0.00,0.00,0.00,0.00,0.00
0.00,0.00,0.00,0.00,0.00,0.00,0.00,0.00
0.00,0.00,0.00,0.00,0.00,0.00,0.00,0.00
0.00,0.00,0.00,0.00,0.00,0.00,0.00,0.00
1.00,0.00,0.00,0.00,0.00,0.00,0.00,0.00
0.00,0.00,0.00,0.00,0.00,0.00,0.00,0.00
0.00,0.00,0.00,0.00,0.00,0.00,0.00,0.00
0.00,0.00,0.00,0.00,0.00,0.00,0.00,0.00
14.00,20.00,17.00,25.00,2.00,0.00,8.00,0.00
42.00,45.00,38.00,47.00,1.00,0.00,14.00,0.00
23.00,116.00,44.00,58.00,3.00,0.00,18.00,0.00
11.00,65.00,33.00,28.00,5.00,0.00,10.00,0.00
8.00,26.00,13.00,4.00,2.00,0.00,3.00,0.00
1.00,9.00,5.00,3.00,0.00,0.00,1.00,0.00
1.00,1.00,1.00,0.00,0.00,0.00,0.00,0.00
1.00,1.00,0.00,0.00,0.00,0.00,0.00,0.00
5.00,14.00,20.00,18.00,2.00,0.00,6.00,0.00
28.00,93.00,52.00,22.00,10.00,0.00,15.00,0.00
25.00,126.00,114.00,108.00,13.00,0.00,35.00,0.00
12.00,60.00,48.00,74.00,17.00,0.00,23.00,0.00
5.00,9.00,19.00,29.00,3.00,0.00,9.00,0.00
2.00,6.00,1.00,1.00,1.00,0.00,0.00,0.00
1.00,1.00,1.00,1.00,0.00,0.00,0.00,0.00
3.00,22.00,22.00,16.00,5.00,1.00,6.00,0.00
41.00,128.00,67.00,66.00,8.00,0.00,21.00,0.00
111.00,77.00,30.00,19.00,7.00,1.00,9.00,0.00
128.00,44.00,29.00,33.00,3.00,1.00,10.00,0.00
110.00,68.00,55.00,81.00,3.00,0.00,26.00,0.00
30.00,47.00,49.00,29.00,20.00,1.00,15.00,0.00
15.00,83.00,52.00,48.00,21.00,0.00,22.00,0.00
15.00,98.00,67.00,36.00,22.00,0.00,22.00,0.00
60.00,100.00,17.00,35.00,6.00,0.00,12.00,0.00
59.00,35.00,15.00,22.00,3.00,1.00,8.00,0.00
16.00,26.00,21.00,11.00,8.00,0.00,7.00,0.00
25.00,7.00,21.00,29.00,11.00,0.00,9.00,0.00
7.00,14.00,15.00,12.00,5.00,0.00,4.00,0.00
13.00,13.00,17.00,17.00,2.00,0.00,5.00,0.00
13.00,9.00,11.00,11.00,1.00,0.00,3.00,0.00
3.00,13.00,18.00,14.00,1.00,0.00,5.00,0.00
5.00,3.00,11.00,12.00,1.00,0.00,4.00,0.00
5.00,11.00,12.00,3.00,3.00,0.00,3.00,0.00
7.00,13.00,7.00,7.00,2.00,0.00,2.00,0.00
9.00,8.00,25.00,21.00,4.00,0.00,7.00,0.00
8.00,11.00,14.00,9.00,2.00,0.00,4.00,0.00
7.00,15.00,16.00,16.00,2.00,0.00,5.00,0.00
17.00,39.00,24.00,10.00,3.00,0.00,7.00,0.00
27.00,63.00,62.00,50.00,8.00,0.00,19.00,0.00
21.00,63.00,58.00,34.00,5.00,0.00,17.00,0.00
13.00,53.00,54.00,25.00,5.00,0.00,16.00,0.00
11.00,51.00,24.00,16.00,3.00,0.00,7.00,0.00
10.00,31.00,17.00,16.00,2.00,0.00,5.00,0.00
8.00,13.00,15.00,2.00,4.00,0.00,4.00,0.00
8.00,12.00,6.00,9.00,2.00,0.00,4.00,0.00
16.00,27.00,16.00,11.00,3.00,0.00,6.00,0.00
29.00,48.00,42.00,23.00,8.00,0.00,12.00,0.00
34.00,61.00,51.00,48.00,7.00,0.00,16.00,0.00
36.00,35.00,26.00,15.00,8.00,0.00,8.00,0.00
38.00,33.00,12.00,6.00,3.00,0.00,4.00,0.00
22.00,26.00,7.00,3.00,4.00,0.00,3.00,0.00
10.00,5.00,13.00,10.00,2.00,0.00,4.00,0.00
10.00,3.00,6.00,4.00,3.00,0.00,2.00,0.00
5.00,3.00,10.00,9.00,0.00,0.00,3.00,0.00
3.00,3.00,4.00,3.00,1.00,0.00,1.00,0.00
5.00,1.00,3.00,1.00,0.00,0.00,0.00,0.00
3.00,1.00,5.00,5.00,0.00,0.00,1.00,0.00
1.00,0.00,1.00,1.00,0.00,0.00,0.00,0.00
1.00,0.00,1.00,0.00,0.00,0.00,0.00,0.00
1.00,0.00,0.00,0.00,0.00,0.00,0.00,0.00
69.00,30.00,19.00,9.00,2.00,0.00,5.00,0.00
115.00,35.00,15.00,22.00,6.00,1.00,8.00,0.00
128.00,24.00,42.00,40.00,5.00,2.00,13.00,0.00
128.00,128.00,55.00,78.00,10.00,1.00,25.00,0.00
73.00,26.00,128.00,128.00,16.00,1.00,66.00,0.00
13.00,59.00,89.00,91.00,7.00,0.00,28.00,0.00
7.00,9.00,3.00,4.00,1.00,0.00,1.00,0.00
2.00,3.00,4.00,3.00,0.00,0.00,1.00,0.00
7.00,1.00,1.00,1.00,0.00,0.00,0.00,0.00
3.00,0.00,0.00,1.00,0.00,0.00,0.00,0.00
3.00,0.00,1.00,1.00,0.00,0.00,0.00,0.00
2.00,0.00,0.00,0.00,0.00,0.00,0.00,0.00
2.00,0.00,0.00,0.00,0.00,0.00,0.00,0.00
1.00,0.00,0.00,0.00,0.00,0.00,0.00,0.00
0.00,0.00,0.00,0.00,0.00,0.00,0.00,0.00
128.00,128.00,128.00,65.00,18.00,3.00,23.00,0.00
128.00,54.00,81.00,86.00,23.00,11.00,72.00,0.00
128.00,128.00,128.00,53.00,28.00,7.00,30.00,0.00
128.00,128.00,128.00,128.00,30.00,3.00,108.00,0.00
57.00,128.00,128.00,128.00,22.00,1.00,109.00,0.00
37.00,11.00,41.00,23.00,9.00,1.00,14.00,0.00
8.00,27.00,18.00,30.00,1.00,0.00,9.00,0.00
16.00,11.00,4.00,6.00,0.00,0.00,1.00,0.00
11.00,6.00,1.00,2.00,0.00,0.00,0.00,0.00
86.00,55.00,57.00,26.00,7.00,3.00,16.00,0.00
128.00,94.00,35.00,18.00,15.00,1.00,13.00,0.00
128.00,41.00,23.00,31.00,43.00,3.00,30.00,0.00
71.00,23.00,19.00,22.00,31.00,1.00,21.00,0.00
73.00,14.00,25.00,15.00,13.00,1.00,9.00,0.00
48.00,24.00,36.00,17.00,12.00,1.00,9.00,0.00
128.00,63.00,23.00,20.00,5.00,1.00,8.00,0.00
128.00,35.00,43.00,14.00,8.00,4.00,10.00,0.00
128.00,60.00,48.00,64.00,15.00,6.00,20.00,0.00
128.00,124.00,82.00,55.00,13.00,3.00,19.00,0.00
128.00,82.00,116.00,50.00,7.00,2.00,19.00,0.00
128.00,102.00,75.00,84.00,5.00,1.00,27.00,0.00
128.00,87.00,55.00,66.00,5.00,2.00,21.00,0.00
119.00,127.00,30.00,20.00,8.00,2.00,16.00,0.00
45.00,19.00,16.00,5.00,12.00,2.00,13.00,0.00
32.00,10.00,3.00,4.00,1.00,0.00,2.00,0.00
31.00,3.00,2.00,1.00,2.00,0.00,1.00,0.00
24.00,3.00,1.00,1.00,3.00,0.00,2.00,0.00
12.00,0.00,0.00,0.00,0.00,0.00,0.00,0.00
11.00,1.00,0.00,0.00,0.00,0.00,0.00,0.00
5.00,0.00,0.00,0.00,0.00,0.00,0.00,0.00
2.00,0.00,0.00,0.00,0.00,0.00,0.00,0.00
0.00,0.00,0.00,0.00,0.00,0.00,0.00,0.00
1.00,0.00,0.00,0.00,0.00,0.00,0.00,0.00
0.00,0.00,0.00,0.00,0.00,0.00,0.00,0.00
1.00,0.00,0.00,0.00,0.00,0.00,0.00,0.00
1.00,0.00,0.00,0.00,0.00,0.00,0.00,0.00
0.00,0.00,0.00,0.00,0.00,0.00,0.00,0.00
2.00,0.00,0.00,0.00,0.00,0.00,0.00,0.00
0.00,0.00,0.00,0.00,0.00,0.00,0.00,0.00
1.00,0.00,0.00,0.00,0.00,0.00,0.00,0.00
1.00,0.00,0.00,0.00,0.00,0.00,0.00,0.00
0.00,0.00,0.00,0.00,0.00,0.00,0.00,0.00
0.00,0.00,0.00,0.00,0.00,0.00,0.00,0.00
0.00,0.00,0.00,0.00,0.00,0.00,0.00,0.00
0.00,0.00,0.00,0.00,0.00,0.00,0.00,0.00
1.00,0.00,0.00,78.00,1.00,0.00,30.00,0.00
0.00,0.00,0.00,68.00,0.00,0.00,26.00,0.00
0.00,0.00,0.00,4.00,0.00,0.00,1.00,0.00
1.00,0.00,1.00,3.00,0.00,0.00,1.00,0.00
1.00,0.00,0.00,3.00,0.00,0.00,1.00,0.00
0.00,0.00,0.00,4.00,0.00,0.00,1.00,0.00
0.00,0.00,0.00,5.00,0.00,0.00,2.00,0.00
0.00,0.00,0.00,2.00,0.00,0.00,0.00,0.00
0.00,0.00,0.00,2.00,0.00,0.00,1.00,0.00
0.00,0.00,0.00,7.00,1.00,0.00,2.00,0.00
0.00,0.00,0.00,2.00,0.00,0.00,0.00,0.00
0.00,0.00,0.00,3.00,0.00,0.00,1.00,0.00
0.00,0.00,0.00,1.00,0.00,0.00,0.00,0.00
1.00,0.00,0.00,6.00,0.00,0.00,2.00,0.00
1.00,0.00,0.00,7.00,0.00,0.00,2.00,0.00
0.00,0.00,0.00,5.00,0.00,0.00,2.00,0.00
0.00,0.00,0.00,9.00,0.00,0.00,3.00,0.00
0.00,0.00,0.00,18.00,0.00,0.00,7.00,0.00
0.00,0.00,0.00,7.00,0.00,0.00,3.00,0.00
0.00,0.00,0.00,7.00,0.00,0.00,2.00,0.00
0.00,0.00,0.00,5.00,0.00,0.00,2.00,0.00
0.00,0.00,0.00,3.00,0.00,0.00,1.00,0.00
0.00,0.00,0.00,3.00,0.00,0.00,1.00,0.00
0.00,0.00,0.00,1.00,0.00,0.00,0.00,0.00
0.00,0.00,0.00,1.00,0.00,0.00,0.00,0.00
0.00,0.00,0.00,3.00,0.00,0.00,1.00,0.00
0.00,0.00,0.00,1.00,0.00,0.00,0.00,0.00
1.00,0.00,0.00,8.00,0.00,0.00,3.00,0.00
0.00,0.00,0.00,6.00,0.00,0.00,2.00,0.00
0.00,0.00,0.00,3.00,0.00,0.00,1.00,0.00
0.00,0.00,0.00,30.00,0.00,0.00,10.00,0.00
1.00,0.00,0.00,34.00,0.00,0.00,12.00,0.00
1.00,0.00,0.00,35.00,0.00,0.00,12.00,0.00
0.00,1.00,0.00,40.00,0.00,0.00,14.00,0.00
1.00,0.00,0.00,41.00,0.00,0.00,14.00,0.00
1.00,0.00,0.00,43.00,0.00,0.00,15.00,0.00
0.00,1.00,0.00,60.00,0.00,0.00,21.00,0.00
0.00,1.00,0.00,40.00,0.00,0.00,14.00,0.00
1.00,1.00,1.00,18.00,0.00,0.00,6.00,0.00
0.00,0.00,0.00,25.00,1.00,0.00,9.00,0.00
1.00,1.00,0.00,27.00,1.00,0.00,10.00,0.00
0.00,0.00,1.00,26.00,1.00,0.00,9.00,0.00
1.00,0.00,1.00,37.00,1.00,0.00,13.00,0.00
1.00,1.00,2.00,23.00,0.00,0.00,8.00,0.00
0.00,1.00,1.00,36.00,0.00,0.00,13.00,0.00
0.00,1.00,1.00,82.00,1.00,0.00,30.00,0.00
0.00,0.00,1.00,54.00,1.00,0.00,20.00,0.00
1.00,1.00,1.00,65.00,1.00,0.00,24.00,0.00
1.00,1.00,1.00,65.00,2.00,0.00,24.00,0.00
1.00,1.00,1.00,69.00,1.00,0.00,26.00,0.00
0.00,1.00,0.00,82.00,0.00,0.00,30.00,0.00
0.00,0.00,1.00,67.00,0.00,0.00,25.00,0.00
1.00,1.00,2.00,65.00,0.00,0.00,24.00,0.00
0.00,0.00,1.00,59.00,0.00,0.00,22.00,0.00
1.00,1.00,1.00,52.00,0.00,0.00,19.00,0.00
0.00,0.00,0.00,37.00,0.00,0.00,13.00,0.00
0.00,0.00,0.00,19.00,0.00,0.00,7.00,0.00
0.00,0.00,0.00,13.00,0.00,0.00,4.00,0.00
0.00,0.00,0.00,2.00,0.00,0.00,0.00,0.00
0.00,0.00,0.00,14.00,0.00,0.00,5.00,0.00
1.00,1.00,1.00,43.00,0.00,0.00,15.00,0.00
0.00,1.00,1.00,75.00,0.00,0.00,26.00,0.00
1.00,1.00,1.00,73.00,1.00,0.00,26.00,0.00
1.00,1.00,0.00,67.00,1.00,0.00,24.00,0.00
0.00,1.00,1.00,65.00,1.00,0.00,23.00,0.00
1.00,1.00,0.00,60.00,0.00,0.00,21.00,0.00
1.00,1.00,1.00,66.00,0.00,0.00,24.00,0.00
0.00,1.00,1.00,58.00,0.00,0.00,21.00,0.00
0.00,0.00,1.00,44.00,0.00,0.00,15.00,0.00
0.00,0.00,0.00,39.00,0.00,0.00,14.00,0.00
1.00,1.00,1.00,41.00,0.00,0.00,15.00,0.00
1.00,1.00,1.00,33.00,0.00,0.00,12.00,0.00
0.00,2.00,2.00,43.00,1.00,0.00,15.00,0.00
1.00,2.00,1.00,51.00,0.00,0.00,18.00,0.00
1.00,1.00,1.00,68.00,1.00,0.00,24.00,0.00
2.00,0.00,0.00,66.00,1.00,0.00,23.00,0.00
1.00,1.00,1.00,78.00,0.00,0.00,27.00,0.00
2.00,1.00,1.00,114.00,0.00,0.00,39.00,0.00
1.00,1.00,3.00,111.00,0.00,0.00,37.00,0.00
0.00,1.00,13.00,82.00,0.00,0.00,27.00,0.00
1.00,1.00,45.00,128.00,0.00,0.00,43.00,0.00
1.00,1.00,128.00,128.00,1.00,0.00,74.00,0.00
1.00,0.00,128.00,55.00,0.00,0.00,44.00,0.00
0.00,1.00,120.00,29.00,0.00,0.00,35.00,0.00
1.00,0.00,79.00,9.00,0.00,0.00,22.00,0.00
1.00,1.00,16.00,3.00,0.00,0.00,4.00,0.00
1.00,1.00,86.00,1.00,0.00,0.00,24.00,0.00
1.00,1.00,105.00,2.00,0.00,0.00,29.00,0.00
1.00,0.00,93.00,1.00,0.00,0.00,25.00,0.00
0.00,1.00,95.00,0.00,0.00,0.00,25.00,0.00
1.00,0.00,67.00,3.00,0.00,0.00,19.00,0.00
0.00,0.00,56.00,1.00,0.00,0.00,16.00,0.00
0.00,0.00,24.00,5.00,0.00,0.00,6.00,0.00
1.00,0.00,92.00,5.00,0.00,0.00,25.00,0.00
1.00,2.00,128.00,3.00,0.00,0.00,39.00,0.00
1.00,1.00,128.00,2.00,0.00,0.00,39.00,0.00
1.00,1.00,128.00,4.00,0.00,0.00,46.00,0.00
1.00,2.00,128.00,4.00,1.00,0.00,50.00,0.00
1.00,1.00,128.00,2.00,0.00,0.00,47.00,0.00
1.00,1.00,128.00,3.00,0.00,0.00,37.00,0.00
1.00,1.00,128.00,4.00,0.00,0.00,40.00,0.00
2.00,1.00,128.00,2.00,0.00,0.00,47.00,0.00
0.00,1.00,128.00,6.00,0.00,0.00,38.00,0.00
1.00,1.00,34.00,3.00,1.00,0.00,10.00,0.00
0.00,1.00,128.00,10.00,1.00,0.00,55.00,0.00
2.00,1.00,128.00,65.00,0.00,0.00,81.00,0.00
3.00,2.00,128.00,128.00,2.00,0.00,93.00,0.00
0.00,0.00,128.00,128.00,1.00,0.00,95.00,0.00
0.00,1.00,19.00,93.00,0.00,0.00,32.00,0.00
0.00,1.00,5.00,75.00,0.00,0.00,26.00,0.00
1.00,1.00,4.00,55.00,1.00,0.00,20.00,0.00
1.00,1.00,2.00,128.00,1.00,0.00,69.00,0.00
0.00,1.00,2.00,128.00,1.00,0.00,67.00,0.00
1.00,1.00,2.00,128.00,1.00,0.00,64.00,0.00
0.00,0.00,1.00,79.00,0.00,0.00,32.00,0.00
0.00,1.00,1.00,67.00,1.00,0.00,27.00,0.00
1.00,1.00,1.00,22.00,0.00,0.00,9.00,0.00
0.00,0.00,0.00,15.00,0.00,0.00,6.00,0.00
0.00,0.00,0.00,6.00,0.00,0.00,2.00,0.00
0.00,0.00,0.00,5.00,0.00,0.00,2.00,0.00
0.00,0.00,0.00,36.00,0.00,0.00,12.00,0.00
1.00,1.00,1.00,62.00,1.00,0.00,22.00,0.00
1.00,1.00,1.00,50.00,0.00,0.00,18.00,0.00
1.00,0.00,0.00,30.00,0.00,0.00,11.00,0.00
1.00,0.00,2.00,35.00,1.00,0.00,12.00,0.00
1.00,1.00,1.00,28.00,1.00,0.00,10.00,0.00
1.00,1.00,1.00,55.00,0.00,0.00,20.00,0.00
1.00,1.00,1.00,67.00,1.00,0.00,25.00,0.00
1.00,1.00,1.00,68.00,1.00,0.00,25.00,0.00
0.00,0.00,1.00,54.00,0.00,0.00,19.00,0.00
0.00,1.00,1.00,31.00,1.00,0.00,11.00,0.00
1.00,1.00,2.00,100.00,2.00,0.00,35.00,0.00
1.00,0.00,6.00,107.00,1.00,0.00,36.00,0.00
1.00,1.00,17.00,83.00,1.00,0.00,27.00,0.00
0.00,1.00,79.00,128.00,2.00,0.00,44.00,0.00
1.00,0.00,90.00,35.00,0.00,0.00,27.00,0.00
1.00,0.00,37.00,3.00,0.00,0.00,10.00,0.00
1.00,0.00,9.00,9.00,0.00,0.00,3.00,0.00
0.00,0.00,16.00,2.00,0.00,0.00,4.00,0.00
0.00,0.00,32.00,2.00,0.00,0.00,8.00,0.00
0.00,0.00,29.00,1.00,0.00,0.00,7.00,0.00
1.00,0.00,10.00,1.00,0.00,0.00,2.00,0.00
1.00,0.00,13.00,0.00,0.00,0.00,3.00,0.00
1.00,0.00,18.00,0.00,0.00,0.00,4.00,0.00
0.00,0.00,37.00,0.00,0.00,0.00,9.00,0.00
0.00,0.00,81.00,0.00,0.00,0.00,19.00,0.00
0.00,0.00,92.00,0.00,0.00,0.00,20.00,0.00
1.00,0.00,54.00,0.00,0.00,0.00,12.00,0.00
1.00,0.00,7.00,0.00,0.00,0.00,1.00,0.00
0.00,0.00,5.00,0.00,0.00,0.00,1.00,0.00
0.00,0.00,0.00,44.00,0.00,0.00,17.00,0.00
1.00,1.00,1.00,128.00,4.00,0.00,54.00,0.00
0.00,0.00,2.00,128.00,3.00,0.00,97.00,0.00
0.00,1.00,1.00,128.00,4.00,0.00,87.00,0.00
1.00,0.00,1.00,128.00,3.00,0.00,81.00,0.00
1.00,0.00,1.00,128.00,1.00,0.00,79.00,0.00
0.00,1.00,1.00,128.00,1.00,0.00,81.00,0.00
1.00,0.00,1.00,128.00,1.00,0.00,80.00,0.00
0.00,0.00,1.00,128.00,1.00,0.00,80.00,0.00
1.00,1.00,1.00,128.00,1.00,0.00,69.00,0.00
0.00,1.00,1.00,128.00,0.00,0.00,59.00,0.00
1.00,1.00,1.00,128.00,0.00,0.00,54.00,0.00
1.00,0.00,0.00,128.00,0.00,0.00,68.00,0.00
1.00,1.00,2.00,128.00,3.00,0.00,76.00,0.00
0.00,1.00,1.00,128.00,3.00,0.00,63.00,0.00
0.00,1.00,2.00,128.00,2.00,0.00,76.00,0.00
1.00,1.00,1.00,128.00,1.00,0.00,68.00,0.00
1.00,1.00,1.00,113.00,1.00,0.00,47.00,0.00
0.00,1.00,1.00,103.00,1.00,0.00,42.00,0.00
0.00,1.00,0.00,118.00,1.00,0.00,48.00,0.00
0.00,0.00,0.00,114.00,0.00,0.00,46.00,0.00
0.00,1.00,1.00,77.00,0.00,0.00,31.00,0.00
0.00,0.00,1.00,11.00,0.00,0.00,4.00,0.00
0.00,0.00,0.00,6.00,0.00,0.00,2.00,0.00
2.00,0.00,0.00,4.00,0.00,0.00,1.00,0.00
1.00,0.00,0.00,4.00,0.00,0.00,1.00,0.00
0.00,0.00,0.00,3.00,0.00,0.00,1.00,0.00
0.00,0.00,0.00,1.00,0.00,0.00,0.00,0.00
0.00,0.00,0.00,0.00,0.00,0.00,0.00,0.00
0.00,0.00,0.00,0.00,0.00,0.00,0.00,0.00
0.00,0.00,21.00,25.00,0.00,0.00,7.00,0.00
0.00,0.00,18.00,56.00,0.00,0.00,18.00,0.00
1.00,0.00,26.00,128.00,1.00,0.00,44.00,0.00
1.00,1.00,1.00,128.00,3.00,0.00,59.00,0.00
1.00,1.00,5.00,128.00,3.00,0.00,77.00,0.00
1.00,2.00,3.00,128.00,3.00,0.00,47.00,0.00
2.00,1.00,1.00,128.00,4.00,0.00,53.00,0.00
1.00,0.00,1.00,50.00,1.00,0.00,18.00,0.00
1.00,1.00,1.00,123.00,1.00,0.00,46.00,0.00
1.00,1.00,1.00,128.00,2.00,0.00,67.00,0.00
0.00,1.00,1.00,128.00,0.00,0.00,84.00,0.00
0.00,0.00,1.00,128.00,0.00,0.00,79.00,0.00
0.00,0.00,1.00,70.00,0.00,0.00,27.00,0.00
0.00,0.00,0.00,28.00,0.00,0.00,11.00,0.00
0.00,0.00,0.00,12.00,0.00,0.00,4.00,0.00
0.00,0.00,0.00,4.00,0.00,0.00,1.00,0.00
1.00,0.00,0.00,1.00,0.00,0.00,0.00,0.00
0.00,0.00,0.00,1.00,0.00,0.00,0.00,0.00
1.00,0.00,0.00,0.00,0.00,0.00,0.00,0.00
0.00,0.00,0.00,0.00,0.00,0.00,0.00,0.00
0.00,0.00,0.00,0.00,0.00,0.00,0.00,0.00
0.00,0.00,0.00,0.00,0.00,0.00,0.00,0.00
0.00,0.00,0.00,0.00,0.00,0.00,0.00,0.00
1.00,0.00,0.00,0.00,0.00,0.00,0.00,0.00
0.00,0.00,0.00,0.00,0.00,0.00,0.00,0.00
0.00,0.00,0.00,0.00,0.00,0.00,0.00,0.00
0.00,0.00,0.00,0.00,0.00,0.00,0.00,0.00
1.00,0.00,0.00,0.00,0.00,0.00,0.00,0.00
1.00,0.00,0.00,0.00,0.00,0.00,0.00,0.00
0.00,0.00,0.00,0.00,0.00,0.00,0.00,0.00
0.00,0.00,0.00,54.00,0.00,0.00,20.00,0.00
1.00,0.00,1.00,64.00,0.00,0.00,23.00,0.00
0.00,0.00,0.00,65.00,0.00,0.00,24.00,0.00
0.00,1.00,0.00,67.00,0.00,0.00,24.00,0.00
1.00,1.00,1.00,61.00,0.00,0.00,22.00,0.00
0.00,0.00,0.00,62.00,0.00,0.00,22.00,0.00
0.00,1.00,1.00,65.00,0.00,0.00,24.00,0.00
0.00,0.00,1.00,70.00,0.00,0.00,26.00,0.00
0.00,0.00,1.00,67.00,0.00,0.00,25.00,0.00
0.00,0.00,1.00,75.00,0.00,0.00,27.00,0.00
0.00,1.00,1.00,82.00,0.00,0.00,30.00,0.00
0.00,1.00,1.00,81.00,0.00,0.00,30.00,0.00
0.00,1.00,1.00,81.00,0.00,0.00,30.00,0.00
0.00,0.00,1.00,73.00,0.00,0.00,26.00,0.00
0.00,1.00,1.00,64.00,0.00,0.00,23.00,0.00
1.00,0.00,0.00,64.00,0.00,0.00,23.00,0.00
0.00,0.00,1.00,55.00,0.00,0.00,19.00,0.00
0.00,1.00,1.00,52.00,0.00,0.00,18.00,0.00
1.00,0.00,1.00,36.00,0.00,0.00,12.00,0.00
0.00,0.00,0.00,19.00,0.00,0.00,6.00,0.00
0.00,0.00,1.00,10.00,0.00,0.00,3.00,0.00
0.00,0.00,0.00,4.00,0.00,0.00,1.00,0.00
0.00,0.00,0.00,6.00,0.00,0.00,2.00,0.00
1.00,0.00,0.00,5.00,0.00,0.00,1.00,0.00
1.00,0.00,1.00,4.00,0.00,0.00,1.00,0.00
0.00,0.00,6.00,5.00,0.00,0.00,1.00,0.00
1.00,0.00,2.00,1.00,0.00,0.00,0.00,0.00
0.00,0.00,2.00,0.00,0.00,0.00,0.00,0.00
0.00,0.00,7.00,0.00,0.00,0.00,1.00,0.00
0.00,0.00,16.00,0.00,0.00,0.00,4.00,0.00
4.00,60.00,15.00,5.00,8.00,0.00,7.00,0.00
5.00,91.00,20.00,9.00,2.00,0.00,12.00,0.00
7.00,24.00,24.00,8.00,5.00,1.00,7.00,0.00
6.00,22.00,28.00,13.00,11.00,0.00,8.00,0.00
7.00,23.00,28.00,16.00,5.00,0.00,8.00,0.00
7.00,39.00,38.00,24.00,6.00,0.00,11.00,0.00
8.00,33.00,25.00,7.00,8.00,0.00,6.00,0.00
17.00,39.00,21.00,8.00,5.00,1.00,5.00,0.00
31.00,46.00,60.00,29.00,3.00,2.00,18.00,0.00
40.00,91.00,73.00,77.00,8.00,2.00,24.00,0.00
47.00,25.00,38.00,9.00,16.00,2.00,11.00,0.00
23.00,45.00,41.00,39.00,18.00,0.00,12.00,0.00
19.00,45.00,31.00,34.00,32.00,0.00,23.00,0.00
30.00,81.00,32.00,25.00,46.00,0.00,33.00,0.00
95.00,102.00,37.00,37.00,12.00,1.00,13.00,0.00
128.00,93.00,53.00,30.00,13.00,1.00,12.00,0.00
128.00,63.00,85.00,26.00,8.00,3.00,26.00,0.00
128.00,47.00,55.00,52.00,9.00,5.00,16.00,0.00
128.00,128.00,77.00,88.00,12.00,1.00,28.00,0.00
79.00,67.00,71.00,65.00,21.00,1.00,21.00,0.00
54.00,27.00,58.00,32.00,19.00,1.00,13.00,0.00
113.00,128.00,40.00,54.00,12.00,1.00,17.00,0.00
128.00,51.00,37.00,11.00,12.00,1.00,11.00,0.00
41.00,26.00,32.00,17.00,12.00,3.00,11.00,0.00
42.00,21.00,28.00,24.00,15.00,2.00,11.00,0.00
24.00,11.00,9.00,17.00,8.00,1.00,7.00,0.00
7.00,26.00,25.00,19.00,4.00,1.00,6.00,0.00
14.00,9.00,21.00,14.00,4.00,0.00,4.00,0.00
14.00,9.00,9.00,5.00,3.00,0.00,2.00,0.00
2.00,5.00,7.00,4.00,1.00,0.00,2.00,0.00
16.00,16.00,15.00,10.00,1.00,0.00,4.00,0.00
16.00,15.00,3.00,3.00,0.00,0.00,1.00,0.00
8.00,9.00,3.00,2.00,0.00,0.00,0.00,0.00
8.00,5.00,3.00,3.00,3.00,0.00,2.00,0.00
95.00,54.00,18.00,20.00,8.00,1.00,10.00,0.00
38.00,9.00,5.00,6.00,1.00,0.00,1.00,0.00
53.00,22.00,10.00,6.00,4.00,0.00,5.00,0.00
51.00,18.00,9.00,4.00,1.00,0.00,2.00,0.00
15.00,6.00,3.00,1.00,0.00,0.00,0.00,0.00
7.00,2.00,1.00,0.00,0.00,0.00,0.00,0.00
2.00,1.00,1.00,0.00,0.00,0.00,0.00,0.00
4.00,3.00,0.00,0.00,0.00,0.00,0.00,0.00
0.00,1.00,0.00,0.00,0.00,0.00,0.00,0.00
1.00,1.00,0.00,0.00,0.00,0.00,0.00,0.00
1.00,0.00,0.00,0.00,0.00,0.00,0.00,0.00
2.00,0.00,0.00,0.00,0.00,0.00,0.00,0.00
1.00,0.00,0.00,0.00,0.00,0.00,0.00,0.00
1.00,0.00,0.00,0.00,0.00,0.00,0.00,0.00
0.00,0.00,0.00,0.00,0.00,0.00,0.00,0.00
0.00,0.00,0.00,0.00,0.00,0.00,0.00,0.00
0.00,0.00,0.00,0.00,0.00,0.00,0.00,0.00
0.00,0.00,0.00,0.00,0.00,0.00,0.00,0.00
0.00,0.00,0.00,0.00,0.00,0.00,0.00,0.00
0.00,0.00,0.00,0.00,0.00,0.00,0.00,0.00
0.00,0.00,0.00,0.00,0.00,0.00,0.00,0.00
0.00,0.00,0.00,0.00,0.00,0.00,0.00,0.00
1.00,0.00,0.00,0.00,0.00,0.00,0.00,0.00
0.00,0.00,0.00,0.00,0.00,0.00,0.00,0.00
1.00,0.00,0.00,0.00,0.00,0.00,0.00,0.00
1.00,0.00,0.00,0.00,0.00,0.00,0.00,0.00
6.00,5.00,11.00,19.00,18.00,4.00,12.00,0.00
1.00,0.00,1.00,1.00,0.00,0.00,1.00,0.00
1.00,0.00,0.00,0.00,0.00,0.00,0.00,0.00
0.00,0.00,0.00,0.00,0.00,0.00,0.00,0.00
1.00,0.00,0.00,0.00,0.00,0.00,0.00,0.00
0.00,0.00,0.00,0.00,0.00,0.00,0.00,0.00
1.00,0.00,0.00,0.00,0.00,0.00,0.00,0.00
0.00,0.00,0.00,0.00,0.00,0.00,0.00,0.00
0.00,0.00,0.00,0.00,0.00,0.00,0.00,0.00
0.00,0.00,0.00,0.00,0.00,0.00,0.00,0.00
0.00,0.00,0.00,0.00,0.00,0.00,0.00,0.00
0.00,0.00,0.00,0.00,0.00,0.00,0.00,0.00
1.00,0.00,0.00,0.00,0.00,0.00,0.00,0.00
1.00,0.00,0.00,0.00,0.00,0.00,0.00,0.00
0.00,0.00,0.00,0.00,0.00,0.00,0.00,0.00
0.00,0.00,0.00,0.00,0.00,0.00,0.00,0.00
0.00,0.00,0.00,0.00,0.00,0.00,0.00,0.00
0.00,0.00,0.00,0.00,0.00,0.00,0.00,0.00
0.00,0.00,0.00,0.00,0.00,0.00,0.00,0.00
0.00,0.00,0.00,0.00,0.00,0.00,0.00,0.00
1.00,0.00,0.00,0.00,0.00,0.00,0.00,0.00
0.00,0.00,0.00,0.00,0.00,0.00,0.00,0.00
0.00,0.00,0.00,0.00,0.00,0.00,0.00,0.00
0.00,0.00,0.00,0.00,0.00,0.00,0.00,0.00
0.00,0.00,0.00,0.00,0.00,0.00,0.00,0.00
1.00,0.00,0.00,0.00,0.00,0.00,0.00,0.00
0.00,0.00,0.00,0.00,0.00,0.00,0.00,0.00
1.00,0.00,0.00,0.00,0.00,0.00,0.00,0.00
0.00,0.00,0.00,0.00,0.00,0.00,0.00,0.00
0.00,0.00,0.00,0.00,0.00,0.00,0.00,0.00
23.00,14.00,17.00,15.00,12.00,2.00,10.00,0.00
1.00,0.00,0.00,5.00,2.00,1.00,3.00,0.00
0.00,0.00,0.00,2.00,1.00,0.00,1.00,0.00
0.00,0.00,0.00,1.00,0.00,0.00,1.00,0.00
1.00,0.00,0.00,0.00,0.00,0.00,0.00,0.00
0.00,0.00,0.00,0.00,0.00,0.00,0.00,0.00
0.00,0.00,0.00,0.00,0.00,0.00,0.00,0.00
0.00,0.00,0.00,0.00,0.00,0.00,0.00,0.00
1.00,0.00,0.00,0.00,0.00,0.00,0.00,0.00
1.00,0.00,0.00,0.00,0.00,0.00,0.00,0.00
1.00,0.00,0.00,0.00,0.00,0.00,0.00,0.00
1.00,0.00,0.00,0.00,0.00,0.00,0.00,0.00
1.00,0.00,0.00,0.00,0.00,0.00,0.00,0.00
0.00,0.00,0.00,0.00,0.00,0.00,0.00,0.00
0.00,0.00,0.00,0.00,0.00,0.00,0.00,0.00
0.00,0.00,0.00,0.00,0.00,0.00,0.00,0.00
0.00,0.00,0.00,0.00,0.00,0.00,0.00,0.00
0.00,0.00,0.00,0.00,0.00,0.00,0.00,0.00
0.00,0.00,0.00,0.00,0.00,0.00,0.00,0.00
0.00,0.00,0.00,0.00,0.00,0.00,0.00,0.00
0.00,0.00,0.00,0.00,0.00,0.00,0.00,0.00
0.00,0.00,0.00,0.00,0.00,0.00,0.00,0.00
0.00,0.00,0.00,0.00,0.00,0.00,0.00,0.00
1.00,0.00,0.00,0.00,0.00,0.00,0.00,0.00
0.00,0.00,0.00,0.00,0.00,0.00,0.00,0.00
0.00,0.00,0.00,0.00,0.00,0.00,0.00,0.00
0.00,0.00,0.00,0.00,0.00,0.00,0.00,0.00
0.00,0.00,0.00,0.00,0.00,0.00,0.00,0.00
0.00,0.00,0.00,0.00,0.00,0.00,0.00,0.00
1.00,0.00,0.00,0.00,0.00,0.00,0.00,0.00
1.00,0.00,3.00,14.00,18.00,19.00,25.00,0.00
1.00,0.00,0.00,3.00,6.00,2.00,5.00,0.00
0.00,0.00,0.00,2.00,1.00,1.00,1.00,0.00
0.00,0.00,0.00,1.00,1.00,0.00,1.00,0.00
0.00,0.00,0.00,0.00,1.00,0.00,0.00,0.00
0.00,0.00,0.00,0.00,0.00,0.00,0.00,0.00
0.00,0.00,0.00,0.00,0.00,0.00,0.00,0.00
0.00,0.00,0.00,0.00,0.00,0.00,0.00,0.00
1.00,0.00,0.00,0.00,0.00,0.00,0.00,0.00
0.00,0.00,0.00,0.00,0.00,0.00,0.00,0.00
0.00,0.00,0.00,0.00,0.00,0.00,0.00,0.00
1.00,0.00,0.00,0.00,0.00,0.00,0.00,0.00
0.00,0.00,0.00,0.00,0.00,0.00,0.00,0.00
5.00,3.00,4.00,12.00,9.00,3.00,9.00,0.00
0.00,0.00,0.00,1.00,0.00,0.00,1.00,0.00
0.00,0.00,0.00,0.00,0.00,0.00,0.00,0.00
1.00,0.00,0.00,0.00,0.00,0.00,0.00,0.00
1.00,0.00,0.00,0.00,0.00,0.00,0.00,0.00
0.00,0.00,0.00,0.00,0.00,0.00,0.00,0.00
0.00,0.00,0.00,0.00,0.00,0.00,0.00,0.00
0.00,0.00,0.00,0.00,0.00,0.00,0.00,0.00
1.00,0.00,0.00,0.00,0.00,0.00,0.00,0.00
0.00,0.00,0.00,0.00,0.00,0.00,0.00,0.00
1.00,0.00,0.00,0.00,0.00,0.00,0.00,0.00
1.00,0.00,0.00,0.00,0.00,0.00,0.00,0.00
1.00,0.00,0.00,0.00,0.00,0.00,0.00,0.00
0.00,0.00,0.00,0.00,0.00,0.00,0.00,0.00
1.00,0.00,0.00,0.00,0.00,0.00,0.00,0.00
0.00,0.00,0.00,0.00,0.00,0.00,0.00,0.00
0.00,0.00,0.00,0.00,0.00,0.00,0.00,0.00
10.00,7.00,9.00,46.00,56.00,31.00,56.00,0.00
1.00,0.00,0.00,2.00,3.00,3.00,2.00,0.00
1.00,0.00,0.00,1.00,3.00,0.00,2.00,0.00
0.00,0.00,0.00,1.00,1.00,0.00,1.00,0.00
1.00,0.00,0.00,1.00,0.00,0.00,0.00,0.00
0.00,0.00,0.00,0.00,0.00,0.00,0.00,0.00
0.00,0.00,0.00,0.00,0.00,0.00,0.00,0.00
1.00,0.00,0.00,0.00,0.00,0.00,0.00,0.00
0.00,0.00,1.00,1.00,0.00,0.00,0.00,0.00
0.00,0.00,0.00,0.00,0.00,0.00,0.00,0.00
0.00,0.00,0.00,0.00,0.00,0.00,0.00,0.00
1.00,0.00,0.00,0.00,0.00,0.00,0.00,0.00
0.00,0.00,0.00,0.00,0.00,0.00,0.00,0.00
4.00,1.00,0.00,0.00,0.00,0.00,0.00,0.00
1.00,1.00,0.00,1.00,0.00,0.00,0.00,0.00
1.00,0.00,0.00,0.00,0.00,0.00,0.00,0.00
0.00,0.00,0.00,0.00,0.00,0.00,0.00,0.00
1.00,0.00,0.00,0.00,0.00,0.00,0.00,0.00
0.00,0.00,0.00,0.00,0.00,0.00,0.00,0.00
0.00,0.00,0.00,0.00,0.00,0.00,0.00,0.00
1.00,0.00,0.00,0.00,0.00,0.00,0.00,0.00
0.00,0.00,0.00,0.00,0.00,0.00,0.00,0.00
1.00,0.00,0.00,0.00,0.00,0.00,0.00,0.00
0.00,0.00,0.00,0.00,0.00,0.00,0.00,0.00
1.00,0.00,0.00,0.00,0.00,0.00,0.00,0.00
1.00,0.00,0.00,0.00,0.00,0.00,0.00,0.00
0.00,0.00,0.00,0.00,0.00,0.00,0.00,0.00
1.00,0.00,0.00,0.00,0.00,0.00,0.00,0.00
0.00,0.00,0.00,0.00,0.00,0.00,0.00,0.00
0.00,0.00,0.00,0.00,0.00,0.00,0.00,0.00
2.00,2.00,3.00,15.00,16.00,8.00,11.00,0.00
2.00,1.00,0.00,5.00,7.00,3.00,6.00,0.00
0.00,0.00,0.00,4.00,5.00,1.00,4.00,0.00
0.00,0.00,0.00,1.00,1.00,0.00,1.00,0.00
0.00,0.00,0.00,0.00,0.00,0.00,0.00,0.00
1.00,0.00,0.00,0.00,0.00,0.00,0.00,0.00
1.00,0.00,0.00,0.00,0.00,0.00,0.00,0.00
0.00,0.00,0.00,0.00,0.00,0.00,0.00,0.00
0.00,0.00,0.00,0.00,0.00,0.00,0.00,0.00
1.00,0.00,0.00,0.00,0.00,0.00,0.00,0.00
0.00,0.00,0.00,0.00,0.00,0.00,0.00,0.00
0.00,0.00,0.00,0.00,0.00,0.00,0.00,0.00
1.00,0.00,0.00,0.00,0.00,0.00,0.00,0.00
0.00,0.00,0.00,0.00,0.00,0.00,0.00,0.00
1.00,0.00,0.00,0.00,0.00,0.00,0.00,0.00
0.00,0.00,0.00,0.00,0.00,0.00,0.00,0.00
1.00,0.00,0.00,0.00,0.00,0.00,0.00,0.00
0.00,0.00,0.00,0.00,0.00,0.00,0.00,0.00
0.00,0.00,0.00,0.00,0.00,0.00,0.00,0.00
0.00,0.00,0.00,0.00,0.00,0.00,0.00,0.00
0.00,0.00,0.00,0.00,0.00,0.00,0.00,0.00
1.00,0.00,0.00,0.00,0.00,0.00,0.00,0.00
0.00,0.00,0.00,0.00,0.00,0.00,0.00,0.00
0.00,0.00,0.00,0.00,0.00,0.00,0.00,0.00
0.00,0.00,0.00,0.00,0.00,0.00,0.00,0.00
1.00,0.00,0.00,0.00,0.00,0.00,0.00,0.00
1.00,0.00,0.00,0.00,0.00,0.00,0.00,0.00
1.00,0.00,0.00,0.00,0.00,0.00,0.00,0.00
0.00,0.00,0.00,0.00,0.00,0.00,0.00,0.00
0.00,0.00,0.00,0.00,0.00,0.00,0.00,0.00
8.00,6.00,10.00,29.00,20.00,1.00,18.00,0.00
1.00,0.00,0.00,3.00,0.00,0.00,2.00,0.00
0.00,0.00,0.00,0.00,0.00,0.00,0.00,0.00
0.00,0.00,0.00,0.00,0.00,0.00,0.00,0.00
0.00,0.00,0.00,0.00,0.00,0.00,0.00,0.00
1.00,0.00,0.00,0.00,0.00,0.00,0.00,0.00
0.00,0.00,0.00,0.00,0.00,0.00,0.00,0.00
0.00,0.00,0.00,0.00,0.00,0.00,0.00,0.00
0.00,0.00,0.00,0.00,0.00,0.00,0.00,0.00
0.00,0.00,0.00,0.00,0.00,0.00,0.00,0.00
1.00,0.00,0.00,0.00,0.00,0.00,0.00,0.00
0.00,0.00,0.00,0.00,0.00,0.00,0.00,0.00
0.00,0.00,0.00,0.00,0.00,0.00,0.00,0.00
1.00,0.00,0.00,0.00,0.00,0.00,0.00,0.00
0.00,0.00,0.00,0.00,0.00,0.00,0.00,0.00
0.00,0.00,0.00,0.00,0.00,0.00,0.00,0.00
1.00,0.00,0.00,0.00,0.00,0.00,0.00,0.00
0.00,0.00,0.00,0.00,0.00,0.00,0.00,0.00
0.00,0.00,0.00,0.00,0.00,0.00,0.00,0.00
0.00,0.00,0.00,0.00,0.00,0.00,0.00,0.00
1.00,0.00,0.00,0.00,0.00,0.00,0.00,0.00
1.00,0.00,0.00,0.00,0.00,0.00,0.00,0.00
0.00,0.00,0.00,0.00,0.00,0.00,0.00,0.00
0.00,0.00,0.00,0.00,0.00,0.00,0.00,0.00
0.00,0.00,0.00,0.00,0.00,0.00,0.00,0.00
1.00,0.00,0.00,0.00,0.00,0.00,0.00,0.00
0.00,0.00,0.00,0.00,0.00,0.00,0.00,0.00
0.00,0.00,0.00,0.00,0.00,0.00,0.00,0.00
0.00,0.00,0.00,0.00,0.00,0.00,0.00,0.00
0.00,0.00,0.00,0.00,0.00,0.00,0.00,0.00
8.00,7.00,24.00,5.00,1.00,0.00,5.00,0.00
13.00,16.00,52.00,8.00,2.00,0.00,11.00,0.00
17.00,20.00,64.00,10.00,1.00,0.00,12.00,0.00
22.00,29.00,66.00,13.00,1.00,0.00,12.00,0.00
22.00,34.00,85.00,9.00,2.00,0.00,15.00,0.00
21.00,27.00,80.00,12.00,1.00,0.00,14.00,0.00
20.00,21.00,72.00,10.00,1.00,0.00,13.00,0.00
21.00,24.00,61.00,12.00,1.00,0.00,11.00,0.00
19.00,25.00,62.00,12.00,1.00,0.00,11.00,0.00
14.00,15.00,42.00,11.00,2.00,0.00,9.00,0.00
5.00,7.00,18.00,3.00,0.00,0.00,4.00,0.00
1.00,1.00,2.00,1.00,0.00,0.00,0.00,0.00
1.00,0.00,1.00,0.00,0.00,0.00,0.00,0.00
2.00,1.00,1.00,0.00,0.00,0.00,0.00,0.00
0.00,0.00,0.00,0.00,0.00,0.00,0.00,0.00
1.00,0.00,0.00,0.00,0.00,0.00,0.00,0.00
0.00,0.00,0.00,0.00,0.00,0.00,0.00,0.00
0.00,0.00,0.00,0.00,0.00,0.00,0.00,0.00
0.00,0.00,0.00,0.00,0.00,0.00,0.00,0.00
0.00,0.00,0.00,0.00,0.00,0.00,0.00,0.00
0.00,0.00,0.00,0.00,0.00,0.00,0.00,0.00
1.00,0.00,0.00,0.00,0.00,0.00,0.00,0.00
0.00,0.00,0.00,0.00,0.00,0.00,0.00,0.00
0.00,0.00,0.00,0.00,0.00,0.00,0.00,0.00
0.00,0.00,0.00,0.00,0.00,0.00,0.00,0.00
0.00,0.00,0.00,0.00,0.00,0.00,0.00,0.00
0.00,0.00,0.00,0.00,0.00,0.00,0.00,0.00
0.00,0.00,0.00,0.00,0.00,0.00,0.00,0.00
0.00,0.00,0.00,0.00,0.00,0.00,0.00,0.00
0.00,0.00,0.00,0.00,0.00,0.00,0.00,0.00
16.00,17.00,16.00,1.00,1.00,0.00,2.00,0.00
14.00,13.00,21.00,0.00,1.00,0.00,3.00,0.00
19.00,23.00,31.00,0.00,1.00,0.00,5.00,0.00
17.00,24.00,34.00,0.00,1.00,0.00,6.00,0.00
19.00,28.00,44.00,0.00,1.00,0.00,8.00,0.00
21.00,20.00,38.00,1.00,1.00,0.00,7.00,0.00
26.00,24.00,40.00,1.00,1.00,0.00,7.00,0.00
20.00,23.00,38.00,1.00,1.00,0.00,7.00,0.00
19.00,23.00,32.00,0.00,1.00,0.00,5.00,0.00
17.00,18.00,24.00,0.00,0.00,0.00,4.00,0.00
13.00,10.00,18.00,0.00,0.00,0.00,3.00,0.00
12.00,9.00,17.00,0.00,0.00,0.00,2.00,0.00
17.00,17.00,7.00,0.00,0.00,0.00,1.00,0.00
8.00,3.00,1.00,0.00,0.00,0.00,0.00,0.00
1.00,2.00,1.00,0.00,0.00,0.00,0.00,0.00
1.00,1.00,3.00,0.00,0.00,0.00,0.00,0.00
0.00,1.00,2.00,1.00,0.00,0.00,0.00,0.00
0.00,2.00,3.00,1.00,0.00,0.00,0.00,0.00
0.00,3.00,3.00,2.00,0.00,0.00,0.00,0.00
1.00,2.00,3.00,2.00,0.00,0.00,1.00,0.00
0.00,2.00,7.00,2.00,0.00,0.00,1.00,0.00
0.00,1.00,9.00,0.00,0.00,0.00,2.00,0.00
1.00,0.00,6.00,0.00,0.00,0.00,1.00,0.00
0.00,1.00,6.00,0.00,0.00,0.00,1.00,0.00
0.00,0.00,2.00,0.00,0.00,0.00,0.00,0.00
0.00,0.00,2.00,0.00,0.00,0.00,0.00,0.00
0.00,0.00,0.00,0.00,0.00,0.00,0.00,0.00
1.00,0.00,0.00,0.00,0.00,0.00,0.00,0.00
0.00,0.00,0.00,0.00,0.00,0.00,0.00,0.00
1.00,0.00,0.00,0.00,0.00,0.00,0.00,0.00
17.00,21.00,11.00,5.00,1.00,0.00,3.00,0.00
23.00,20.00,8.00,1.00,0.00,0.00,2.00,0.00
25.00,32.00,14.00,5.00,1.00,0.00,3.00,0.00
24.00,46.00,18.00,4.00,2.00,0.00,5.00,0.00
22.00,58.00,16.00,5.00,1.00,0.00,6.00,0.00
21.00,58.00,18.00,4.00,1.00,0.00,6.00,0.00
20.00,50.00,18.00,4.00,2.00,0.00,5.00,0.00
20.00,44.00,19.00,4.00,1.00,0.00,5.00,0.00
21.00,39.00,18.00,3.00,2.00,0.00,5.00,0.00
22.00,34.00,18.00,4.00,2.00,0.00,4.00,0.00
20.00,27.00,16.00,4.00,1.00,0.00,4.00,0.00
15.00,17.00,18.00,3.00,1.00,0.00,4.00,0.00
14.00,22.00,8.00,1.00,1.00,0.00,2.00,0.00
3.00,7.00,2.00,0.00,0.00,0.00,0.00,0.00
3.00,5.00,2.00,0.00,0.00,0.00,0.00,0.00
0.00,1.00,0.00,0.00,0.00,0.00,0.00,0.00
0.00,0.00,0.00,0.00,0.00,0.00,0.00,0.00
0.00,0.00,0.00,0.00,0.00,0.00,0.00,0.00
1.00,0.00,0.00,0.00,0.00,0.00,0.00,0.00
0.00,0.00,0.00,0.00,0.00,0.00,0.00,0.00
0.00,0.00,0.00,0.00,0.00,0.00,0.00,0.00
0.00,0.00,0.00,0.00,0.00,0.00,0.00,0.00
0.00,0.00,0.00,0.00,0.00,0.00,0.00,0.00
0.00,0.00,0.00,0.00,0.00,0.00,0.00,0.00
0.00,0.00,0.00,0.00,0.00,0.00,0.00,0.00
0.00,0.00,0.00,0.00,0.00,0.00,0.00,0.00
0.00,0.00,0.00,0.00,0.00,0.00,0.00,0.00
1.00,0.00,0.00,0.00,0.00,0.00,0.00,0.00
0.00,0.00,0.00,0.00,0.00,0.00,0.00,0.00
0.00,0.00,0.00,0.00,0.00,0.00,0.00,0.00
21.00,7.00,1.00,3.00,6.00,0.00,5.00,0.00
24.00,8.00,0.00,2.00,5.00,0.00,4.00,0.00
24.00,7.00,1.00,2.00,6.00,0.00,4.00,0.00
27.00,8.00,1.00,2.00,5.00,0.00,4.00,0.00
27.00,9.00,0.00,1.00,3.00,0.00,3.00,0.00
25.00,9.00,1.00,1.00,5.00,0.00,4.00,0.00
24.00,9.00,1.00,1.00,5.00,0.00,4.00,0.00
22.00,9.00,0.00,1.00,4.00,0.00,3.00,0.00
20.00,8.00,1.00,1.00,3.00,0.00,2.00,0.00
18.00,6.00,0.00,1.00,3.00,0.00,3.00,0.00
16.00,4.00,0.00,1.00,3.00,0.00,2.00,0.00
11.00,3.00,0.00,1.00,3.00,0.00,2.00,0.00
13.00,3.00,0.00,0.00,0.00,0.00,0.00,0.00
12.00,2.00,0.00,0.00,0.00,0.00,0.00,0.00
4.00,0.00,0.00,0.00,0.00,0.00,0.00,0.00
2.00,0.00,0.00,0.00,0.00,0.00,0.00,0.00
1.00,0.00,0.00,0.00,0.00,0.00,0.00,0.00
1.00,0.00,0.00,0.00,0.00,0.00,0.00,0.00
0.00,0.00,0.00,0.00,0.00,0.00,0.00,0.00
0.00,0.00,0.00,0.00,0.00,0.00,0.00,0.00
0.00,0.00,0.00,0.00,0.00,0.00,0.00,0.00
1.00,0.00,0.00,0.00,0.00,0.00,0.00,0.00
0.00,0.00,0.00,0.00,0.00,0.00,0.00,0.00
0.00,0.00,0.00,0.00,0.00,0.00,0.00,0.00
0.00,0.00,0.00,0.00,0.00,0.00,0.00,0.00
0.00,0.00,0.00,0.00,0.00,0.00,0.00,0.00
0.00,0.00,0.00,0.00,0.00,0.00,0.00,0.00
0.00,0.00,0.00,0.00,0.00,0.00,0.00,0.00
0.00,0.00,0.00,0.00,0.00,0.00,0.00,0.00
0.00,0.00,0.00,0.00,0.00,0.00,0.00,0.00
22.00,9.00,8.00,0.00,0.00,0.00,1.00,0.00
24.00,14.00,7.00,0.00,0.00,0.00,1.00,0.00
25.00,15.00,5.00,0.00,0.00,0.00,1.00,0.00
27.00,17.00,5.00,0.00,0.00,0.00,1.00,0.00
27.00,19.00,5.00,0.00,0.00,0.00,1.00,0.00
29.00,19.00,5.00,0.00,0.00,0.00,1.00,0.00
28.00,20.00,5.00,0.00,0.00,0.00,1.00,0.00
29.00,21.00,6.00,0.00,0.00,0.00,1.00,0.00
29.00,22.00,5.00,0.00,0.00,0.00,1.00,0.00
27.00,22.00,5.00,0.00,0.00,0.00,1.00,0.00
24.00,20.00,4.00,0.00,0.00,0.00,1.00,0.00
24.00,15.00,4.00,0.00,0.00,0.00,1.00,0.00
20.00,12.00,4.00,0.00,0.00,0.00,1.00,0.00
19.00,8.00,1.00,0.00,0.00,0.00,1.00,0.00
16.00,7.00,1.00,0.00,0.00,0.00,1.00,0.00
2.00,1.00,0.00,0.00,0.00,0.00,0.00,0.00
0.00,0.00,0.00,0.00,0.00,0.00,0.00,0.00
1.00,0.00,0.00,0.00,0.00,0.00,0.00,0.00
0.00,0.00,0.00,0.00,0.00,0.00,0.00,0.00
0.00,0.00,0.00,0.00,0.00,0.00,0.00,0.00
0.00,0.00,0.00,0.00,0.00,0.00,0.00,0.00
0.00,0.00,0.00,0.00,0.00,0.00,0.00,0.00
0.00,0.00,0.00,0.00,0.00,0.00,0.00,0.00
0.00,0.00,0.00,0.00,0.00,0.00,0.00,0.00
0.00,0.00,0.00,0.00,0.00,0.00,0.00,0.00
1.00,0.00,0.00,0.00,0.00,0.00,0.00,0.00
0.00,0.00,0.00,0.00,0.00,0.00,0.00,0.00
0.00,0.00,0.00,0.00,0.00,0.00,0.00,0.00
0.00,0.00,0.00,0.00,0.00,0.00,0.00,0.00
0.00,0.00,0.00,0.00,0.00,0.00,0.00,0.00
28.00,7.00,1.00,2.00,1.00,0.00,1.00,0.00
35.00,7.00,0.00,3.00,1.00,0.00,2.00,0.00
42.00,8.00,1.00,4.00,1.00,0.00,2.00,0.00
45.00,7.00,0.00,5.00,2.00,0.00,2.00,0.00
45.00,7.00,1.00,3.00,2.00,0.00,2.00,0.00
43.00,7.00,1.00,5.00,1.00,0.00,3.00,0.00
41.00,10.00,1.00,4.00,1.00,0.00,2.00,0.00
40.00,12.00,1.00,4.00,1.00,0.00,2.00,0.00
35.00,10.00,1.00,6.00,1.00,0.00,2.00,0.00
32.00,11.00,1.00,5.00,1.00,0.00,2.00,0.00
25.00,11.00,1.00,3.00,0.00,0.00,1.00,0.00
17.00,8.00,0.00,5.00,0.00,0.00,2.00,0.00
15.00,2.00,0.00,3.00,0.00,0.00,1.00,0.00
6.00,2.00,0.00,0.00,0.00,0.00,0.00,0.00
4.00,0.00,0.00,0.00,0.00,0.00,0.00,0.00
1.00,0.00,0.00,0.00,0.00,0.00,0.00,0.00
1.00,0.00,0.00,0.00,0.00,0.00,0.00,0.00
1.00,0.00,0.00,0.00,0.00,0.00,0.00,0.00
0.00,0.00,0.00,0.00,0.00,0.00,0.00,0.00
1.00,0.00,0.00,0.00,0.00,0.00,0.00,0.00
0.00,0.00,0.00,0.00,0.00,0.00,0.00,0.00
0.00,0.00,0.00,0.00,0.00,0.00,0.00,0.00
0.00,0.00,0.00,0.00,0.00,0.00,0.00,0.00
0.00,0.00,0.00,0.00,0.00,0.00,0.00,0.00
0.00,0.00,0.00,0.00,0.00,0.00,0.00,0.00
1.00,0.00,0.00,0.00,0.00,0.00,0.00,0.00
0.00,0.00,0.00,0.00,0.00,0.00,0.00,0.00
0.00,0.00,0.00,0.00,0.00,0.00,0.00,0.00
0.00,0.00,0.00,0.00,0.00,0.00,0.00,0.00
1.00,0.00,0.00,0.00,0.00,0.00,0.00,0.00
18.00,15.00,10.00,0.00,0.00,0.00,1.00,0.00
20.00,39.00,56.00,1.00,1.00,0.00,10.00,0.00
25.00,51.00,50.00,1.00,0.00,0.00,9.00,0.00
23.00,55.00,51.00,1.00,1.00,0.00,9.00,0.00
23.00,67.00,40.00,2.00,1.00,0.00,7.00,0.00
24.00,63.00,37.00,2.00,1.00,0.00,7.00,0.00
21.00,47.00,36.00,2.00,1.00,0.00,8.00,0.00
20.00,34.00,39.00,1.00,0.00,0.00,8.00,0.00
18.00,20.00,32.00,1.00,0.00,0.00,6.00,0.00
17.00,14.00,37.00,1.00,0.00,0.00,7.00,0.00
12.00,14.00,27.00,0.00,0.00,0.00,6.00,0.00
4.00,9.00,4.00,0.00,0.00,0.00,1.00,0.00
2.00,4.00,3.00,0.00,0.00,0.00,0.00,0.00
1.00,1.00,0.00,0.00,0.00,0.00,0.00,0.00
0.00,0.00,0.00,0.00,0.00,0.00,0.00,0.00
0.00,0.00,0.00,0.00,0.00,0.00,0.00,0.00
1.00,0.00,0.00,0.00,0.00,0.00,0.00,0.00
0.00,0.00,0.00,0.00,0.00,0.00,0.00,0.00
0.00,0.00,0.00,0.00,0.00,0.00,0.00,0.00
1.00,0.00,0.00,0.00,0.00,0.00,0.00,0.00
0.00,0.00,0.00,0.00,0.00,0.00,0.00,0.00
0.00,0.00,0.00,0.00,0.00,0.00,0.00,0.00
0.00,0.00,0.00,0.00,0.00,0.00,0.00,0.00
0.00,0.00,0.00,0.00,0.00,0.00,0.00,0.00
1.00,0.00,0.00,0.00,0.00,0.00,0.00,0.00
1.00,0.00,0.00,0.00,0.00,0.00,0.00,0.00
0.00,0.00,0.00,0.00,0.00,0.00,0.00,0.00
0.00,0.00,0.00,0.00,0.00,0.00,0.00,0.00
0.00,0.00,0.00,0.00,0.00,0.00,0.00,0.00
0.00,0.00,0.00,0.00,0.00,0.00,0.00,0.00
22.00,22.00,29.00,2.00,1.00,0.00,6.00,0.00
23.00,40.00,54.00,5.00,2.00,0.00,12.00,0.00
22.00,44.00,58.00,3.00,1.00,0.00,13.00,0.00
23.00,45.00,61.00,3.00,1.00,0.00,13.00,0.00
20.00,45.00,59.00,2.00,1.00,0.00,13.00,0.00
21.00,40.00,56.00,1.00,1.00,0.00,12.00,0.00
20.00,35.00,49.00,1.00,0.00,0.00,11.00,0.00
16.00,27.00,30.00,1.00,0.00,0.00,6.00,0.00
14.00,28.00,24.00,1.00,1.00,0.00,5.00,0.00
13.00,13.00,22.00,1.00,0.00,0.00,5.00,0.00
11.00,8.00,14.00,0.00,0.00,0.00,3.00,0.00
8.00,5.00,7.00,1.00,0.00,0.00,1.00,0.00
1.00,1.00,2.00,0.00,0.00,0.00,0.00,0.00
2.00,0.00,0.00,0.00,0.00,0.00,0.00,0.00
0.00,0.00,0.00,0.00,0.00,0.00,0.00,0.00
1.00,0.00,0.00,0.00,0.00,0.00,0.00,0.00
1.00,0.00,0.00,0.00,0.00,0.00,0.00,0.00
0.00,0.00,0.00,0.00,0.00,0.00,0.00,0.00
0.00,0.00,0.00,0.00,0.00,0.00,0.00,0.00
0.00,0.00,0.00,0.00,0.00,0.00,0.00,0.00
1.00,0.00,0.00,0.00,0.00,0.00,0.00,0.00
1.00,0.00,0.00,0.00,0.00,0.00,0.00,0.00
0.00,0.00,0.00,0.00,0.00,0.00,0.00,0.00
0.00,0.00,0.00,0.00,0.00,0.00,0.00,0.00
1.00,0.00,0.00,0.00,0.00,0.00,0.00,0.00
0.00,0.00,0.00,0.00,0.00,0.00,0.00,0.00
0.00,0.00,0.00,0.00,0.00,0.00,0.00,0.00
1.00,0.00,0.00,0.00,0.00,0.00,0.00,0.00
0.00,0.00,0.00,0.00,0.00,0.00,0.00,0.00
0.00,0.00,0.00,0.00,0.00,0.00,0.00,0.00
38.00,24.00,24.00,1.00,2.00,0.00,5.00,0.00
41.00,18.00,38.00,2.00,1.00,0.00,9.00,0.00
40.00,21.00,34.00,3.00,1.00,0.00,8.00,0.00
38.00,23.00,34.00,4.00,2.00,0.00,8.00,0.00
32.00,27.00,43.00,3.00,1.00,0.00,9.00,0.00
26.00,25.00,44.00,3.00,1.00,0.00,10.00,0.00
25.00,27.00,55.00,2.00,1.00,0.00,12.00,0.00
30.00,25.00,64.00,1.00,2.00,0.00,14.00,0.00
27.00,20.00,52.00,2.00,1.00,0.00,12.00,0.00
26.00,15.00,38.00,2.00,1.00,0.00,8.00,0.00
21.00,11.00,25.00,2.00,1.00,0.00,5.00,0.00
18.00,9.00,7.00,0.00,0.00,0.00,1.00,0.00
6.00,2.00,3.00,0.00,0.00,0.00,0.00,0.00
2.00,1.00,1.00,0.00,0.00,0.00,0.00,0.00
3.00,0.00,0.00,0.00,0.00,0.00,0.00,0.00
1.00,0.00,0.00,0.00,0.00,0.00,0.00,0.00
1.00,0.00,0.00,0.00,0.00,0.00,0.00,0.00
0.00,0.00,0.00,0.00,0.00,0.00,0.00,0.00
0.00,0.00,0.00,0.00,0.00,0.00,0.00,0.00
1.00,0.00,0.00,0.00,0.00,0.00,0.00,0.00
0.00,0.00,0.00,0.00,0.00,0.00,0.00,0.00
1.00,0.00,0.00,0.00,0.00,0.00,0.00,0.00
0.00,0.00,0.00,0.00,0.00,0.00,0.00,0.00
0.00,0.00,0.00,0.00,0.00,0.00,0.00,0.00
0.00,0.00,0.00,0.00,0.00,0.00,0.00,0.00
0.00,0.00,0.00,0.00,0.00,0.00,0.00,0.00
0.00,0.00,0.00,0.00,0.00,0.00,0.00,0.00
0.00,0.00,0.00,0.00,0.00,0.00,0.00,0.00
0.00,0.00,0.00,0.00,0.00,0.00,0.00,0.00
0.00,0.00,0.00,0.00,0.00,0.00,0.00,0.00
22.00,20.00,35.00,14.00,2.00,0.00,8.00,0.00
16.00,16.00,43.00,38.00,3.00,0.00,13.00,0.00
3.00,16.00,55.00,10.00,3.00,0.00,13.00,0.00
9.00,27.00,50.00,29.00,2.00,0.00,9.00,0.00
20.00,25.00,27.00,17.00,4.00,0.00,6.00,0.00
12.00,18.00,40.00,11.00,2.00,0.00,7.00,0.00
13.00,8.00,9.00,13.00,2.00,0.00,7.00,0.00
5.00,10.00,25.00,10.00,2.00,0.00,6.00,0.00
9.00,4.00,20.00,14.00,2.00,0.00,7.00,0.00
18.00,9.00,6.00,8.00,2.00,0.00,4.00,0.00
19.00,5.00,7.00,6.00,2.00,1.00,4.00,0.00
13.00,3.00,4.00,9.00,7.00,0.00,6.00,0.00
9.00,2.00,1.00,7.00,6.00,0.00,4.00,0.00
1.00,3.00,3.00,3.00,5.00,0.00,3.00,0.00
1.00,0.00,0.00,3.00,4.00,0.00,4.00,0.00
0.00,1.00,0.00,4.00,2.00,0.00,2.00,0.00
1.00,0.00,0.00,1.00,2.00,0.00,1.00,0.00
3.00,1.00,1.00,1.00,1.00,0.00,1.00,0.00
1.00,0.00,0.00,2.00,3.00,0.00,2.00,0.00
1.00,0.00,1.00,1.00,1.00,0.00,1.00,0.00
1.00,0.00,0.00,0.00,1.00,0.00,1.00,0.00
0.00,0.00,0.00,0.00,1.00,0.00,0.00,0.00
1.00,0.00,0.00,0.00,1.00,0.00,1.00,0.00
0.00,0.00,0.00,1.00,0.00,0.00,0.00,0.00
1.00,0.00,0.00,0.00,0.00,0.00,0.00,0.00
1.00,0.00,0.00,0.00,0.00,0.00,0.00,0.00
0.00,0.00,0.00,0.00,0.00,0.00,0.00,0.00
0.00,0.00,0.00,0.00,0.00,0.00,0.00,0.00
0.00,0.00,0.00,0.00,0.00,0.00,0.00,0.00
0.00,0.00,0.00,0.00,0.00,0.00,0.00,0.00
39.00,20.00,3.00,2.00,0.00,0.00,2.00,0.00
14.00,8.00,10.00,1.00,0.00,0.00,1.00,0.00
49.00,11.00,2.00,1.00,0.00,0.00,2.00,0.00
8.00,2.00,2.00,0.00,0.00,0.00,0.00,0.00
20.00,4.00,2.00,0.00,0.00,0.00,1.00,0.00
2.00,2.00,0.00,0.00,0.00,0.00,0.00,0.00
2.00,1.00,0.00,0.00,0.00,0.00,0.00,0.00
1.00,0.00,0.00,0.00,0.00,0.00,0.00,0.00
3.00,0.00,0.00,0.00,0.00,0.00,0.00,0.00
1.00,0.00,0.00,0.00,0.00,0.00,0.00,0.00
1.00,0.00,0.00,0.00,0.00,0.00,0.00,0.00
0.00,0.00,0.00,0.00,0.00,0.00,0.00,0.00
0.00,0.00,0.00,0.00,0.00,0.00,0.00,0.00
0.00,0.00,0.00,0.00,0.00,0.00,0.00,0.00
0.00,0.00,0.00,0.00,0.00,0.00,0.00,0.00
0.00,0.00,0.00,0.00,0.00,0.00,0.00,0.00
0.00,0.00,0.00,0.00,0.00,0.00,0.00,0.00
1.00,0.00,0.00,0.00,0.00,0.00,0.00,0.00
0.00,0.00,0.00,0.00,0.00,0.00,0.00,0.00
0.00,0.00,0.00,0.00,0.00,0.00,0.00,0.00
0.00,0.00,0.00,0.00,0.00,0.00,0.00,0.00
0.00,0.00,0.00,0.00,0.00,0.00,0.00,0.00
1.00,0.00,0.00,0.00,0.00,0.00,0.00,0.00
0.00,0.00,0.00,0.00,0.00,0.00,0.00,0.00
1.00,0.00,0.00,0.00,0.00,0.00,0.00,0.00
1.00,0.00,0.00,0.00,0.00,0.00,0.00,0.00
0.00,0.00,0.00,0.00,0.00,0.00,0.00,0.00
1.00,0.00,0.00,0.00,0.00,0.00,0.00,0.00
0.00,0.00,0.00,0.00,0.00,0.00,0.00,0.00
0.00,0.00,0.00,0.00,0.00,0.00,0.00,0.00
38.00,19.00,13.00,9.00,0.00,0.00,2.00,0.00
15.00,22.00,11.00,4.00,0.00,0.00,2.00,0.00
6.00,6.00,7.00,1.00,0.00,0.00,1.00,0.00
3.00,1.00,2.00,0.00,0.00,0.00,0.00,0.00
4.00,2.00,1.00,0.00,0.00,0.00,0.00,0.00
2.00,1.00,1.00,0.00,0.00,0.00,0.00,0.00
2.00,1.00,0.00,0.00,0.00,0.00,0.00,0.00
0.00,0.00,0.00,0.00,0.00,0.00,0.00,0.00
0.00,0.00,0.00,0.00,0.00,0.00,0.00,0.00
0.00,0.00,0.00,0.00,0.00,0.00,0.00,0.00
0.00,0.00,0.00,0.00,0.00,0.00,0.00,0.00
1.00,0.00,0.00,0.00,0.00,0.00,0.00,0.00
1.00,0.00,0.00,0.00,0.00,0.00,0.00,0.00
0.00,0.00,0.00,0.00,0.00,0.00,0.00,0.00
0.00,0.00,0.00,0.00,0.00,0.00,0.00,0.00
0.00,0.00,0.00,0.00,0.00,0.00,0.00,0.00
61.00,30.00,18.00,8.00,0.00,0.00,3.00,0.00
15.00,30.00,8.00,2.00,0.00,0.00,2.00,0.00
2.00,4.00,4.00,0.00,0.00,0.00,1.00,0.00
3.00,2.00,2.00,0.00,0.00,0.00,0.00,0.00
2.00,1.00,1.00,0.00,0.00,0.00,0.00,0.00
2.00,1.00,0.00,0.00,0.00,0.00,0.00,0.00
2.00,1.00,0.00,0.00,0.00,0.00,0.00,0.00
1.00,0.00,0.00,0.00,0.00,0.00,0.00,0.00
0.00,0.00,0.00,0.00,0.00,0.00,0.00,0.00
0.00,0.00,0.00,0.00,0.00,0.00,0.00,0.00
0.00,0.00,0.00,0.00,0.00,0.00,0.00,0.00
0.00,0.00,0.00,0.00,0.00,0.00,0.00,0.00
0.00,0.00,0.00,0.00,0.00,0.00,0.00,0.00
1.00,0.00,0.00,0.00,0.00,0.00,0.00,0.00
63.00,60.00,34.00,17.00,2.00,0.00,8.00,0.00
9.00,16.00,11.00,3.00,0.00,0.00,2.00,0.00
4.00,2.00,3.00,0.00,0.00,0.00,0.00,0.00
1.00,4.00,3.00,0.00,0.00,0.00,0.00,0.00
3.00,2.00,1.00,0.00,0.00,0.00,0.00,0.00
2.00,1.00,0.00,0.00,0.00,0.00,0.00,0.00
1.00,1.00,0.00,0.00,0.00,0.00,0.00,0.00
1.00,1.00,0.00,0.00,0.00,0.00,0.00,0.00
1.00,0.00,0.00,0.00,0.00,0.00,0.00,0.00
0.00,0.00,0.00,0.00,0.00,0.00,0.00,0.00
0.00,0.00,0.00,0.00,0.00,0.00,0.00,0.00
1.00,0.00,0.00,0.00,0.00,0.00,0.00,0.00
1.00,0.00,0.00,0.00,0.00,0.00,0.00,0.00
1.00,0.00,0.00,0.00,0.00,0.00,0.00,0.00
1.00,0.00,0.00,0.00,0.00,0.00,0.00,0.00
0.00,0.00,0.00,0.00,0.00,0.00,0.00,0.00
31.00,39.00,19.00,10.00,0.00,0.00,4.00,0.00
24.00,33.00,18.00,6.00,0.00,0.00,3.00,0.00
15.00,12.00,3.00,1.00,0.00,0.00,1.00,0.00
5.00,4.00,2.00,0.00,0.00,0.00,0.00,0.00
8.00,1.00,1.00,0.00,0.00,0.00,0.00,0.00
4.00,1.00,0.00,0.00,0.00,0.00,0.00,0.00
1.00,1.00,0.00,0.00,0.00,0.00,0.00,0.00
0.00,0.00,0.00,0.00,0.00,0.00,0.00,0.00
0.00,0.00,0.00,0.00,0.00,0.00,0.00,0.00
0.00,0.00,0.00,0.00,0.00,0.00,0.00,0.00
1.00,0.00,0.00,0.00,0.00,0.00,0.00,0.00
1.00,0.00,0.00,0.00,0.00,0.00,0.00,0.00
0.00,0.00,0.00,0.00,0.00,0.00,0.00,0.00
1.00,0.00,0.00,0.00,0.00,0.00,0.00,0.00
45.00,56.00,23.00,12.00,3.00,0.00,5.00,0.00
17.00,16.00,13.00,2.00,0.00,0.00,2.00,0.00
7.00,9.00,4.00,1.00,0.00,0.00,1.00,0.00
6.00,8.00,2.00,1.00,0.00,0.00,0.00,0.00
6.00,4.00,2.00,0.00,0.00,0.00,0.00,0.00
2.00,1.00,1.00,0.00,0.00,0.00,0.00,0.00
1.00,1.00,0.00,0.00,0.00,0.00,0.00,0.00
1.00,0.00,0.00,0.00,0.00,0.00,0.00,0.00
1.00,1.00,0.00,0.00,0.00,0.00,0.00,0.00
1.00,0.00,0.00,0.00,0.00,0.00,0.00,0.00
1.00,0.00,0.00,0.00,0.00,0.00,0.00,0.00
1.00,0.00,0.00,0.00,0.00,0.00,0.00,0.00
1.00,0.00,0.00,0.00,0.00,0.00,0.00,0.00
0.00,0.00,0.00,0.00,0.00,0.00,0.00,0.00
0.00,0.00,0.00,0.00,0.00,0.00,0.00,0.00
1.00,0.00,0.00,0.00,0.00,0.00,0.00,0.00
59.00,30.00,41.00,22.00,2.00,0.00,10.00,0.00
13.00,34.00,21.00,10.00,2.00,0.00,6.00,0.00
6.00,23.00,6.00,3.00,0.00,0.00,2.00,0.00
3.00,7.00,6.00,2.00,0.00,0.00,1.00,0.00
3.00,2.00,2.00,0.00,0.00,0.00,0.00,0.00
1.00,1.00,1.00,0.00,0.00,0.00,0.00,0.00
1.00,0.00,0.00,0.00,0.00,0.00,0.00,0.00
3.00,0.00,0.00,0.00,0.00,0.00,0.00,0.00
1.00,0.00,0.00,0.00,0.00,0.00,0.00,0.00
1.00,0.00,0.00,0.00,0.00,0.00,0.00,0.00
0.00,0.00,0.00,0.00,0.00,0.00,0.00,0.00
1.00,0.00,0.00,0.00,0.00,0.00,0.00,0.00
0.00,0.00,0.00,0.00,0.00,0.00,0.00,0.00
1.00,0.00,0.00,0.00,0.00,0.00,0.00,0.00
2.00,50.00,55.00,12.00,1.00,0.00,15.00,0.00
12.00,51.00,128.00,28.00,3.00,1.00,43.00,0.00
29.00,37.00,111.00,50.00,30.00,3.00,33.00,0.00
29.00,66.00,128.00,55.00,26.00,7.00,54.00,0.00
20.00,97.00,61.00,37.00,18.00,2.00,20.00,0.00
16.00,73.00,39.00,20.00,6.00,1.00,11.00,0.00
15.00,29.00,52.00,10.00,5.00,1.00,15.00,0.00
5.00,31.00,64.00,17.00,1.00,1.00,18.00,0.00
5.00,12.00,100.00,36.00,16.00,3.00,28.00,0.00
9.00,46.00,128.00,48.00,18.00,2.00,43.00,0.00
14.00,67.00,128.00,47.00,32.00,9.00,46.00,0.00
26.00,40.00,128.00,67.00,29.00,13.00,74.00,0.00
12.00,25.00,100.00,47.00,22.00,11.00,32.00,0.00
15.00,26.00,59.00,50.00,20.00,7.00,25.00,0.00
8.00,18.00,15.00,9.00,3.00,1.00,5.00,0.00
11.00,60.00,10.00,14.00,8.00,1.00,9.00,0.00
18.00,14.00,128.00,44.00,10.00,5.00,43.00,0.00
13.00,25.00,44.00,19.00,14.00,3.00,14.00,0.00
2.00,6.00,6.00,1.00,1.00,0.00,1.00,0.00
3.00,2.00,2.00,0.00,1.00,0.00,1.00,0.00
1.00,1.00,1.00,0.00,0.00,0.00,0.00,0.00
0.00,0.00,0.00,0.00,0.00,0.00,0.00,0.00
0.00,1.00,0.00,0.00,0.00,0.00,0.00,0.00
1.00,0.00,0.00,0.00,0.00,0.00,0.00,0.00
0.00,0.00,0.00,0.00,0.00,0.00,0.00,0.00
0.00,0.00,0.00,0.00,0.00,0.00,0.00,0.00
0.00,0.00,0.00,0.00,0.00,0.00,0.00,0.00
0.00,0.00,0.00,0.00,0.00,0.00,0.00,0.00
1.00,0.00,0.00,0.00,0.00,0.00,0.00,0.00
1.00,0.00,0.00,0.00,0.00,0.00,0.00,0.00
9.00,16.00,10.00,6.00,1.00,0.00,3.00,0.00
16.00,53.00,36.00,16.00,3.00,0.00,11.00,0.00
36.00,128.00,37.00,63.00,3.00,0.00,22.00,0.00
38.00,125.00,78.00,48.00,2.00,0.00,23.00,0.00
27.00,98.00,83.00,75.00,4.00,0.00,26.00,0.00
23.00,116.00,128.00,94.00,5.00,1.00,40.00,0.00
24.00,92.00,89.00,117.00,5.00,1.00,37.00,0.00
16.00,99.00,62.00,67.00,2.00,1.00,25.00,0.00
40.00,85.00,102.00,49.00,1.00,1.00,19.00,0.00
28.00,29.00,39.00,26.00,3.00,1.00,10.00,0.00
25.00,44.00,31.00,24.00,3.00,0.00,13.00,0.00
15.00,14.00,33.00,21.00,5.00,1.00,11.00,0.00
5.00,10.00,13.00,13.00,6.00,0.00,8.00,0.00
3.00,13.00,10.00,20.00,3.00,0.00,13.00,0.00
1.00,7.00,5.00,8.00,5.00,0.00,5.00,0.00
2.00,10.00,6.00,5.00,2.00,0.00,3.00,0.00
0.00,4.00,2.00,4.00,2.00,0.00,2.00,0.00
0.00,4.00,1.00,2.00,0.00,0.00,1.00,0.00
1.00,1.00,0.00,0.00,0.00,0.00,0.00,0.00
1.00,1.00,0.00,0.00,0.00,0.00,0.00,0.00
0.00,0.00,0.00,0.00,0.00,0.00,0.00,0.00
0.00,0.00,0.00,1.00,2.00,0.00,1.00,0.00
0.00,0.00,0.00,0.00,0.00,0.00,0.00,0.00
1.00,0.00,0.00,0.00,0.00,0.00,0.00,0.00
0.00,0.00,0.00,0.00,0.00,0.00,0.00,0.00
2.00,0.00,0.00,0.00,0.00,0.00,0.00,0.00
0.00,0.00,0.00,0.00,0.00,0.00,0.00,0.00
1.00,0.00,0.00,0.00,0.00,0.00,0.00,0.00
1.00,0.00,0.00,0.00,0.00,0.00,0.00,0.00
0.00,0.00,0.00,0.00,0.00,0.00,0.00,0.00
35.00,76.00,5.00,17.00,4.00,0.00,7.00,0.00
46.00,105.00,4.00,23.00,17.00,1.00,15.00,0.00
37.00,87.00,5.00,22.00,23.00,1.00,21.00,0.00
42.00,69.00,3.00,8.00,10.00,1.00,8.00,0.00
37.00,56.00,1.00,5.00,6.00,0.00,5.00,0.00
19.00,15.00,3.00,2.00,3.00,0.00,2.00,0.00
13.00,12.00,4.00,5.00,20.00,1.00,15.00,0.00
19.00,13.00,2.00,4.00,10.00,0.00,7.00,0.00
27.00,17.00,2.00,3.00,13.00,0.00,9.00,0.00
35.00,5.00,1.00,3.00,4.00,0.00,3.00,0.00
35.00,8.00,1.00,2.00,1.00,0.00,1.00,0.00
35.00,8.00,0.00,1.00,0.00,0.00,2.00,0.00
31.00,3.00,0.00,0.00,0.00,0.00,1.00,0.00
18.00,7.00,1.00,1.00,0.00,0.00,1.00,0.00
5.00,4.00,1.00,1.00,0.00,0.00,0.00,0.00
11.00,12.00,1.00,1.00,0.00,0.00,1.00,0.00
8.00,5.00,1.00,2.00,0.00,0.00,0.00,0.00
4.00,2.00,2.00,1.00,0.00,0.00,0.00,0.00
5.00,4.00,5.00,2.00,0.00,0.00,1.00,0.00
5.00,2.00,4.00,2.00,0.00,0.00,1.00,0.00
1.00,1.00,3.00,0.00,0.00,0.00,0.00,0.00
2.00,1.00,2.00,0.00,0.00,0.00,0.00,0.00
3.00,0.00,0.00,0.00,0.00,0.00,0.00,0.00
1.00,0.00,1.00,0.00,0.00,0.00,0.00,0.00
2.00,0.00,1.00,0.00,0.00,0.00,0.00,0.00
1.00,0.00,0.00,0.00,0.00,0.00,0.00,0.00
0.00,0.00,0.00,0.00,0.00,0.00,0.00,0.00
0.00,0.00,0.00,0.00,0.00,0.00,0.00,0.00
0.00,0.00,0.00,0.00,0.00,0.00,0.00,0.00
1.00,0.00,0.00,0.00,0.00,0.00,0.00,0.00
50.00,20.00,1.00,6.00,1.00,1.00,3.00,0.00
61.00,84.00,8.00,11.00,5.00,0.00,7.00,0.00
57.00,105.00,4.00,25.00,8.00,1.00,11.00,0.00
50.00,69.00,5.00,12.00,9.00,1.00,8.00,0.00
42.00,36.00,3.00,5.00,13.00,2.00,9.00,0.00
28.00,11.00,5.00,2.00,5.00,0.00,3.00,0.00
21.00,12.00,2.00,3.00,7.00,1.00,5.00,0.00
26.00,19.00,3.00,5.00,17.00,0.00,13.00,0.00
33.00,25.00,4.00,16.00,11.00,0.00,10.00,0.00
40.00,14.00,4.00,6.00,3.00,0.00,3.00,0.00
39.00,7.00,4.00,4.00,1.00,0.00,1.00,0.00
45.00,19.00,2.00,7.00,0.00,0.00,2.00,0.00
55.00,18.00,5.00,4.00,1.00,0.00,2.00,0.00
48.00,16.00,4.00,4.00,1.00,0.00,2.00,0.00
35.00,26.00,4.00,4.00,0.00,0.00,3.00,0.00
35.00,19.00,8.00,13.00,2.00,0.00,4.00,0.00
13.00,19.00,3.00,4.00,0.00,0.00,2.00,0.00
19.00,21.00,22.00,16.00,0.00,0.00,6.00,0.00
14.00,11.00,10.00,8.00,0.00,0.00,2.00,0.00
18.00,13.00,12.00,3.00,0.00,0.00,2.00,0.00
7.00,6.00,7.00,4.00,0.00,0.00,1.00,0.00
13.00,10.00,5.00,3.00,0.00,0.00,1.00,0.00
6.00,4.00,1.00,0.00,0.00,0.00,0.00,0.00
11.00,4.00,0.00,0.00,0.00,0.00,0.00,0.00
9.00,1.00,1.00,1.00,0.00,0.00,0.00,0.00
11.00,8.00,5.00,4.00,0.00,0.00,1.00,0.00
2.00,1.00,1.00,1.00,0.00,0.00,0.00,0.00
3.00,1.00,1.00,0.00,0.00,0.00,0.00,0.00
1.00,0.00,0.00,0.00,0.00,0.00,0.00,0.00
1.00,0.00,0.00,0.00,0.00,0.00,0.00,0.00
64.00,57.00,6.00,11.00,3.00,0.00,5.00,0.00
33.00,91.00,6.00,24.00,10.00,0.00,10.00,0.00
48.00,92.00,5.00,11.00,13.00,0.00,9.00,0.00
36.00,39.00,2.00,6.00,16.00,0.00,11.00,0.00
21.00,10.00,4.00,1.00,2.00,0.00,1.00,0.00
28.00,11.00,4.00,1.00,0.00,0.00,1.00,0.00
17.00,21.00,3.00,2.00,14.00,0.00,11.00,0.00
33.00,12.00,4.00,4.00,15.00,0.00,11.00,0.00
41.00,18.00,2.00,8.00,12.00,0.00,9.00,0.00
35.00,31.00,3.00,8.00,5.00,0.00,4.00,0.00
13.00,9.00,2.00,3.00,1.00,0.00,1.00,0.00
8.00,8.00,1.00,5.00,0.00,0.00,1.00,0.00
10.00,13.00,4.00,3.00,0.00,0.00,1.00,0.00
6.00,14.00,3.00,2.00,0.00,0.00,1.00,0.00
5.00,8.00,10.00,7.00,0.00,0.00,2.00,0.00
5.00,2.00,3.00,3.00,0.00,0.00,1.00,0.00
1.00,1.00,0.00,1.00,0.00,0.00,0.00,0.00
1.00,0.00,0.00,0.00,0.00,0.00,0.00,0.00
1.00,0.00,0.00,0.00,0.00,0.00,0.00,0.00
2.00,0.00,0.00,0.00,0.00,0.00,0.00,0.00
1.00,0.00,0.00,0.00,0.00,0.00,0.00,0.00
1.00,0.00,0.00,0.00,0.00,0.00,0.00,0.00
1.00,0.00,0.00,0.00,0.00,0.00,0.00,0.00
1.00,0.00,0.00,0.00,0.00,0.00,0.00,0.00
1.00,0.00,0.00,0.00,0.00,0.00,0.00,0.00
0.00,0.00,0.00,0.00,0.00,0.00,0.00,0.00
1.00,0.00,0.00,0.00,0.00,0.00,0.00,0.00
1.00,0.00,0.00,0.00,0.00,0.00,0.00,0.00
0.00,0.00,0.00,0.00,0.00,0.00,0.00,0.00
0.00,0.00,0.00,0.00,0.00,0.00,0.00,0.00
25.00,14.00,2.00,4.00,3.00,0.00,2.00,0.00
28.00,19.00,2.00,6.00,33.00,1.00,30.00,0.00
22.00,17.00,2.00,8.00,19.00,1.00,16.00,0.00
21.00,23.00,3.00,13.00,27.00,2.00,24.00,0.00
10.00,25.00,4.00,26.00,22.00,0.00,21.00,0.00
20.00,40.00,8.00,29.00,23.00,1.00,22.00,0.00
16.00,85.00,12.00,26.00,19.00,0.00,17.00,0.00
10.00,52.00,11.00,40.00,13.00,0.00,17.00,0.00
15.00,35.00,20.00,30.00,8.00,0.00,11.00,0.00
19.00,46.00,86.00,31.00,5.00,0.00,25.00,0.00
23.00,50.00,65.00,16.00,7.00,0.00,18.00,0.00
23.00,47.00,71.00,12.00,3.00,0.00,18.00,0.00
23.00,41.00,63.00,3.00,2.00,0.00,14.00,0.00
20.00,45.00,36.00,2.00,2.00,0.00,8.00,0.00
15.00,43.00,30.00,1.00,1.00,0.00,6.00,0.00
11.00,39.00,40.00,1.00,2.00,0.00,9.00,0.00
22.00,31.00,14.00,5.00,3.00,0.00,3.00,0.00
21.00,7.00,9.00,3.00,0.00,0.00,2.00,0.00
18.00,4.00,2.00,1.00,0.00,0.00,1.00,0.00
25.00,15.00,3.00,4.00,0.00,0.00,1.00,0.00
20.00,10.00,4.00,1.00,0.00,0.00,1.00,0.00
8.00,20.00,4.00,4.00,0.00,0.00,2.00,0.00
8.00,11.00,4.00,2.00,0.00,0.00,1.00,0.00
9.00,8.00,3.00,3.00,0.00,0.00,1.00,0.00
5.00,4.00,1.00,1.00,0.00,0.00,0.00,0.00
1.00,1.00,0.00,0.00,0.00,0.00,0.00,0.00
2.00,0.00,0.00,0.00,0.00,0.00,0.00,0.00
1.00,0.00,0.00,0.00,0.00,0.00,0.00,0.00
1.00,0.00,0.00,0.00,0.00,0.00,0.00,0.00
1.00,0.00,0.00,0.00,0.00,0.00,0.00,0.00
0.00,2.00,1.00,4.00,25.00,4.00,19.00,0.00
1.00,2.00,3.00,6.00,14.00,1.00,11.00,0.00
3.00,8.00,12.00,21.00,6.00,1.00,13.00,0.00
44.00,16.00,42.00,28.00,3.00,0.00,12.00,0.00
37.00,11.00,59.00,16.00,3.00,1.00,11.00,0.00
16.00,43.00,128.00,58.00,6.00,1.00,29.00,0.00
15.00,16.00,128.00,94.00,6.00,2.00,32.00,0.00
6.00,19.00,70.00,9.00,1.00,0.00,12.00,0.00
3.00,14.00,52.00,2.00,0.00,0.00,12.00,0.00
1.00,11.00,22.00,2.00,0.00,0.00,4.00,0.00
1.00,4.00,4.00,0.00,0.00,0.00,0.00,0.00
1.00,0.00,1.00,0.00,0.00,0.00,0.00,0.00
1.00,0.00,1.00,0.00,0.00,0.00,0.00,0.00
0.00,0.00,0.00,0.00,0.00,0.00,0.00,0.00
0.00,0.00,0.00,0.00,0.00,0.00,0.00,0.00
0.00,0.00,0.00,0.00,0.00,0.00,0.00,0.00
1.00,0.00,0.00,0.00,0.00,0.00,0.00,0.00
1.00,0.00,0.00,0.00,0.00,0.00,0.00,0.00
0.00,0.00,0.00,0.00,0.00,0.00,0.00,0.00
1.00,0.00,0.00,0.00,0.00,0.00,0.00,0.00
0.00,0.00,0.00,0.00,0.00,0.00,0.00,0.00
1.00,0.00,0.00,0.00,0.00,0.00,0.00,0.00
0.00,0.00,0.00,0.00,0.00,0.00,0.00,0.00
0.00,0.00,0.00,0.00,0.00,0.00,0.00,0.00
0.00,0.00,0.00,0.00,0.00,0.00,0.00,0.00
0.00,0.00,0.00,0.00,0.00,0.00,0.00,0.00
1.00,0.00,0.00,0.00,0.00,0.00,0.00,0.00
0.00,0.00,0.00,0.00,0.00,0.00,0.00,0.00
1.00,0.00,0.00,0.00,0.00,0.00,0.00,0.00
0.00,0.00,0.00,0.00,0.00,0.00,0.00,0.00
15.00,36.00,73.00,6.00,2.00,0.00,17.00,0.00
10.00,44.00,86.00,7.00,1.00,0.00,20.00,0.00
25.00,73.00,128.00,6.00,3.00,0.00,33.00,0.00
30.00,81.00,101.00,8.00,2.00,1.00,25.00,0.00
24.00,62.00,76.00,4.00,3.00,1.00,18.00,0.00
17.00,42.00,99.00,3.00,1.00,0.00,24.00,0.00
9.00,25.00,45.00,2.00,1.00,0.00,10.00,0.00
7.00,21.00,30.00,2.00,1.00,0.00,7.00,0.00
11.00,5.00,5.00,1.00,0.00,0.00,1.00,0.00
5.00,4.00,5.00,1.00,0.00,0.00,1.00,0.00
0.00,1.00,3.00,0.00,0.00,0.00,0.00,0.00
1.00,0.00,2.00,0.00,0.00,0.00,0.00,0.00
0.00,0.00,0.00,0.00,0.00,0.00,0.00,0.00
0.00,0.00,0.00,0.00,0.00,0.00,0.00,0.00
0.00,0.00,0.00,0.00,0.00,0.00,0.00,0.00
1.00,0.00,0.00,0.00,0.00,0.00,0.00,0.00
1.00,0.00,0.00,0.00,0.00,0.00,0.00,0.00
0.00,0.00,0.00,0.00,0.00,0.00,0.00,0.00
0.00,0.00,0.00,0.00,0.00,0.00,0.00,0.00
1.00,0.00,0.00,0.00,0.00,0.00,0.00,0.00
1.00,0.00,0.00,0.00,0.00,0.00,0.00,0.00
0.00,0.00,0.00,0.00,0.00,0.00,0.00,0.00
1.00,0.00,0.00,0.00,0.00,0.00,0.00,0.00
0.00,0.00,0.00,0.00,0.00,0.00,0.00,0.00
1.00,0.00,0.00,0.00,0.00,0.00,0.00,0.00
2.00,0.00,0.00,0.00,0.00,0.00,0.00,0.00
0.00,0.00,0.00,0.00,0.00,0.00,0.00,0.00
0.00,0.00,0.00,0.00,0.00,0.00,0.00,0.00
0.00,0.00,0.00,0.00,0.00,0.00,0.00,0.00
0.00,0.00,0.00,0.00,0.00,0.00,0.00,0.00
5.00,12.00,14.00,9.00,6.00,0.00,5.00,0.00
52.00,28.00,16.00,11.00,5.00,1.00,7.00,0.00
83.00,60.00,19.00,20.00,6.00,1.00,10.00,0.00
69.00,128.00,25.00,40.00,48.00,1.00,33.00,0.00
95.00,105.00,4.00,26.00,33.00,1.00,25.00,0.00
39.00,38.00,1.00,8.00,16.00,1.00,12.00,0.00
12.00,5.00,1.00,6.00,5.00,0.00,4.00,0.00
24.00,4.00,0.00,1.00,1.00,0.00,1.00,0.00
17.00,3.00,0.00,0.00,0.00,0.00,0.00,0.00
10.00,0.00,0.00,0.00,0.00,0.00,0.00,0.00
7.00,1.00,0.00,0.00,0.00,0.00,0.00,0.00
3.00,0.00,0.00,0.00,0.00,0.00,0.00,0.00
1.00,1.00,0.00,0.00,0.00,0.00,0.00,0.00
0.00,0.00,0.00,0.00,0.00,0.00,0.00,0.00
1.00,0.00,0.00,0.00,0.00,0.00,0.00,0.00
0.00,0.00,0.00,0.00,0.00,0.00,0.00,0.00
0.00,0.00,0.00,0.00,0.00,0.00,0.00,0.00
0.00,0.00,0.00,0.00,0.00,0.00,0.00,0.00
0.00,0.00,0.00,0.00,0.00,0.00,0.00,0.00
0.00,0.00,0.00,0.00,0.00,0.00,0.00,0.00
0.00,0.00,0.00,0.00,0.00,0.00,0.00,0.00
0.00,0.00,0.00,0.00,0.00,0.00,0.00,0.00
0.00,0.00,0.00,0.00,0.00,0.00,0.00,0.00
0.00,0.00,0.00,0.00,0.00,0.00,0.00,0.00
1.00,0.00,0.00,0.00,0.00,0.00,0.00,0.00
2.00,0.00,0.00,0.00,0.00,0.00,0.00,0.00
3.00,0.00,0.00,0.00,0.00,0.00,0.00,0.00
3.00,0.00,0.00,0.00,0.00,0.00,0.00,0.00
1.00,0.00,0.00,0.00,0.00,0.00,0.00,0.00
2.00,0.00,0.00,0.00,0.00,0.00,0.00,0.00
2.00,2.00,3.00,9.00,20.00,2.00,18.00,0.00
1.00,1.00,2.00,4.00,56.00,2.00,67.00,0.00
1.00,2.00,3.00,4.00,20.00,4.00,25.00,0.00
2.00,1.00,2.00,3.00,18.00,6.00,27.00,0.00
2.00,0.00,1.00,3.00,17.00,2.00,20.00,0.00
0.00,0.00,2.00,2.00,10.00,2.00,14.00,0.00
0.00,1.00,1.00,1.00,11.00,2.00,14.00,0.00
0.00,0.00,1.00,1.00,3.00,1.00,5.00,0.00
1.00,0.00,0.00,0.00,2.00,1.00,3.00,0.00
0.00,0.00,0.00,0.00,0.00,0.00,1.00,0.00
0.00,0.00,0.00,0.00,0.00,0.00,0.00,0.00
0.00,0.00,0.00,0.00,0.00,0.00,0.00,0.00
0.00,0.00,0.00,0.00,0.00,0.00,0.00,0.00
1.00,0.00,0.00,0.00,0.00,0.00,0.00,0.00
0.00,0.00,0.00,0.00,0.00,0.00,0.00,0.00
0.00,0.00,0.00,0.00,0.00,0.00,0.00,0.00
0.00,0.00,0.00,0.00,0.00,0.00,0.00,0.00
0.00,0.00,0.00,0.00,0.00,0.00,0.00,0.00
1.00,0.00,0.00,0.00,0.00,0.00,0.00,0.00
0.00,0.00,0.00,0.00,0.00,0.00,0.00,0.00
1.00,0.00,0.00,0.00,0.00,0.00,0.00,0.00
0.00,0.00,0.00,0.00,0.00,0.00,0.00,0.00
1.00,0.00,0.00,0.00,0.00,0.00,0.00,0.00
0.00,0.00,0.00,0.00,0.00,0.00,0.00,0.00
1.00,0.00,0.00,0.00,0.00,0.00,0.00,0.00
1.00,0.00,0.00,0.00,0.00,0.00,0.00,0.00
0.00,0.00,0.00,0.00,0.00,0.00,0.00,0.00
0.00,0.00,0.00,0.00,0.00,0.00,0.00,0.00
0.00,0.00,0.00,0.00,0.00,0.00,0.00,0.00
1.00,0.00,0.00,0.00,0.00,0.00,0.00,0.00
2.00,2.00,3.00,7.00,87.00,9.00,102.00,0.00
1.00,1.00,5.00,13.00,50.00,9.00,60.00,0.00
1.00,1.00,4.00,5.00,68.00,18.00,87.00,0.00
1.00,1.00,3.00,5.00,45.00,11.00,57.00,0.00
1.00,0.00,2.00,5.00,40.00,14.00,55.00,0.00
1.00,1.00,3.00,8.00,39.00,4.00,50.00,0.00
1.00,1.00,3.00,4.00,22.00,4.00,29.00,0.00
1.00,1.00,3.00,2.00,17.00,4.00,24.00,0.00
1.00,1.00,1.00,1.00,5.00,1.00,6.00,0.00
1.00,0.00,1.00,1.00,2.00,0.00,4.00,0.00
0.00,0.00,0.00,0.00,1.00,0.00,1.00,0.00
0.00,0.00,0.00,0.00,0.00,0.00,0.00,0.00
0.00,0.00,0.00,0.00,0.00,0.00,0.00,0.00
0.00,0.00,0.00,0.00,0.00,0.00,0.00,0.00
1.00,0.00,0.00,0.00,0.00,0.00,0.00,0.00
0.00,0.00,0.00,0.00,0.00,0.00,0.00,0.00
0.00,0.00,0.00,0.00,0.00,0.00,0.00,0.00
0.00,0.00,0.00,0.00,0.00,0.00,0.00,0.00
0.00,0.00,0.00,0.00,0.00,0.00,0.00,0.00
0.00,0.00,0.00,0.00,0.00,0.00,0.00,0.00
0.00,0.00,0.00,0.00,0.00,0.00,0.00,0.00
0.00,0.00,0.00,0.00,0.00,0.00,0.00,0.00
0.00,0.00,0.00,0.00,0.00,0.00,0.00,0.00
1.00,0.00,0.00,0.00,0.00,0.00,0.00,0.00
0.00,0.00,0.00,0.00,0.00,0.00,0.00,0.00
0.00,0.00,0.00,0.00,0.00,0.00,0.00,0.00
0.00,0.00,0.00,0.00,0.00,0.00,0.00,0.00
1.00,0.00,0.00,0.00,0.00,0.00,0.00,0.00
0.00,0.00,0.00,0.00,0.00,0.00,0.00,0.00
0.00,0.00,0.00,0.00,0.00,0.00,0.00,0.00
1.00,2.00,5.00,30.00,51.00,6.00,57.00,0.00
3.00,3.00,7.00,21.00,120.00,11.00,128.00,0.00
1.00,3.00,5.00,10.00,114.00,5.00,128.00,0.00
4.00,1.00,5.00,17.00,88.00,6.00,103.00,0.00
2.00,2.00,4.00,12.00,77.00,3.00,84.00,0.00
2.00,2.00,2.00,18.00,34.00,1.00,37.00,0.00
0.00,1.00,1.00,8.00,12.00,1.00,14.00,0.00
0.00,0.00,3.00,2.00,12.00,0.00,15.00,0.00
0.00,1.00,0.00,1.00,5.00,0.00,6.00,0.00
1.00,0.00,1.00,0.00,3.00,0.00,4.00,0.00
1.00,0.00,0.00,0.00,2.00,0.00,2.00,0.00
3.00,0.00,0.00,0.00,1.00,0.00,1.00,0.00
0.00,0.00,0.00,0.00,0.00,0.00,0.00,0.00
0.00,0.00,0.00,0.00,0.00,0.00,0.00,0.00
1.00,0.00,0.00,0.00,0.00,0.00,0.00,0.00
0.00,0.00,0.00,0.00,0.00,0.00,0.00,0.00
0.00,0.00,0.00,0.00,0.00,0.00,0.00,0.00
0.00,0.00,0.00,0.00,0.00,0.00,0.00,0.00
0.00,0.00,0.00,0.00,0.00,0.00,0.00,0.00
0.00,0.00,0.00,0.00,0.00,0.00,0.00,0.00
0.00,0.00,0.00,0.00,0.00,0.00,0.00,0.00
0.00,0.00,0.00,0.00,0.00,0.00,0.00,0.00
0.00,0.00,0.00,0.00,0.00,0.00,0.00,0.00
0.00,0.00,0.00,0.00,0.00,0.00,0.00,0.00
0.00,0.00,0.00,0.00,0.00,0.00,0.00,0.00
0.00,0.00,0.00,0.00,0.00,0.00,0.00,0.00
0.00,0.00,0.00,0.00,0.00,0.00,0.00,0.00
0.00,0.00,0.00,0.00,0.00,0.00,0.00,0.00
0.00,0.00,0.00,0.00,0.00,0.00,0.00,0.00
0.00,0.00,0.00,0.00,0.00,0.00,0.00,0.00
6.00,4.00,11.00,14.00,8.00,0.00,8.00,0.00
56.00,46.00,21.00,8.00,4.00,1.00,6.00,0.00
52.00,88.00,20.00,35.00,20.00,1.00,20.00,0.00
93.00,110.00,7.00,23.00,47.00,0.00,36.00,0.00
48.00,76.00,3.00,12.00,27.00,0.00,22.00,0.00
35.00,40.00,1.00,5.00,10.00,0.00,8.00,0.00
23.00,11.00,1.00,1.00,7.00,0.00,7.00,0.00
35.00,7.00,0.00,0.00,1.00,0.00,2.00,0.00
16.00,4.00,0.00,0.00,0.00,0.00,1.00,0.00
5.00,1.00,0.00,0.00,0.00,0.00,0.00,0.00
1.00,0.00,0.00,0.00,0.00,0.00,0.00,0.00
1.00,0.00,0.00,0.00,0.00,0.00,0.00,0.00
1.00,0.00,0.00,0.00,0.00,0.00,0.00,0.00
1.00,0.00,0.00,0.00,0.00,0.00,0.00,0.00
0.00,0.00,0.00,0.00,0.00,0.00,0.00,0.00
0.00,0.00,0.00,0.00,0.00,0.00,0.00,0.00
0.00,0.00,0.00,0.00,0.00,0.00,0.00,0.00
0.00,0.00,0.00,0.00,0.00,0.00,0.00,0.00
0.00,0.00,0.00,0.00,0.00,0.00,0.00,0.00
0.00,0.00,0.00,0.00,0.00,0.00,0.00,0.00
0.00,0.00,0.00,0.00,0.00,0.00,0.00,0.00
1.00,0.00,0.00,0.00,0.00,0.00,0.00,0.00
0.00,0.00,0.00,0.00,0.00,0.00,0.00,0.00
0.00,0.00,0.00,0.00,0.00,0.00,0.00,0.00
1.00,0.00,0.00,0.00,0.00,0.00,0.00,0.00
0.00,0.00,0.00,0.00,0.00,0.00,0.00,0.00
0.00,0.00,0.00,0.00,0.00,0.00,0.00,0.00
0.00,0.00,0.00,0.00,0.00,0.00,0.00,0.00
0.00,0.00,0.00,0.00,0.00,0.00,0.00,0.00
0.00,0.00,0.00,0.00,0.00,0.00,0.00,0.00
93.00,82.00,44.00,3.00,1.00,0.00,8.00,0.00
91.00,102.00,102.00,8.00,3.00,0.00,25.00,0.00
71.00,70.00,46.00,8.00,2.00,0.00,11.00,0.00
58.00,41.00,35.00,15.00,3.00,0.00,10.00,0.00
28.00,19.00,13.00,5.00,4.00,0.00,4.00,0.00
4.00,12.00,3.00,3.00,0.00,0.00,1.00,0.00
3.00,2.00,2.00,1.00,0.00,0.00,0.00,0.00
1.00,1.00,1.00,0.00,0.00,0.00,0.00,0.00
0.00,1.00,0.00,0.00,0.00,0.00,0.00,0.00
0.00,0.00,0.00,0.00,0.00,0.00,0.00,0.00
1.00,0.00,0.00,0.00,0.00,0.00,0.00,0.00
0.00,0.00,0.00,0.00,0.00,0.00,0.00,0.00
0.00,0.00,0.00,0.00,0.00,0.00,0.00,0.00
0.00,0.00,0.00,0.00,0.00,0.00,0.00,0.00
1.00,0.00,0.00,0.00,0.00,0.00,0.00,0.00
1.00,0.00,0.00,0.00,0.00,0.00,0.00,0.00
0.00,0.00,0.00,0.00,0.00,0.00,0.00,0.00
0.00,0.00,0.00,0.00,0.00,0.00,0.00,0.00
1.00,0.00,0.00,0.00,0.00,0.00,0.00,0.00
1.00,0.00,0.00,0.00,0.00,0.00,0.00,0.00
1.00,0.00,0.00,0.00,0.00,0.00,0.00,0.00
0.00,0.00,0.00,0.00,0.00,0.00,0.00,0.00
0.00,0.00,0.00,0.00,0.00,0.00,0.00,0.00
0.00,0.00,0.00,0.00,0.00,0.00,0.00,0.00
2.00,0.00,0.00,0.00,0.00,0.00,0.00,0.00
1.00,0.00,0.00,0.00,0.00,0.00,0.00,0.00
0.00,0.00,0.00,0.00,0.00,0.00,0.00,0.00
0.00,0.00,0.00,0.00,0.00,0.00,0.00,0.00
0.00,0.00,0.00,0.00,0.00,0.00,0.00,0.00
1.00,0.00,0.00,0.00,0.00,0.00,0.00,0.00
49.00,72.00,128.00,103.00,86.00,3.00,77.00,0.00
23.00,70.00,128.00,128.00,33.00,1.00,99.00,0.00
16.00,28.00,128.00,128.00,16.00,0.00,121.00,0.00
9.00,20.00,128.00,124.00,9.00,0.00,72.00,0.00
8.00,12.00,49.00,14.00,1.00,0.00,11.00,0.00
5.00,8.00,29.00,4.00,2.00,0.00,7.00,0.00
5.00,13.00,11.00,2.00,0.00,0.00,2.00,0.00
6.00,17.00,11.00,1.00,0.00,0.00,2.00,0.00
12.00,5.00,8.00,1.00,0.00,0.00,1.00,0.00
16.00,9.00,11.00,0.00,0.00,0.00,2.00,0.00
17.00,3.00,5.00,0.00,0.00,0.00,0.00,0.00
14.00,4.00,3.00,0.00,0.00,0.00,0.00,0.00
5.00,1.00,3.00,0.00,0.00,0.00,0.00,0.00
7.00,2.00,3.00,0.00,0.00,0.00,0.00,0.00
3.00,0.00,1.00,0.00,0.00,0.00,0.00,0.00
1.00,0.00,0.00,0.00,0.00,0.00,0.00,0.00
6.00,1.00,1.00,0.00,0.00,0.00,0.00,0.00
2.00,0.00,0.00,0.00,0.00,0.00,0.00,0.00
0.00,0.00,0.00,0.00,0.00,0.00,0.00,0.00
1.00,0.00,0.00,0.00,0.00,0.00,0.00,0.00
2.00,0.00,0.00,0.00,0.00,0.00,0.00,0.00
0.00,0.00,0.00,0.00,0.00,0.00,0.00,0.00
0.00,0.00,0.00,0.00,0.00,0.00,0.00,0.00
1.00,0.00,0.00,0.00,0.00,0.00,0.00,0.00
1.00,0.00,0.00,0.00,0.00,0.00,0.00,0.00
0.00,0.00,0.00,0.00,0.00,0.00,0.00,0.00
0.00,0.00,0.00,0.00,0.00,0.00,0.00,0.00
1.00,0.00,0.00,0.00,0.00,0.00,0.00,0.00
1.00,0.00,0.00,0.00,0.00,0.00,0.00,0.00
0.00,0.00,0.00,0.00,0.00,0.00,0.00,0.00
