14.00,12.00,21.00,6.00,1.00,0.00,4.00,0.00
15.00,15.00,33.00,9.00,1.00,0.00,6.00,0.00
14.00,12.00,38.00,8.00,1.00,0.00,7.00,0.00
14.00,14.00,41.00,7.00,1.00,0.00,7.00,0.00
14.00,16.00,38.00,7.00,1.00,0.00,7.00,0.00
15.00,20.00,37.00,11.00,1.00,0.00,7.00,0.00
15.00,24.00,38.00,10.00,2.00,0.00,7.00,0.00
17.00,25.00,26.00,5.00,1.00,0.00,5.00,0.00
16.00,28.00,35.00,11.00,1.00,0.00,7.00,0.00
16.00,21.00,26.00,12.00,1.00,0.00,4.00,0.00
13.00,11.00,19.00,12.00,0.00,0.00,4.00,0.00
13.00,12.00,13.00,7.00,1.00,0.00,2.00,0.00
14.00,8.00,7.00,4.00,1.00,0.00,2.00,0.00
10.00,5.00,3.00,3.00,1.00,0.00,2.00,0.00
9.00,4.00,2.00,2.00,0.00,0.00,1.00,0.00
6.00,3.00,1.00,1.00,0.00,0.00,0.00,0.00
4.00,1.00,0.00,0.00,0.00,0.00,0.00,0.00
1.00,1.00,0.00,0.00,0.00,0.00,0.00,0.00
0.00,0.00,0.00,0.00,0.00,0.00,0.00,0.00
0.00,0.00,0.00,0.00,0.00,0.00,0.00,0.00
0.00,0.00,0.00,0.00,0.00,0.00,0.00,0.00
0.00,0.00,0.00,0.00,0.00,0.00,0.00,0.00
0.00,0.00,0.00,0.00,0.00,0.00,0.00,0.00
0.00,0.00,0.00,0.00,0.00,0.00,0.00,0.00
0.00,0.00,0.00,0.00,0.00,0.00,0.00,0.00
0.00,0.00,0.00,0.00,0.00,0.00,0.00,0.00
0.00,0.00,0.00,0.00,0.00,0.00,0.00,0.00
1.00,0.00,0.00,0.00,0.00,0.00,0.00,0.00
0.00,0.00,0.00,0.00,0.00,0.00,0.00,0.00
1.00,0.00,0.00,0.00,0.00,0.00,0.00,0.00
9.00,13.00,18.00,2.00,1.00,0.00,4.00,0.00
12.00,17.00,20.00,2.00,1.00,0.00,4.00,0.00
13.00,20.00,22.00,6.00,1.00,0.00,5.00,0.00
14.00,22.00,21.00,7.00,1.00,0.00,6.00,0.00
14.00,21.00,20.00,5.00,1.00,0.00,5.00,0.00
15.00,19.00,18.00,4.00,1.00,0.00,5.00,0.00
14.00,18.00,22.00,4.00,0.00,0.00,4.00,0.00
14.00,20.00,18.00,6.00,1.00,0.00,3.00,0.00
15.00,20.00,19.00,5.00,0.00,0.00,4.00,0.00
16.00,23.00,21.00,5.00,1.00,0.00,4.00,0.00
15.00,23.00,23.00,10.00,1.00,0.00,4.00,0.00
14.00,23.00,19.00,8.00,1.00,0.00,3.00,0.00
12.00,19.00,14.00,7.00,0.00,0.00,3.00,0.00
11.00,17.00,12.00,7.00,0.00,0.00,2.00,0.00
9.00,11.00,7.00,2.00,0.00,0.00,1.00,0.00
7.00,7.00,4.00,2.00,0.00,0.00,1.00,0.00
5.00,4.00,1.00,1.00,0.00,0.00,0.00,0.00
4.00,1.00,0.00,0.00,0.00,0.00,0.00,0.00
1.00,1.00,0.00,0.00,0.00,0.00,0.00,0.00
0.00,0.00,0.00,0.00,0.00,0.00,0.00,0.00
0.00,0.00,0.00,0.00,0.00,0.00,0.00,0.00
0.00,0.00,0.00,0.00,0.00,0.00,0.00,0.00
0.00,0.00,0.00,0.00,0.00,0.00,0.00,0.00
0.00,0.00,0.00,0.00,0.00,0.00,0.00,0.00
0.00,0.00,0.00,0.00,0.00,0.00,0.00,0.00
1.00,0.00,0.00,0.00,0.00,0.00,0.00,0.00
0.00,0.00,0.00,0.00,0.00,0.00,0.00,0.00
0.00,0.00,0.00,0.00,0.00,0.00,0.00,0.00
0.00,0.00,0.00,0.00,0.00,0.00,0.00,0.00
0.00,0.00,0.00,0.00,0.00,0.00,0.00,0.00
12.00,10.00,13.00,3.00,0.00,0.00,2.00,0.00
11.00,13.00,14.00,4.00,1.00,0.00,3.00,0.00
10.00,13.00,17.00,5.00,0.00,0.00,3.00,0.00
12.00,15.00,20.00,5.00,0.00,0.00,3.00,0.00
12.00,17.00,21.00,7.00,0.00,0.00,4.00,0.00
13.00,20.00,32.00,4.00,0.00,0.00,6.00,0.00
13.00,24.00,33.00,6.00,1.00,0.00,6.00,0.00
14.00,23.00,36.00,6.00,0.00,0.00,6.00,0.00
15.00,27.00,34.00,9.00,1.00,0.00,6.00,0.00
15.00,28.00,25.00,7.00,1.00,0.00,4.00,0.00
15.00,24.00,22.00,9.00,2.00,0.00,4.00,0.00
14.00,22.00,15.00,8.00,0.00,0.00,3.00,0.00
15.00,21.00,11.00,7.00,1.00,0.00,3.00,0.00
13.00,17.00,8.00,4.00,0.00,0.00,2.00,0.00
11.00,5.00,3.00,2.00,1.00,0.00,1.00,0.00
8.00,4.00,1.00,2.00,1.00,0.00,1.00,0.00
7.00,1.00,0.00,0.00,0.00,0.00,0.00,0.00
5.00,1.00,0.00,0.00,0.00,0.00,0.00,0.00
5.00,1.00,0.00,0.00,0.00,0.00,0.00,0.00
2.00,0.00,0.00,0.00,0.00,0.00,0.00,0.00
1.00,0.00,0.00,0.00,0.00,0.00,0.00,0.00
1.00,0.00,0.00,0.00,0.00,0.00,0.00,0.00
1.00,0.00,0.00,0.00,0.00,0.00,0.00,0.00
0.00,0.00,0.00,0.00,0.00,0.00,0.00,0.00
0.00,0.00,0.00,0.00,0.00,0.00,0.00,0.00
0.00,0.00,0.00,0.00,0.00,0.00,0.00,0.00
0.00,0.00,0.00,0.00,0.00,0.00,0.00,0.00
0.00,0.00,0.00,0.00,0.00,0.00,0.00,0.00
0.00,0.00,0.00,0.00,0.00,0.00,0.00,0.00
1.00,0.00,0.00,0.00,0.00,0.00,0.00,0.00
9.00,9.00,16.00,3.00,0.00,0.00,3.00,0.00
9.00,13.00,19.00,3.00,1.00,0.00,4.00,0.00
11.00,16.00,19.00,5.00,0.00,0.00,4.00,0.00
10.00,17.00,21.00,3.00,0.00,0.00,5.00,0.00
11.00,16.00,16.00,4.00,0.00,0.00,4.00,0.00
12.00,14.00,16.00,3.00,0.00,0.00,3.00,0.00
11.00,13.00,14.00,3.00,1.00,0.00,2.00,0.00
11.00,13.00,11.00,3.00,0.00,0.00,3.00,0.00
13.00,14.00,10.00,2.00,0.00,0.00,3.00,0.00
12.00,16.00,13.00,3.00,0.00,0.00,2.00,0.00
12.00,17.00,15.00,3.00,0.00,0.00,2.00,0.00
12.00,17.00,14.00,3.00,0.00,0.00,2.00,0.00
13.00,18.00,12.00,4.00,0.00,0.00,2.00,0.00
11.00,17.00,10.00,3.00,0.00,0.00,2.00,0.00
12.00,15.00,9.00,5.00,0.00,0.00,2.00,0.00
11.00,17.00,6.00,4.00,0.00,0.00,2.00,0.00
10.00,12.00,4.00,2.00,0.00,0.00,1.00,0.00
9.00,5.00,2.00,2.00,0.00,0.00,1.00,0.00
8.00,3.00,1.00,1.00,0.00,0.00,0.00,0.00
7.00,2.00,1.00,0.00,0.00,0.00,0.00,0.00
5.00,1.00,0.00,0.00,0.00,0.00,0.00,0.00
2.00,0.00,0.00,0.00,0.00,0.00,0.00,0.00
2.00,0.00,0.00,0.00,0.00,0.00,0.00,0.00
1.00,0.00,0.00,0.00,0.00,0.00,0.00,0.00
0.00,0.00,0.00,0.00,0.00,0.00,0.00,0.00
0.00,0.00,0.00,0.00,0.00,0.00,0.00,0.00
0.00,0.00,0.00,0.00,0.00,0.00,0.00,0.00
0.00,0.00,0.00,0.00,0.00,0.00,0.00,0.00
0.00,0.00,0.00,0.00,0.00,0.00,0.00,0.00
0.00,0.00,0.00,0.00,0.00,0.00,0.00,0.00
8.00,15.00,19.00,6.00,0.00,0.00,4.00,0.00
7.00,15.00,14.00,3.00,0.00,0.00,2.00,0.00
9.00,17.00,18.00,2.00,0.00,0.00,3.00,0.00
8.00,17.00,20.00,4.00,0.00,0.00,3.00,0.00
8.00,20.00,29.00,5.00,0.00,0.00,5.00,0.00
10.00,20.00,27.00,5.00,0.00,0.00,5.00,0.00
10.00,20.00,21.00,3.00,0.00,0.00,4.00,0.00
11.00,22.00,26.00,6.00,0.00,0.00,5.00,0.00
12.00,22.00,28.00,7.00,1.00,0.00,5.00,0.00
11.00,23.00,24.00,5.00,1.00,0.00,4.00,0.00
13.00,24.00,21.00,6.00,0.00,0.00,4.00,0.00
14.00,24.00,16.00,5.00,0.00,0.00,3.00,0.00
14.00,23.00,19.00,9.00,0.00,0.00,3.00,0.00
14.00,22.00,14.00,6.00,2.00,0.00,3.00,0.00
13.00,15.00,10.00,7.00,2.00,0.00,3.00,0.00
11.00,8.00,6.00,4.00,2.00,0.00,1.00,0.00
10.00,4.00,3.00,2.00,1.00,0.00,1.00,0.00
7.00,4.00,1.00,1.00,0.00,0.00,1.00,0.00
6.00,3.00,1.00,0.00,0.00,0.00,0.00,0.00
5.00,2.00,1.00,0.00,0.00,0.00,0.00,0.00
2.00,0.00,0.00,0.00,0.00,0.00,0.00,0.00
0.00,0.00,0.00,0.00,0.00,0.00,0.00,0.00
0.00,0.00,0.00,0.00,0.00,0.00,0.00,0.00
0.00,0.00,0.00,0.00,0.00,0.00,0.00,0.00
0.00,0.00,0.00,0.00,0.00,0.00,0.00,0.00
0.00,0.00,0.00,0.00,0.00,0.00,0.00,0.00
0.00,0.00,0.00,0.00,0.00,0.00,0.00,0.00
0.00,0.00,0.00,0.00,0.00,0.00,0.00,0.00
0.00,0.00,0.00,0.00,0.00,0.00,0.00,0.00
0.00,0.00,0.00,0.00,0.00,0.00,0.00,0.00
11.00,13.00,14.00,4.00,1.00,0.00,3.00,0.00
12.00,16.00,20.00,4.00,1.00,0.00,5.00,0.00
11.00,17.00,18.00,3.00,1.00,0.00,4.00,0.00
12.00,18.00,18.00,5.00,0.00,0.00,3.00,0.00
13.00,17.00,19.00,4.00,1.00,0.00,4.00,0.00
11.00,15.00,23.00,4.00,1.00,0.00,4.00,0.00
11.00,15.00,20.00,5.00,1.00,0.00,3.00,0.00
10.00,17.00,20.00,6.00,1.00,0.00,4.00,0.00
11.00,17.00,22.00,5.00,2.00,0.00,4.00,0.00
11.00,20.00,28.00,4.00,2.00,0.00,5.00,0.00
12.00,20.00,27.00,7.00,2.00,0.00,5.00,0.00
13.00,20.00,27.00,6.00,1.00,0.00,4.00,0.00
13.00,22.00,27.00,5.00,2.00,0.00,5.00,0.00
12.00,23.00,24.00,7.00,2.00,0.00,4.00,0.00
11.00,24.00,17.00,8.00,1.00,0.00,5.00,0.00
10.00,26.00,15.00,14.00,3.00,0.00,5.00,0.00
10.00,21.00,7.00,6.00,1.00,0.00,3.00,0.00
10.00,9.00,4.00,4.00,1.00,0.00,2.00,0.00
9.00,5.00,2.00,2.00,0.00,0.00,1.00,0.00
9.00,4.00,2.00,4.00,1.00,0.00,2.00,0.00
8.00,3.00,1.00,1.00,0.00,0.00,0.00,0.00
6.00,1.00,0.00,1.00,0.00,0.00,0.00,0.00
5.00,1.00,0.00,0.00,0.00,0.00,0.00,0.00
1.00,0.00,0.00,0.00,0.00,0.00,0.00,0.00
1.00,0.00,0.00,0.00,0.00,0.00,0.00,0.00
1.00,0.00,0.00,1.00,0.00,0.00,0.00,0.00
0.00,0.00,0.00,0.00,0.00,0.00,0.00,0.00
0.00,0.00,0.00,0.00,0.00,0.00,0.00,0.00
1.00,0.00,0.00,0.00,0.00,0.00,0.00,0.00
0.00,0.00,0.00,0.00,0.00,0.00,0.00,0.00
12.00,18.00,19.00,2.00,0.00,0.00,3.00,0.00
12.00,18.00,17.00,5.00,0.00,0.00,3.00,0.00
12.00,22.00,19.00,4.00,0.00,0.00,3.00,0.00
13.00,21.00,20.00,4.00,0.00,0.00,3.00,0.00
12.00,20.00,18.00,5.00,1.00,0.00,3.00,0.00
12.00,22.00,19.00,5.00,1.00,0.00,3.00,0.00
13.00,20.00,17.00,4.00,1.00,0.00,3.00,0.00
15.00,21.00,17.00,3.00,1.00,0.00,3.00,0.00
14.00,22.00,20.00,7.00,1.00,0.00,4.00,0.00
14.00,20.00,15.00,8.00,2.00,0.00,3.00,0.00
15.00,22.00,19.00,9.00,1.00,0.00,3.00,0.00
18.00,22.00,22.00,5.00,1.00,0.00,4.00,0.00
15.00,24.00,22.00,9.00,1.00,0.00,4.00,0.00
14.00,25.00,14.00,6.00,1.00,0.00,3.00,0.00
14.00,24.00,12.00,7.00,1.00,0.00,3.00,0.00
15.00,18.00,9.00,7.00,1.00,0.00,3.00,0.00
14.00,11.00,5.00,8.00,1.00,0.00,3.00,0.00
13.00,6.00,3.00,2.00,1.00,0.00,1.00,0.00
12.00,4.00,2.00,1.00,1.00,0.00,1.00,0.00
9.00,2.00,1.00,1.00,0.00,0.00,0.00,0.00
6.00,1.00,0.00,0.00,0.00,0.00,0.00,0.00
5.00,1.00,0.00,0.00,0.00,0.00,0.00,0.00
4.00,0.00,0.00,0.00,0.00,0.00,0.00,0.00
2.00,0.00,0.00,0.00,0.00,0.00,0.00,0.00
2.00,0.00,0.00,0.00,0.00,0.00,0.00,0.00
1.00,0.00,0.00,0.00,0.00,0.00,0.00,0.00
0.00,0.00,0.00,0.00,0.00,0.00,0.00,0.00
0.00,0.00,0.00,0.00,0.00,0.00,0.00,0.00
0.00,0.00,0.00,0.00,0.00,0.00,0.00,0.00
0.00,0.00,0.00,0.00,0.00,0.00,0.00,0.00
8.00,13.00,20.00,4.00,1.00,0.00,4.00,0.00
11.00,18.00,18.00,5.00,2.00,0.00,4.00,0.00
10.00,22.00,21.00,6.00,2.00,0.00,5.00,0.00
10.00,21.00,16.00,4.00,1.00,0.00,4.00,0.00
14.00,28.00,26.00,4.00,1.00,0.00,4.00,0.00
16.00,33.00,31.00,5.00,1.00,0.00,6.00,0.00
16.00,34.00,32.00,6.00,2.00,0.00,6.00,0.00
15.00,35.00,30.00,5.00,2.00,0.00,5.00,0.00
15.00,34.00,30.00,5.00,3.00,0.00,5.00,0.00
15.00,33.00,31.00,5.00,4.00,0.00,5.00,0.00
16.00,30.00,28.00,9.00,6.00,0.00,6.00,0.00
15.00,31.00,27.00,8.00,5.00,0.00,5.00,0.00
13.00,27.00,23.00,8.00,3.00,0.00,4.00,0.00
12.00,26.00,15.00,7.00,1.00,0.00,3.00,0.00
13.00,26.00,10.00,6.00,1.00,0.00,3.00,0.00
13.00,24.00,7.00,10.00,0.00,0.00,3.00,0.00
11.00,20.00,4.00,6.00,0.00,0.00,2.00,0.00
12.00,12.00,2.00,3.00,0.00,0.00,1.00,0.00
11.00,6.00,1.00,2.00,0.00,0.00,0.00,0.00
9.00,3.00,1.00,1.00,0.00,0.00,0.00,0.00
8.00,1.00,0.00,0.00,0.00,0.00,0.00,0.00
7.00,1.00,0.00,0.00,0.00,0.00,0.00,0.00
6.00,0.00,0.00,0.00,0.00,0.00,0.00,0.00
4.00,0.00,0.00,0.00,0.00,0.00,0.00,0.00
2.00,0.00,0.00,0.00,0.00,0.00,0.00,0.00
0.00,0.00,0.00,0.00,0.00,0.00,0.00,0.00
0.00,0.00,0.00,0.00,0.00,0.00,0.00,0.00
0.00,0.00,0.00,0.00,0.00,0.00,0.00,0.00
0.00,0.00,0.00,0.00,0.00,0.00,0.00,0.00
0.00,0.00,0.00,0.00,0.00,0.00,0.00,0.00
14.00,12.00,20.00,2.00,1.00,0.00,4.00,0.00
15.00,17.00,33.00,5.00,2.00,0.00,6.00,0.00
14.00,15.00,38.00,5.00,1.00,0.00,7.00,0.00
13.00,20.00,38.00,8.00,1.00,0.00,7.00,0.00
12.00,22.00,21.00,7.00,1.00,0.00,4.00,0.00
14.00,23.00,17.00,3.00,1.00,0.00,4.00,0.00
16.00,28.00,26.00,4.00,2.00,0.00,5.00,0.00
15.00,25.00,25.00,3.00,2.00,0.00,4.00,0.00
14.00,25.00,23.00,3.00,2.00,0.00,4.00,0.00
15.00,24.00,25.00,5.00,1.00,0.00,4.00,0.00
14.00,26.00,25.00,7.00,1.00,0.00,4.00,0.00
14.00,25.00,19.00,6.00,1.00,0.00,3.00,0.00
14.00,23.00,15.00,5.00,1.00,0.00,3.00,0.00
14.00,23.00,13.00,8.00,1.00,0.00,3.00,0.00
11.00,18.00,8.00,4.00,1.00,0.00,2.00,0.00
12.00,11.00,5.00,5.00,1.00,0.00,2.00,0.00
10.00,6.00,2.00,2.00,1.00,0.00,1.00,0.00
6.00,3.00,1.00,1.00,1.00,0.00,1.00,0.00
6.00,2.00,1.00,0.00,1.00,0.00,0.00,0.00
4.00,2.00,0.00,1.00,0.00,0.00,0.00,0.00
2.00,1.00,0.00,0.00,0.00,0.00,0.00,0.00
1.00,0.00,0.00,0.00,0.00,0.00,0.00,0.00
2.00,0.00,0.00,0.00,0.00,0.00,0.00,0.00
0.00,0.00,0.00,0.00,0.00,0.00,0.00,0.00
1.00,0.00,0.00,0.00,0.00,0.00,0.00,0.00
0.00,0.00,0.00,0.00,0.00,0.00,0.00,0.00
1.00,0.00,0.00,0.00,0.00,0.00,0.00,0.00
0.00,0.00,0.00,0.00,0.00,0.00,0.00,0.00
0.00,0.00,0.00,0.00,0.00,0.00,0.00,0.00
0.00,0.00,0.00,0.00,0.00,0.00,0.00,0.00
11.00,9.00,16.00,3.00,1.00,0.00,3.00,0.00
12.00,22.00,19.00,2.00,1.00,0.00,4.00,0.00
15.00,28.00,28.00,3.00,2.00,0.00,7.00,0.00
16.00,31.00,30.00,3.00,2.00,0.00,7.00,0.00
17.00,34.00,34.00,4.00,3.00,0.00,6.00,0.00
16.00,34.00,29.00,4.00,2.00,0.00,6.00,0.00
17.00,32.00,36.00,6.00,3.00,0.00,7.00,0.00
15.00,26.00,38.00,6.00,4.00,0.00,7.00,0.00
13.00,23.00,27.00,4.00,3.00,0.00,5.00,0.00
13.00,22.00,21.00,4.00,2.00,0.00,4.00,0.00
12.00,19.00,20.00,5.00,1.00,0.00,3.00,0.00
12.00,20.00,20.00,4.00,1.00,0.00,3.00,0.00
12.00,20.00,13.00,5.00,1.00,0.00,3.00,0.00
12.00,21.00,12.00,6.00,1.00,0.00,2.00,0.00
11.00,20.00,8.00,4.00,0.00,0.00,2.00,0.00
11.00,15.00,5.00,5.00,0.00,0.00,2.00,0.00
12.00,7.00,4.00,3.00,1.00,0.00,1.00,0.00
11.00,4.00,3.00,3.00,1.00,0.00,2.00,0.00
9.00,2.00,2.00,3.00,1.00,0.00,1.00,0.00
7.00,3.00,1.00,2.00,0.00,0.00,1.00,0.00
6.00,2.00,0.00,0.00,0.00,0.00,0.00,0.00
3.00,1.00,0.00,0.00,0.00,0.00,0.00,0.00
2.00,0.00,0.00,0.00,0.00,0.00,0.00,0.00
1.00,0.00,0.00,0.00,0.00,0.00,0.00,0.00
0.00,0.00,0.00,0.00,0.00,0.00,0.00,0.00
0.00,0.00,0.00,0.00,0.00,0.00,0.00,0.00
0.00,0.00,0.00,0.00,0.00,0.00,0.00,0.00
1.00,0.00,0.00,0.00,0.00,0.00,0.00,0.00
0.00,0.00,0.00,0.00,0.00,0.00,0.00,0.00
0.00,0.00,0.00,0.00,0.00,0.00,0.00,0.00
12.00,12.00,17.00,2.00,0.00,0.00,2.00,0.00
12.00,16.00,22.00,4.00,1.00,0.00,4.00,0.00
12.00,17.00,24.00,2.00,1.00,0.00,4.00,0.00
11.00,18.00,26.00,3.00,1.00,0.00,4.00,0.00
13.00,20.00,28.00,4.00,2.00,0.00,5.00,0.00
13.00,20.00,24.00,4.00,2.00,0.00,4.00,0.00
13.00,18.00,24.00,5.00,1.00,0.00,4.00,0.00
12.00,18.00,23.00,3.00,1.00,0.00,4.00,0.00
12.00,19.00,21.00,6.00,3.00,0.00,4.00,0.00
14.00,23.00,20.00,5.00,2.00,0.00,3.00,0.00
17.00,26.00,26.00,7.00,2.00,0.00,5.00,0.00
14.00,17.00,26.00,9.00,2.00,0.00,4.00,0.00
13.00,21.00,26.00,12.00,1.00,0.00,4.00,0.00
13.00,23.00,20.00,8.00,2.00,0.00,4.00,0.00
13.00,22.00,13.00,8.00,2.00,0.00,3.00,0.00
12.00,18.00,9.00,9.00,1.00,0.00,3.00,0.00
11.00,9.00,4.00,7.00,0.00,0.00,2.00,0.00
11.00,6.00,3.00,3.00,0.00,0.00,1.00,0.00
12.00,4.00,1.00,2.00,1.00,0.00,1.00,0.00
10.00,4.00,1.00,2.00,0.00,0.00,1.00,0.00
7.00,2.00,0.00,0.00,0.00,0.00,0.00,0.00
5.00,1.00,0.00,0.00,0.00,0.00,0.00,0.00
2.00,0.00,0.00,0.00,0.00,0.00,0.00,0.00
1.00,0.00,0.00,0.00,0.00,0.00,0.00,0.00
0.00,0.00,0.00,0.00,0.00,0.00,0.00,0.00
0.00,0.00,0.00,0.00,0.00,0.00,0.00,0.00
0.00,0.00,0.00,0.00,0.00,0.00,0.00,0.00
0.00,0.00,0.00,0.00,0.00,0.00,0.00,0.00
0.00,0.00,0.00,0.00,0.00,0.00,0.00,0.00
0.00,0.00,0.00,0.00,0.00,0.00,0.00,0.00
10.00,12.00,17.00,2.00,2.00,0.00,4.00,0.00
11.00,17.00,23.00,3.00,3.00,0.00,5.00,0.00
13.00,18.00,22.00,3.00,3.00,0.00,4.00,0.00
13.00,18.00,21.00,4.00,4.00,0.00,3.00,0.00
13.00,17.00,19.00,5.00,3.00,0.00,3.00,0.00
15.00,17.00,17.00,4.00,3.00,0.00,3.00,0.00
14.00,17.00,17.00,5.00,4.00,0.00,4.00,0.00
16.00,16.00,16.00,4.00,3.00,0.00,3.00,0.00
17.00,16.00,16.00,4.00,3.00,0.00,3.00,0.00
16.00,17.00,17.00,5.00,4.00,0.00,3.00,0.00
18.00,25.00,20.00,8.00,6.00,0.00,5.00,0.00
17.00,22.00,24.00,8.00,4.00,0.00,5.00,0.00
16.00,21.00,15.00,8.00,2.00,0.00,2.00,0.00
16.00,21.00,12.00,8.00,1.00,0.00,3.00,0.00
15.00,19.00,8.00,6.00,0.00,0.00,2.00,0.00
12.00,14.00,5.00,4.00,0.00,0.00,2.00,0.00
11.00,5.00,2.00,2.00,0.00,0.00,0.00,0.00
9.00,3.00,1.00,0.00,0.00,0.00,0.00,0.00
6.00,2.00,0.00,0.00,0.00,0.00,0.00,0.00
3.00,1.00,0.00,0.00,0.00,0.00,0.00,0.00
0.00,0.00,0.00,0.00,0.00,0.00,0.00,0.00
0.00,0.00,0.00,0.00,0.00,0.00,0.00,0.00
1.00,0.00,0.00,0.00,0.00,0.00,0.00,0.00
0.00,0.00,0.00,1.00,0.00,0.00,0.00,0.00
0.00,0.00,0.00,0.00,0.00,0.00,0.00,0.00
0.00,0.00,0.00,0.00,0.00,0.00,0.00,0.00
1.00,0.00,0.00,0.00,0.00,0.00,0.00,0.00
0.00,0.00,0.00,0.00,0.00,0.00,0.00,0.00
0.00,0.00,0.00,0.00,0.00,0.00,0.00,0.00
0.00,0.00,0.00,0.00,0.00,0.00,0.00,0.00
10.00,9.00,19.00,4.00,1.00,0.00,4.00,0.00
11.00,13.00,24.00,5.00,1.00,0.00,4.00,0.00
17.00,28.00,34.00,6.00,1.00,0.00,6.00,0.00
17.00,29.00,41.00,11.00,2.00,0.00,8.00,0.00
20.00,29.00,41.00,6.00,2.00,0.00,8.00,0.00
20.00,31.00,45.00,7.00,2.00,0.00,9.00,0.00
19.00,31.00,45.00,4.00,2.00,0.00,8.00,0.00
18.00,31.00,46.00,6.00,3.00,0.00,10.00,0.00
17.00,27.00,44.00,5.00,3.00,0.00,8.00,0.00
18.00,29.00,43.00,6.00,4.00,0.00,8.00,0.00
18.00,32.00,46.00,6.00,2.00,0.00,8.00,0.00
16.00,27.00,42.00,7.00,2.00,0.00,7.00,0.00
15.00,25.00,24.00,7.00,1.00,0.00,4.00,0.00
17.00,22.00,17.00,7.00,1.00,0.00,3.00,0.00
15.00,21.00,15.00,8.00,1.00,0.00,4.00,0.00
16.00,21.00,12.00,8.00,2.00,0.00,3.00,0.00
15.00,14.00,9.00,6.00,1.00,0.00,2.00,0.00
13.00,7.00,6.00,7.00,1.00,0.00,2.00,0.00
12.00,4.00,3.00,5.00,1.00,0.00,2.00,0.00
10.00,2.00,2.00,2.00,1.00,0.00,1.00,0.00
10.00,2.00,1.00,1.00,1.00,0.00,1.00,0.00
7.00,2.00,0.00,0.00,0.00,0.00,0.00,0.00
3.00,0.00,0.00,0.00,0.00,0.00,0.00,0.00
2.00,0.00,0.00,0.00,0.00,0.00,0.00,0.00
2.00,0.00,0.00,0.00,0.00,0.00,0.00,0.00
1.00,0.00,0.00,0.00,0.00,0.00,0.00,0.00
1.00,0.00,0.00,0.00,0.00,0.00,0.00,0.00
0.00,0.00,0.00,0.00,0.00,0.00,0.00,0.00
0.00,0.00,0.00,0.00,0.00,0.00,0.00,0.00
0.00,0.00,0.00,0.00,0.00,0.00,0.00,0.00
11.00,8.00,15.00,4.00,1.00,0.00,3.00,0.00
13.00,8.00,21.00,6.00,1.00,0.00,4.00,0.00
13.00,10.00,26.00,6.00,1.00,0.00,4.00,0.00
14.00,12.00,31.00,6.00,1.00,0.00,5.00,0.00
13.00,14.00,30.00,7.00,2.00,0.00,5.00,0.00
14.00,15.00,30.00,4.00,3.00,0.00,7.00,0.00
14.00,13.00,27.00,6.00,2.00,0.00,6.00,0.00
16.00,21.00,26.00,7.00,2.00,0.00,6.00,0.00
18.00,27.00,32.00,7.00,2.00,0.00,6.00,0.00
15.00,17.00,35.00,6.00,2.00,0.00,6.00,0.00
15.00,17.00,33.00,7.00,2.00,0.00,6.00,0.00
14.00,17.00,30.00,9.00,1.00,0.00,5.00,0.00
13.00,17.00,27.00,8.00,2.00,0.00,5.00,0.00
13.00,17.00,26.00,7.00,2.00,0.00,4.00,0.00
13.00,17.00,18.00,8.00,1.00,0.00,3.00,0.00
12.00,15.00,14.00,6.00,1.00,0.00,3.00,0.00
13.00,16.00,11.00,8.00,0.00,0.00,3.00,0.00
14.00,15.00,10.00,6.00,1.00,0.00,2.00,0.00
11.00,14.00,7.00,5.00,0.00,0.00,2.00,0.00
9.00,6.00,4.00,1.00,0.00,0.00,1.00,0.00
8.00,3.00,2.00,1.00,0.00,0.00,0.00,0.00
5.00,2.00,1.00,0.00,0.00,0.00,0.00,0.00
3.00,2.00,0.00,0.00,0.00,0.00,0.00,0.00
3.00,0.00,0.00,0.00,0.00,0.00,0.00,0.00
0.00,0.00,0.00,0.00,0.00,0.00,0.00,0.00
0.00,0.00,0.00,0.00,0.00,0.00,0.00,0.00
0.00,0.00,0.00,0.00,0.00,0.00,0.00,0.00
0.00,0.00,0.00,0.00,0.00,0.00,0.00,0.00
1.00,0.00,0.00,0.00,0.00,0.00,0.00,0.00
1.00,0.00,0.00,0.00,0.00,0.00,0.00,0.00
10.00,13.00,13.00,6.00,0.00,0.00,2.00,0.00
12.00,22.00,25.00,5.00,1.00,0.00,5.00,0.00
13.00,17.00,31.00,5.00,2.00,0.00,5.00,0.00
14.00,19.00,29.00,4.00,3.00,0.00,6.00,0.00
13.00,21.00,30.00,4.00,2.00,0.00,6.00,0.00
15.00,23.00,31.00,6.00,3.00,0.00,5.00,0.00
14.00,23.00,28.00,5.00,3.00,0.00,5.00,0.00
15.00,25.00,31.00,3.00,2.00,0.00,5.00,0.00
15.00,25.00,29.00,7.00,3.00,0.00,5.00,0.00
14.00,21.00,32.00,6.00,3.00,0.00,6.00,0.00
12.00,18.00,27.00,3.00,2.00,0.00,5.00,0.00
14.00,18.00,19.00,4.00,3.00,0.00,4.00,0.00
14.00,19.00,22.00,3.00,2.00,0.00,4.00,0.00
13.00,18.00,20.00,3.00,3.00,0.00,4.00,0.00
14.00,18.00,21.00,3.00,2.00,0.00,4.00,0.00
13.00,18.00,15.00,3.00,2.00,0.00,3.00,0.00
13.00,19.00,14.00,3.00,2.00,0.00,2.00,0.00
14.00,19.00,14.00,4.00,2.00,0.00,2.00,0.00
13.00,20.00,10.00,8.00,1.00,0.00,3.00,0.00
13.00,20.00,10.00,10.00,1.00,0.00,4.00,0.00
10.00,14.00,5.00,4.00,2.00,0.00,1.00,0.00
8.00,5.00,1.00,2.00,2.00,0.00,1.00,0.00
6.00,3.00,1.00,2.00,1.00,0.00,1.00,0.00
3.00,2.00,0.00,0.00,0.00,0.00,0.00,0.00
1.00,0.00,0.00,0.00,0.00,0.00,0.00,0.00
1.00,0.00,0.00,0.00,0.00,0.00,0.00,0.00
1.00,0.00,0.00,0.00,0.00,0.00,0.00,0.00
0.00,0.00,0.00,0.00,0.00,0.00,0.00,0.00
0.00,0.00,0.00,0.00,0.00,0.00,0.00,0.00
0.00,0.00,0.00,0.00,0.00,0.00,0.00,0.00
13.00,24.00,26.00,3.00,1.00,0.00,5.00,0.00
19.00,30.00,55.00,10.00,1.00,0.00,10.00,0.00
19.00,40.00,65.00,14.00,1.00,0.00,15.00,0.00
24.00,56.00,70.00,13.00,3.00,0.00,15.00,0.00
19.00,46.00,75.00,14.00,3.00,0.00,14.00,0.00
26.00,54.00,75.00,16.00,4.00,0.00,17.00,0.00
26.00,64.00,77.00,20.00,4.00,1.00,17.00,0.00
28.00,52.00,60.00,8.00,4.00,0.00,13.00,0.00
25.00,41.00,63.00,11.00,5.00,0.00,10.00,0.00
33.00,61.00,61.00,17.00,3.00,0.00,10.00,0.00
27.00,41.00,55.00,22.00,3.00,0.00,13.00,0.00
30.00,43.00,38.00,22.00,2.00,1.00,12.00,0.00
32.00,48.00,27.00,16.00,1.00,0.00,8.00,0.00
26.00,42.00,12.00,12.00,1.00,0.00,6.00,0.00
31.00,29.00,8.00,6.00,1.00,0.00,3.00,0.00
23.00,7.00,3.00,4.00,1.00,0.00,2.00,0.00
15.00,3.00,1.00,2.00,0.00,0.00,1.00,0.00
9.00,1.00,0.00,1.00,0.00,0.00,0.00,0.00
3.00,1.00,0.00,0.00,0.00,0.00,0.00,0.00
1.00,0.00,0.00,0.00,0.00,0.00,0.00,0.00
1.00,0.00,0.00,0.00,0.00,0.00,0.00,0.00
1.00,0.00,0.00,0.00,0.00,0.00,0.00,0.00
0.00,0.00,0.00,0.00,0.00,0.00,0.00,0.00
0.00,0.00,0.00,0.00,0.00,0.00,0.00,0.00
0.00,0.00,0.00,0.00,0.00,0.00,0.00,0.00
0.00,0.00,0.00,0.00,0.00,0.00,0.00,0.00
0.00,0.00,0.00,0.00,0.00,0.00,0.00,0.00
0.00,0.00,0.00,0.00,0.00,0.00,0.00,0.00
0.00,0.00,0.00,0.00,0.00,0.00,0.00,0.00
0.00,0.00,0.00,0.00,0.00,0.00,0.00,0.00
11.00,17.00,23.00,4.00,0.00,0.00,4.00,0.00
21.00,36.00,50.00,12.00,1.00,0.00,10.00,0.00
21.00,37.00,56.00,16.00,2.00,0.00,13.00,0.00
22.00,46.00,54.00,14.00,3.00,0.00,13.00,0.00
28.00,56.00,58.00,14.00,5.00,0.00,12.00,0.00
28.00,53.00,52.00,14.00,5.00,0.00,9.00,0.00
30.00,55.00,58.00,14.00,6.00,1.00,11.00,0.00
29.00,58.00,62.00,14.00,6.00,0.00,11.00,0.00
31.00,59.00,60.00,22.00,5.00,1.00,12.00,0.00
30.00,60.00,64.00,19.00,4.00,1.00,13.00,0.00
32.00,59.00,61.00,25.00,4.00,1.00,12.00,0.00
32.00,60.00,56.00,26.00,4.00,0.00,11.00,0.00
33.00,64.00,49.00,23.00,3.00,0.00,10.00,0.00
34.00,70.00,33.00,31.00,4.00,0.00,10.00,0.00
34.00,74.00,17.00,20.00,8.00,0.00,9.00,0.00
33.00,48.00,11.00,9.00,5.00,0.00,6.00,0.00
28.00,15.00,4.00,3.00,2.00,0.00,2.00,0.00
20.00,4.00,3.00,1.00,1.00,0.00,1.00,0.00
13.00,2.00,0.00,2.00,1.00,0.00,1.00,0.00
5.00,1.00,0.00,0.00,0.00,0.00,0.00,0.00
2.00,0.00,0.00,0.00,0.00,0.00,0.00,0.00
2.00,0.00,0.00,0.00,0.00,0.00,0.00,0.00
0.00,0.00,0.00,0.00,0.00,0.00,0.00,0.00
1.00,0.00,0.00,0.00,0.00,0.00,0.00,0.00
1.00,0.00,0.00,0.00,0.00,0.00,0.00,0.00
0.00,0.00,0.00,0.00,0.00,0.00,0.00,0.00
0.00,0.00,0.00,0.00,0.00,0.00,0.00,0.00
0.00,0.00,0.00,0.00,0.00,0.00,0.00,0.00
0.00,0.00,0.00,0.00,0.00,0.00,0.00,0.00
1.00,0.00,0.00,0.00,0.00,0.00,0.00,0.00
17.00,26.00,28.00,5.00,1.00,0.00,6.00,0.00
23.00,44.00,63.00,15.00,3.00,0.00,13.00,0.00
20.00,40.00,51.00,8.00,4.00,0.00,10.00,0.00
28.00,40.00,43.00,8.00,6.00,0.00,9.00,0.00
25.00,37.00,59.00,11.00,5.00,0.00,13.00,0.00
26.00,41.00,74.00,15.00,10.00,0.00,17.00,0.00
25.00,40.00,54.00,13.00,7.00,0.00,12.00,0.00
25.00,38.00,59.00,11.00,5.00,0.00,14.00,0.00
26.00,34.00,58.00,20.00,7.00,0.00,13.00,0.00
23.00,32.00,65.00,16.00,5.00,0.00,15.00,0.00
25.00,37.00,57.00,16.00,4.00,0.00,12.00,0.00
23.00,43.00,46.00,8.00,4.00,0.00,9.00,0.00
24.00,42.00,37.00,11.00,2.00,0.00,6.00,0.00
25.00,44.00,35.00,11.00,4.00,0.00,7.00,0.00
24.00,45.00,23.00,18.00,2.00,0.00,7.00,0.00
20.00,36.00,12.00,6.00,0.00,0.00,4.00,0.00
21.00,15.00,4.00,2.00,0.00,0.00,1.00,0.00
13.00,4.00,1.00,2.00,1.00,0.00,1.00,0.00
11.00,3.00,1.00,0.00,0.00,0.00,0.00,0.00
7.00,1.00,0.00,1.00,0.00,0.00,0.00,0.00
3.00,0.00,0.00,0.00,0.00,0.00,0.00,0.00
2.00,0.00,0.00,0.00,0.00,0.00,0.00,0.00
1.00,0.00,0.00,0.00,0.00,0.00,0.00,0.00
0.00,0.00,0.00,0.00,0.00,0.00,0.00,0.00
0.00,0.00,0.00,0.00,0.00,0.00,0.00,0.00
0.00,0.00,0.00,0.00,0.00,0.00,0.00,0.00
0.00,0.00,0.00,0.00,0.00,0.00,0.00,0.00
0.00,0.00,0.00,0.00,0.00,0.00,0.00,0.00
1.00,0.00,0.00,0.00,0.00,0.00,0.00,0.00
0.00,0.00,0.00,0.00,0.00,0.00,0.00,0.00
15.00,23.00,24.00,4.00,1.00,0.00,5.00,0.00
21.00,26.00,44.00,8.00,2.00,0.00,9.00,0.00
19.00,29.00,48.00,6.00,4.00,0.00,9.00,0.00
27.00,35.00,50.00,7.00,5.00,0.00,9.00,0.00
25.00,43.00,62.00,8.00,6.00,0.00,11.00,0.00
23.00,37.00,50.00,7.00,4.00,0.00,9.00,0.00
31.00,50.00,63.00,8.00,5.00,1.00,12.00,0.00
24.00,34.00,56.00,7.00,6.00,0.00,10.00,0.00
30.00,53.00,60.00,7.00,6.00,1.00,11.00,0.00
29.00,42.00,44.00,6.00,4.00,0.00,8.00,0.00
32.00,53.00,48.00,11.00,3.00,0.00,9.00,0.00
25.00,41.00,49.00,14.00,2.00,0.00,9.00,0.00
29.00,47.00,35.00,12.00,3.00,0.00,6.00,0.00
27.00,54.00,34.00,21.00,3.00,1.00,8.00,0.00
26.00,53.00,18.00,15.00,1.00,0.00,6.00,0.00
27.00,44.00,10.00,8.00,1.00,0.00,5.00,0.00
20.00,12.00,5.00,4.00,1.00,0.00,2.00,0.00
21.00,7.00,2.00,2.00,1.00,0.00,1.00,0.00
11.00,3.00,1.00,2.00,0.00,0.00,1.00,0.00
10.00,2.00,1.00,1.00,0.00,0.00,0.00,0.00
5.00,0.00,0.00,0.00,0.00,0.00,0.00,0.00
2.00,0.00,0.00,0.00,0.00,0.00,0.00,0.00
1.00,0.00,0.00,0.00,0.00,0.00,0.00,0.00
1.00,0.00,0.00,0.00,0.00,0.00,0.00,0.00
0.00,0.00,0.00,0.00,0.00,0.00,0.00,0.00
1.00,0.00,0.00,0.00,0.00,0.00,0.00,0.00
0.00,0.00,0.00,0.00,0.00,0.00,0.00,0.00
0.00,0.00,0.00,0.00,0.00,0.00,0.00,0.00
1.00,0.00,0.00,0.00,0.00,0.00,0.00,0.00
0.00,0.00,0.00,0.00,0.00,0.00,0.00,0.00
11.00,19.00,22.00,4.00,0.00,0.00,4.00,0.00
22.00,32.00,40.00,8.00,2.00,0.00,7.00,0.00
19.00,29.00,44.00,7.00,2.00,0.00,8.00,0.00
26.00,27.00,46.00,11.00,3.00,0.00,8.00,0.00
30.00,35.00,44.00,7.00,3.00,0.00,8.00,0.00
27.00,26.00,49.00,11.00,1.00,0.00,9.00,0.00
29.00,33.00,52.00,13.00,5.00,0.00,9.00,0.00
29.00,26.00,58.00,19.00,2.00,0.00,11.00,0.00
30.00,32.00,55.00,24.00,4.00,0.00,10.00,0.00
25.00,34.00,60.00,14.00,4.00,0.00,11.00,0.00
26.00,28.00,57.00,19.00,3.00,0.00,10.00,0.00
30.00,36.00,62.00,20.00,3.00,0.00,11.00,0.00
25.00,40.00,58.00,14.00,5.00,0.00,11.00,0.00
28.00,30.00,62.00,12.00,4.00,0.00,11.00,0.00
34.00,40.00,53.00,9.00,3.00,0.00,10.00,0.00
28.00,35.00,56.00,9.00,3.00,0.00,10.00,0.00
34.00,42.00,48.00,12.00,3.00,0.00,9.00,0.00
31.00,41.00,39.00,16.00,2.00,0.00,7.00,0.00
36.00,50.00,27.00,27.00,2.00,0.00,10.00,0.00
29.00,55.00,23.00,19.00,3.00,0.00,7.00,0.00
32.00,64.00,14.00,14.00,3.00,0.00,8.00,0.00
33.00,49.00,11.00,12.00,2.00,0.00,7.00,0.00
29.00,20.00,4.00,10.00,2.00,0.00,6.00,0.00
32.00,13.00,3.00,5.00,3.00,0.00,3.00,0.00
25.00,11.00,1.00,3.00,1.00,0.00,2.00,0.00
22.00,5.00,0.00,2.00,0.00,0.00,1.00,0.00
11.00,2.00,0.00,1.00,0.00,0.00,0.00,0.00
8.00,2.00,0.00,0.00,0.00,0.00,0.00,0.00
4.00,1.00,0.00,0.00,0.00,0.00,0.00,0.00
1.00,0.00,0.00,0.00,0.00,0.00,0.00,0.00
14.00,22.00,23.00,2.00,1.00,0.00,4.00,0.00
15.00,25.00,38.00,7.00,1.00,0.00,8.00,0.00
21.00,29.00,34.00,4.00,2.00,0.00,7.00,0.00
24.00,39.00,62.00,5.00,2.00,0.00,11.00,0.00
22.00,33.00,77.00,7.00,3.00,0.00,14.00,0.00
25.00,40.00,74.00,6.00,3.00,0.00,14.00,0.00
25.00,47.00,84.00,9.00,4.00,0.00,15.00,0.00
24.00,43.00,81.00,7.00,3.00,1.00,15.00,0.00
28.00,52.00,72.00,8.00,3.00,0.00,14.00,0.00
24.00,55.00,89.00,9.00,6.00,0.00,16.00,0.00
29.00,68.00,84.00,12.00,6.00,0.00,16.00,0.00
24.00,56.00,64.00,15.00,5.00,0.00,12.00,0.00
27.00,72.00,79.00,25.00,6.00,1.00,16.00,0.00
22.00,62.00,69.00,26.00,4.00,0.00,16.00,0.00
27.00,66.00,74.00,26.00,9.00,0.00,16.00,0.00
23.00,64.00,71.00,27.00,8.00,1.00,17.00,0.00
25.00,57.00,51.00,18.00,7.00,0.00,11.00,0.00
28.00,56.00,54.00,17.00,5.00,1.00,9.00,0.00
24.00,49.00,44.00,16.00,5.00,0.00,9.00,0.00
29.00,54.00,43.00,24.00,4.00,0.00,9.00,0.00
25.00,54.00,32.00,28.00,3.00,0.00,10.00,0.00
23.00,62.00,24.00,20.00,3.00,0.00,8.00,0.00
25.00,61.00,17.00,21.00,4.00,0.00,8.00,0.00
26.00,55.00,16.00,12.00,2.00,0.00,7.00,0.00
20.00,37.00,7.00,10.00,2.00,0.00,4.00,0.00
25.00,21.00,4.00,5.00,2.00,0.00,3.00,0.00
21.00,10.00,3.00,4.00,0.00,0.00,2.00,0.00
15.00,3.00,1.00,2.00,0.00,0.00,1.00,0.00
15.00,3.00,0.00,1.00,0.00,0.00,1.00,0.00
6.00,1.00,0.00,0.00,0.00,0.00,0.00,0.00
14.00,29.00,34.00,4.00,1.00,0.00,6.00,0.00
24.00,42.00,47.00,8.00,2.00,0.00,9.00,0.00
24.00,49.00,78.00,8.00,2.00,0.00,14.00,0.00
25.00,44.00,63.00,9.00,2.00,0.00,12.00,0.00
30.00,60.00,74.00,12.00,3.00,0.00,14.00,0.00
25.00,49.00,81.00,11.00,4.00,0.00,15.00,0.00
29.00,49.00,54.00,9.00,6.00,0.00,10.00,0.00
28.00,62.00,71.00,12.00,5.00,1.00,13.00,0.00
27.00,47.00,47.00,9.00,5.00,0.00,9.00,0.00
24.00,49.00,68.00,10.00,5.00,0.00,12.00,0.00
31.00,53.00,56.00,8.00,7.00,0.00,10.00,0.00
26.00,52.00,67.00,10.00,6.00,0.00,12.00,0.00
26.00,45.00,46.00,7.00,5.00,0.00,8.00,0.00
31.00,57.00,58.00,10.00,4.00,0.00,10.00,0.00
25.00,43.00,54.00,11.00,6.00,0.00,9.00,0.00
32.00,38.00,35.00,11.00,5.00,0.00,7.00,0.00
32.00,51.00,50.00,14.00,3.00,0.00,8.00,0.00
26.00,36.00,42.00,19.00,4.00,0.00,9.00,0.00
33.00,44.00,35.00,34.00,4.00,1.00,12.00,0.00
30.00,45.00,19.00,24.00,2.00,0.00,8.00,0.00
32.00,55.00,21.00,24.00,2.00,0.00,9.00,0.00
28.00,40.00,8.00,14.00,3.00,0.00,6.00,0.00
35.00,18.00,7.00,12.00,5.00,0.00,5.00,0.00
30.00,9.00,4.00,4.00,3.00,0.00,2.00,0.00
28.00,7.00,2.00,3.00,2.00,0.00,1.00,0.00
27.00,9.00,1.00,1.00,0.00,0.00,1.00,0.00
18.00,4.00,1.00,1.00,0.00,0.00,1.00,0.00
13.00,2.00,0.00,0.00,0.00,0.00,0.00,0.00
10.00,1.00,0.00,0.00,0.00,0.00,0.00,0.00
3.00,0.00,0.00,0.00,0.00,0.00,0.00,0.00
11.00,16.00,24.00,4.00,1.00,0.00,5.00,0.00
21.00,29.00,39.00,6.00,2.00,0.00,7.00,0.00
20.00,26.00,53.00,10.00,3.00,0.00,9.00,0.00
25.00,33.00,66.00,11.00,4.00,0.00,12.00,0.00
25.00,43.00,80.00,12.00,5.00,0.00,15.00,0.00
20.00,41.00,77.00,11.00,5.00,0.00,15.00,0.00
25.00,42.00,68.00,7.00,5.00,1.00,13.00,0.00
28.00,51.00,75.00,10.00,8.00,1.00,14.00,0.00
25.00,45.00,82.00,11.00,6.00,1.00,15.00,0.00
30.00,41.00,67.00,11.00,8.00,0.00,12.00,0.00
28.00,47.00,78.00,10.00,8.00,1.00,14.00,0.00
31.00,45.00,62.00,7.00,7.00,0.00,12.00,0.00
27.00,42.00,74.00,7.00,6.00,1.00,13.00,0.00
33.00,40.00,64.00,6.00,6.00,0.00,12.00,0.00
32.00,50.00,59.00,6.00,5.00,0.00,11.00,0.00
28.00,35.00,57.00,13.00,9.00,0.00,10.00,0.00
30.00,35.00,42.00,9.00,5.00,0.00,8.00,0.00
32.00,45.00,49.00,9.00,5.00,0.00,9.00,0.00
27.00,40.00,37.00,9.00,4.00,0.00,7.00,0.00
32.00,44.00,26.00,21.00,2.00,0.00,7.00,0.00
26.00,52.00,24.00,14.00,1.00,0.00,6.00,0.00
32.00,58.00,15.00,15.00,6.00,0.00,7.00,0.00
26.00,37.00,8.00,12.00,4.00,0.00,5.00,0.00
32.00,20.00,6.00,7.00,6.00,0.00,4.00,0.00
25.00,12.00,3.00,6.00,3.00,0.00,4.00,0.00
21.00,7.00,3.00,3.00,4.00,0.00,3.00,0.00
18.00,5.00,1.00,1.00,1.00,0.00,1.00,0.00
13.00,3.00,0.00,1.00,0.00,0.00,0.00,0.00
7.00,0.00,0.00,0.00,0.00,0.00,0.00,0.00
8.00,1.00,0.00,0.00,0.00,0.00,0.00,0.00
14.00,16.00,19.00,2.00,0.00,0.00,4.00,0.00
15.00,17.00,32.00,5.00,1.00,0.00,7.00,0.00
24.00,28.00,33.00,5.00,2.00,0.00,6.00,0.00
21.00,21.00,40.00,8.00,5.00,0.00,7.00,0.00
26.00,20.00,43.00,10.00,3.00,0.00,8.00,0.00
29.00,28.00,46.00,13.00,6.00,0.00,9.00,0.00
24.00,28.00,53.00,16.00,8.00,0.00,11.00,0.00
26.00,27.00,51.00,19.00,8.00,0.00,13.00,0.00
29.00,32.00,49.00,21.00,8.00,0.00,13.00,0.00
25.00,30.00,56.00,20.00,8.00,0.00,13.00,0.00
26.00,21.00,57.00,17.00,5.00,0.00,10.00,0.00
20.00,29.00,60.00,15.00,5.00,1.00,11.00,0.00
24.00,24.00,49.00,16.00,3.00,0.00,9.00,0.00
26.00,32.00,51.00,15.00,4.00,0.00,9.00,0.00
22.00,29.00,53.00,18.00,6.00,1.00,10.00,0.00
21.00,21.00,46.00,18.00,3.00,0.00,8.00,0.00
27.00,29.00,44.00,18.00,3.00,0.00,8.00,0.00
25.00,33.00,48.00,15.00,4.00,0.00,9.00,0.00
25.00,32.00,36.00,11.00,3.00,1.00,6.00,0.00
32.00,39.00,27.00,11.00,3.00,0.00,5.00,0.00
25.00,37.00,31.00,22.00,2.00,0.00,8.00,0.00
32.00,48.00,29.00,15.00,3.00,0.00,6.00,0.00
29.00,47.00,12.00,18.00,3.00,0.00,7.00,0.00
30.00,40.00,10.00,15.00,3.00,0.00,6.00,0.00
24.00,29.00,6.00,12.00,3.00,0.00,5.00,0.00
23.00,16.00,3.00,4.00,0.00,0.00,2.00,0.00
17.00,6.00,2.00,2.00,1.00,0.00,1.00,0.00
9.00,1.00,2.00,1.00,0.00,0.00,0.00,0.00
2.00,1.00,0.00,0.00,0.00,0.00,0.00,0.00
2.00,0.00,0.00,0.00,0.00,0.00,0.00,0.00
4.00,6.00,9.00,17.00,3.00,1.00,6.00,0.00
2.00,6.00,2.00,5.00,1.00,0.00,2.00,0.00
1.00,3.00,3.00,2.00,1.00,0.00,2.00,0.00
0.00,2.00,2.00,2.00,1.00,0.00,1.00,0.00
1.00,3.00,3.00,1.00,1.00,0.00,2.00,0.00
1.00,2.00,5.00,4.00,2.00,0.00,2.00,0.00
1.00,2.00,4.00,5.00,1.00,0.00,3.00,0.00
1.00,1.00,11.00,5.00,0.00,0.00,2.00,0.00
6.00,3.00,6.00,2.00,1.00,0.00,1.00,0.00
11.00,18.00,9.00,1.00,1.00,0.00,2.00,0.00
14.00,21.00,18.00,2.00,0.00,1.00,4.00,0.00
25.00,27.00,26.00,4.00,3.00,0.00,5.00,0.00
25.00,33.00,44.00,6.00,3.00,0.00,8.00,0.00
30.00,40.00,42.00,5.00,3.00,0.00,8.00,0.00
27.00,35.00,34.00,5.00,3.00,0.00,7.00,0.00
33.00,50.00,60.00,8.00,3.00,0.00,13.00,0.00
25.00,39.00,57.00,9.00,3.00,1.00,12.00,0.00
25.00,42.00,53.00,7.00,2.00,0.00,12.00,0.00
23.00,43.00,62.00,16.00,8.00,0.00,14.00,0.00
22.00,44.00,49.00,11.00,4.00,1.00,11.00,0.00
26.00,47.00,48.00,7.00,4.00,0.00,10.00,0.00
22.00,40.00,38.00,4.00,5.00,0.00,8.00,0.00
29.00,47.00,44.00,5.00,7.00,0.00,7.00,0.00
25.00,45.00,47.00,11.00,4.00,0.00,8.00,0.00
25.00,50.00,53.00,7.00,5.00,0.00,8.00,0.00
25.00,46.00,49.00,7.00,3.00,0.00,8.00,0.00
29.00,59.00,53.00,7.00,5.00,0.00,8.00,0.00
24.00,51.00,53.00,9.00,3.00,1.00,9.00,0.00
30.00,57.00,52.00,14.00,5.00,0.00,9.00,0.00
25.00,55.00,52.00,18.00,6.00,0.00,11.00,0.00
2.00,6.00,7.00,19.00,2.00,0.00,7.00,0.00
0.00,1.00,0.00,2.00,1.00,0.00,2.00,0.00
1.00,5.00,3.00,4.00,0.00,0.00,1.00,0.00
1.00,4.00,5.00,4.00,2.00,0.00,4.00,0.00
0.00,2.00,7.00,6.00,3.00,0.00,4.00,0.00
0.00,1.00,11.00,8.00,1.00,0.00,4.00,0.00
0.00,4.00,9.00,10.00,1.00,0.00,6.00,0.00
5.00,1.00,9.00,2.00,1.00,0.00,2.00,0.00
14.00,31.00,30.00,8.00,2.00,0.00,7.00,0.00
22.00,43.00,68.00,9.00,3.00,0.00,15.00,0.00
31.00,55.00,83.00,9.00,6.00,0.00,16.00,0.00
26.00,55.00,97.00,8.00,4.00,1.00,18.00,0.00
29.00,49.00,100.00,10.00,7.00,0.00,19.00,0.00
32.00,71.00,112.00,10.00,9.00,0.00,21.00,0.00
26.00,54.00,121.00,12.00,8.00,0.00,22.00,0.00
32.00,55.00,85.00,5.00,6.00,0.00,16.00,0.00
31.00,72.00,93.00,5.00,6.00,1.00,17.00,0.00
25.00,60.00,73.00,13.00,7.00,1.00,13.00,0.00
31.00,70.00,77.00,4.00,8.00,1.00,15.00,0.00
27.00,52.00,61.00,4.00,7.00,1.00,14.00,0.00
28.00,52.00,59.00,9.00,11.00,1.00,10.00,0.00
29.00,48.00,48.00,5.00,7.00,1.00,11.00,0.00
30.00,56.00,56.00,6.00,8.00,0.00,9.00,0.00
25.00,46.00,47.00,6.00,4.00,1.00,7.00,0.00
31.00,49.00,44.00,9.00,3.00,0.00,7.00,0.00
26.00,45.00,45.00,11.00,4.00,0.00,7.00,0.00
27.00,46.00,31.00,7.00,2.00,0.00,5.00,0.00
29.00,51.00,26.00,16.00,4.00,0.00,6.00,0.00
27.00,58.00,12.00,12.00,2.00,0.00,7.00,0.00
25.00,49.00,9.00,7.00,6.00,0.00,6.00,0.00
13.00,25.00,40.00,5.00,1.00,1.00,7.00,0.00
24.00,48.00,59.00,8.00,2.00,0.00,12.00,0.00
23.00,43.00,95.00,10.00,2.00,1.00,18.00,0.00
30.00,52.00,83.00,9.00,5.00,1.00,15.00,0.00
24.00,49.00,96.00,7.00,4.00,1.00,18.00,0.00
31.00,51.00,81.00,8.00,4.00,0.00,16.00,0.00
30.00,71.00,86.00,15.00,5.00,1.00,16.00,0.00
25.00,51.00,78.00,8.00,3.00,0.00,15.00,0.00
30.00,58.00,71.00,8.00,5.00,0.00,14.00,0.00
26.00,57.00,71.00,10.00,4.00,0.00,13.00,0.00
23.00,55.00,50.00,10.00,1.00,0.00,9.00,0.00
23.00,58.00,55.00,13.00,4.00,0.00,10.00,0.00
24.00,60.00,55.00,15.00,4.00,0.00,11.00,0.00
22.00,60.00,49.00,16.00,2.00,0.00,10.00,0.00
25.00,63.00,53.00,16.00,2.00,0.00,9.00,0.00
23.00,62.00,45.00,16.00,2.00,0.00,9.00,0.00
28.00,65.00,37.00,21.00,2.00,0.00,12.00,0.00
23.00,59.00,23.00,20.00,1.00,0.00,11.00,0.00
25.00,50.00,14.00,15.00,1.00,0.00,8.00,0.00
27.00,35.00,9.00,9.00,2.00,0.00,5.00,0.00
24.00,19.00,4.00,6.00,2.00,0.00,2.00,0.00
28.00,13.00,4.00,5.00,3.00,0.00,2.00,0.00
22.00,3.00,1.00,3.00,1.00,0.00,2.00,0.00
15.00,4.00,0.00,1.00,0.00,0.00,0.00,0.00
8.00,1.00,0.00,0.00,0.00,0.00,0.00,0.00
7.00,1.00,0.00,0.00,0.00,0.00,0.00,0.00
3.00,0.00,0.00,0.00,0.00,0.00,0.00,0.00
1.00,0.00,0.00,0.00,0.00,0.00,0.00,0.00
0.00,0.00,0.00,0.00,0.00,0.00,0.00,0.00
0.00,0.00,0.00,0.00,0.00,0.00,0.00,0.00
11.00,24.00,15.00,2.00,1.00,0.00,3.00,0.00
27.00,42.00,39.00,6.00,2.00,0.00,7.00,0.00
27.00,34.00,53.00,7.00,2.00,1.00,10.00,0.00
34.00,38.00,56.00,11.00,4.00,0.00,10.00,0.00
28.00,38.00,59.00,9.00,5.00,1.00,12.00,0.00
25.00,30.00,48.00,10.00,3.00,0.00,10.00,0.00
29.00,38.00,48.00,10.00,3.00,0.00,11.00,0.00
27.00,41.00,57.00,10.00,3.00,0.00,11.00,0.00
24.00,34.00,51.00,9.00,4.00,0.00,9.00,0.00
29.00,33.00,50.00,14.00,4.00,0.00,9.00,0.00
27.00,41.00,56.00,14.00,4.00,1.00,13.00,0.00
26.00,33.00,46.00,14.00,4.00,0.00,9.00,0.00
31.00,49.00,42.00,8.00,5.00,0.00,7.00,0.00
30.00,42.00,27.00,6.00,3.00,0.00,6.00,0.00
35.00,50.00,43.00,7.00,3.00,0.00,7.00,0.00
29.00,48.00,40.00,11.00,2.00,0.00,6.00,0.00
34.00,52.00,27.00,21.00,1.00,0.00,7.00,0.00
37.00,61.00,20.00,19.00,2.00,0.00,7.00,0.00
31.00,41.00,8.00,10.00,2.00,0.00,5.00,0.00
41.00,14.00,4.00,6.00,2.00,0.00,3.00,0.00
36.00,6.00,2.00,3.00,1.00,0.00,2.00,0.00
40.00,11.00,2.00,2.00,2.00,0.00,2.00,0.00
24.00,2.00,1.00,0.00,0.00,0.00,1.00,0.00
18.00,4.00,0.00,0.00,0.00,0.00,1.00,0.00
9.00,1.00,0.00,0.00,0.00,0.00,0.00,0.00
4.00,0.00,0.00,0.00,0.00,0.00,0.00,0.00
1.00,0.00,0.00,0.00,0.00,0.00,0.00,0.00
1.00,0.00,0.00,0.00,0.00,0.00,0.00,0.00
0.00,0.00,0.00,0.00,0.00,0.00,0.00,0.00
0.00,0.00,0.00,0.00,0.00,0.00,0.00,0.00
16.00,25.00,30.00,3.00,0.00,0.00,5.00,0.00
18.00,38.00,56.00,7.00,4.00,0.00,10.00,0.00
24.00,45.00,78.00,13.00,6.00,0.00,18.00,0.00
29.00,59.00,68.00,11.00,7.00,1.00,13.00,0.00
30.00,61.00,63.00,8.00,2.00,1.00,14.00,0.00
26.00,62.00,68.00,10.00,5.00,1.00,15.00,0.00
31.00,67.00,84.00,11.00,5.00,1.00,19.00,0.00
26.00,59.00,67.00,13.00,4.00,0.00,15.00,0.00
32.00,63.00,71.00,10.00,8.00,0.00,16.00,0.00
26.00,60.00,73.00,13.00,5.00,0.00,16.00,0.00
29.00,60.00,62.00,9.00,6.00,1.00,14.00,0.00
32.00,70.00,72.00,11.00,6.00,1.00,12.00,0.00
27.00,53.00,69.00,10.00,5.00,1.00,11.00,0.00
35.00,60.00,67.00,8.00,6.00,0.00,11.00,0.00
28.00,58.00,67.00,13.00,5.00,0.00,10.00,0.00
30.00,65.00,62.00,18.00,6.00,0.00,11.00,0.00
30.00,64.00,49.00,21.00,2.00,0.00,12.00,0.00
27.00,68.00,38.00,23.00,3.00,1.00,11.00,0.00
27.00,65.00,24.00,24.00,2.00,0.00,12.00,0.00
31.00,61.00,15.00,16.00,1.00,0.00,7.00,0.00
23.00,31.00,7.00,8.00,1.00,0.00,4.00,0.00
27.00,8.00,4.00,6.00,2.00,0.00,2.00,0.00
24.00,6.00,2.00,1.00,0.00,0.00,1.00,0.00
15.00,3.00,1.00,1.00,0.00,0.00,0.00,0.00
9.00,1.00,0.00,0.00,0.00,0.00,0.00,0.00
3.00,1.00,0.00,0.00,0.00,0.00,0.00,0.00
1.00,0.00,0.00,0.00,0.00,0.00,0.00,0.00
1.00,0.00,0.00,0.00,0.00,0.00,0.00,0.00
0.00,0.00,0.00,0.00,0.00,0.00,0.00,0.00
0.00,0.00,0.00,0.00,0.00,0.00,0.00,0.00
9.00,18.00,28.00,2.00,0.00,0.00,5.00,0.00
19.00,34.00,44.00,3.00,2.00,0.00,8.00,0.00
27.00,55.00,73.00,6.00,3.00,1.00,13.00,0.00
25.00,55.00,75.00,8.00,5.00,1.00,14.00,0.00
32.00,65.00,79.00,8.00,4.00,1.00,16.00,0.00
30.00,63.00,93.00,7.00,3.00,1.00,17.00,0.00
28.00,52.00,71.00,7.00,4.00,0.00,13.00,0.00
32.00,67.00,96.00,8.00,5.00,1.00,18.00,0.00
31.00,59.00,68.00,7.00,5.00,1.00,15.00,0.00
27.00,64.00,77.00,9.00,4.00,0.00,16.00,0.00
30.00,61.00,59.00,9.00,4.00,0.00,13.00,0.00
32.00,69.00,83.00,7.00,5.00,1.00,15.00,0.00
25.00,58.00,76.00,6.00,6.00,1.00,16.00,0.00
33.00,66.00,90.00,7.00,6.00,0.00,20.00,0.00
29.00,65.00,84.00,9.00,7.00,0.00,19.00,0.00
30.00,61.00,69.00,7.00,5.00,0.00,15.00,0.00
28.00,63.00,76.00,13.00,7.00,0.00,13.00,0.00
31.00,70.00,55.00,17.00,4.00,0.00,10.00,0.00
27.00,72.00,34.00,17.00,5.00,0.00,9.00,0.00
31.00,71.00,22.00,33.00,3.00,1.00,13.00,0.00
27.00,46.00,11.00,14.00,1.00,0.00,7.00,0.00
32.00,23.00,7.00,8.00,2.00,0.00,4.00,0.00
27.00,12.00,3.00,3.00,1.00,0.00,1.00,0.00
24.00,5.00,2.00,1.00,0.00,0.00,1.00,0.00
19.00,4.00,0.00,1.00,0.00,0.00,1.00,0.00
11.00,1.00,0.00,0.00,0.00,0.00,0.00,0.00
5.00,1.00,0.00,0.00,0.00,0.00,0.00,0.00
3.00,0.00,0.00,0.00,0.00,0.00,0.00,0.00
1.00,0.00,0.00,0.00,0.00,0.00,0.00,0.00
1.00,0.00,0.00,0.00,0.00,0.00,0.00,0.00
3.00,28.00,15.00,41.00,3.00,1.00,14.00,0.00
2.00,5.00,5.00,8.00,1.00,0.00,3.00,0.00
2.00,5.00,6.00,10.00,1.00,0.00,3.00,0.00
0.00,5.00,19.00,10.00,2.00,0.00,4.00,0.00
1.00,11.00,17.00,8.00,1.00,0.00,4.00,0.00
1.00,14.00,26.00,11.00,1.00,0.00,6.00,0.00
0.00,15.00,30.00,11.00,2.00,0.00,6.00,0.00
0.00,6.00,12.00,20.00,1.00,0.00,6.00,0.00
0.00,5.00,31.00,24.00,1.00,0.00,8.00,0.00
0.00,20.00,23.00,9.00,2.00,0.00,6.00,0.00
4.00,10.00,27.00,16.00,1.00,0.00,6.00,0.00
5.00,7.00,40.00,15.00,1.00,0.00,9.00,0.00
19.00,14.00,18.00,12.00,2.00,0.00,4.00,0.00
11.00,9.00,21.00,10.00,2.00,0.00,6.00,0.00
7.00,22.00,25.00,8.00,3.00,0.00,4.00,0.00
12.00,22.00,21.00,9.00,2.00,0.00,6.00,0.00
19.00,9.00,13.00,9.00,2.00,0.00,3.00,0.00
27.00,18.00,16.00,6.00,2.00,0.00,4.00,0.00
21.00,29.00,23.00,10.00,2.00,0.00,4.00,0.00
17.00,24.00,19.00,7.00,3.00,0.00,4.00,0.00
18.00,25.00,24.00,13.00,1.00,1.00,6.00,0.00
20.00,26.00,19.00,9.00,2.00,0.00,4.00,0.00
26.00,26.00,17.00,6.00,1.00,0.00,3.00,0.00
28.00,27.00,18.00,10.00,2.00,0.00,3.00,0.00
28.00,25.00,14.00,11.00,3.00,0.00,4.00,0.00
23.00,24.00,12.00,11.00,1.00,0.00,4.00,0.00
16.00,15.00,8.00,17.00,2.00,0.00,6.00,0.00
24.00,12.00,5.00,6.00,2.00,0.00,2.00,0.00
21.00,8.00,3.00,3.00,2.00,0.00,3.00,0.00
18.00,8.00,2.00,2.00,1.00,0.00,1.00,0.00
8.00,12.00,9.00,7.00,1.00,0.00,5.00,0.00
5.00,12.00,9.00,28.00,1.00,0.00,10.00,0.00
1.00,6.00,2.00,13.00,1.00,0.00,4.00,0.00
2.00,9.00,6.00,9.00,0.00,0.00,3.00,0.00
1.00,3.00,5.00,4.00,1.00,0.00,1.00,0.00
0.00,6.00,8.00,12.00,1.00,0.00,4.00,0.00
1.00,3.00,10.00,6.00,1.00,0.00,3.00,0.00
2.00,3.00,11.00,11.00,0.00,0.00,3.00,0.00
6.00,2.00,12.00,5.00,0.00,0.00,2.00,0.00
13.00,8.00,13.00,5.00,1.00,0.00,3.00,0.00
13.00,15.00,20.00,9.00,1.00,0.00,4.00,0.00
14.00,20.00,25.00,10.00,0.00,0.00,5.00,0.00
15.00,18.00,20.00,14.00,1.00,0.00,4.00,0.00
15.00,17.00,21.00,12.00,1.00,0.00,4.00,0.00
17.00,15.00,19.00,13.00,1.00,0.00,4.00,0.00
19.00,14.00,18.00,12.00,1.00,0.00,3.00,0.00
19.00,14.00,14.00,7.00,1.00,0.00,3.00,0.00
21.00,15.00,18.00,4.00,0.00,0.00,4.00,0.00
22.00,23.00,18.00,4.00,1.00,0.00,5.00,0.00
14.00,23.00,19.00,6.00,1.00,0.00,4.00,0.00
18.00,14.00,14.00,5.00,1.00,0.00,4.00,0.00
20.00,15.00,17.00,6.00,0.00,0.00,4.00,0.00
22.00,19.00,20.00,7.00,1.00,0.00,5.00,0.00
23.00,19.00,20.00,11.00,1.00,0.00,5.00,0.00
24.00,20.00,20.00,9.00,0.00,0.00,5.00,0.00
21.00,18.00,18.00,7.00,0.00,0.00,3.00,0.00
19.00,18.00,18.00,11.00,0.00,0.00,4.00,0.00
16.00,18.00,15.00,13.00,1.00,0.00,4.00,0.00
11.00,14.00,10.00,6.00,0.00,0.00,2.00,0.00
18.00,7.00,6.00,7.00,0.00,0.00,2.00,0.00
3.00,11.00,5.00,21.00,1.00,0.00,7.00,0.00
3.00,6.00,5.00,7.00,1.00,0.00,2.00,0.00
0.00,2.00,1.00,5.00,0.00,0.00,2.00,0.00
0.00,3.00,4.00,5.00,0.00,0.00,2.00,0.00
1.00,4.00,12.00,6.00,1.00,0.00,3.00,0.00
0.00,2.00,7.00,10.00,1.00,0.00,3.00,0.00
0.00,4.00,8.00,6.00,2.00,0.00,2.00,0.00
3.00,4.00,7.00,4.00,1.00,0.00,2.00,0.00
8.00,3.00,8.00,2.00,1.00,0.00,2.00,0.00
9.00,5.00,13.00,3.00,1.00,0.00,3.00,0.00
9.00,7.00,18.00,7.00,1.00,0.00,4.00,0.00
11.00,13.00,20.00,4.00,1.00,0.00,4.00,0.00
12.00,17.00,18.00,6.00,2.00,0.00,4.00,0.00
13.00,17.00,21.00,3.00,1.00,0.00,4.00,0.00
12.00,17.00,25.00,3.00,1.00,0.00,5.00,0.00
15.00,19.00,21.00,8.00,1.00,0.00,5.00,0.00
15.00,19.00,24.00,6.00,2.00,0.00,6.00,0.00
13.00,19.00,21.00,10.00,2.00,0.00,5.00,0.00
15.00,18.00,21.00,5.00,1.00,0.00,5.00,0.00
15.00,17.00,22.00,6.00,1.00,0.00,4.00,0.00
14.00,16.00,20.00,5.00,1.00,0.00,4.00,0.00
16.00,16.00,20.00,7.00,1.00,0.00,4.00,0.00
20.00,20.00,20.00,7.00,1.00,0.00,5.00,0.00
17.00,26.00,22.00,5.00,2.00,0.00,4.00,0.00
11.00,21.00,17.00,7.00,1.00,0.00,4.00,0.00
12.00,21.00,18.00,8.00,1.00,0.00,4.00,0.00
12.00,17.00,12.00,9.00,0.00,0.00,3.00,0.00
15.00,16.00,13.00,14.00,1.00,0.00,5.00,0.00
17.00,19.00,11.00,12.00,0.00,0.00,4.00,0.00
19.00,15.00,8.00,8.00,0.00,0.00,3.00,0.00
7.00,7.00,14.00,8.00,1.00,0.00,3.00,0.00
11.00,10.00,16.00,3.00,1.00,0.00,3.00,0.00
20.00,16.00,30.00,5.00,1.00,0.00,6.00,0.00
28.00,28.00,34.00,8.00,1.00,0.00,9.00,0.00
28.00,45.00,44.00,9.00,1.00,0.00,8.00,0.00
21.00,45.00,39.00,13.00,1.00,1.00,7.00,0.00
19.00,41.00,36.00,9.00,2.00,1.00,8.00,0.00
18.00,40.00,34.00,9.00,2.00,1.00,7.00,0.00
18.00,38.00,33.00,10.00,1.00,1.00,6.00,0.00
18.00,31.00,25.00,8.00,1.00,0.00,5.00,0.00
18.00,32.00,30.00,10.00,1.00,0.00,4.00,0.00
19.00,28.00,33.00,10.00,1.00,0.00,5.00,0.00
20.00,26.00,24.00,7.00,1.00,0.00,4.00,0.00
24.00,28.00,27.00,8.00,1.00,0.00,5.00,0.00
27.00,34.00,40.00,10.00,1.00,0.00,6.00,0.00
26.00,36.00,34.00,13.00,1.00,1.00,5.00,0.00
26.00,34.00,33.00,17.00,1.00,0.00,5.00,0.00
24.00,31.00,30.00,16.00,1.00,0.00,5.00,0.00
23.00,30.00,21.00,13.00,0.00,0.00,4.00,0.00
20.00,28.00,20.00,9.00,0.00,0.00,4.00,0.00
18.00,23.00,13.00,6.00,1.00,0.00,3.00,0.00
16.00,18.00,9.00,7.00,0.00,0.00,3.00,0.00
13.00,11.00,4.00,5.00,0.00,0.00,2.00,0.00
15.00,4.00,2.00,2.00,0.00,0.00,1.00,0.00
16.00,5.00,2.00,2.00,0.00,0.00,1.00,0.00
13.00,5.00,2.00,1.00,0.00,0.00,0.00,0.00
8.00,5.00,1.00,1.00,0.00,0.00,0.00,0.00
6.00,4.00,0.00,1.00,0.00,0.00,0.00,0.00
6.00,1.00,0.00,0.00,0.00,0.00,0.00,0.00
2.00,0.00,0.00,0.00,0.00,0.00,0.00,0.00
2.00,22.00,8.00,10.00,2.00,0.00,3.00,0.00
1.00,4.00,4.00,9.00,2.00,0.00,3.00,0.00
2.00,3.00,4.00,8.00,1.00,0.00,3.00,0.00
1.00,7.00,13.00,10.00,1.00,0.00,3.00,0.00
2.00,5.00,6.00,12.00,1.00,0.00,4.00,0.00
1.00,6.00,8.00,7.00,3.00,0.00,4.00,0.00
0.00,3.00,6.00,5.00,3.00,0.00,3.00,0.00
2.00,4.00,9.00,5.00,1.00,0.00,2.00,0.00
1.00,3.00,4.00,5.00,1.00,0.00,2.00,0.00
5.00,10.00,10.00,6.00,0.00,0.00,2.00,0.00
12.00,14.00,16.00,6.00,1.00,0.00,3.00,0.00
19.00,15.00,18.00,7.00,1.00,0.00,4.00,0.00
23.00,21.00,21.00,10.00,1.00,0.00,5.00,0.00
23.00,22.00,26.00,6.00,2.00,0.00,5.00,0.00
25.00,25.00,27.00,12.00,2.00,0.00,5.00,0.00
29.00,35.00,40.00,7.00,1.00,0.00,9.00,0.00
30.00,29.00,43.00,5.00,1.00,0.00,9.00,0.00
32.00,31.00,48.00,4.00,2.00,0.00,9.00,0.00
31.00,42.00,51.00,8.00,1.00,0.00,10.00,0.00
26.00,40.00,51.00,9.00,1.00,0.00,10.00,0.00
23.00,20.00,44.00,6.00,1.00,0.00,10.00,0.00
26.00,19.00,42.00,6.00,1.00,0.00,10.00,0.00
25.00,18.00,39.00,8.00,1.00,0.00,11.00,0.00
29.00,18.00,39.00,7.00,1.00,0.00,9.00,0.00
31.00,17.00,56.00,5.00,3.00,0.00,9.00,0.00
33.00,20.00,51.00,7.00,3.00,0.00,10.00,0.00
31.00,23.00,43.00,7.00,2.00,0.00,8.00,0.00
33.00,26.00,44.00,11.00,2.00,0.00,8.00,0.00
35.00,44.00,53.00,14.00,1.00,0.00,10.00,0.00
30.00,42.00,50.00,11.00,2.00,0.00,9.00,0.00
37.00,25.00,31.00,14.00,1.00,0.00,5.00,0.00
33.00,21.00,21.00,11.00,2.00,0.00,4.00,0.00
32.00,15.00,9.00,9.00,1.00,0.00,3.00,0.00
30.00,16.00,8.00,8.00,1.00,0.00,3.00,0.00
28.00,10.00,3.00,5.00,1.00,0.00,2.00,0.00
22.00,5.00,1.00,2.00,0.00,0.00,1.00,0.00
23.00,3.00,1.00,1.00,1.00,0.00,1.00,0.00
18.00,2.00,0.00,2.00,1.00,0.00,1.00,0.00
8.00,1.00,0.00,1.00,0.00,0.00,0.00,0.00
4.00,0.00,0.00,0.00,0.00,0.00,0.00,0.00
1.00,0.00,0.00,0.00,0.00,0.00,0.00,0.00
1.00,0.00,0.00,0.00,0.00,0.00,0.00,0.00
0.00,0.00,0.00,0.00,0.00,0.00,0.00,0.00
0.00,0.00,0.00,0.00,0.00,0.00,0.00,0.00
1.00,0.00,0.00,0.00,0.00,0.00,0.00,0.00
0.00,0.00,0.00,0.00,0.00,0.00,0.00,0.00
0.00,0.00,0.00,0.00,0.00,0.00,0.00,0.00
0.00,0.00,0.00,0.00,0.00,0.00,0.00,0.00
1.00,0.00,0.00,0.00,0.00,0.00,0.00,0.00
0.00,0.00,0.00,0.00,0.00,0.00,0.00,0.00
1.00,0.00,0.00,0.00,0.00,0.00,0.00,0.00
0.00,0.00,0.00,0.00,0.00,0.00,0.00,0.00
1.00,0.00,0.00,0.00,0.00,0.00,0.00,0.00
0.00,0.00,0.00,0.00,0.00,0.00,0.00,0.00
0.00,0.00,0.00,0.00,0.00,0.00,0.00,0.00
0.00,0.00,0.00,0.00,0.00,0.00,0.00,0.00
0.00,0.00,0.00,0.00,0.00,0.00,0.00,0.00
0.00,0.00,0.00,0.00,0.00,0.00,0.00,0.00
0.00,0.00,0.00,0.00,0.00,0.00,0.00,0.00
0.00,0.00,0.00,0.00,0.00,0.00,0.00,0.00
10.00,10.00,11.00,16.00,4.00,1.00,5.00,0.00
1.00,7.00,2.00,2.00,3.00,0.00,5.00,0.00
3.00,4.00,2.00,5.00,1.00,0.00,2.00,0.00
2.00,11.00,10.00,13.00,1.00,0.00,4.00,0.00
1.00,5.00,9.00,10.00,5.00,0.00,5.00,0.00
1.00,6.00,8.00,6.00,6.00,0.00,6.00,0.00
2.00,3.00,10.00,5.00,2.00,0.00,2.00,0.00
5.00,8.00,13.00,4.00,1.00,0.00,3.00,0.00
17.00,12.00,16.00,6.00,0.00,0.00,3.00,0.00
14.00,22.00,30.00,5.00,1.00,0.00,6.00,0.00
18.00,17.00,21.00,9.00,2.00,0.00,5.00,0.00
25.00,21.00,23.00,11.00,2.00,0.00,4.00,0.00
27.00,24.00,27.00,8.00,3.00,1.00,5.00,0.00
27.00,25.00,30.00,4.00,4.00,0.00,5.00,0.00
26.00,32.00,35.00,7.00,4.00,0.00,6.00,0.00
25.00,32.00,37.00,5.00,2.00,0.00,6.00,0.00
23.00,35.00,40.00,6.00,2.00,0.00,7.00,0.00
25.00,39.00,43.00,6.00,2.00,0.00,8.00,0.00
25.00,39.00,44.00,3.00,3.00,0.00,7.00,0.00
20.00,37.00,38.00,9.00,3.00,0.00,7.00,0.00
18.00,22.00,29.00,6.00,3.00,0.00,5.00,0.00
21.00,21.00,32.00,8.00,2.00,0.00,5.00,0.00
22.00,20.00,33.00,12.00,3.00,0.00,5.00,0.00
23.00,21.00,31.00,10.00,3.00,0.00,5.00,0.00
26.00,23.00,34.00,8.00,4.00,0.00,5.00,0.00
26.00,25.00,40.00,6.00,3.00,0.00,7.00,0.00
28.00,26.00,34.00,9.00,6.00,0.00,6.00,0.00
26.00,26.00,36.00,13.00,2.00,0.00,6.00,0.00
27.00,41.00,45.00,13.00,4.00,0.00,7.00,0.00
21.00,38.00,37.00,10.00,4.00,0.00,7.00,0.00
27.00,27.00,19.00,11.00,1.00,0.00,4.00,0.00
26.00,17.00,11.00,6.00,1.00,0.00,2.00,0.00
24.00,12.00,6.00,7.00,1.00,0.00,3.00,0.00
22.00,14.00,5.00,5.00,2.00,0.00,2.00,0.00
18.00,14.00,4.00,3.00,1.00,0.00,1.00,0.00
15.00,11.00,3.00,2.00,0.00,0.00,1.00,0.00
11.00,7.00,1.00,1.00,2.00,0.00,1.00,0.00
15.00,4.00,1.00,1.00,1.00,0.00,1.00,0.00
13.00,2.00,1.00,1.00,2.00,0.00,1.00,0.00
8.00,3.00,1.00,1.00,1.00,0.00,0.00,0.00
7.00,0.00,0.00,2.00,0.00,0.00,1.00,0.00
2.00,0.00,0.00,0.00,0.00,0.00,0.00,0.00
0.00,0.00,0.00,0.00,0.00,0.00,0.00,0.00
1.00,0.00,0.00,0.00,0.00,0.00,0.00,0.00
0.00,0.00,0.00,0.00,0.00,0.00,0.00,0.00
0.00,0.00,0.00,0.00,0.00,0.00,0.00,0.00
0.00,0.00,0.00,0.00,0.00,0.00,0.00,0.00
0.00,0.00,0.00,0.00,0.00,0.00,0.00,0.00
0.00,0.00,0.00,0.00,0.00,0.00,0.00,0.00
0.00,0.00,0.00,0.00,0.00,0.00,0.00,0.00
0.00,0.00,0.00,0.00,0.00,0.00,0.00,0.00
0.00,0.00,0.00,0.00,0.00,0.00,0.00,0.00
1.00,0.00,0.00,0.00,0.00,0.00,0.00,0.00
0.00,0.00,0.00,0.00,0.00,0.00,0.00,0.00
1.00,0.00,0.00,0.00,0.00,0.00,0.00,0.00
0.00,0.00,0.00,0.00,0.00,0.00,0.00,0.00
0.00,0.00,0.00,0.00,0.00,0.00,0.00,0.00
0.00,0.00,0.00,0.00,0.00,0.00,0.00,0.00
1.00,0.00,0.00,0.00,0.00,0.00,0.00,0.00
1.00,0.00,0.00,0.00,0.00,0.00,0.00,0.00
3.00,6.00,12.00,16.00,2.00,0.00,5.00,0.00
3.00,7.00,9.00,6.00,1.00,0.00,3.00,0.00
8.00,7.00,14.00,5.00,1.00,0.00,3.00,0.00
16.00,12.00,15.00,10.00,0.00,0.00,3.00,0.00
23.00,17.00,22.00,5.00,1.00,0.00,5.00,0.00
27.00,28.00,27.00,3.00,3.00,0.00,5.00,0.00
27.00,34.00,33.00,9.00,2.00,0.00,6.00,0.00
22.00,35.00,35.00,7.00,2.00,1.00,5.00,0.00
20.00,25.00,34.00,6.00,4.00,0.00,6.00,0.00
29.00,25.00,39.00,13.00,5.00,0.00,9.00,0.00
29.00,32.00,42.00,8.00,5.00,0.00,9.00,0.00
31.00,33.00,42.00,11.00,3.00,1.00,9.00,0.00
33.00,34.00,49.00,11.00,4.00,0.00,9.00,0.00
32.00,43.00,52.00,12.00,3.00,0.00,9.00,0.00
32.00,40.00,49.00,11.00,4.00,0.00,10.00,0.00
31.00,45.00,53.00,13.00,4.00,0.00,9.00,0.00
29.00,48.00,53.00,12.00,4.00,0.00,9.00,0.00
22.00,50.00,50.00,10.00,4.00,0.00,9.00,0.00
21.00,30.00,42.00,8.00,4.00,0.00,8.00,0.00
29.00,29.00,42.00,13.00,6.00,0.00,9.00,0.00
29.00,31.00,39.00,12.00,4.00,0.00,8.00,0.00
30.00,32.00,41.00,11.00,3.00,0.00,8.00,0.00
30.00,33.00,47.00,11.00,4.00,0.00,8.00,0.00
31.00,35.00,44.00,14.00,3.00,0.00,10.00,0.00
31.00,40.00,45.00,13.00,3.00,0.00,9.00,0.00
31.00,48.00,50.00,14.00,5.00,0.00,8.00,0.00
24.00,47.00,43.00,11.00,4.00,0.00,7.00,0.00
18.00,32.00,39.00,9.00,3.00,0.00,6.00,0.00
23.00,27.00,34.00,7.00,2.00,0.00,5.00,0.00
22.00,26.00,32.00,6.00,2.00,0.00,5.00,0.00
20.00,16.00,9.00,5.00,1.00,0.00,2.00,0.00
19.00,11.00,6.00,6.00,0.00,0.00,2.00,0.00
15.00,9.00,3.00,5.00,1.00,0.00,2.00,0.00
11.00,6.00,1.00,3.00,0.00,0.00,1.00,0.00
7.00,5.00,1.00,1.00,0.00,0.00,0.00,0.00
5.00,4.00,1.00,1.00,0.00,0.00,0.00,0.00
1.00,1.00,0.00,0.00,0.00,0.00,0.00,0.00
4.00,0.00,0.00,0.00,0.00,0.00,0.00,0.00
2.00,0.00,0.00,0.00,0.00,0.00,0.00,0.00
1.00,0.00,0.00,0.00,0.00,0.00,0.00,0.00
1.00,0.00,0.00,0.00,0.00,0.00,0.00,0.00
0.00,0.00,0.00,0.00,0.00,0.00,0.00,0.00
1.00,0.00,0.00,0.00,0.00,0.00,0.00,0.00
1.00,0.00,0.00,0.00,0.00,0.00,0.00,0.00
0.00,0.00,0.00,0.00,0.00,0.00,0.00,0.00
1.00,0.00,0.00,0.00,0.00,0.00,0.00,0.00
0.00,0.00,0.00,0.00,0.00,0.00,0.00,0.00
1.00,0.00,0.00,0.00,0.00,0.00,0.00,0.00
0.00,0.00,0.00,0.00,0.00,0.00,0.00,0.00
0.00,0.00,0.00,0.00,0.00,0.00,0.00,0.00
0.00,0.00,0.00,0.00,0.00,0.00,0.00,0.00
0.00,0.00,0.00,0.00,0.00,0.00,0.00,0.00
0.00,0.00,0.00,0.00,0.00,0.00,0.00,0.00
0.00,0.00,0.00,0.00,0.00,0.00,0.00,0.00
0.00,0.00,0.00,0.00,0.00,0.00,0.00,0.00
0.00,0.00,0.00,0.00,0.00,0.00,0.00,0.00
0.00,0.00,0.00,0.00,0.00,0.00,0.00,0.00
0.00,0.00,0.00,0.00,0.00,0.00,0.00,0.00
0.00,0.00,0.00,0.00,0.00,0.00,0.00,0.00
0.00,0.00,0.00,0.00,0.00,0.00,0.00,0.00
9.00,13.00,51.00,7.00,4.00,0.00,11.00,0.00
12.00,14.00,47.00,12.00,8.00,0.00,12.00,0.00
14.00,18.00,53.00,15.00,5.00,0.00,14.00,0.00
16.00,9.00,51.00,16.00,3.00,0.00,13.00,0.00
17.00,11.00,55.00,12.00,7.00,0.00,14.00,0.00
16.00,9.00,47.00,7.00,4.00,0.00,9.00,0.00
16.00,10.00,67.00,8.00,4.00,0.00,12.00,0.00
16.00,15.00,53.00,12.00,6.00,0.00,13.00,0.00
15.00,14.00,67.00,11.00,5.00,0.00,17.00,0.00
14.00,17.00,64.00,16.00,6.00,0.00,16.00,0.00
13.00,20.00,40.00,24.00,5.00,0.00,11.00,0.00
11.00,21.00,46.00,29.00,3.00,0.00,12.00,0.00
9.00,16.00,21.00,20.00,1.00,0.00,7.00,0.00
10.00,6.00,7.00,4.00,1.00,0.00,2.00,0.00
11.00,5.00,3.00,3.00,0.00,0.00,1.00,0.00
10.00,5.00,3.00,1.00,0.00,0.00,0.00,0.00
7.00,4.00,2.00,0.00,0.00,0.00,0.00,0.00
2.00,1.00,1.00,1.00,0.00,0.00,0.00,0.00
2.00,1.00,1.00,0.00,0.00,0.00,0.00,0.00
1.00,0.00,1.00,0.00,0.00,0.00,0.00,0.00
0.00,0.00,0.00,0.00,0.00,0.00,0.00,0.00
0.00,0.00,0.00,0.00,0.00,0.00,0.00,0.00
0.00,0.00,0.00,0.00,0.00,0.00,0.00,0.00
0.00,0.00,0.00,0.00,0.00,0.00,0.00,0.00
1.00,0.00,0.00,0.00,0.00,0.00,0.00,0.00
0.00,0.00,0.00,0.00,0.00,0.00,0.00,0.00
0.00,0.00,0.00,0.00,0.00,0.00,0.00,0.00
0.00,0.00,0.00,0.00,0.00,0.00,0.00,0.00
0.00,0.00,0.00,0.00,0.00,0.00,0.00,0.00
0.00,0.00,0.00,0.00,0.00,0.00,0.00,0.00
10.00,9.00,28.00,4.00,1.00,0.00,5.00,0.00
13.00,7.00,27.00,7.00,3.00,0.00,6.00,0.00
14.00,9.00,32.00,7.00,2.00,0.00,7.00,0.00
15.00,9.00,35.00,9.00,4.00,1.00,8.00,0.00
14.00,10.00,32.00,9.00,3.00,0.00,8.00,0.00
11.00,14.00,36.00,5.00,5.00,0.00,9.00,0.00
10.00,20.00,57.00,7.00,4.00,0.00,10.00,0.00
10.00,15.00,47.00,7.00,5.00,0.00,10.00,0.00
11.00,17.00,43.00,7.00,7.00,1.00,9.00,0.00
9.00,19.00,46.00,7.00,8.00,1.00,10.00,0.00
9.00,25.00,51.00,9.00,9.00,1.00,10.00,0.00
7.00,30.00,48.00,11.00,5.00,0.00,11.00,0.00
5.00,36.00,42.00,18.00,4.00,0.00,9.00,0.00
5.00,39.00,34.00,25.00,2.00,0.00,8.00,0.00
4.00,38.00,26.00,20.00,2.00,1.00,7.00,0.00
5.00,33.00,24.00,13.00,1.00,0.00,5.00,0.00
7.00,17.00,13.00,2.00,0.00,0.00,2.00,0.00
8.00,5.00,4.00,1.00,0.00,0.00,0.00,0.00
2.00,1.00,1.00,1.00,0.00,0.00,0.00,0.00
2.00,1.00,0.00,1.00,0.00,0.00,0.00,0.00
1.00,1.00,0.00,0.00,0.00,0.00,0.00,0.00
1.00,0.00,0.00,0.00,0.00,0.00,0.00,0.00
1.00,0.00,0.00,0.00,0.00,0.00,0.00,0.00
0.00,0.00,0.00,0.00,0.00,0.00,0.00,0.00
0.00,0.00,0.00,0.00,0.00,0.00,0.00,0.00
0.00,0.00,0.00,0.00,0.00,0.00,0.00,0.00
1.00,0.00,0.00,0.00,0.00,0.00,0.00,0.00
1.00,0.00,0.00,0.00,0.00,0.00,0.00,0.00
0.00,0.00,0.00,0.00,0.00,0.00,0.00,0.00
0.00,0.00,0.00,0.00,0.00,0.00,0.00,0.00
9.00,9.00,24.00,5.00,1.00,0.00,5.00,0.00
12.00,12.00,34.00,9.00,1.00,0.00,6.00,0.00
11.00,18.00,30.00,5.00,2.00,0.00,6.00,0.00
12.00,12.00,24.00,9.00,1.00,0.00,5.00,0.00
13.00,9.00,48.00,6.00,1.00,0.00,8.00,0.00
17.00,9.00,48.00,7.00,1.00,1.00,10.00,0.00
17.00,6.00,30.00,5.00,2.00,0.00,6.00,0.00
17.00,9.00,44.00,6.00,1.00,0.00,8.00,0.00
17.00,10.00,41.00,6.00,1.00,0.00,7.00,0.00
15.00,9.00,42.00,7.00,1.00,0.00,7.00,0.00
16.00,13.00,40.00,9.00,1.00,0.00,8.00,0.00
14.00,15.00,31.00,8.00,1.00,0.00,9.00,0.00
15.00,11.00,20.00,9.00,1.00,0.00,6.00,0.00
15.00,12.00,9.00,7.00,0.00,0.00,2.00,0.00
14.00,9.00,4.00,3.00,1.00,0.00,1.00,0.00
13.00,11.00,3.00,2.00,0.00,0.00,1.00,0.00
12.00,10.00,3.00,2.00,0.00,0.00,1.00,0.00
7.00,3.00,1.00,1.00,0.00,0.00,0.00,0.00
3.00,2.00,0.00,0.00,0.00,0.00,0.00,0.00
2.00,0.00,0.00,0.00,0.00,0.00,0.00,0.00
1.00,0.00,0.00,0.00,0.00,0.00,0.00,0.00
1.00,0.00,0.00,0.00,0.00,0.00,0.00,0.00
0.00,0.00,0.00,0.00,0.00,0.00,0.00,0.00
0.00,0.00,0.00,0.00,0.00,0.00,0.00,0.00
0.00,0.00,0.00,0.00,0.00,0.00,0.00,0.00
0.00,0.00,0.00,0.00,0.00,0.00,0.00,0.00
0.00,0.00,0.00,0.00,0.00,0.00,0.00,0.00
0.00,0.00,0.00,0.00,0.00,0.00,0.00,0.00
0.00,0.00,0.00,0.00,0.00,0.00,0.00,0.00
0.00,0.00,0.00,0.00,0.00,0.00,0.00,0.00
10.00,6.00,23.00,2.00,1.00,1.00,5.00,0.00
12.00,9.00,30.00,8.00,2.00,0.00,6.00,0.00
14.00,8.00,45.00,5.00,2.00,0.00,10.00,0.00
14.00,9.00,39.00,3.00,1.00,0.00,8.00,0.00
14.00,8.00,42.00,3.00,3.00,0.00,9.00,0.00
13.00,10.00,45.00,2.00,2.00,0.00,8.00,0.00
15.00,8.00,43.00,4.00,2.00,0.00,7.00,0.00
14.00,8.00,44.00,4.00,2.00,0.00,8.00,0.00
15.00,9.00,40.00,4.00,1.00,0.00,7.00,0.00
14.00,8.00,44.00,3.00,1.00,0.00,8.00,0.00
14.00,7.00,46.00,2.00,1.00,0.00,8.00,0.00
15.00,12.00,41.00,5.00,1.00,0.00,7.00,0.00
15.00,7.00,34.00,5.00,1.00,0.00,6.00,0.00
15.00,6.00,27.00,7.00,1.00,0.00,7.00,0.00
15.00,7.00,19.00,10.00,1.00,0.00,3.00,0.00
15.00,8.00,11.00,6.00,1.00,0.00,2.00,0.00
14.00,8.00,7.00,4.00,1.00,0.00,1.00,0.00
13.00,4.00,6.00,2.00,0.00,0.00,1.00,0.00
9.00,3.00,2.00,1.00,0.00,0.00,0.00,0.00
5.00,2.00,0.00,0.00,0.00,0.00,0.00,0.00
3.00,1.00,0.00,0.00,0.00,0.00,0.00,0.00
2.00,0.00,0.00,0.00,0.00,0.00,0.00,0.00
0.00,0.00,0.00,0.00,0.00,0.00,0.00,0.00
0.00,0.00,0.00,0.00,0.00,0.00,0.00,0.00
0.00,0.00,0.00,0.00,0.00,0.00,0.00,0.00
1.00,0.00,0.00,0.00,0.00,0.00,0.00,0.00
0.00,0.00,0.00,0.00,0.00,0.00,0.00,0.00
0.00,0.00,0.00,0.00,0.00,0.00,0.00,0.00
1.00,0.00,0.00,0.00,0.00,0.00,0.00,0.00
1.00,0.00,0.00,0.00,0.00,0.00,0.00,0.00
8.00,11.00,14.00,3.00,1.00,0.00,3.00,0.00
8.00,13.00,30.00,4.00,2.00,0.00,6.00,0.00
10.00,15.00,26.00,7.00,1.00,0.00,5.00,0.00
10.00,14.00,31.00,6.00,2.00,0.00,6.00,0.00
13.00,13.00,46.00,10.00,2.00,0.00,9.00,0.00
16.00,11.00,55.00,8.00,2.00,0.00,12.00,0.00
18.00,8.00,50.00,3.00,2.00,0.00,9.00,0.00
16.00,13.00,47.00,4.00,2.00,0.00,10.00,0.00
16.00,11.00,43.00,3.00,2.00,0.00,7.00,0.00
14.00,10.00,47.00,3.00,1.00,0.00,8.00,0.00
13.00,8.00,41.00,4.00,1.00,0.00,7.00,0.00
12.00,8.00,45.00,5.00,2.00,0.00,8.00,0.00
13.00,7.00,48.00,5.00,1.00,0.00,8.00,0.00
13.00,7.00,37.00,9.00,1.00,0.00,6.00,0.00
15.00,9.00,25.00,8.00,1.00,0.00,7.00,0.00
15.00,7.00,18.00,8.00,1.00,0.00,4.00,0.00
14.00,9.00,15.00,7.00,0.00,0.00,3.00,0.00
13.00,6.00,8.00,3.00,0.00,0.00,1.00,0.00
8.00,2.00,1.00,2.00,0.00,0.00,1.00,0.00
3.00,1.00,0.00,1.00,0.00,0.00,0.00,0.00
2.00,1.00,0.00,0.00,0.00,0.00,0.00,0.00
0.00,0.00,0.00,0.00,0.00,0.00,0.00,0.00
0.00,0.00,0.00,0.00,0.00,0.00,0.00,0.00
0.00,0.00,0.00,0.00,0.00,0.00,0.00,0.00
0.00,0.00,0.00,0.00,0.00,0.00,0.00,0.00
0.00,0.00,0.00,0.00,0.00,0.00,0.00,0.00
1.00,0.00,0.00,0.00,0.00,0.00,0.00,0.00
0.00,0.00,0.00,0.00,0.00,0.00,0.00,0.00
0.00,0.00,0.00,0.00,0.00,0.00,0.00,0.00
0.00,0.00,0.00,0.00,0.00,0.00,0.00,0.00
9.00,13.00,22.00,3.00,1.00,0.00,5.00,0.00
7.00,13.00,27.00,6.00,2.00,0.00,6.00,0.00
8.00,20.00,43.00,7.00,2.00,0.00,10.00,0.00
5.00,17.00,51.00,7.00,2.00,0.00,12.00,0.00
5.00,21.00,50.00,7.00,3.00,0.00,12.00,0.00
8.00,25.00,37.00,3.00,3.00,0.00,9.00,0.00
7.00,16.00,28.00,5.00,3.00,0.00,6.00,0.00
9.00,14.00,36.00,6.00,3.00,0.00,6.00,0.00
13.00,12.00,50.00,6.00,3.00,0.00,9.00,0.00
15.00,11.00,52.00,5.00,2.00,0.00,9.00,0.00
15.00,10.00,48.00,6.00,2.00,0.00,8.00,0.00
15.00,14.00,46.00,8.00,3.00,0.00,10.00,0.00
14.00,14.00,40.00,18.00,3.00,0.00,12.00,0.00
15.00,20.00,27.00,12.00,2.00,0.00,5.00,0.00
15.00,20.00,17.00,7.00,2.00,0.00,4.00,0.00
15.00,17.00,10.00,8.00,2.00,0.00,4.00,0.00
16.00,10.00,5.00,3.00,2.00,0.00,2.00,0.00
15.00,9.00,3.00,3.00,2.00,0.00,2.00,0.00
13.00,9.00,2.00,1.00,1.00,0.00,0.00,0.00
9.00,5.00,0.00,1.00,0.00,0.00,0.00,0.00
3.00,2.00,0.00,0.00,0.00,0.00,0.00,0.00
2.00,1.00,0.00,0.00,0.00,0.00,0.00,0.00
1.00,0.00,0.00,0.00,0.00,0.00,0.00,0.00
0.00,0.00,0.00,0.00,0.00,0.00,0.00,0.00
0.00,0.00,0.00,0.00,0.00,0.00,0.00,0.00
0.00,0.00,0.00,0.00,0.00,0.00,0.00,0.00
0.00,0.00,0.00,0.00,0.00,0.00,0.00,0.00
0.00,0.00,0.00,0.00,0.00,0.00,0.00,0.00
0.00,0.00,0.00,0.00,0.00,0.00,0.00,0.00
0.00,0.00,0.00,0.00,0.00,0.00,0.00,0.00
8.00,17.00,29.00,6.00,1.00,0.00,6.00,0.00
9.00,16.00,33.00,5.00,1.00,0.00,7.00,0.00
10.00,22.00,38.00,9.00,2.00,0.00,9.00,0.00
9.00,21.00,34.00,8.00,2.00,0.00,8.00,0.00
9.00,17.00,32.00,5.00,2.00,0.00,7.00,0.00
8.00,7.00,22.00,6.00,2.00,0.00,6.00,0.00
6.00,17.00,25.00,5.00,3.00,0.00,6.00,0.00
8.00,22.00,27.00,3.00,2.00,0.00,4.00,0.00
8.00,16.00,18.00,4.00,1.00,0.00,4.00,0.00
9.00,18.00,24.00,4.00,3.00,0.00,5.00,0.00
10.00,17.00,27.00,5.00,2.00,0.00,5.00,0.00
10.00,17.00,26.00,8.00,1.00,0.00,5.00,0.00
13.00,13.00,32.00,9.00,2.00,0.00,7.00,0.00
16.00,12.00,37.00,7.00,2.00,0.00,7.00,0.00
16.00,15.00,38.00,10.00,2.00,0.00,9.00,0.00
19.00,13.00,29.00,10.00,2.00,0.00,8.00,0.00
18.00,19.00,19.00,13.00,2.00,0.00,7.00,0.00
18.00,18.00,10.00,11.00,2.00,0.00,6.00,0.00
18.00,11.00,4.00,7.00,2.00,0.00,3.00,0.00
18.00,14.00,5.00,5.00,2.00,0.00,2.00,0.00
15.00,12.00,2.00,2.00,1.00,0.00,1.00,0.00
4.00,6.00,1.00,1.00,0.00,0.00,0.00,0.00
7.00,1.00,0.00,0.00,0.00,0.00,0.00,0.00
2.00,1.00,0.00,0.00,0.00,0.00,0.00,0.00
0.00,0.00,0.00,0.00,0.00,0.00,0.00,0.00
0.00,0.00,0.00,0.00,0.00,0.00,0.00,0.00
1.00,0.00,0.00,0.00,0.00,0.00,0.00,0.00
0.00,0.00,0.00,0.00,0.00,0.00,0.00,0.00
0.00,0.00,0.00,0.00,0.00,0.00,0.00,0.00
0.00,0.00,0.00,0.00,0.00,0.00,0.00,0.00
8.00,10.00,21.00,2.00,1.00,0.00,5.00,0.00
9.00,17.00,28.00,4.00,1.00,0.00,6.00,0.00
10.00,16.00,31.00,5.00,1.00,0.00,7.00,0.00
9.00,17.00,28.00,5.00,2.00,0.00,6.00,0.00
10.00,9.00,29.00,4.00,1.00,0.00,7.00,0.00
8.00,15.00,19.00,5.00,3.00,0.00,4.00,0.00
8.00,17.00,33.00,6.00,2.00,0.00,8.00,0.00
6.00,16.00,24.00,7.00,4.00,0.00,6.00,0.00
7.00,19.00,31.00,5.00,3.00,0.00,7.00,0.00
10.00,18.00,32.00,6.00,5.00,0.00,7.00,0.00
12.00,15.00,41.00,3.00,5.00,0.00,7.00,0.00
14.00,15.00,40.00,3.00,5.00,0.00,7.00,0.00
13.00,19.00,35.00,6.00,4.00,0.00,7.00,0.00
13.00,23.00,33.00,7.00,5.00,0.00,5.00,0.00
10.00,18.00,21.00,6.00,3.00,0.00,6.00,0.00
10.00,27.00,35.00,7.00,3.00,0.00,10.00,0.00
11.00,22.00,42.00,6.00,2.00,0.00,12.00,0.00
11.00,21.00,27.00,10.00,2.00,0.00,7.00,0.00
12.00,25.00,12.00,18.00,2.00,0.00,9.00,0.00
15.00,13.00,9.00,12.00,2.00,0.00,7.00,0.00
17.00,13.00,7.00,4.00,2.00,0.00,2.00,0.00
16.00,14.00,5.00,3.00,1.00,0.00,2.00,0.00
9.00,12.00,3.00,2.00,0.00,0.00,1.00,0.00
3.00,6.00,1.00,1.00,0.00,0.00,0.00,0.00
6.00,3.00,0.00,1.00,0.00,0.00,0.00,0.00
2.00,1.00,0.00,0.00,0.00,0.00,0.00,0.00
0.00,0.00,0.00,0.00,0.00,0.00,0.00,0.00
1.00,0.00,0.00,0.00,0.00,0.00,0.00,0.00
1.00,0.00,0.00,0.00,0.00,0.00,0.00,0.00
0.00,0.00,0.00,0.00,0.00,0.00,0.00,0.00
5.00,8.00,23.00,3.00,1.00,0.00,5.00,0.00
5.00,14.00,40.00,5.00,2.00,0.00,9.00,0.00
6.00,17.00,38.00,5.00,2.00,0.00,9.00,0.00
7.00,13.00,30.00,5.00,1.00,0.00,7.00,0.00
5.00,15.00,30.00,6.00,1.00,0.00,7.00,0.00
6.00,18.00,36.00,6.00,3.00,0.00,7.00,0.00
5.00,17.00,38.00,4.00,2.00,0.00,8.00,0.00
7.00,19.00,30.00,4.00,2.00,1.00,7.00,0.00
7.00,17.00,32.00,3.00,2.00,1.00,7.00,0.00
7.00,14.00,26.00,4.00,2.00,0.00,5.00,0.00
8.00,15.00,25.00,3.00,3.00,0.00,5.00,0.00
9.00,14.00,26.00,5.00,2.00,0.00,5.00,0.00
8.00,17.00,17.00,4.00,2.00,0.00,4.00,0.00
5.00,14.00,24.00,7.00,1.00,0.00,6.00,0.00
6.00,18.00,27.00,5.00,2.00,0.00,7.00,0.00
7.00,17.00,18.00,3.00,2.00,0.00,5.00,0.00
9.00,14.00,12.00,9.00,1.00,0.00,4.00,0.00
12.00,10.00,12.00,11.00,1.00,0.00,5.00,0.00
12.00,12.00,8.00,7.00,1.00,0.00,4.00,0.00
13.00,11.00,4.00,5.00,1.00,0.00,3.00,0.00
10.00,12.00,4.00,3.00,1.00,0.00,2.00,0.00
6.00,10.00,3.00,2.00,0.00,0.00,1.00,0.00
2.00,6.00,1.00,1.00,0.00,0.00,0.00,0.00
2.00,2.00,1.00,0.00,0.00,0.00,0.00,0.00
2.00,1.00,0.00,0.00,0.00,0.00,0.00,0.00
0.00,0.00,0.00,0.00,0.00,0.00,0.00,0.00
0.00,0.00,0.00,0.00,0.00,0.00,0.00,0.00
0.00,0.00,0.00,0.00,0.00,0.00,0.00,0.00
0.00,0.00,0.00,0.00,0.00,0.00,0.00,0.00
1.00,0.00,0.00,0.00,0.00,0.00,0.00,0.00
8.00,9.00,25.00,4.00,2.00,0.00,5.00,0.00
10.00,12.00,37.00,6.00,2.00,0.00,8.00,0.00
14.00,10.00,57.00,6.00,3.00,1.00,12.00,0.00
16.00,15.00,57.00,13.00,4.00,0.00,12.00,0.00
15.00,15.00,55.00,9.00,4.00,0.00,11.00,0.00
16.00,9.00,59.00,4.00,4.00,0.00,13.00,0.00
16.00,11.00,53.00,4.00,3.00,0.00,11.00,0.00
16.00,11.00,58.00,7.00,2.00,1.00,12.00,0.00
16.00,10.00,55.00,6.00,4.00,0.00,10.00,0.00
16.00,10.00,59.00,5.00,3.00,1.00,10.00,0.00
15.00,13.00,58.00,8.00,3.00,0.00,10.00,0.00
16.00,9.00,56.00,5.00,3.00,0.00,10.00,0.00
17.00,11.00,51.00,8.00,4.00,0.00,9.00,0.00
15.00,11.00,59.00,7.00,2.00,1.00,10.00,0.00
15.00,9.00,57.00,10.00,4.00,0.00,10.00,0.00
16.00,11.00,62.00,13.00,3.00,1.00,11.00,0.00
16.00,9.00,52.00,16.00,4.00,0.00,15.00,0.00
16.00,9.00,47.00,19.00,3.00,0.00,14.00,0.00
14.00,12.00,29.00,15.00,2.00,0.00,7.00,0.00
15.00,13.00,19.00,16.00,2.00,0.00,8.00,0.00
14.00,12.00,10.00,14.00,2.00,0.00,7.00,0.00
15.00,15.00,7.00,13.00,1.00,0.00,6.00,0.00
14.00,18.00,5.00,5.00,1.00,0.00,3.00,0.00
13.00,15.00,1.00,3.00,0.00,0.00,2.00,0.00
5.00,9.00,1.00,2.00,0.00,0.00,1.00,0.00
3.00,5.00,0.00,1.00,0.00,0.00,0.00,0.00
0.00,2.00,0.00,0.00,0.00,0.00,0.00,0.00
1.00,0.00,0.00,0.00,0.00,0.00,0.00,0.00
0.00,0.00,0.00,0.00,0.00,0.00,0.00,0.00
0.00,0.00,0.00,0.00,0.00,0.00,0.00,0.00
6.00,25.00,31.00,6.00,3.00,1.00,6.00,0.00
10.00,28.00,83.00,11.00,4.00,0.00,17.00,0.00
9.00,24.00,64.00,9.00,2.00,0.00,13.00,0.00
10.00,23.00,64.00,10.00,7.00,1.00,13.00,0.00
8.00,25.00,64.00,9.00,6.00,0.00,16.00,0.00
9.00,29.00,67.00,18.00,8.00,0.00,12.00,0.00
9.00,34.00,77.00,35.00,4.00,0.00,13.00,0.00
9.00,33.00,58.00,61.00,4.00,0.00,19.00,0.00
7.00,26.00,30.00,37.00,2.00,0.00,13.00,0.00
5.00,23.00,21.00,7.00,1.00,0.00,4.00,0.00
3.00,22.00,4.00,2.00,2.00,0.00,2.00,0.00
4.00,8.00,2.00,2.00,1.00,0.00,1.00,0.00
2.00,2.00,1.00,1.00,0.00,0.00,0.00,0.00
1.00,1.00,1.00,1.00,0.00,0.00,0.00,0.00
2.00,1.00,1.00,0.00,0.00,0.00,0.00,0.00
1.00,0.00,1.00,0.00,0.00,0.00,0.00,0.00
0.00,0.00,0.00,0.00,0.00,0.00,0.00,0.00
0.00,0.00,0.00,0.00,0.00,0.00,0.00,0.00
0.00,0.00,0.00,0.00,0.00,0.00,0.00,0.00
0.00,0.00,0.00,0.00,0.00,0.00,0.00,0.00
0.00,0.00,0.00,0.00,0.00,0.00,0.00,0.00
0.00,0.00,0.00,0.00,0.00,0.00,0.00,0.00
0.00,0.00,0.00,0.00,0.00,0.00,0.00,0.00
0.00,0.00,0.00,0.00,0.00,0.00,0.00,0.00
1.00,0.00,0.00,0.00,0.00,0.00,0.00,0.00
0.00,0.00,0.00,0.00,0.00,0.00,0.00,0.00
0.00,0.00,0.00,0.00,0.00,0.00,0.00,0.00
0.00,0.00,0.00,0.00,0.00,0.00,0.00,0.00
0.00,0.00,0.00,0.00,0.00,0.00,0.00,0.00
0.00,0.00,0.00,0.00,0.00,0.00,0.00,0.00
5.00,10.00,34.00,1.00,0.00,0.00,7.00,0.00
4.00,27.00,41.00,9.00,2.00,1.00,10.00,0.00
9.00,30.00,38.00,12.00,3.00,2.00,7.00,0.00
12.00,35.00,86.00,13.00,6.00,2.00,18.00,0.00
12.00,38.00,59.00,10.00,4.00,0.00,13.00,0.00
10.00,40.00,66.00,20.00,4.00,1.00,12.00,0.00
10.00,46.00,70.00,12.00,3.00,1.00,15.00,0.00
9.00,40.00,89.00,13.00,2.00,0.00,17.00,0.00
8.00,52.00,74.00,18.00,3.00,0.00,13.00,0.00
6.00,61.00,39.00,15.00,1.00,0.00,8.00,0.00
8.00,30.00,7.00,21.00,1.00,0.00,7.00,0.00
6.00,42.00,15.00,6.00,1.00,0.00,4.00,0.00
7.00,19.00,7.00,4.00,0.00,0.00,2.00,0.00
2.00,8.00,2.00,3.00,0.00,0.00,1.00,0.00
4.00,3.00,2.00,1.00,0.00,0.00,0.00,0.00
1.00,3.00,1.00,0.00,0.00,0.00,0.00,0.00
1.00,2.00,1.00,0.00,0.00,0.00,0.00,0.00
1.00,0.00,0.00,0.00,0.00,0.00,0.00,0.00
1.00,1.00,1.00,0.00,0.00,0.00,0.00,0.00
1.00,0.00,0.00,0.00,0.00,0.00,0.00,0.00
0.00,0.00,0.00,0.00,0.00,0.00,0.00,0.00
0.00,0.00,0.00,0.00,0.00,0.00,0.00,0.00
1.00,0.00,0.00,0.00,0.00,0.00,0.00,0.00
0.00,0.00,0.00,0.00,0.00,0.00,0.00,0.00
0.00,0.00,0.00,0.00,0.00,0.00,0.00,0.00
0.00,0.00,0.00,0.00,0.00,0.00,0.00,0.00
1.00,0.00,0.00,0.00,0.00,0.00,0.00,0.00
1.00,0.00,0.00,0.00,0.00,0.00,0.00,0.00
1.00,0.00,0.00,0.00,0.00,0.00,0.00,0.00
0.00,0.00,0.00,0.00,0.00,0.00,0.00,0.00
5.00,11.00,17.00,3.00,0.00,0.00,4.00,0.00
11.00,25.00,64.00,9.00,3.00,1.00,13.00,0.00
10.00,27.00,105.00,9.00,4.00,1.00,22.00,0.00
11.00,24.00,91.00,12.00,6.00,1.00,19.00,0.00
10.00,26.00,97.00,11.00,4.00,1.00,21.00,0.00
7.00,19.00,67.00,21.00,4.00,0.00,14.00,0.00
8.00,20.00,59.00,22.00,6.00,0.00,13.00,0.00
7.00,22.00,32.00,28.00,2.00,0.00,9.00,0.00
9.00,24.00,20.00,29.00,2.00,0.00,10.00,0.00
8.00,24.00,5.00,5.00,1.00,0.00,3.00,0.00
6.00,6.00,5.00,4.00,3.00,0.00,2.00,0.00
5.00,7.00,3.00,3.00,0.00,0.00,1.00,0.00
12.00,4.00,2.00,3.00,0.00,0.00,1.00,0.00
2.00,2.00,1.00,0.00,0.00,0.00,0.00,0.00
3.00,1.00,1.00,0.00,0.00,0.00,0.00,0.00
1.00,1.00,0.00,0.00,0.00,0.00,0.00,0.00
0.00,0.00,0.00,0.00,0.00,0.00,0.00,0.00
0.00,0.00,0.00,0.00,0.00,0.00,0.00,0.00
0.00,0.00,0.00,0.00,0.00,0.00,0.00,0.00
0.00,0.00,0.00,0.00,0.00,0.00,0.00,0.00
0.00,0.00,0.00,0.00,0.00,0.00,0.00,0.00
0.00,0.00,0.00,0.00,0.00,0.00,0.00,0.00
0.00,0.00,0.00,0.00,0.00,0.00,0.00,0.00
0.00,0.00,0.00,0.00,0.00,0.00,0.00,0.00
0.00,0.00,0.00,0.00,0.00,0.00,0.00,0.00
0.00,0.00,0.00,0.00,0.00,0.00,0.00,0.00
0.00,0.00,0.00,0.00,0.00,0.00,0.00,0.00
0.00,0.00,0.00,0.00,0.00,0.00,0.00,0.00
0.00,0.00,0.00,0.00,0.00,0.00,0.00,0.00
0.00,0.00,0.00,0.00,0.00,0.00,0.00,0.00
4.00,14.00,21.00,3.00,0.00,0.00,5.00,0.00
6.00,23.00,29.00,11.00,2.00,1.00,7.00,0.00
9.00,25.00,52.00,9.00,3.00,1.00,11.00,0.00
8.00,24.00,47.00,16.00,3.00,1.00,9.00,0.00
6.00,31.00,61.00,13.00,4.00,1.00,10.00,0.00
7.00,35.00,63.00,15.00,3.00,1.00,14.00,0.00
6.00,34.00,79.00,19.00,2.00,1.00,23.00,0.00
7.00,28.00,38.00,14.00,3.00,0.00,10.00,0.00
6.00,32.00,21.00,20.00,3.00,1.00,7.00,0.00
5.00,32.00,8.00,3.00,1.00,0.00,3.00,0.00
6.00,13.00,4.00,2.00,0.00,0.00,1.00,0.00
13.00,6.00,2.00,1.00,0.00,0.00,0.00,0.00
3.00,1.00,0.00,1.00,0.00,0.00,0.00,0.00
2.00,1.00,1.00,0.00,0.00,0.00,0.00,0.00
2.00,2.00,1.00,0.00,0.00,0.00,0.00,0.00
0.00,0.00,0.00,0.00,0.00,0.00,0.00,0.00
0.00,0.00,0.00,0.00,0.00,0.00,0.00,0.00
0.00,0.00,0.00,0.00,0.00,0.00,0.00,0.00
1.00,0.00,0.00,0.00,0.00,0.00,0.00,0.00
0.00,0.00,0.00,0.00,0.00,0.00,0.00,0.00
0.00,0.00,0.00,0.00,0.00,0.00,0.00,0.00
1.00,0.00,0.00,0.00,0.00,0.00,0.00,0.00
0.00,0.00,0.00,0.00,0.00,0.00,0.00,0.00
0.00,0.00,0.00,0.00,0.00,0.00,0.00,0.00
0.00,0.00,0.00,0.00,0.00,0.00,0.00,0.00
0.00,0.00,0.00,0.00,0.00,0.00,0.00,0.00
0.00,0.00,0.00,0.00,0.00,0.00,0.00,0.00
0.00,0.00,0.00,0.00,0.00,0.00,0.00,0.00
0.00,0.00,0.00,0.00,0.00,0.00,0.00,0.00
0.00,0.00,0.00,0.00,0.00,0.00,0.00,0.00
9.00,16.00,29.00,5.00,2.00,1.00,6.00,0.00
12.00,26.00,75.00,11.00,1.00,1.00,16.00,0.00
9.00,27.00,75.00,15.00,4.00,1.00,16.00,0.00
8.00,26.00,78.00,12.00,6.00,1.00,17.00,0.00
8.00,27.00,75.00,15.00,5.00,1.00,16.00,0.00
8.00,28.00,60.00,21.00,5.00,2.00,15.00,0.00
9.00,29.00,43.00,39.00,3.00,1.00,12.00,0.00
8.00,36.00,26.00,34.00,3.00,1.00,10.00,0.00
8.00,47.00,13.00,16.00,1.00,1.00,6.00,0.00
8.00,24.00,11.00,10.00,2.00,0.00,6.00,0.00
8.00,10.00,4.00,11.00,3.00,0.00,7.00,0.00
7.00,7.00,1.00,4.00,4.00,0.00,3.00,0.00
6.00,7.00,1.00,3.00,0.00,0.00,1.00,0.00
3.00,4.00,0.00,0.00,0.00,0.00,0.00,0.00
3.00,2.00,1.00,0.00,0.00,0.00,0.00,0.00
4.00,1.00,1.00,0.00,0.00,0.00,0.00,0.00
0.00,1.00,0.00,0.00,0.00,0.00,0.00,0.00
0.00,0.00,0.00,0.00,0.00,0.00,0.00,0.00
0.00,0.00,0.00,0.00,0.00,0.00,0.00,0.00
0.00,0.00,0.00,0.00,0.00,0.00,0.00,0.00
0.00,0.00,0.00,0.00,0.00,0.00,0.00,0.00
0.00,0.00,0.00,0.00,0.00,0.00,0.00,0.00
0.00,0.00,0.00,0.00,0.00,0.00,0.00,0.00
0.00,0.00,0.00,0.00,0.00,0.00,0.00,0.00
0.00,0.00,0.00,0.00,0.00,0.00,0.00,0.00
0.00,0.00,0.00,0.00,0.00,0.00,0.00,0.00
0.00,0.00,0.00,0.00,0.00,0.00,0.00,0.00
0.00,0.00,0.00,0.00,0.00,0.00,0.00,0.00
0.00,0.00,0.00,0.00,0.00,0.00,0.00,0.00
0.00,0.00,0.00,0.00,0.00,0.00,0.00,0.00
8.00,14.00,41.00,5.00,1.00,0.00,8.00,0.00
9.00,19.00,84.00,9.00,3.00,0.00,18.00,0.00
8.00,20.00,79.00,7.00,5.00,1.00,17.00,0.00
7.00,17.00,59.00,9.00,3.00,1.00,12.00,0.00
6.00,18.00,49.00,10.00,2.00,1.00,10.00,0.00
6.00,18.00,47.00,15.00,3.00,1.00,10.00,0.00
6.00,21.00,43.00,24.00,5.00,0.00,13.00,0.00
6.00,22.00,28.00,28.00,3.00,0.00,8.00,0.00
7.00,25.00,16.00,26.00,2.00,0.00,9.00,0.00
7.00,32.00,9.00,7.00,2.00,0.00,5.00,0.00
9.00,12.00,5.00,11.00,3.00,1.00,7.00,0.00
10.00,13.00,3.00,5.00,4.00,0.00,3.00,0.00
8.00,10.00,1.00,3.00,3.00,0.00,2.00,0.00
8.00,6.00,0.00,2.00,1.00,0.00,1.00,0.00
4.00,2.00,1.00,1.00,0.00,0.00,0.00,0.00
3.00,3.00,0.00,0.00,0.00,0.00,0.00,0.00
1.00,1.00,0.00,0.00,0.00,0.00,0.00,0.00
1.00,1.00,0.00,0.00,0.00,0.00,0.00,0.00
0.00,0.00,0.00,0.00,0.00,0.00,0.00,0.00
1.00,0.00,0.00,0.00,0.00,0.00,0.00,0.00
0.00,0.00,0.00,0.00,0.00,0.00,0.00,0.00
0.00,0.00,0.00,0.00,0.00,0.00,0.00,0.00
0.00,0.00,0.00,0.00,0.00,0.00,0.00,0.00
1.00,0.00,0.00,0.00,0.00,0.00,0.00,0.00
0.00,0.00,0.00,0.00,0.00,0.00,0.00,0.00
0.00,0.00,0.00,0.00,0.00,0.00,0.00,0.00
0.00,0.00,0.00,0.00,0.00,0.00,0.00,0.00
0.00,0.00,0.00,0.00,0.00,0.00,0.00,0.00
0.00,0.00,0.00,0.00,0.00,0.00,0.00,0.00
0.00,0.00,0.00,0.00,0.00,0.00,0.00,0.00
6.00,14.00,37.00,4.00,1.00,0.00,8.00,0.00
8.00,18.00,66.00,7.00,6.00,1.00,14.00,0.00
8.00,20.00,80.00,6.00,7.00,0.00,17.00,0.00
8.00,19.00,81.00,9.00,6.00,1.00,17.00,0.00
6.00,18.00,88.00,8.00,7.00,1.00,19.00,0.00
7.00,23.00,86.00,10.00,5.00,1.00,19.00,0.00
8.00,26.00,58.00,17.00,3.00,1.00,14.00,0.00
5.00,28.00,48.00,20.00,3.00,1.00,12.00,0.00
7.00,25.00,50.00,15.00,4.00,1.00,9.00,0.00
6.00,35.00,42.00,17.00,3.00,1.00,10.00,0.00
7.00,39.00,27.00,9.00,2.00,0.00,5.00,0.00
6.00,17.00,15.00,7.00,4.00,0.00,3.00,0.00
6.00,10.00,8.00,6.00,3.00,0.00,4.00,0.00
4.00,7.00,8.00,2.00,2.00,0.00,1.00,0.00
6.00,7.00,4.00,2.00,0.00,0.00,0.00,0.00
3.00,4.00,2.00,0.00,0.00,0.00,0.00,0.00
2.00,1.00,0.00,0.00,0.00,0.00,0.00,0.00
2.00,0.00,1.00,0.00,0.00,0.00,0.00,0.00
1.00,0.00,0.00,0.00,0.00,0.00,0.00,0.00
0.00,0.00,0.00,0.00,0.00,0.00,0.00,0.00
1.00,0.00,0.00,0.00,0.00,0.00,0.00,0.00
0.00,0.00,0.00,0.00,0.00,0.00,0.00,0.00
0.00,0.00,0.00,0.00,0.00,0.00,0.00,0.00
0.00,0.00,0.00,0.00,0.00,0.00,0.00,0.00
0.00,0.00,0.00,0.00,0.00,0.00,0.00,0.00
0.00,0.00,0.00,0.00,0.00,0.00,0.00,0.00
0.00,0.00,0.00,0.00,0.00,0.00,0.00,0.00
1.00,0.00,0.00,0.00,0.00,0.00,0.00,0.00
0.00,0.00,0.00,0.00,0.00,0.00,0.00,0.00
1.00,0.00,0.00,0.00,0.00,0.00,0.00,0.00
8.00,18.00,42.00,8.00,2.00,0.00,9.00,0.00
6.00,18.00,41.00,8.00,3.00,1.00,8.00,0.00
5.00,25.00,39.00,7.00,3.00,1.00,7.00,0.00
5.00,27.00,39.00,11.00,3.00,0.00,9.00,0.00
6.00,25.00,47.00,10.00,2.00,1.00,8.00,0.00
5.00,18.00,39.00,14.00,2.00,1.00,10.00,0.00
6.00,16.00,42.00,26.00,3.00,0.00,13.00,0.00
5.00,18.00,25.00,25.00,3.00,0.00,8.00,0.00
7.00,21.00,17.00,20.00,2.00,0.00,7.00,0.00
8.00,28.00,11.00,8.00,2.00,0.00,4.00,0.00
7.00,28.00,4.00,10.00,2.00,0.00,4.00,0.00
8.00,12.00,4.00,6.00,5.00,0.00,3.00,0.00
7.00,7.00,1.00,4.00,4.00,0.00,3.00,0.00
5.00,6.00,1.00,3.00,2.00,0.00,1.00,0.00
1.00,5.00,0.00,2.00,0.00,0.00,1.00,0.00
5.00,2.00,0.00,0.00,0.00,0.00,0.00,0.00
1.00,1.00,0.00,0.00,0.00,0.00,0.00,0.00
2.00,1.00,0.00,0.00,0.00,0.00,0.00,0.00
1.00,0.00,0.00,0.00,0.00,0.00,0.00,0.00
0.00,0.00,0.00,0.00,0.00,0.00,0.00,0.00
0.00,0.00,0.00,0.00,0.00,0.00,0.00,0.00
0.00,0.00,0.00,0.00,0.00,0.00,0.00,0.00
0.00,0.00,0.00,0.00,0.00,0.00,0.00,0.00
0.00,0.00,0.00,0.00,0.00,0.00,0.00,0.00
0.00,0.00,0.00,0.00,0.00,0.00,0.00,0.00
0.00,0.00,0.00,0.00,0.00,0.00,0.00,0.00
0.00,0.00,0.00,0.00,0.00,0.00,0.00,0.00
0.00,0.00,0.00,0.00,0.00,0.00,0.00,0.00
0.00,0.00,0.00,0.00,0.00,0.00,0.00,0.00
1.00,0.00,0.00,0.00,0.00,0.00,0.00,0.00
5.00,11.00,18.00,2.00,1.00,0.00,3.00,0.00
5.00,13.00,36.00,3.00,1.00,1.00,7.00,0.00
5.00,14.00,44.00,8.00,2.00,1.00,9.00,0.00
6.00,16.00,40.00,6.00,2.00,0.00,8.00,0.00
5.00,17.00,33.00,6.00,2.00,1.00,7.00,0.00
5.00,19.00,41.00,11.00,2.00,1.00,8.00,0.00
6.00,20.00,43.00,12.00,2.00,0.00,11.00,0.00
5.00,18.00,55.00,19.00,3.00,0.00,14.00,0.00
5.00,18.00,37.00,34.00,3.00,0.00,11.00,0.00
5.00,20.00,26.00,22.00,3.00,0.00,8.00,0.00
6.00,26.00,14.00,22.00,4.00,0.00,7.00,0.00
6.00,16.00,8.00,9.00,1.00,1.00,4.00,0.00
7.00,9.00,4.00,6.00,2.00,0.00,4.00,0.00
8.00,8.00,3.00,4.00,1.00,0.00,2.00,0.00
5.00,6.00,1.00,2.00,0.00,0.00,1.00,0.00
6.00,3.00,1.00,1.00,0.00,0.00,0.00,0.00
3.00,2.00,0.00,0.00,0.00,0.00,0.00,0.00
3.00,2.00,0.00,0.00,0.00,0.00,0.00,0.00
0.00,0.00,0.00,0.00,0.00,0.00,0.00,0.00
1.00,1.00,0.00,0.00,0.00,0.00,0.00,0.00
0.00,0.00,0.00,0.00,0.00,0.00,0.00,0.00
0.00,0.00,0.00,0.00,0.00,0.00,0.00,0.00
0.00,0.00,0.00,0.00,0.00,0.00,0.00,0.00
0.00,0.00,0.00,0.00,0.00,0.00,0.00,0.00
0.00,0.00,0.00,0.00,0.00,0.00,0.00,0.00
0.00,0.00,0.00,0.00,0.00,0.00,0.00,0.00
1.00,0.00,0.00,0.00,0.00,0.00,0.00,0.00
0.00,0.00,0.00,0.00,0.00,0.00,0.00,0.00
0.00,0.00,0.00,0.00,0.00,0.00,0.00,0.00
0.00,0.00,0.00,0.00,0.00,0.00,0.00,0.00
6.00,12.00,17.00,2.00,0.00,1.00,3.00,0.00
8.00,17.00,44.00,5.00,1.00,0.00,9.00,0.00
8.00,17.00,52.00,6.00,1.00,1.00,11.00,0.00
8.00,19.00,56.00,7.00,2.00,1.00,12.00,0.00
7.00,20.00,53.00,7.00,3.00,1.00,11.00,0.00
8.00,20.00,49.00,9.00,3.00,1.00,12.00,0.00
7.00,22.00,55.00,11.00,3.00,1.00,14.00,0.00
8.00,26.00,52.00,17.00,3.00,0.00,13.00,0.00
8.00,32.00,34.00,24.00,2.00,1.00,9.00,0.00
8.00,35.00,31.00,24.00,1.00,2.00,7.00,0.00
8.00,35.00,21.00,24.00,3.00,1.00,7.00,0.00
8.00,38.00,14.00,24.00,1.00,1.00,8.00,0.00
7.00,35.00,9.00,13.00,1.00,0.00,8.00,0.00
8.00,11.00,6.00,6.00,2.00,1.00,4.00,0.00
9.00,13.00,2.00,6.00,2.00,0.00,4.00,0.00
9.00,10.00,2.00,4.00,3.00,0.00,2.00,0.00
6.00,8.00,3.00,2.00,1.00,0.00,1.00,0.00
8.00,3.00,2.00,1.00,0.00,0.00,0.00,0.00
1.00,3.00,0.00,0.00,0.00,0.00,0.00,0.00
5.00,3.00,0.00,0.00,0.00,0.00,0.00,0.00
1.00,0.00,0.00,0.00,0.00,0.00,0.00,0.00
1.00,1.00,0.00,0.00,0.00,0.00,0.00,0.00
0.00,0.00,0.00,0.00,0.00,0.00,0.00,0.00
1.00,0.00,0.00,0.00,0.00,0.00,0.00,0.00
1.00,0.00,0.00,0.00,0.00,0.00,0.00,0.00
0.00,0.00,0.00,0.00,0.00,0.00,0.00,0.00
0.00,0.00,0.00,0.00,0.00,0.00,0.00,0.00
0.00,0.00,0.00,0.00,0.00,0.00,0.00,0.00
0.00,0.00,0.00,0.00,0.00,0.00,0.00,0.00
0.00,0.00,0.00,0.00,0.00,0.00,0.00,0.00
10.00,7.00,16.00,15.00,1.00,0.00,9.00,0.00
24.00,39.00,89.00,23.00,5.00,0.00,17.00,0.00
26.00,67.00,128.00,43.00,6.00,0.00,25.00,0.00
24.00,61.00,128.00,51.00,7.00,0.00,31.00,0.00
20.00,41.00,128.00,52.00,8.00,1.00,26.00,0.00
20.00,29.00,59.00,23.00,4.00,0.00,11.00,0.00
20.00,47.00,18.00,30.00,3.00,0.00,12.00,0.00
15.00,42.00,6.00,13.00,3.00,0.00,6.00,0.00
10.00,6.00,4.00,3.00,1.00,0.00,1.00,0.00
1.00,4.00,1.00,1.00,0.00,0.00,0.00,0.00
1.00,1.00,0.00,0.00,0.00,0.00,0.00,0.00
0.00,0.00,0.00,0.00,0.00,0.00,0.00,0.00
0.00,0.00,0.00,0.00,0.00,0.00,0.00,0.00
0.00,0.00,0.00,0.00,0.00,0.00,0.00,0.00
0.00,0.00,0.00,0.00,0.00,0.00,0.00,0.00
0.00,0.00,0.00,0.00,0.00,0.00,0.00,0.00
0.00,0.00,0.00,0.00,0.00,0.00,0.00,0.00
0.00,0.00,0.00,0.00,0.00,0.00,0.00,0.00
0.00,0.00,0.00,0.00,0.00,0.00,0.00,0.00
1.00,0.00,0.00,0.00,0.00,0.00,0.00,0.00
0.00,0.00,0.00,0.00,0.00,0.00,0.00,0.00
0.00,0.00,0.00,0.00,0.00,0.00,0.00,0.00
0.00,0.00,0.00,0.00,0.00,0.00,0.00,0.00
0.00,0.00,0.00,0.00,0.00,0.00,0.00,0.00
0.00,0.00,0.00,0.00,0.00,0.00,0.00,0.00
0.00,0.00,0.00,0.00,0.00,0.00,0.00,0.00
0.00,0.00,0.00,0.00,0.00,0.00,0.00,0.00
0.00,0.00,0.00,0.00,0.00,0.00,0.00,0.00
0.00,0.00,0.00,0.00,0.00,0.00,0.00,0.00
0.00,0.00,0.00,0.00,0.00,0.00,0.00,0.00
1.00,2.00,11.00,14.00,4.00,0.00,8.00,0.00
2.00,4.00,7.00,6.00,3.00,1.00,5.00,0.00
1.00,2.00,9.00,17.00,4.00,0.00,10.00,0.00
20.00,44.00,93.00,20.00,3.00,2.00,18.00,0.00
29.00,89.00,128.00,42.00,10.00,1.00,38.00,0.00
29.00,100.00,128.00,63.00,10.00,1.00,41.00,0.00
28.00,98.00,128.00,81.00,8.00,1.00,38.00,0.00
25.00,80.00,126.00,57.00,6.00,1.00,24.00,0.00
24.00,72.00,63.00,47.00,4.00,0.00,16.00,0.00
21.00,37.00,34.00,42.00,4.00,0.00,17.00,0.00
19.00,26.00,13.00,21.00,2.00,0.00,9.00,0.00
13.00,10.00,2.00,4.00,1.00,0.00,2.00,0.00
7.00,4.00,2.00,2.00,0.00,0.00,1.00,0.00
7.00,4.00,0.00,1.00,0.00,0.00,0.00,0.00
2.00,0.00,0.00,0.00,0.00,0.00,0.00,0.00
1.00,0.00,0.00,0.00,0.00,0.00,0.00,0.00
1.00,0.00,0.00,0.00,0.00,0.00,0.00,0.00
0.00,0.00,0.00,0.00,0.00,0.00,0.00,0.00
0.00,0.00,0.00,0.00,0.00,0.00,0.00,0.00
0.00,0.00,0.00,0.00,0.00,0.00,0.00,0.00
1.00,0.00,0.00,0.00,0.00,0.00,0.00,0.00
0.00,0.00,0.00,0.00,0.00,0.00,0.00,0.00
0.00,0.00,0.00,0.00,0.00,0.00,0.00,0.00
1.00,0.00,0.00,0.00,0.00,0.00,0.00,0.00
0.00,0.00,0.00,0.00,0.00,0.00,0.00,0.00
1.00,0.00,0.00,0.00,0.00,0.00,0.00,0.00
0.00,0.00,0.00,0.00,0.00,0.00,0.00,0.00
0.00,0.00,0.00,0.00,0.00,0.00,0.00,0.00
0.00,0.00,0.00,0.00,0.00,0.00,0.00,0.00
0.00,0.00,0.00,0.00,0.00,0.00,0.00,0.00
13.00,6.00,12.00,9.00,1.00,0.00,6.00,0.00
21.00,25.00,65.00,14.00,1.00,1.00,12.00,0.00
26.00,62.00,124.00,24.00,4.00,1.00,24.00,0.00
29.00,91.00,128.00,36.00,6.00,2.00,32.00,0.00
27.00,107.00,128.00,39.00,6.00,0.00,36.00,0.00
25.00,110.00,128.00,51.00,4.00,1.00,39.00,0.00
19.00,101.00,128.00,74.00,4.00,0.00,31.00,0.00
22.00,60.00,107.00,26.00,4.00,1.00,20.00,0.00
23.00,50.00,28.00,50.00,2.00,1.00,19.00,0.00
18.00,22.00,8.00,13.00,2.00,0.00,5.00,0.00
16.00,12.00,6.00,3.00,2.00,0.00,2.00,0.00
13.00,12.00,1.00,2.00,1.00,0.00,1.00,0.00
2.00,2.00,0.00,0.00,0.00,0.00,0.00,0.00
1.00,0.00,0.00,0.00,0.00,0.00,0.00,0.00
1.00,0.00,0.00,0.00,0.00,0.00,0.00,0.00
0.00,0.00,0.00,0.00,0.00,0.00,0.00,0.00
0.00,0.00,0.00,0.00,0.00,0.00,0.00,0.00
0.00,0.00,0.00,0.00,0.00,0.00,0.00,0.00
0.00,0.00,0.00,0.00,0.00,0.00,0.00,0.00
0.00,0.00,0.00,0.00,0.00,0.00,0.00,0.00
0.00,0.00,0.00,0.00,0.00,0.00,0.00,0.00
0.00,0.00,0.00,0.00,0.00,0.00,0.00,0.00
1.00,0.00,0.00,0.00,0.00,0.00,0.00,0.00
0.00,0.00,0.00,0.00,0.00,0.00,0.00,0.00
0.00,0.00,0.00,0.00,0.00,0.00,0.00,0.00
1.00,0.00,0.00,0.00,0.00,0.00,0.00,0.00
0.00,0.00,0.00,0.00,0.00,0.00,0.00,0.00
1.00,0.00,0.00,0.00,0.00,0.00,0.00,0.00
0.00,0.00,0.00,0.00,0.00,0.00,0.00,0.00
0.00,0.00,0.00,0.00,0.00,0.00,0.00,0.00
5.00,3.00,13.00,11.00,3.00,0.00,7.00,0.00
13.00,16.00,28.00,8.00,3.00,1.00,5.00,0.00
20.00,49.00,124.00,26.00,3.00,3.00,25.00,0.00
24.00,86.00,128.00,32.00,8.00,2.00,36.00,0.00
23.00,89.00,128.00,35.00,10.00,2.00,53.00,0.00
21.00,100.00,128.00,76.00,13.00,1.00,42.00,0.00
20.00,89.00,128.00,77.00,9.00,1.00,26.00,0.00
20.00,100.00,80.00,70.00,9.00,2.00,27.00,0.00
16.00,92.00,35.00,31.00,5.00,1.00,13.00,0.00
12.00,36.00,17.00,6.00,4.00,0.00,4.00,0.00
17.00,6.00,10.00,2.00,1.00,0.00,1.00,0.00
4.00,2.00,3.00,1.00,0.00,0.00,0.00,0.00
1.00,1.00,1.00,1.00,0.00,0.00,0.00,0.00
1.00,0.00,1.00,0.00,0.00,0.00,0.00,0.00
1.00,0.00,0.00,0.00,0.00,0.00,0.00,0.00
1.00,0.00,0.00,0.00,0.00,0.00,0.00,0.00
0.00,0.00,0.00,0.00,0.00,0.00,0.00,0.00
1.00,0.00,0.00,0.00,0.00,0.00,0.00,0.00
1.00,0.00,0.00,0.00,0.00,0.00,0.00,0.00
0.00,0.00,0.00,0.00,0.00,0.00,0.00,0.00
0.00,0.00,0.00,0.00,0.00,0.00,0.00,0.00
0.00,0.00,0.00,0.00,0.00,0.00,0.00,0.00
0.00,0.00,0.00,0.00,0.00,0.00,0.00,0.00
0.00,0.00,0.00,0.00,0.00,0.00,0.00,0.00
0.00,0.00,0.00,0.00,0.00,0.00,0.00,0.00
0.00,0.00,0.00,0.00,0.00,0.00,0.00,0.00
0.00,0.00,0.00,0.00,0.00,0.00,0.00,0.00
0.00,0.00,0.00,0.00,0.00,0.00,0.00,0.00
0.00,0.00,0.00,0.00,0.00,0.00,0.00,0.00
0.00,0.00,0.00,0.00,0.00,0.00,0.00,0.00
5.00,9.00,11.00,19.00,3.00,0.00,6.00,0.00
0.00,4.00,2.00,8.00,1.00,0.00,3.00,0.00
1.00,2.00,3.00,7.00,4.00,0.00,4.00,0.00
1.00,4.00,5.00,7.00,3.00,0.00,4.00,0.00
1.00,1.00,7.00,12.00,4.00,0.00,7.00,0.00
13.00,9.00,14.00,6.00,2.00,0.00,3.00,0.00
17.00,21.00,55.00,12.00,2.00,1.00,10.00,0.00
20.00,40.00,128.00,21.00,2.00,1.00,26.00,0.00
20.00,47.00,128.00,22.00,6.00,2.00,31.00,0.00
25.00,67.00,128.00,39.00,6.00,3.00,29.00,0.00
20.00,57.00,98.00,71.00,7.00,1.00,24.00,0.00
20.00,67.00,92.00,69.00,4.00,2.00,26.00,0.00
21.00,69.00,43.00,56.00,4.00,1.00,21.00,0.00
13.00,60.00,11.00,25.00,5.00,0.00,10.00,0.00
8.00,6.00,9.00,2.00,1.00,0.00,1.00,0.00
2.00,3.00,5.00,1.00,0.00,0.00,0.00,0.00
0.00,2.00,3.00,0.00,0.00,0.00,0.00,0.00
0.00,1.00,2.00,0.00,0.00,0.00,0.00,0.00
0.00,1.00,2.00,0.00,0.00,0.00,0.00,0.00
0.00,0.00,1.00,0.00,0.00,0.00,0.00,0.00
0.00,0.00,0.00,0.00,0.00,0.00,0.00,0.00
0.00,0.00,0.00,0.00,0.00,0.00,0.00,0.00
0.00,0.00,0.00,0.00,0.00,0.00,0.00,0.00
0.00,0.00,0.00,0.00,0.00,0.00,0.00,0.00
0.00,0.00,0.00,0.00,0.00,0.00,0.00,0.00
0.00,0.00,0.00,0.00,0.00,0.00,0.00,0.00
0.00,0.00,0.00,0.00,0.00,0.00,0.00,0.00
0.00,0.00,0.00,0.00,0.00,0.00,0.00,0.00
0.00,0.00,0.00,0.00,0.00,0.00,0.00,0.00
0.00,0.00,0.00,0.00,0.00,0.00,0.00,0.00
0.00,5.00,9.00,13.00,5.00,1.00,8.00,0.00
15.00,3.00,15.00,23.00,4.00,0.00,14.00,0.00
21.00,27.00,51.00,8.00,3.00,0.00,9.00,0.00
24.00,42.00,108.00,25.00,4.00,1.00,21.00,0.00
21.00,53.00,128.00,35.00,6.00,2.00,29.00,0.00
21.00,63.00,120.00,43.00,7.00,2.00,24.00,0.00
19.00,56.00,87.00,61.00,5.00,1.00,20.00,0.00
20.00,63.00,52.00,40.00,5.00,1.00,15.00,0.00
19.00,60.00,15.00,27.00,4.00,1.00,10.00,0.00
16.00,41.00,4.00,10.00,5.00,0.00,4.00,0.00
13.00,8.00,7.00,2.00,1.00,0.00,1.00,0.00
8.00,3.00,6.00,1.00,0.00,0.00,1.00,0.00
3.00,2.00,3.00,0.00,0.00,0.00,0.00,0.00
0.00,1.00,1.00,0.00,0.00,0.00,0.00,0.00
0.00,0.00,0.00,0.00,0.00,0.00,0.00,0.00
0.00,0.00,0.00,0.00,0.00,0.00,0.00,0.00
0.00,0.00,0.00,0.00,0.00,0.00,0.00,0.00
0.00,0.00,0.00,0.00,0.00,0.00,0.00,0.00
0.00,0.00,0.00,0.00,0.00,0.00,0.00,0.00
0.00,0.00,0.00,0.00,0.00,0.00,0.00,0.00
0.00,0.00,0.00,0.00,0.00,0.00,0.00,0.00
1.00,0.00,0.00,0.00,0.00,0.00,0.00,0.00
1.00,0.00,0.00,0.00,0.00,0.00,0.00,0.00
1.00,0.00,0.00,0.00,0.00,0.00,0.00,0.00
0.00,0.00,0.00,0.00,0.00,0.00,0.00,0.00
0.00,0.00,0.00,0.00,0.00,0.00,0.00,0.00
0.00,0.00,0.00,0.00,0.00,0.00,0.00,0.00
1.00,0.00,0.00,0.00,0.00,0.00,0.00,0.00
0.00,0.00,0.00,0.00,0.00,0.00,0.00,0.00
0.00,0.00,0.00,0.00,0.00,0.00,0.00,0.00
16.00,14.00,27.00,6.00,2.00,0.00,5.00,0.00
28.00,45.00,68.00,9.00,3.00,2.00,14.00,0.00
28.00,106.00,77.00,25.00,4.00,2.00,16.00,0.00
25.00,128.00,123.00,51.00,9.00,2.00,25.00,0.00
20.00,115.00,128.00,45.00,6.00,1.00,27.00,0.00
18.00,98.00,113.00,35.00,6.00,1.00,19.00,0.00
16.00,71.00,50.00,60.00,8.00,1.00,23.00,0.00
14.00,50.00,22.00,36.00,5.00,0.00,15.00,0.00
8.00,20.00,4.00,4.00,1.00,0.00,2.00,0.00
9.00,9.00,6.00,2.00,0.00,0.00,1.00,0.00
10.00,1.00,3.00,1.00,0.00,0.00,0.00,0.00
4.00,0.00,1.00,0.00,0.00,0.00,0.00,0.00
0.00,0.00,1.00,0.00,0.00,0.00,0.00,0.00
2.00,0.00,0.00,0.00,0.00,0.00,0.00,0.00
0.00,0.00,0.00,0.00,0.00,0.00,0.00,0.00
0.00,0.00,0.00,0.00,0.00,0.00,0.00,0.00
0.00,0.00,0.00,0.00,0.00,0.00,0.00,0.00
0.00,0.00,0.00,0.00,0.00,0.00,0.00,0.00
0.00,0.00,0.00,0.00,0.00,0.00,0.00,0.00
0.00,0.00,0.00,0.00,0.00,0.00,0.00,0.00
0.00,0.00,0.00,0.00,0.00,0.00,0.00,0.00
0.00,0.00,0.00,0.00,0.00,0.00,0.00,0.00
0.00,0.00,0.00,0.00,0.00,0.00,0.00,0.00
0.00,0.00,0.00,0.00,0.00,0.00,0.00,0.00
1.00,0.00,0.00,0.00,0.00,0.00,0.00,0.00
0.00,0.00,0.00,0.00,0.00,0.00,0.00,0.00
0.00,0.00,0.00,0.00,0.00,0.00,0.00,0.00
0.00,0.00,0.00,0.00,0.00,0.00,0.00,0.00
0.00,0.00,0.00,0.00,0.00,0.00,0.00,0.00
0.00,0.00,0.00,0.00,0.00,0.00,0.00,0.00
1.00,2.00,8.00,16.00,3.00,0.00,10.00,0.00
5.00,5.00,13.00,11.00,2.00,0.00,7.00,0.00
16.00,19.00,37.00,5.00,2.00,0.00,7.00,0.00
22.00,36.00,97.00,15.00,4.00,1.00,18.00,0.00
18.00,53.00,118.00,16.00,3.00,2.00,23.00,0.00
20.00,55.00,127.00,33.00,7.00,1.00,30.00,0.00
19.00,54.00,127.00,45.00,10.00,0.00,31.00,0.00
19.00,59.00,100.00,45.00,11.00,1.00,28.00,0.00
18.00,62.00,86.00,51.00,7.00,2.00,29.00,0.00
19.00,54.00,70.00,44.00,5.00,1.00,14.00,0.00
17.00,39.00,35.00,37.00,3.00,1.00,14.00,0.00
12.00,40.00,9.00,26.00,4.00,0.00,16.00,0.00
10.00,26.00,4.00,8.00,2.00,0.00,5.00,0.00
10.00,8.00,3.00,1.00,1.00,0.00,1.00,0.00
11.00,5.00,3.00,1.00,0.00,0.00,0.00,0.00
4.00,2.00,2.00,0.00,0.00,0.00,0.00,0.00
1.00,1.00,1.00,0.00,0.00,0.00,0.00,0.00
0.00,0.00,1.00,0.00,0.00,0.00,0.00,0.00
0.00,0.00,0.00,0.00,0.00,0.00,0.00,0.00
0.00,0.00,0.00,0.00,0.00,0.00,0.00,0.00
0.00,0.00,0.00,0.00,0.00,0.00,0.00,0.00
0.00,0.00,0.00,0.00,0.00,0.00,0.00,0.00
0.00,0.00,0.00,0.00,0.00,0.00,0.00,0.00
0.00,0.00,0.00,0.00,0.00,0.00,0.00,0.00
1.00,0.00,0.00,0.00,0.00,0.00,0.00,0.00
0.00,0.00,0.00,0.00,0.00,0.00,0.00,0.00
0.00,0.00,0.00,0.00,0.00,0.00,0.00,0.00
0.00,0.00,0.00,0.00,0.00,0.00,0.00,0.00
0.00,0.00,0.00,0.00,0.00,0.00,0.00,0.00
0.00,0.00,0.00,0.00,0.00,0.00,0.00,0.00
14.00,8.00,18.00,11.00,2.00,1.00,7.00,0.00
15.00,29.00,59.00,11.00,6.00,1.00,11.00,0.00
18.00,47.00,127.00,37.00,5.00,2.00,25.00,0.00
23.00,65.00,128.00,45.00,9.00,1.00,29.00,0.00
21.00,60.00,128.00,53.00,9.00,1.00,32.00,0.00
20.00,59.00,120.00,49.00,10.00,1.00,30.00,0.00
20.00,62.00,96.00,38.00,8.00,1.00,23.00,0.00
21.00,64.00,73.00,29.00,9.00,1.00,18.00,0.00
17.00,63.00,55.00,49.00,7.00,1.00,18.00,0.00
17.00,39.00,34.00,34.00,7.00,0.00,14.00,0.00
15.00,44.00,15.00,26.00,4.00,0.00,16.00,0.00
15.00,45.00,7.00,19.00,5.00,0.00,8.00,0.00
13.00,16.00,2.00,7.00,2.00,0.00,3.00,0.00
13.00,8.00,1.00,1.00,1.00,0.00,0.00,0.00
8.00,3.00,0.00,0.00,0.00,0.00,0.00,0.00
7.00,2.00,0.00,0.00,0.00,0.00,0.00,0.00
6.00,2.00,0.00,0.00,0.00,0.00,0.00,0.00
5.00,1.00,0.00,0.00,0.00,0.00,0.00,0.00
1.00,0.00,0.00,0.00,0.00,0.00,0.00,0.00
1.00,0.00,0.00,0.00,0.00,0.00,0.00,0.00
0.00,0.00,0.00,0.00,0.00,0.00,0.00,0.00
0.00,0.00,0.00,0.00,0.00,0.00,0.00,0.00
0.00,0.00,0.00,0.00,0.00,0.00,0.00,0.00
0.00,0.00,0.00,0.00,0.00,0.00,0.00,0.00
0.00,0.00,0.00,0.00,0.00,0.00,0.00,0.00
0.00,0.00,0.00,0.00,0.00,0.00,0.00,0.00
0.00,0.00,0.00,0.00,0.00,0.00,0.00,0.00
0.00,0.00,0.00,0.00,0.00,0.00,0.00,0.00
0.00,0.00,0.00,0.00,0.00,0.00,0.00,0.00
0.00,0.00,0.00,0.00,0.00,0.00,0.00,0.00
1.00,2.00,6.00,23.00,4.00,0.00,14.00,0.00
1.00,4.00,11.00,15.00,4.00,1.00,5.00,0.00
16.00,5.00,13.00,13.00,3.00,0.00,8.00,0.00
24.00,67.00,85.00,8.00,2.00,3.00,17.00,0.00
18.00,102.00,115.00,43.00,6.00,4.00,29.00,0.00
17.00,82.00,128.00,25.00,8.00,2.00,36.00,0.00
20.00,86.00,128.00,22.00,9.00,3.00,33.00,0.00
20.00,93.00,128.00,37.00,9.00,2.00,29.00,0.00
18.00,78.00,110.00,49.00,17.00,2.00,19.00,0.00
16.00,77.00,88.00,50.00,12.00,3.00,19.00,0.00
13.00,78.00,41.00,51.00,13.00,2.00,20.00,0.00
13.00,72.00,14.00,25.00,5.00,1.00,10.00,0.00
16.00,26.00,3.00,7.00,4.00,0.00,3.00,0.00
11.00,11.00,7.00,1.00,1.00,0.00,2.00,0.00
12.00,6.00,2.00,1.00,1.00,0.00,1.00,0.00
11.00,4.00,0.00,0.00,0.00,0.00,0.00,0.00
4.00,1.00,0.00,0.00,0.00,0.00,0.00,0.00
0.00,0.00,0.00,0.00,0.00,0.00,0.00,0.00
1.00,0.00,0.00,0.00,0.00,0.00,0.00,0.00
0.00,0.00,0.00,0.00,0.00,0.00,0.00,0.00
0.00,0.00,0.00,0.00,0.00,0.00,0.00,0.00
0.00,0.00,0.00,0.00,0.00,0.00,0.00,0.00
0.00,0.00,0.00,0.00,0.00,0.00,0.00,0.00
0.00,0.00,0.00,0.00,0.00,0.00,0.00,0.00
0.00,0.00,0.00,0.00,0.00,0.00,0.00,0.00
0.00,0.00,0.00,0.00,0.00,0.00,0.00,0.00
0.00,0.00,0.00,0.00,0.00,0.00,0.00,0.00
0.00,0.00,0.00,0.00,0.00,0.00,0.00,0.00
0.00,0.00,0.00,0.00,0.00,0.00,0.00,0.00
0.00,0.00,0.00,0.00,0.00,0.00,0.00,0.00
9.00,20.00,18.00,3.00,1.00,0.00,4.00,0.00
11.00,22.00,31.00,6.00,1.00,0.00,6.00,0.00
9.00,18.00,32.00,5.00,1.00,0.00,6.00,0.00
7.00,15.00,28.00,4.00,1.00,0.00,6.00,0.00
8.00,19.00,36.00,5.00,1.00,0.00,9.00,0.00
14.00,21.00,43.00,7.00,1.00,0.00,8.00,0.00
17.00,24.00,40.00,5.00,1.00,0.00,7.00,0.00
13.00,14.00,24.00,3.00,1.00,0.00,4.00,0.00
10.00,10.00,21.00,2.00,0.00,0.00,5.00,0.00
16.00,22.00,39.00,4.00,1.00,0.00,7.00,0.00
19.00,27.00,39.00,5.00,1.00,0.00,7.00,0.00
22.00,33.00,37.00,4.00,2.00,0.00,6.00,0.00
21.00,35.00,35.00,5.00,2.00,0.00,6.00,0.00
15.00,24.00,23.00,3.00,1.00,0.00,4.00,0.00
13.00,20.00,26.00,5.00,1.00,0.00,4.00,0.00
18.00,27.00,35.00,4.00,1.00,0.00,6.00,0.00
19.00,28.00,40.00,4.00,1.00,0.00,7.00,0.00
15.00,19.00,25.00,3.00,1.00,0.00,5.00,0.00
11.00,12.00,19.00,2.00,0.00,0.00,3.00,0.00
16.00,21.00,30.00,4.00,0.00,0.00,5.00,0.00
18.00,25.00,36.00,4.00,0.00,0.00,6.00,0.00
17.00,27.00,38.00,4.00,0.00,0.00,7.00,0.00
20.00,29.00,38.00,4.00,0.00,0.00,7.00,0.00
17.00,26.00,28.00,3.00,0.00,0.00,5.00,0.00
12.00,14.00,17.00,2.00,0.00,0.00,3.00,0.00
14.00,18.00,19.00,4.00,0.00,0.00,3.00,0.00
17.00,25.00,33.00,4.00,0.00,0.00,6.00,0.00
18.00,26.00,34.00,3.00,1.00,0.00,6.00,0.00
13.00,16.00,24.00,3.00,1.00,0.00,4.00,0.00
11.00,11.00,14.00,2.00,0.00,0.00,3.00,0.00
18.00,26.00,24.00,10.00,0.00,0.00,4.00,0.00
16.00,25.00,25.00,10.00,0.00,0.00,4.00,0.00
11.00,13.00,15.00,6.00,0.00,0.00,2.00,0.00
9.00,15.00,9.00,7.00,0.00,0.00,2.00,0.00
15.00,22.00,12.00,10.00,0.00,0.00,3.00,0.00
17.00,28.00,19.00,15.00,1.00,0.00,5.00,0.00
13.00,19.00,9.00,5.00,0.00,0.00,2.00,0.00
12.00,20.00,4.00,7.00,0.00,0.00,2.00,0.00
18.00,21.00,7.00,9.00,0.00,0.00,3.00,0.00
16.00,16.00,7.00,7.00,0.00,0.00,3.00,0.00
9.00,10.00,3.00,3.00,0.00,0.00,1.00,0.00
9.00,10.00,2.00,3.00,0.00,0.00,1.00,0.00
16.00,13.00,2.00,5.00,0.00,0.00,2.00,0.00
16.00,12.00,3.00,6.00,0.00,0.00,2.00,0.00
8.00,11.00,1.00,2.00,0.00,0.00,1.00,0.00
11.00,7.00,0.00,2.00,0.00,0.00,1.00,0.00
15.00,7.00,1.00,2.00,0.00,0.00,1.00,0.00
13.00,4.00,1.00,1.00,1.00,0.00,0.00,0.00
6.00,4.00,0.00,0.00,0.00,0.00,0.00,0.00
12.00,2.00,0.00,0.00,0.00,0.00,0.00,0.00
11.00,2.00,0.00,0.00,0.00,0.00,0.00,0.00
6.00,2.00,0.00,0.00,0.00,0.00,0.00,0.00
5.00,1.00,0.00,0.00,0.00,0.00,0.00,0.00
3.00,1.00,0.00,0.00,0.00,0.00,0.00,0.00
1.00,0.00,0.00,0.00,0.00,0.00,0.00,0.00
1.00,0.00,0.00,0.00,0.00,0.00,0.00,0.00
0.00,0.00,0.00,0.00,0.00,0.00,0.00,0.00
0.00,0.00,0.00,0.00,0.00,0.00,0.00,0.00
0.00,0.00,0.00,0.00,0.00,0.00,0.00,0.00
1.00,0.00,0.00,0.00,0.00,0.00,0.00,0.00
9.00,13.00,18.00,2.00,1.00,0.00,3.00,0.00
13.00,14.00,18.00,5.00,2.00,0.00,3.00,0.00
12.00,12.00,15.00,4.00,2.00,0.00,3.00,0.00
9.00,10.00,11.00,3.00,1.00,0.00,2.00,0.00
14.00,14.00,12.00,3.00,2.00,0.00,2.00,0.00
18.00,19.00,21.00,4.00,1.00,0.00,4.00,0.00
17.00,19.00,21.00,3.00,2.00,0.00,4.00,0.00
12.00,14.00,19.00,2.00,1.00,0.00,3.00,0.00
9.00,12.00,12.00,3.00,1.00,0.00,3.00,0.00
14.00,16.00,16.00,2.00,1.00,0.00,4.00,0.00
17.00,17.00,19.00,2.00,1.00,0.00,3.00,0.00
16.00,17.00,21.00,3.00,1.00,0.00,3.00,0.00
11.00,13.00,16.00,2.00,1.00,0.00,2.00,0.00
12.00,11.00,12.00,2.00,1.00,0.00,2.00,0.00
17.00,17.00,16.00,2.00,1.00,0.00,3.00,0.00
16.00,17.00,22.00,3.00,1.00,0.00,4.00,0.00
11.00,12.00,17.00,2.00,1.00,0.00,4.00,0.00
7.00,13.00,13.00,2.00,2.00,0.00,3.00,0.00
7.00,12.00,14.00,2.00,2.00,0.00,3.00,0.00
12.00,16.00,15.00,2.00,1.00,0.00,3.00,0.00
14.00,17.00,20.00,2.00,1.00,0.00,3.00,0.00
13.00,14.00,16.00,2.00,2.00,0.00,3.00,0.00
9.00,13.00,15.00,2.00,1.00,0.00,3.00,0.00
9.00,11.00,9.00,2.00,1.00,0.00,2.00,0.00
14.00,15.00,11.00,3.00,2.00,0.00,3.00,0.00
14.00,16.00,15.00,2.00,1.00,0.00,3.00,0.00
12.00,12.00,15.00,2.00,2.00,0.00,3.00,0.00
8.00,12.00,11.00,2.00,1.00,0.00,2.00,0.00
11.00,10.00,8.00,3.00,0.00,0.00,2.00,0.00
17.00,13.00,13.00,3.00,1.00,0.00,2.00,0.00
12.00,10.00,10.00,6.00,1.00,0.00,2.00,0.00
15.00,12.00,12.00,7.00,2.00,0.00,2.00,0.00
12.00,13.00,12.00,6.00,1.00,0.00,2.00,0.00
6.00,6.00,7.00,4.00,1.00,0.00,2.00,0.00
12.00,13.00,5.00,9.00,1.00,0.00,3.00,0.00
13.00,12.00,8.00,10.00,1.00,0.00,3.00,0.00
11.00,10.00,11.00,7.00,1.00,0.00,2.00,0.00
7.00,9.00,4.00,7.00,0.00,0.00,2.00,0.00
8.00,14.00,2.00,7.00,1.00,0.00,3.00,0.00
12.00,14.00,3.00,6.00,1.00,0.00,2.00,0.00
13.00,14.00,2.00,7.00,1.00,0.00,3.00,0.00
14.00,12.00,2.00,3.00,1.00,0.00,2.00,0.00
12.00,7.00,1.00,2.00,1.00,0.00,1.00,0.00
8.00,4.00,0.00,1.00,1.00,0.00,0.00,0.00
11.00,3.00,0.00,1.00,0.00,0.00,0.00,0.00
13.00,2.00,0.00,1.00,1.00,0.00,1.00,0.00
8.00,3.00,0.00,0.00,0.00,0.00,0.00,0.00
4.00,3.00,0.00,0.00,0.00,0.00,0.00,0.00
5.00,2.00,0.00,0.00,0.00,0.00,0.00,0.00
4.00,0.00,0.00,0.00,0.00,0.00,0.00,0.00
2.00,0.00,0.00,0.00,0.00,0.00,0.00,0.00
1.00,0.00,0.00,0.00,0.00,0.00,0.00,0.00
0.00,0.00,0.00,0.00,0.00,0.00,0.00,0.00
1.00,0.00,0.00,0.00,0.00,0.00,0.00,0.00
1.00,0.00,0.00,0.00,0.00,0.00,0.00,0.00
1.00,0.00,0.00,0.00,0.00,0.00,0.00,0.00
0.00,0.00,0.00,0.00,0.00,0.00,0.00,0.00
1.00,0.00,0.00,0.00,0.00,0.00,0.00,0.00
0.00,0.00,0.00,0.00,0.00,0.00,0.00,0.00
0.00,0.00,0.00,0.00,0.00,0.00,0.00,0.00
8.00,17.00,18.00,3.00,0.00,0.00,3.00,0.00
8.00,19.00,22.00,3.00,1.00,0.00,4.00,0.00
9.00,17.00,22.00,5.00,1.00,0.00,4.00,0.00
9.00,18.00,18.00,5.00,1.00,0.00,4.00,0.00
8.00,14.00,23.00,5.00,1.00,0.00,6.00,0.00
10.00,16.00,26.00,4.00,1.00,0.00,6.00,0.00
11.00,19.00,28.00,4.00,2.00,0.00,6.00,0.00
12.00,20.00,32.00,5.00,1.00,0.00,5.00,0.00
11.00,20.00,24.00,5.00,1.00,0.00,4.00,0.00
8.00,16.00,18.00,3.00,1.00,0.00,3.00,0.00
9.00,14.00,22.00,4.00,1.00,0.00,3.00,0.00
9.00,13.00,22.00,3.00,2.00,0.00,3.00,0.00
9.00,13.00,20.00,3.00,1.00,0.00,3.00,0.00
8.00,11.00,16.00,4.00,1.00,0.00,4.00,0.00
11.00,12.00,17.00,4.00,1.00,0.00,4.00,0.00
11.00,17.00,20.00,3.00,1.00,0.00,5.00,0.00
13.00,16.00,23.00,5.00,2.00,0.00,4.00,0.00
12.00,13.00,19.00,5.00,1.00,0.00,3.00,0.00
8.00,11.00,14.00,3.00,1.00,0.00,2.00,0.00
11.00,12.00,11.00,3.00,2.00,0.00,2.00,0.00
12.00,14.00,14.00,3.00,2.00,0.00,2.00,0.00
13.00,14.00,15.00,3.00,1.00,0.00,3.00,0.00
14.00,14.00,16.00,4.00,2.00,0.00,2.00,0.00
13.00,16.00,17.00,4.00,1.00,0.00,2.00,0.00
8.00,10.00,12.00,4.00,0.00,0.00,2.00,0.00
9.00,11.00,9.00,4.00,0.00,0.00,2.00,0.00
12.00,12.00,13.00,4.00,1.00,0.00,2.00,0.00
12.00,15.00,15.00,6.00,1.00,0.00,2.00,0.00
7.00,11.00,10.00,4.00,0.00,0.00,2.00,0.00
9.00,10.00,7.00,4.00,1.00,0.00,3.00,0.00
7.00,12.00,16.00,3.00,0.00,0.00,3.00,0.00
10.00,23.00,17.00,2.00,1.00,0.00,4.00,0.00
11.00,29.00,28.00,7.00,1.00,0.00,6.00,0.00
10.00,20.00,29.00,5.00,1.00,0.00,7.00,0.00
7.00,17.00,29.00,6.00,1.00,0.00,7.00,0.00
8.00,17.00,34.00,6.00,1.00,0.00,7.00,0.00
8.00,15.00,28.00,5.00,1.00,0.00,7.00,0.00
11.00,16.00,38.00,6.00,2.00,0.00,8.00,0.00
11.00,19.00,40.00,5.00,2.00,0.00,8.00,0.00
13.00,23.00,41.00,7.00,1.00,0.00,8.00,0.00
12.00,26.00,41.00,6.00,1.00,0.00,8.00,0.00
12.00,25.00,39.00,8.00,1.00,0.00,7.00,0.00
11.00,22.00,39.00,7.00,1.00,0.00,7.00,0.00
11.00,21.00,37.00,6.00,1.00,0.00,7.00,0.00
11.00,16.00,35.00,5.00,1.00,0.00,6.00,0.00
10.00,18.00,28.00,6.00,1.00,0.00,5.00,0.00
9.00,12.00,27.00,6.00,1.00,0.00,6.00,0.00
7.00,9.00,18.00,4.00,1.00,0.00,4.00,0.00
8.00,11.00,23.00,5.00,1.00,0.00,5.00,0.00
10.00,15.00,26.00,4.00,1.00,0.00,5.00,0.00
11.00,17.00,28.00,3.00,1.00,0.00,5.00,0.00
12.00,16.00,27.00,3.00,1.00,0.00,5.00,0.00
12.00,16.00,26.00,3.00,1.00,0.00,4.00,0.00
12.00,16.00,25.00,4.00,1.00,0.00,4.00,0.00
10.00,11.00,22.00,4.00,1.00,0.00,4.00,0.00
8.00,9.00,13.00,3.00,1.00,0.00,2.00,0.00
7.00,10.00,11.00,5.00,0.00,0.00,2.00,0.00
10.00,13.00,13.00,7.00,0.00,0.00,2.00,0.00
10.00,13.00,16.00,6.00,1.00,0.00,2.00,0.00
10.00,10.00,12.00,6.00,0.00,0.00,2.00,0.00
7.00,14.00,20.00,3.00,1.00,0.00,4.00,0.00
10.00,17.00,20.00,3.00,3.00,0.00,4.00,0.00
11.00,17.00,23.00,4.00,2.00,0.00,4.00,0.00
11.00,18.00,26.00,4.00,2.00,0.00,5.00,0.00
11.00,12.00,24.00,5.00,1.00,0.00,5.00,0.00
8.00,11.00,22.00,3.00,1.00,0.00,4.00,0.00
7.00,10.00,21.00,2.00,1.00,0.00,5.00,0.00
9.00,15.00,26.00,3.00,1.00,0.00,5.00,0.00
11.00,18.00,30.00,4.00,1.00,0.00,5.00,0.00
11.00,19.00,31.00,3.00,1.00,0.00,5.00,0.00
12.00,18.00,30.00,3.00,1.00,0.00,5.00,0.00
11.00,16.00,29.00,3.00,1.00,0.00,5.00,0.00
13.00,15.00,25.00,5.00,1.00,0.00,4.00,0.00
10.00,12.00,19.00,4.00,1.00,0.00,4.00,0.00
9.00,11.00,20.00,3.00,1.00,0.00,5.00,0.00
9.00,11.00,20.00,2.00,1.00,0.00,5.00,0.00
10.00,16.00,21.00,2.00,1.00,0.00,5.00,0.00
12.00,15.00,26.00,4.00,1.00,0.00,4.00,0.00
12.00,16.00,24.00,4.00,2.00,0.00,4.00,0.00
12.00,16.00,23.00,5.00,2.00,0.00,4.00,0.00
12.00,16.00,25.00,6.00,2.00,0.00,4.00,0.00
10.00,13.00,21.00,4.00,1.00,0.00,3.00,0.00
10.00,11.00,15.00,2.00,1.00,0.00,3.00,0.00
8.00,9.00,12.00,1.00,1.00,0.00,3.00,0.00
10.00,13.00,14.00,2.00,1.00,0.00,3.00,0.00
11.00,15.00,20.00,4.00,1.00,0.00,3.00,0.00
11.00,14.00,22.00,5.00,1.00,0.00,4.00,0.00
10.00,10.00,17.00,3.00,1.00,0.00,3.00,0.00
11.00,11.00,17.00,3.00,1.00,0.00,2.00,0.00
10.00,11.00,14.00,3.00,1.00,0.00,2.00,0.00
7.00,15.00,18.00,3.00,1.00,0.00,3.00,0.00
9.00,18.00,19.00,3.00,2.00,0.00,4.00,0.00
8.00,11.00,25.00,3.00,3.00,0.00,6.00,0.00
9.00,12.00,25.00,4.00,1.00,0.00,6.00,0.00
8.00,11.00,23.00,3.00,1.00,0.00,5.00,0.00
10.00,14.00,31.00,3.00,1.00,0.00,7.00,0.00
11.00,19.00,32.00,4.00,2.00,0.00,6.00,0.00
13.00,19.00,35.00,6.00,1.00,0.00,6.00,0.00
13.00,19.00,31.00,6.00,1.00,0.00,5.00,0.00
10.00,14.00,23.00,5.00,1.00,0.00,5.00,0.00
8.00,13.00,23.00,4.00,2.00,0.00,5.00,0.00
8.00,13.00,22.00,4.00,1.00,0.00,5.00,0.00
8.00,15.00,23.00,3.00,2.00,0.00,6.00,0.00
10.00,19.00,23.00,3.00,1.00,0.00,6.00,0.00
12.00,19.00,30.00,4.00,2.00,0.00,5.00,0.00
13.00,17.00,26.00,5.00,2.00,0.00,4.00,0.00
10.00,15.00,19.00,5.00,1.00,0.00,3.00,0.00
8.00,12.00,14.00,2.00,1.00,0.00,3.00,0.00
9.00,11.00,16.00,1.00,1.00,0.00,4.00,0.00
10.00,15.00,18.00,2.00,1.00,0.00,4.00,0.00
13.00,18.00,25.00,3.00,2.00,0.00,5.00,0.00
12.00,14.00,20.00,3.00,1.00,0.00,3.00,0.00
10.00,13.00,13.00,2.00,1.00,0.00,3.00,0.00
11.00,13.00,12.00,4.00,1.00,0.00,3.00,0.00
11.00,14.00,10.00,5.00,1.00,0.00,3.00,0.00
10.00,17.00,6.00,5.00,1.00,0.00,3.00,0.00
10.00,17.00,6.00,7.00,1.00,0.00,2.00,0.00
11.00,21.00,4.00,6.00,1.00,0.00,2.00,0.00
11.00,23.00,5.00,7.00,1.00,0.00,2.00,0.00
11.00,22.00,4.00,6.00,2.00,0.00,2.00,0.00
7.00,9.00,16.00,4.00,2.00,0.00,3.00,0.00
12.00,18.00,20.00,3.00,4.00,0.00,5.00,0.00
11.00,16.00,22.00,3.00,3.00,0.00,5.00,0.00
8.00,14.00,20.00,3.00,2.00,0.00,4.00,0.00
7.00,9.00,25.00,4.00,3.00,0.00,6.00,0.00
12.00,15.00,25.00,3.00,2.00,0.00,6.00,0.00
15.00,17.00,25.00,3.00,2.00,0.00,6.00,0.00
13.00,16.00,25.00,5.00,3.00,0.00,6.00,0.00
10.00,10.00,24.00,1.00,1.00,0.00,6.00,0.00
12.00,13.00,25.00,2.00,3.00,0.00,6.00,0.00
14.00,18.00,28.00,2.00,2.00,0.00,7.00,0.00
14.00,17.00,28.00,2.00,2.00,0.00,6.00,0.00
14.00,17.00,27.00,2.00,3.00,0.00,6.00,0.00
13.00,13.00,25.00,1.00,2.00,0.00,6.00,0.00
11.00,12.00,24.00,2.00,1.00,0.00,6.00,0.00
11.00,12.00,23.00,2.00,1.00,0.00,5.00,0.00
13.00,16.00,19.00,3.00,2.00,0.00,5.00,0.00
13.00,18.00,21.00,3.00,2.00,0.00,5.00,0.00
12.00,15.00,20.00,2.00,1.00,0.00,4.00,0.00
10.00,14.00,19.00,3.00,1.00,0.00,3.00,0.00
10.00,12.00,14.00,1.00,1.00,0.00,3.00,0.00
12.00,13.00,15.00,2.00,1.00,0.00,4.00,0.00
12.00,18.00,19.00,2.00,2.00,0.00,4.00,0.00
13.00,18.00,20.00,2.00,1.00,0.00,4.00,0.00
12.00,15.00,21.00,2.00,2.00,0.00,4.00,0.00
12.00,14.00,18.00,2.00,2.00,0.00,4.00,0.00
11.00,13.00,19.00,3.00,2.00,0.00,4.00,0.00
10.00,13.00,16.00,3.00,1.00,0.00,3.00,0.00
6.00,12.00,11.00,3.00,0.00,0.00,2.00,0.00
9.00,15.00,10.00,4.00,1.00,0.00,2.00,0.00
4.00,16.00,7.00,10.00,1.00,0.00,3.00,0.00
0.00,1.00,1.00,2.00,1.00,0.00,1.00,0.00
1.00,2.00,1.00,1.00,0.00,0.00,1.00,0.00
0.00,2.00,2.00,2.00,2.00,0.00,2.00,0.00
2.00,1.00,5.00,2.00,1.00,0.00,2.00,0.00
1.00,0.00,2.00,2.00,1.00,0.00,2.00,0.00
1.00,1.00,6.00,5.00,1.00,0.00,3.00,0.00
5.00,1.00,6.00,4.00,0.00,0.00,1.00,0.00
3.00,5.00,4.00,3.00,0.00,0.00,2.00,0.00
6.00,8.00,12.00,2.00,0.00,0.00,2.00,0.00
10.00,15.00,20.00,4.00,2.00,0.00,3.00,0.00
10.00,14.00,19.00,3.00,2.00,0.00,4.00,0.00
9.00,14.00,21.00,3.00,1.00,0.00,5.00,0.00
9.00,13.00,20.00,3.00,2.00,0.00,5.00,0.00
9.00,14.00,19.00,2.00,2.00,0.00,4.00,0.00
10.00,13.00,21.00,1.00,2.00,0.00,5.00,0.00
11.00,11.00,20.00,1.00,1.00,0.00,5.00,0.00
12.00,17.00,23.00,1.00,2.00,0.00,6.00,0.00
13.00,18.00,21.00,2.00,3.00,0.00,5.00,0.00
12.00,16.00,21.00,1.00,1.00,0.00,4.00,0.00
10.00,15.00,17.00,1.00,1.00,0.00,3.00,0.00
9.00,13.00,15.00,1.00,1.00,0.00,3.00,0.00
11.00,12.00,16.00,1.00,1.00,0.00,4.00,0.00
12.00,14.00,18.00,2.00,2.00,0.00,4.00,0.00
12.00,15.00,14.00,2.00,2.00,0.00,3.00,0.00
12.00,16.00,15.00,2.00,2.00,0.00,4.00,0.00
13.00,16.00,16.00,2.00,2.00,0.00,3.00,0.00
11.00,13.00,16.00,2.00,1.00,0.00,3.00,0.00
8.00,12.00,11.00,2.00,1.00,0.00,2.00,0.00
9.00,11.00,12.00,1.00,1.00,0.00,3.00,0.00
15.00,20.00,48.00,7.00,1.00,0.00,9.00,0.00
18.00,37.00,97.00,9.00,2.00,0.00,18.00,0.00
16.00,27.00,93.00,10.00,2.00,0.00,17.00,0.00
16.00,29.00,60.00,11.00,1.00,0.00,12.00,0.00
14.00,23.00,48.00,13.00,2.00,0.00,9.00,0.00
14.00,18.00,39.00,19.00,1.00,0.00,7.00,0.00
18.00,17.00,24.00,26.00,2.00,0.00,10.00,0.00
18.00,20.00,11.00,9.00,3.00,0.00,4.00,0.00
13.00,14.00,7.00,5.00,2.00,0.00,3.00,0.00
14.00,3.00,3.00,2.00,2.00,0.00,2.00,0.00
12.00,1.00,0.00,2.00,1.00,0.00,1.00,0.00
8.00,1.00,1.00,0.00,0.00,0.00,0.00,0.00
3.00,0.00,0.00,0.00,0.00,0.00,0.00,0.00
1.00,0.00,0.00,0.00,0.00,0.00,0.00,0.00
0.00,0.00,0.00,0.00,0.00,0.00,0.00,0.00
1.00,0.00,0.00,0.00,0.00,0.00,0.00,0.00
0.00,0.00,0.00,0.00,0.00,0.00,0.00,0.00
0.00,0.00,0.00,0.00,0.00,0.00,0.00,0.00
0.00,0.00,0.00,0.00,0.00,0.00,0.00,0.00
0.00,0.00,0.00,0.00,0.00,0.00,0.00,0.00
1.00,0.00,0.00,0.00,0.00,0.00,0.00,0.00
0.00,0.00,0.00,0.00,0.00,0.00,0.00,0.00
0.00,0.00,0.00,0.00,0.00,0.00,0.00,0.00
0.00,0.00,0.00,0.00,0.00,0.00,0.00,0.00
0.00,0.00,0.00,0.00,0.00,0.00,0.00,0.00
0.00,0.00,0.00,0.00,0.00,0.00,0.00,0.00
0.00,0.00,0.00,0.00,0.00,0.00,0.00,0.00
0.00,0.00,0.00,0.00,0.00,0.00,0.00,0.00
0.00,0.00,0.00,0.00,0.00,0.00,0.00,0.00
0.00,0.00,0.00,0.00,0.00,0.00,0.00,0.00
12.00,17.00,34.00,2.00,1.00,0.00,7.00,0.00
10.00,9.00,62.00,3.00,1.00,0.00,14.00,0.00
10.00,9.00,50.00,4.00,1.00,0.00,11.00,0.00
14.00,11.00,42.00,7.00,2.00,0.00,10.00,0.00
12.00,11.00,38.00,13.00,2.00,0.00,8.00,0.00
12.00,11.00,31.00,18.00,2.00,0.00,6.00,0.00
15.00,14.00,22.00,22.00,1.00,0.00,8.00,0.00
17.00,18.00,14.00,15.00,1.00,0.00,6.00,0.00
16.00,21.00,7.00,15.00,2.00,0.00,6.00,0.00
15.00,25.00,6.00,8.00,2.00,0.00,5.00,0.00
17.00,11.00,3.00,4.00,3.00,0.00,3.00,0.00
19.00,7.00,1.00,4.00,3.00,0.00,3.00,0.00
17.00,5.00,1.00,2.00,2.00,0.00,2.00,0.00
11.00,4.00,0.00,1.00,2.00,0.00,1.00,0.00
7.00,1.00,0.00,0.00,0.00,0.00,0.00,0.00
5.00,0.00,0.00,0.00,0.00,0.00,0.00,0.00
1.00,0.00,0.00,0.00,0.00,0.00,0.00,0.00
0.00,0.00,0.00,0.00,0.00,0.00,0.00,0.00
0.00,0.00,0.00,0.00,0.00,0.00,0.00,0.00
0.00,0.00,0.00,0.00,0.00,0.00,0.00,0.00
0.00,0.00,0.00,0.00,0.00,0.00,0.00,0.00
0.00,0.00,0.00,0.00,0.00,0.00,0.00,0.00
0.00,0.00,0.00,0.00,0.00,0.00,0.00,0.00
0.00,0.00,0.00,0.00,0.00,0.00,0.00,0.00
0.00,0.00,0.00,0.00,0.00,0.00,0.00,0.00
0.00,0.00,0.00,0.00,0.00,0.00,0.00,0.00
0.00,0.00,0.00,0.00,0.00,0.00,0.00,0.00
0.00,0.00,0.00,0.00,0.00,0.00,0.00,0.00
0.00,0.00,0.00,0.00,0.00,0.00,0.00,0.00
0.00,0.00,0.00,0.00,0.00,0.00,0.00,0.00
8.00,10.00,37.00,2.00,1.00,0.00,9.00,0.00
7.00,9.00,43.00,2.00,1.00,0.00,10.00,0.00
9.00,14.00,64.00,3.00,2.00,0.00,15.00,0.00
10.00,26.00,51.00,2.00,1.00,0.00,12.00,0.00
12.00,24.00,53.00,4.00,1.00,0.00,13.00,0.00
14.00,29.00,62.00,4.00,2.00,0.00,14.00,0.00
13.00,33.00,65.00,5.00,1.00,0.00,12.00,0.00
14.00,30.00,53.00,8.00,3.00,0.00,10.00,0.00
14.00,29.00,56.00,13.00,1.00,0.00,10.00,0.00
15.00,31.00,37.00,15.00,1.00,0.00,6.00,0.00
14.00,27.00,27.00,19.00,1.00,0.00,7.00,0.00
13.00,23.00,10.00,12.00,2.00,0.00,5.00,0.00
12.00,12.00,6.00,6.00,3.00,0.00,3.00,0.00
14.00,11.00,5.00,7.00,3.00,0.00,3.00,0.00
14.00,4.00,3.00,4.00,1.00,0.00,2.00,0.00
13.00,2.00,0.00,2.00,1.00,0.00,1.00,0.00
13.00,2.00,0.00,0.00,2.00,0.00,2.00,0.00
11.00,1.00,0.00,0.00,1.00,0.00,1.00,0.00
7.00,0.00,0.00,0.00,0.00,0.00,0.00,0.00
4.00,0.00,0.00,0.00,0.00,0.00,0.00,0.00
1.00,0.00,0.00,0.00,0.00,0.00,0.00,0.00
1.00,0.00,0.00,0.00,0.00,0.00,0.00,0.00
0.00,0.00,0.00,0.00,0.00,0.00,0.00,0.00
1.00,0.00,0.00,0.00,0.00,0.00,0.00,0.00
0.00,0.00,0.00,0.00,0.00,0.00,0.00,0.00
0.00,0.00,0.00,0.00,0.00,0.00,0.00,0.00
0.00,0.00,0.00,0.00,0.00,0.00,0.00,0.00
1.00,0.00,0.00,0.00,0.00,0.00,0.00,0.00
0.00,0.00,0.00,0.00,0.00,0.00,0.00,0.00
0.00,0.00,0.00,0.00,0.00,0.00,0.00,0.00
8.00,11.00,30.00,2.00,2.00,0.00,7.00,0.00
8.00,9.00,28.00,2.00,1.00,0.00,5.00,0.00
7.00,9.00,26.00,2.00,1.00,0.00,6.00,0.00
6.00,7.00,34.00,2.00,2.00,0.00,8.00,0.00
7.00,5.00,34.00,2.00,1.00,0.00,8.00,0.00
8.00,8.00,35.00,2.00,2.00,0.00,8.00,0.00
12.00,9.00,39.00,1.00,2.00,0.00,9.00,0.00
9.00,10.00,43.00,2.00,2.00,0.00,10.00,0.00
6.00,5.00,27.00,1.00,0.00,0.00,6.00,0.00
6.00,7.00,21.00,0.00,1.00,0.00,5.00,0.00
8.00,8.00,29.00,1.00,1.00,0.00,7.00,0.00
12.00,10.00,22.00,1.00,1.00,0.00,5.00,0.00
12.00,14.00,22.00,1.00,1.00,0.00,4.00,0.00
8.00,8.00,13.00,1.00,0.00,0.00,2.00,0.00
8.00,6.00,13.00,3.00,1.00,0.00,2.00,0.00
11.00,11.00,10.00,8.00,1.00,0.00,3.00,0.00
9.00,7.00,4.00,4.00,1.00,0.00,1.00,0.00
6.00,6.00,2.00,3.00,0.00,0.00,1.00,0.00
10.00,5.00,1.00,1.00,0.00,0.00,0.00,0.00
9.00,4.00,0.00,0.00,1.00,0.00,1.00,0.00
8.00,3.00,0.00,0.00,0.00,0.00,0.00,0.00
4.00,2.00,0.00,0.00,0.00,0.00,0.00,0.00
2.00,0.00,0.00,0.00,0.00,0.00,0.00,0.00
1.00,0.00,0.00,0.00,0.00,0.00,0.00,0.00
3.00,0.00,0.00,0.00,0.00,0.00,0.00,0.00
0.00,0.00,0.00,0.00,0.00,0.00,0.00,0.00
0.00,0.00,0.00,0.00,0.00,0.00,0.00,0.00
0.00,0.00,0.00,0.00,0.00,0.00,0.00,0.00
1.00,0.00,0.00,0.00,0.00,0.00,0.00,0.00
0.00,0.00,0.00,0.00,0.00,0.00,0.00,0.00
10.00,13.00,15.00,2.00,0.00,0.00,3.00,0.00
9.00,14.00,18.00,3.00,1.00,0.00,4.00,0.00
12.00,15.00,19.00,3.00,1.00,0.00,4.00,0.00
11.00,16.00,20.00,3.00,1.00,0.00,3.00,0.00
11.00,17.00,24.00,3.00,1.00,0.00,4.00,0.00
10.00,12.00,22.00,2.00,1.00,0.00,4.00,0.00
10.00,10.00,18.00,2.00,1.00,0.00,3.00,0.00
10.00,10.00,18.00,2.00,1.00,0.00,3.00,0.00
11.00,10.00,18.00,2.00,1.00,0.00,3.00,0.00
9.00,10.00,17.00,2.00,1.00,0.00,3.00,0.00
9.00,11.00,18.00,1.00,0.00,0.00,3.00,0.00
10.00,12.00,19.00,2.00,1.00,0.00,3.00,0.00
10.00,14.00,21.00,2.00,1.00,0.00,3.00,0.00
9.00,11.00,15.00,2.00,1.00,0.00,3.00,0.00
11.00,12.00,12.00,3.00,0.00,0.00,2.00,0.00
11.00,13.00,12.00,11.00,0.00,0.00,4.00,0.00
10.00,12.00,8.00,3.00,0.00,0.00,1.00,0.00
11.00,7.00,4.00,4.00,0.00,0.00,1.00,0.00
10.00,3.00,2.00,1.00,1.00,0.00,0.00,0.00
10.00,2.00,1.00,0.00,0.00,0.00,0.00,0.00
9.00,1.00,0.00,0.00,0.00,0.00,0.00,0.00
7.00,0.00,0.00,0.00,0.00,0.00,0.00,0.00
3.00,0.00,0.00,0.00,0.00,0.00,0.00,0.00
3.00,0.00,0.00,0.00,0.00,0.00,0.00,0.00
2.00,0.00,0.00,0.00,0.00,0.00,0.00,0.00
1.00,0.00,0.00,0.00,0.00,0.00,0.00,0.00
0.00,0.00,0.00,0.00,0.00,0.00,0.00,0.00
0.00,0.00,0.00,0.00,0.00,0.00,0.00,0.00
0.00,0.00,0.00,0.00,0.00,0.00,0.00,0.00
0.00,0.00,0.00,0.00,0.00,0.00,0.00,0.00
8.00,8.00,23.00,2.00,1.00,0.00,5.00,0.00
6.00,8.00,23.00,1.00,1.00,0.00,5.00,0.00
5.00,7.00,19.00,2.00,1.00,0.00,4.00,0.00
11.00,9.00,23.00,1.00,1.00,0.00,5.00,0.00
7.00,10.00,17.00,1.00,0.00,0.00,3.00,0.00
6.00,7.00,18.00,1.00,1.00,0.00,4.00,0.00
10.00,10.00,20.00,1.00,0.00,0.00,4.00,0.00
8.00,12.00,13.00,1.00,1.00,0.00,3.00,0.00
6.00,8.00,16.00,1.00,0.00,0.00,4.00,0.00
10.00,10.00,18.00,1.00,1.00,0.00,4.00,0.00
9.00,13.00,12.00,1.00,0.00,0.00,2.00,0.00
5.00,9.00,8.00,0.00,0.00,0.00,2.00,0.00
5.00,7.00,7.00,0.00,0.00,0.00,1.00,0.00
10.00,7.00,11.00,3.00,1.00,0.00,1.00,0.00
8.00,10.00,7.00,4.00,0.00,0.00,1.00,0.00
5.00,4.00,3.00,3.00,0.00,0.00,1.00,0.00
7.00,6.00,2.00,3.00,0.00,0.00,1.00,0.00
8.00,6.00,1.00,1.00,0.00,0.00,0.00,0.00
6.00,2.00,0.00,0.00,0.00,0.00,0.00,0.00
3.00,1.00,0.00,0.00,0.00,0.00,0.00,0.00
5.00,1.00,0.00,0.00,0.00,0.00,0.00,0.00
7.00,2.00,0.00,0.00,0.00,0.00,0.00,0.00
4.00,1.00,0.00,0.00,0.00,0.00,0.00,0.00
0.00,0.00,0.00,0.00,0.00,0.00,0.00,0.00
1.00,0.00,0.00,0.00,0.00,0.00,0.00,0.00
1.00,0.00,0.00,0.00,0.00,0.00,0.00,0.00
1.00,0.00,0.00,0.00,0.00,0.00,0.00,0.00
0.00,0.00,0.00,0.00,0.00,0.00,0.00,0.00
0.00,0.00,0.00,0.00,0.00,0.00,0.00,0.00
0.00,0.00,0.00,0.00,0.00,0.00,0.00,0.00
6.00,7.00,21.00,2.00,2.00,0.00,5.00,0.00
6.00,10.00,23.00,2.00,1.00,0.00,5.00,0.00
7.00,14.00,21.00,1.00,1.00,0.00,4.00,0.00
7.00,13.00,18.00,2.00,1.00,0.00,4.00,0.00
7.00,11.00,17.00,1.00,1.00,0.00,3.00,0.00
7.00,11.00,20.00,2.00,1.00,0.00,3.00,0.00
9.00,13.00,21.00,2.00,2.00,0.00,4.00,0.00
9.00,17.00,24.00,3.00,2.00,0.00,4.00,0.00
10.00,22.00,29.00,4.00,2.00,0.00,4.00,0.00
10.00,24.00,28.00,6.00,2.00,0.00,4.00,0.00
10.00,22.00,20.00,12.00,1.00,0.00,4.00,0.00
9.00,20.00,11.00,13.00,1.00,0.00,5.00,0.00
9.00,7.00,3.00,4.00,1.00,0.00,1.00,0.00
9.00,4.00,1.00,1.00,1.00,0.00,0.00,0.00
7.00,2.00,0.00,0.00,0.00,0.00,0.00,0.00
7.00,1.00,0.00,0.00,0.00,0.00,0.00,0.00
4.00,0.00,0.00,0.00,0.00,0.00,0.00,0.00
4.00,0.00,0.00,0.00,0.00,0.00,0.00,0.00
1.00,0.00,0.00,0.00,0.00,0.00,0.00,0.00
1.00,0.00,0.00,0.00,0.00,0.00,0.00,0.00
1.00,0.00,0.00,0.00,0.00,0.00,0.00,0.00
1.00,0.00,0.00,0.00,0.00,0.00,0.00,0.00
0.00,0.00,0.00,0.00,0.00,0.00,0.00,0.00
1.00,0.00,0.00,0.00,0.00,0.00,0.00,0.00
0.00,0.00,0.00,0.00,0.00,0.00,0.00,0.00
0.00,0.00,0.00,0.00,0.00,0.00,0.00,0.00
1.00,0.00,0.00,0.00,0.00,0.00,0.00,0.00
0.00,0.00,0.00,0.00,0.00,0.00,0.00,0.00
1.00,0.00,0.00,0.00,0.00,0.00,0.00,0.00
0.00,0.00,0.00,0.00,0.00,0.00,0.00,0.00
7.00,16.00,18.00,2.00,1.00,0.00,4.00,0.00
8.00,18.00,21.00,2.00,1.00,0.00,4.00,0.00
9.00,21.00,28.00,2.00,2.00,0.00,6.00,0.00
8.00,21.00,21.00,2.00,2.00,0.00,4.00,0.00
10.00,21.00,26.00,3.00,2.00,0.00,6.00,0.00
10.00,20.00,22.00,3.00,2.00,0.00,5.00,0.00
8.00,18.00,20.00,3.00,1.00,0.00,4.00,0.00
10.00,17.00,22.00,3.00,1.00,0.00,5.00,0.00
10.00,16.00,18.00,3.00,1.00,0.00,4.00,0.00
10.00,24.00,17.00,4.00,2.00,0.00,3.00,0.00
10.00,22.00,19.00,4.00,1.00,0.00,3.00,0.00
10.00,27.00,20.00,10.00,1.00,0.00,4.00,0.00
10.00,24.00,19.00,17.00,1.00,0.00,6.00,0.00
11.00,20.00,11.00,8.00,2.00,0.00,3.00,0.00
10.00,15.00,5.00,4.00,2.00,0.00,2.00,0.00
10.00,8.00,3.00,3.00,1.00,0.00,1.00,0.00
7.00,4.00,1.00,1.00,1.00,0.00,1.00,0.00
6.00,2.00,0.00,1.00,0.00,0.00,0.00,0.00
5.00,1.00,0.00,0.00,0.00,0.00,0.00,0.00
3.00,0.00,0.00,0.00,0.00,0.00,0.00,0.00
3.00,0.00,0.00,0.00,0.00,0.00,0.00,0.00
1.00,0.00,0.00,0.00,0.00,0.00,0.00,0.00
1.00,0.00,0.00,0.00,0.00,0.00,0.00,0.00
2.00,0.00,0.00,0.00,0.00,0.00,0.00,0.00
0.00,0.00,0.00,0.00,0.00,0.00,0.00,0.00
1.00,0.00,0.00,0.00,0.00,0.00,0.00,0.00
0.00,0.00,0.00,0.00,0.00,0.00,0.00,0.00
0.00,0.00,0.00,0.00,0.00,0.00,0.00,0.00
0.00,0.00,0.00,0.00,0.00,0.00,0.00,0.00
0.00,0.00,0.00,0.00,0.00,0.00,0.00,0.00
6.00,13.00,18.00,1.00,1.00,0.00,3.00,0.00
6.00,7.00,20.00,3.00,1.00,0.00,4.00,0.00
6.00,5.00,25.00,2.00,2.00,0.00,5.00,0.00
9.00,8.00,33.00,2.00,1.00,0.00,6.00,0.00
11.00,19.00,21.00,2.00,0.00,0.00,4.00,0.00
5.00,10.00,17.00,1.00,1.00,0.00,4.00,0.00
10.00,6.00,26.00,1.00,0.00,0.00,4.00,0.00
4.00,4.00,8.00,2.00,1.00,0.00,1.00,0.00
6.00,7.00,10.00,1.00,0.00,0.00,1.00,0.00
1.00,3.00,5.00,1.00,1.00,0.00,1.00,0.00
2.00,2.00,3.00,1.00,0.00,0.00,0.00,0.00
2.00,1.00,3.00,2.00,0.00,0.00,1.00,0.00
1.00,0.00,0.00,1.00,0.00,0.00,0.00,0.00
2.00,3.00,1.00,1.00,0.00,0.00,0.00,0.00
2.00,1.00,1.00,1.00,0.00,0.00,0.00,0.00
0.00,0.00,0.00,0.00,0.00,0.00,0.00,0.00
0.00,0.00,0.00,0.00,0.00,0.00,0.00,0.00
0.00,0.00,0.00,0.00,0.00,0.00,0.00,0.00
0.00,0.00,0.00,0.00,0.00,0.00,0.00,0.00
1.00,0.00,0.00,0.00,0.00,0.00,0.00,0.00
1.00,0.00,0.00,0.00,0.00,0.00,0.00,0.00
0.00,0.00,0.00,0.00,0.00,0.00,0.00,0.00
0.00,0.00,0.00,0.00,0.00,0.00,0.00,0.00
0.00,0.00,0.00,0.00,0.00,0.00,0.00,0.00
0.00,0.00,0.00,0.00,0.00,0.00,0.00,0.00
0.00,0.00,0.00,0.00,0.00,0.00,0.00,0.00
0.00,0.00,0.00,0.00,0.00,0.00,0.00,0.00
0.00,0.00,0.00,0.00,0.00,0.00,0.00,0.00
0.00,0.00,0.00,0.00,0.00,0.00,0.00,0.00
0.00,0.00,0.00,0.00,0.00,0.00,0.00,0.00
8.00,9.00,25.00,1.00,1.00,0.00,5.00,0.00
9.00,8.00,33.00,2.00,1.00,0.00,7.00,0.00
10.00,9.00,26.00,2.00,2.00,0.00,6.00,0.00
10.00,11.00,26.00,3.00,1.00,0.00,6.00,0.00
11.00,18.00,37.00,3.00,2.00,0.00,7.00,0.00
11.00,17.00,41.00,4.00,2.00,0.00,7.00,0.00
11.00,12.00,37.00,4.00,2.00,0.00,6.00,0.00
10.00,11.00,34.00,4.00,2.00,0.00,5.00,0.00
10.00,11.00,28.00,8.00,2.00,0.00,4.00,0.00
8.00,13.00,18.00,9.00,2.00,0.00,3.00,0.00
9.00,15.00,8.00,12.00,1.00,0.00,4.00,0.00
10.00,10.00,4.00,4.00,1.00,0.00,1.00,0.00
8.00,5.00,2.00,2.00,1.00,0.00,1.00,0.00
6.00,3.00,2.00,1.00,0.00,0.00,0.00,0.00
5.00,2.00,0.00,0.00,0.00,0.00,0.00,0.00
1.00,1.00,0.00,0.00,0.00,0.00,0.00,0.00
1.00,0.00,0.00,0.00,0.00,0.00,0.00,0.00
0.00,0.00,0.00,0.00,0.00,0.00,0.00,0.00
1.00,0.00,0.00,0.00,0.00,0.00,0.00,0.00
0.00,0.00,0.00,0.00,0.00,0.00,0.00,0.00
1.00,0.00,0.00,0.00,0.00,0.00,0.00,0.00
0.00,0.00,0.00,0.00,0.00,0.00,0.00,0.00
0.00,0.00,0.00,0.00,0.00,0.00,0.00,0.00
1.00,0.00,0.00,0.00,0.00,0.00,0.00,0.00
0.00,0.00,0.00,0.00,0.00,0.00,0.00,0.00
0.00,0.00,0.00,0.00,0.00,0.00,0.00,0.00
0.00,0.00,0.00,0.00,0.00,0.00,0.00,0.00
0.00,0.00,0.00,0.00,0.00,0.00,0.00,0.00
0.00,0.00,0.00,0.00,0.00,0.00,0.00,0.00
1.00,0.00,0.00,0.00,0.00,0.00,0.00,0.00
12.00,10.00,22.00,11.00,1.00,0.00,5.00,0.00
14.00,19.00,71.00,20.00,4.00,0.00,13.00,0.00
19.00,14.00,45.00,17.00,4.00,0.00,11.00,0.00
20.00,29.00,60.00,23.00,4.00,0.00,13.00,0.00
23.00,25.00,67.00,21.00,3.00,0.00,15.00,0.00
20.00,26.00,65.00,28.00,4.00,0.00,13.00,0.00
23.00,20.00,58.00,20.00,4.00,0.00,14.00,0.00
24.00,24.00,61.00,26.00,4.00,0.00,10.00,0.00
24.00,33.00,57.00,30.00,4.00,0.00,10.00,0.00
24.00,27.00,55.00,33.00,4.00,1.00,11.00,0.00
23.00,28.00,56.00,30.00,4.00,0.00,10.00,0.00
24.00,40.00,51.00,28.00,4.00,0.00,10.00,0.00
26.00,35.00,34.00,26.00,4.00,0.00,10.00,0.00
25.00,43.00,21.00,13.00,3.00,0.00,5.00,0.00
25.00,28.00,5.00,10.00,2.00,0.00,4.00,0.00
23.00,9.00,3.00,3.00,1.00,0.00,1.00,0.00
23.00,5.00,1.00,1.00,1.00,0.00,1.00,0.00
19.00,5.00,1.00,1.00,1.00,0.00,1.00,0.00
7.00,0.00,1.00,1.00,0.00,0.00,0.00,0.00
5.00,0.00,1.00,0.00,0.00,0.00,0.00,0.00
1.00,0.00,0.00,0.00,0.00,0.00,0.00,0.00
0.00,0.00,1.00,0.00,0.00,0.00,0.00,0.00
1.00,0.00,0.00,1.00,0.00,0.00,0.00,0.00
0.00,0.00,0.00,0.00,0.00,0.00,0.00,0.00
0.00,0.00,0.00,0.00,0.00,0.00,0.00,0.00
0.00,0.00,0.00,0.00,0.00,0.00,0.00,0.00
0.00,0.00,0.00,0.00,0.00,0.00,0.00,0.00
0.00,0.00,0.00,0.00,0.00,0.00,0.00,0.00
0.00,0.00,0.00,0.00,0.00,0.00,0.00,0.00
0.00,0.00,0.00,0.00,0.00,0.00,0.00,0.00
6.00,17.00,7.00,11.00,4.00,1.00,4.00,0.00
0.00,1.00,2.00,3.00,1.00,0.00,2.00,0.00
1.00,2.00,6.00,15.00,2.00,0.00,5.00,0.00
1.00,3.00,8.00,7.00,1.00,0.00,2.00,0.00
5.00,2.00,6.00,9.00,1.00,0.00,3.00,0.00
6.00,11.00,14.00,9.00,1.00,0.00,3.00,0.00
15.00,24.00,41.00,12.00,1.00,0.00,6.00,0.00
19.00,26.00,55.00,15.00,2.00,0.00,12.00,0.00
22.00,38.00,63.00,19.00,3.00,1.00,12.00,0.00
21.00,39.00,69.00,20.00,4.00,0.00,14.00,0.00
23.00,51.00,75.00,24.00,4.00,0.00,15.00,0.00
23.00,48.00,78.00,25.00,5.00,0.00,14.00,0.00
25.00,47.00,78.00,27.00,4.00,1.00,13.00,0.00
25.00,48.00,70.00,26.00,3.00,1.00,12.00,0.00
27.00,47.00,64.00,48.00,4.00,1.00,16.00,0.00
32.00,47.00,49.00,52.00,5.00,1.00,18.00,0.00
32.00,49.00,37.00,28.00,5.00,0.00,10.00,0.00
32.00,54.00,27.00,21.00,6.00,0.00,8.00,0.00
32.00,55.00,14.00,12.00,5.00,0.00,7.00,0.00
31.00,46.00,9.00,11.00,5.00,0.00,6.00,0.00
29.00,33.00,6.00,7.00,3.00,0.00,4.00,0.00
28.00,22.00,3.00,7.00,3.00,0.00,3.00,0.00
26.00,12.00,2.00,7.00,2.00,0.00,3.00,0.00
26.00,6.00,2.00,5.00,1.00,0.00,2.00,0.00
22.00,5.00,1.00,2.00,1.00,0.00,1.00,0.00
17.00,2.00,1.00,0.00,0.00,0.00,1.00,0.00
6.00,1.00,0.00,1.00,0.00,0.00,0.00,0.00
4.00,0.00,0.00,0.00,0.00,0.00,0.00,0.00
1.00,0.00,0.00,0.00,0.00,0.00,0.00,0.00
0.00,0.00,0.00,0.00,0.00,0.00,0.00,0.00
14.00,21.00,37.00,12.00,1.00,0.00,6.00,0.00
17.00,42.00,50.00,10.00,1.00,0.00,11.00,0.00
17.00,42.00,48.00,7.00,3.00,0.00,10.00,0.00
20.00,46.00,61.00,14.00,2.00,0.00,13.00,0.00
16.00,42.00,59.00,10.00,3.00,0.00,12.00,0.00
19.00,45.00,58.00,21.00,3.00,0.00,12.00,0.00
17.00,42.00,62.00,17.00,3.00,0.00,14.00,0.00
20.00,49.00,65.00,19.00,4.00,0.00,14.00,0.00
17.00,46.00,65.00,18.00,3.00,0.00,14.00,0.00
18.00,54.00,67.00,24.00,4.00,0.00,12.00,0.00
19.00,45.00,61.00,18.00,4.00,0.00,11.00,0.00
17.00,45.00,54.00,22.00,3.00,0.00,9.00,0.00
19.00,36.00,49.00,25.00,4.00,1.00,8.00,0.00
19.00,35.00,34.00,22.00,3.00,0.00,8.00,0.00
20.00,31.00,22.00,20.00,2.00,0.00,7.00,0.00
18.00,16.00,10.00,6.00,1.00,0.00,2.00,0.00
19.00,7.00,5.00,3.00,2.00,0.00,1.00,0.00
16.00,5.00,1.00,3.00,1.00,0.00,1.00,0.00
16.00,7.00,1.00,1.00,0.00,0.00,1.00,0.00
10.00,2.00,0.00,0.00,0.00,0.00,0.00,0.00
5.00,0.00,0.00,0.00,0.00,0.00,0.00,0.00
2.00,0.00,0.00,0.00,0.00,0.00,0.00,0.00
1.00,0.00,0.00,0.00,0.00,0.00,0.00,0.00
1.00,0.00,0.00,0.00,0.00,0.00,0.00,0.00
0.00,0.00,0.00,0.00,0.00,0.00,0.00,0.00
0.00,0.00,1.00,1.00,0.00,0.00,0.00,0.00
0.00,0.00,0.00,1.00,0.00,0.00,0.00,0.00
1.00,0.00,0.00,0.00,0.00,0.00,0.00,0.00
0.00,0.00,0.00,0.00,0.00,0.00,0.00,0.00
1.00,0.00,0.00,0.00,0.00,0.00,0.00,0.00
11.00,22.00,56.00,8.00,1.00,0.00,10.00,0.00
22.00,45.00,73.00,9.00,1.00,0.00,14.00,0.00
20.00,49.00,89.00,11.00,2.00,0.00,16.00,0.00
19.00,39.00,84.00,9.00,3.00,0.00,15.00,0.00
25.00,53.00,82.00,12.00,3.00,0.00,17.00,0.00
20.00,46.00,83.00,11.00,2.00,0.00,15.00,0.00
25.00,55.00,80.00,9.00,3.00,0.00,15.00,0.00
22.00,39.00,71.00,9.00,3.00,0.00,13.00,0.00
27.00,49.00,64.00,10.00,3.00,0.00,12.00,0.00
21.00,52.00,72.00,11.00,4.00,0.00,13.00,0.00
22.00,32.00,49.00,9.00,4.00,0.00,9.00,0.00
26.00,40.00,41.00,12.00,3.00,0.00,8.00,0.00
22.00,38.00,39.00,18.00,3.00,0.00,6.00,0.00
25.00,35.00,23.00,23.00,2.00,0.00,8.00,0.00
21.00,21.00,11.00,10.00,1.00,0.00,4.00,0.00
21.00,5.00,5.00,2.00,0.00,0.00,1.00,0.00
10.00,2.00,1.00,0.00,0.00,0.00,0.00,0.00
6.00,1.00,0.00,0.00,0.00,0.00,0.00,0.00
3.00,1.00,0.00,0.00,0.00,0.00,0.00,0.00
1.00,0.00,0.00,0.00,0.00,0.00,0.00,0.00
1.00,0.00,0.00,0.00,0.00,0.00,0.00,0.00
1.00,0.00,0.00,0.00,0.00,0.00,0.00,0.00
0.00,0.00,0.00,0.00,0.00,0.00,0.00,0.00
0.00,0.00,0.00,0.00,0.00,0.00,0.00,0.00
0.00,0.00,0.00,0.00,0.00,0.00,0.00,0.00
0.00,0.00,0.00,0.00,0.00,0.00,0.00,0.00
1.00,0.00,0.00,0.00,0.00,0.00,0.00,0.00
0.00,0.00,0.00,0.00,0.00,0.00,0.00,0.00
0.00,0.00,0.00,0.00,0.00,0.00,0.00,0.00
0.00,0.00,0.00,0.00,0.00,0.00,0.00,0.00
11.00,22.00,38.00,5.00,1.00,0.00,7.00,0.00
16.00,35.00,56.00,8.00,3.00,0.00,10.00,0.00
20.00,26.00,59.00,6.00,2.00,0.00,11.00,0.00
20.00,38.00,72.00,6.00,3.00,0.00,13.00,0.00
16.00,35.00,79.00,8.00,3.00,0.00,14.00,0.00
19.00,27.00,77.00,8.00,2.00,0.00,14.00,0.00
19.00,38.00,78.00,8.00,3.00,0.00,14.00,0.00
17.00,41.00,78.00,5.00,4.00,0.00,14.00,0.00
19.00,25.00,65.00,4.00,4.00,0.00,12.00,0.00
20.00,39.00,71.00,7.00,4.00,0.00,13.00,0.00
22.00,27.00,64.00,4.00,4.00,0.00,12.00,0.00
18.00,39.00,63.00,6.00,4.00,0.00,11.00,0.00
20.00,27.00,39.00,7.00,3.00,0.00,7.00,0.00
22.00,28.00,24.00,16.00,2.00,0.00,6.00,0.00
17.00,27.00,15.00,19.00,1.00,0.00,7.00,0.00
17.00,13.00,4.00,7.00,1.00,0.00,3.00,0.00
18.00,7.00,2.00,3.00,1.00,0.00,1.00,0.00
14.00,5.00,1.00,1.00,0.00,0.00,0.00,0.00
8.00,2.00,0.00,0.00,0.00,0.00,0.00,0.00
4.00,0.00,0.00,0.00,0.00,0.00,0.00,0.00
2.00,0.00,0.00,0.00,0.00,0.00,0.00,0.00
0.00,0.00,0.00,0.00,0.00,0.00,0.00,0.00
1.00,0.00,0.00,0.00,0.00,0.00,0.00,0.00
0.00,0.00,0.00,0.00,0.00,0.00,0.00,0.00
0.00,0.00,0.00,0.00,0.00,0.00,0.00,0.00
0.00,0.00,0.00,1.00,0.00,0.00,0.00,0.00
0.00,0.00,1.00,1.00,0.00,0.00,0.00,0.00
0.00,0.00,0.00,0.00,0.00,0.00,0.00,0.00
1.00,0.00,0.00,0.00,0.00,0.00,0.00,0.00
1.00,0.00,0.00,0.00,0.00,0.00,0.00,0.00
14.00,12.00,27.00,4.00,1.00,0.00,5.00,0.00
15.00,18.00,55.00,7.00,1.00,0.00,12.00,0.00
14.00,18.00,64.00,7.00,1.00,0.00,15.00,0.00
18.00,21.00,68.00,8.00,2.00,0.00,16.00,0.00
18.00,24.00,77.00,8.00,4.00,1.00,18.00,0.00
18.00,24.00,74.00,10.00,2.00,1.00,17.00,0.00
18.00,21.00,69.00,9.00,3.00,1.00,16.00,0.00
17.00,21.00,65.00,7.00,3.00,0.00,13.00,0.00
19.00,22.00,52.00,12.00,2.00,1.00,11.00,0.00
19.00,26.00,56.00,15.00,3.00,0.00,10.00,0.00
17.00,22.00,47.00,11.00,2.00,0.00,8.00,0.00
21.00,26.00,31.00,13.00,1.00,0.00,6.00,0.00
16.00,28.00,19.00,21.00,1.00,0.00,8.00,0.00
15.00,18.00,12.00,10.00,2.00,0.00,4.00,0.00
16.00,13.00,8.00,4.00,1.00,0.00,2.00,0.00
12.00,6.00,3.00,2.00,1.00,0.00,1.00,0.00
8.00,2.00,1.00,1.00,0.00,0.00,0.00,0.00
4.00,0.00,0.00,0.00,0.00,0.00,0.00,0.00
2.00,0.00,0.00,0.00,0.00,0.00,0.00,0.00
0.00,0.00,0.00,0.00,0.00,0.00,0.00,0.00
0.00,0.00,0.00,0.00,0.00,0.00,0.00,0.00
0.00,0.00,0.00,0.00,0.00,0.00,0.00,0.00
0.00,0.00,0.00,0.00,0.00,0.00,0.00,0.00
0.00,0.00,0.00,0.00,0.00,0.00,0.00,0.00
0.00,0.00,0.00,0.00,0.00,0.00,0.00,0.00
0.00,0.00,0.00,0.00,0.00,0.00,0.00,0.00
0.00,0.00,0.00,0.00,0.00,0.00,0.00,0.00
0.00,0.00,0.00,0.00,0.00,0.00,0.00,0.00
0.00,0.00,0.00,0.00,0.00,0.00,0.00,0.00
0.00,0.00,0.00,0.00,0.00,0.00,0.00,0.00
12.00,13.00,20.00,3.00,1.00,0.00,3.00,0.00
13.00,10.00,33.00,4.00,1.00,0.00,7.00,0.00
13.00,13.00,32.00,3.00,1.00,0.00,7.00,0.00
14.00,13.00,42.00,5.00,1.00,0.00,9.00,0.00
14.00,15.00,52.00,5.00,2.00,0.00,11.00,0.00
15.00,20.00,47.00,5.00,2.00,0.00,10.00,0.00
14.00,20.00,52.00,6.00,2.00,0.00,11.00,0.00
12.00,16.00,48.00,6.00,1.00,0.00,11.00,0.00
12.00,15.00,49.00,7.00,2.00,0.00,9.00,0.00
13.00,15.00,47.00,7.00,2.00,0.00,8.00,0.00
16.00,16.00,42.00,12.00,3.00,0.00,8.00,0.00
14.00,17.00,38.00,15.00,2.00,0.00,6.00,0.00
11.00,13.00,21.00,19.00,0.00,0.00,6.00,0.00
11.00,12.00,11.00,15.00,1.00,0.00,6.00,0.00
11.00,11.00,8.00,14.00,1.00,0.00,5.00,0.00
11.00,12.00,4.00,7.00,1.00,0.00,2.00,0.00
10.00,10.00,1.00,3.00,1.00,0.00,1.00,0.00
7.00,5.00,0.00,1.00,0.00,0.00,0.00,0.00
4.00,2.00,0.00,0.00,0.00,0.00,0.00,0.00
3.00,1.00,1.00,0.00,0.00,0.00,0.00,0.00
2.00,0.00,0.00,0.00,0.00,0.00,0.00,0.00
1.00,0.00,0.00,0.00,0.00,0.00,0.00,0.00
0.00,0.00,0.00,0.00,0.00,0.00,0.00,0.00
0.00,0.00,0.00,0.00,0.00,0.00,0.00,0.00
0.00,0.00,0.00,0.00,0.00,0.00,0.00,0.00
0.00,0.00,0.00,0.00,0.00,0.00,0.00,0.00
0.00,0.00,0.00,0.00,0.00,0.00,0.00,0.00
1.00,0.00,0.00,0.00,0.00,0.00,0.00,0.00
0.00,0.00,0.00,0.00,0.00,0.00,0.00,0.00
0.00,0.00,0.00,0.00,0.00,0.00,0.00,0.00
14.00,17.00,27.00,6.00,1.00,0.00,5.00,0.00
13.00,16.00,45.00,6.00,1.00,0.00,8.00,0.00
16.00,16.00,43.00,7.00,1.00,1.00,7.00,0.00
17.00,17.00,36.00,7.00,2.00,0.00,7.00,0.00
18.00,16.00,49.00,6.00,2.00,0.00,9.00,0.00
15.00,16.00,57.00,5.00,2.00,0.00,10.00,0.00
14.00,15.00,54.00,7.00,2.00,0.00,10.00,0.00
15.00,17.00,46.00,5.00,2.00,0.00,9.00,0.00
17.00,17.00,37.00,6.00,2.00,0.00,8.00,0.00
16.00,20.00,44.00,7.00,2.00,0.00,8.00,0.00
14.00,15.00,40.00,6.00,2.00,0.00,7.00,0.00
16.00,17.00,26.00,5.00,3.00,0.00,4.00,0.00
15.00,17.00,18.00,11.00,1.00,0.00,4.00,0.00
11.00,11.00,8.00,13.00,1.00,0.00,4.00,0.00
12.00,9.00,4.00,12.00,2.00,0.00,4.00,0.00
11.00,8.00,2.00,9.00,2.00,0.00,3.00,0.00
10.00,4.00,1.00,1.00,1.00,0.00,0.00,0.00
6.00,3.00,1.00,2.00,0.00,0.00,1.00,0.00
4.00,3.00,0.00,0.00,0.00,0.00,0.00,0.00
1.00,2.00,0.00,0.00,0.00,0.00,0.00,0.00
1.00,0.00,0.00,0.00,0.00,0.00,0.00,0.00
0.00,0.00,0.00,0.00,0.00,0.00,0.00,0.00
1.00,0.00,0.00,0.00,0.00,0.00,0.00,0.00
0.00,0.00,0.00,0.00,0.00,0.00,0.00,0.00
1.00,0.00,0.00,0.00,0.00,0.00,0.00,0.00
0.00,0.00,0.00,0.00,0.00,0.00,0.00,0.00
0.00,0.00,0.00,1.00,0.00,0.00,1.00,0.00
0.00,0.00,0.00,1.00,0.00,0.00,0.00,0.00
0.00,0.00,0.00,0.00,0.00,0.00,0.00,0.00
0.00,0.00,0.00,0.00,0.00,0.00,0.00,0.00
10.00,10.00,21.00,4.00,1.00,0.00,5.00,0.00
16.00,14.00,31.00,7.00,1.00,0.00,5.00,0.00
14.00,13.00,38.00,7.00,1.00,1.00,9.00,0.00
14.00,15.00,48.00,5.00,1.00,0.00,11.00,0.00
17.00,18.00,47.00,5.00,2.00,0.00,11.00,0.00
15.00,15.00,52.00,7.00,2.00,1.00,12.00,0.00
14.00,16.00,50.00,7.00,1.00,0.00,11.00,0.00
16.00,15.00,45.00,6.00,2.00,0.00,10.00,0.00
16.00,14.00,44.00,8.00,2.00,0.00,9.00,0.00
16.00,14.00,42.00,6.00,3.00,1.00,9.00,0.00
15.00,13.00,36.00,6.00,2.00,1.00,7.00,0.00
14.00,16.00,35.00,6.00,1.00,1.00,6.00,0.00
15.00,15.00,28.00,7.00,1.00,0.00,5.00,0.00
16.00,12.00,15.00,13.00,1.00,0.00,4.00,0.00
12.00,8.00,9.00,16.00,1.00,0.00,6.00,0.00
14.00,9.00,5.00,10.00,1.00,0.00,4.00,0.00
13.00,8.00,2.00,6.00,0.00,0.00,2.00,0.00
9.00,5.00,1.00,1.00,0.00,0.00,0.00,0.00
6.00,3.00,1.00,1.00,0.00,0.00,0.00,0.00
1.00,2.00,0.00,1.00,0.00,0.00,0.00,0.00
1.00,0.00,0.00,0.00,0.00,0.00,0.00,0.00
1.00,0.00,0.00,0.00,0.00,0.00,0.00,0.00
0.00,0.00,0.00,1.00,0.00,0.00,0.00,0.00
0.00,0.00,0.00,1.00,0.00,0.00,0.00,0.00
0.00,0.00,0.00,1.00,0.00,0.00,0.00,0.00
0.00,0.00,0.00,1.00,0.00,0.00,0.00,0.00
0.00,0.00,0.00,1.00,0.00,0.00,0.00,0.00
0.00,0.00,0.00,0.00,0.00,0.00,0.00,0.00
0.00,0.00,0.00,1.00,0.00,0.00,0.00,0.00
0.00,0.00,0.00,0.00,0.00,0.00,0.00,0.00
10.00,14.00,30.00,4.00,1.00,0.00,5.00,0.00
15.00,15.00,39.00,5.00,2.00,0.00,9.00,0.00
14.00,16.00,50.00,5.00,3.00,1.00,12.00,0.00
14.00,14.00,49.00,6.00,2.00,0.00,11.00,0.00
16.00,14.00,48.00,5.00,1.00,0.00,11.00,0.00
16.00,16.00,55.00,5.00,2.00,0.00,13.00,0.00
17.00,18.00,59.00,5.00,2.00,0.00,14.00,0.00
16.00,22.00,50.00,4.00,2.00,0.00,12.00,0.00
14.00,17.00,47.00,4.00,2.00,1.00,11.00,0.00
16.00,15.00,38.00,3.00,2.00,0.00,8.00,0.00
15.00,17.00,41.00,5.00,2.00,0.00,8.00,0.00
14.00,12.00,36.00,4.00,1.00,0.00,6.00,0.00
15.00,12.00,30.00,4.00,1.00,0.00,5.00,0.00
15.00,11.00,21.00,11.00,1.00,0.00,4.00,0.00
12.00,13.00,13.00,13.00,1.00,0.00,4.00,0.00
11.00,9.00,7.00,12.00,1.00,0.00,4.00,0.00
12.00,8.00,3.00,8.00,0.00,0.00,3.00,0.00
11.00,6.00,2.00,2.00,0.00,0.00,1.00,0.00
9.00,4.00,0.00,2.00,0.00,0.00,1.00,0.00
3.00,2.00,0.00,0.00,0.00,0.00,0.00,0.00
2.00,0.00,0.00,0.00,0.00,0.00,0.00,0.00
1.00,0.00,0.00,0.00,0.00,0.00,0.00,0.00
1.00,0.00,0.00,0.00,0.00,0.00,0.00,0.00
0.00,0.00,0.00,0.00,0.00,0.00,0.00,0.00
0.00,0.00,0.00,0.00,0.00,0.00,0.00,0.00
0.00,0.00,0.00,0.00,0.00,0.00,0.00,0.00
0.00,0.00,1.00,0.00,0.00,0.00,0.00,0.00
0.00,0.00,1.00,1.00,0.00,0.00,0.00,0.00
0.00,0.00,0.00,0.00,0.00,0.00,0.00,0.00
0.00,0.00,0.00,0.00,0.00,0.00,0.00,0.00
